ISO-10303-21;
HEADER;
FILE_DESCRIPTION(('ViewDefinition [ReferenceView_V1.2]','RevitIdentifiers [ContentGUID: a5e700a6-a001-46d8-8ab9-958ccb00ac7a, VersionGUID: ae26a802-123e-4493-ae58-49982ff855f4, NumberOfSaves: 7]','CoordinateReference [CoordinateBase: Gemeinsam genutzte Koordinaten, ProjectSite: Intern]','ExchangeRequirement [Architecture]'),'2;1');
FILE_NAME('2026-01-IBC-ExitSample-v1-purified.ifc','2026-01-27T10:37:50',(''),(''),'ODA SDAI 25.12','Autodesk Revit 26.1.0.35 (DEU) - IFC 26.1.0.35','');
FILE_SCHEMA(('IFC4'));
ENDSEC;

DATA;
#1=IFCORGANIZATION($,'Autodesk Revit 2026 (DEU)',$,$,$);
#2=IFCAPPLICATION(#1,'2026','Autodesk Revit 2026 (DEU)','Revit');
#3=IFCCARTESIANPOINT((0.,0.,0.));
#4=IFCCARTESIANPOINT((0.,0.));
#5=IFCDIRECTION((1.,0.,0.));
#6=IFCDIRECTION((-1.,0.,0.));
#7=IFCDIRECTION((0.,1.,0.));
#8=IFCDIRECTION((0.,-1.,0.));
#9=IFCDIRECTION((0.,0.,1.));
#10=IFCDIRECTION((0.,0.,-1.));
#11=IFCDIRECTION((1.,0.));
#12=IFCDIRECTION((-1.,0.));
#13=IFCDIRECTION((0.,1.));
#14=IFCDIRECTION((0.,-1.));
#15=IFCPERSON($,'','sebastian.esserTXJS6',$,$,$,$,$);
#16=IFCORGANIZATION($,'','',$,$);
#17=IFCPERSONANDORGANIZATION(#15,#16,$);
#18=IFCOWNERHISTORY(#17,#2,$,.NOCHANGE.,$,$,$,1769421684);
#19=IFCSIUNIT(*,.LENGTHUNIT.,$,.METRE.);
#20=IFCSIUNIT(*,.AREAUNIT.,$,.SQUARE_METRE.);
#21=IFCSIUNIT(*,.VOLUMEUNIT.,$,.CUBIC_METRE.);
#22=IFCAXIS2PLACEMENT3D(#3,$,$);
#23=IFCDIRECTION((6.123233995736766E-017,1.));
#24=IFCGEOMETRICREPRESENTATIONCONTEXT($,'Model',3,1.0000000000000001E-005,#22,#23);
#25=IFCGEOMETRICREPRESENTATIONSUBCONTEXT('Axis','Model',*,*,*,*,#24,$,.GRAPH_VIEW.,$);
#26=IFCGEOMETRICREPRESENTATIONSUBCONTEXT('Body','Model',*,*,*,*,#24,$,.MODEL_VIEW.,$);
#27=IFCGEOMETRICREPRESENTATIONSUBCONTEXT('Box','Model',*,*,*,*,#24,$,.MODEL_VIEW.,$);
#28=IFCGEOMETRICREPRESENTATIONSUBCONTEXT('FootPrint','Model',*,*,*,*,#24,$,.MODEL_VIEW.,$);
#29=IFCPROJECT('2bvm2ce056s8gvbOmq$rEA',#18,'2018_01',$,$,'','Projekt  Status',(#24),#8314);
#30=IFCCLASSIFICATION('CSI (Construction Specifications Institute)','1998',$,'Uniformat','UniFormat Classification','https://www.csiresources.org/standards/uniformat',$);
#31=IFCAXIS2PLACEMENT3D(#3,$,$);
#33=IFCAXIS2PLACEMENT3D(#3,$,$);
#34=IFCLOCALPLACEMENT($,#33);
#35=IFCSITE('2bvm2ce056s8gvbOmq$rE8',#18,'Default',$,$,#34,$,$,.ELEMENT.,(48,8,15,359802),(11,34,47,783432),0.,$,$);
#36=IFCPROPERTYSINGLEVALUE('Reference',$,IFCIDENTIFIER('Projektinformationen'),$);
#37=IFCPROPERTYSET('35wVs2fxKFntqrZZlRFtb1',#18,'Pset_SiteCommon',$,(#36));
#38=IFCRELDEFINESBYPROPERTIES('3bb5$4H5lb$PqTpYidVaPL',#18,$,$,(#35),#37);
#39=IFCCARTESIANPOINT((8.8923326763500548,14.777426723078625,0.));
#40=IFCAXIS2PLACEMENT3D(#39,$,$);
#41=IFCLOCALPLACEMENT(#34,#40);
#42=IFCCARTESIANPOINTLIST3D(((0.,0.,0.),(8.4900000000000002,0.,0.)));
#43=IFCINDEXEDPOLYCURVE(#42,$,.F.);
#44=IFCSHAPEREPRESENTATION(#25,'Axis','Curve3D',(#43));
#45=IFCPRODUCTDEFINITIONSHAPE($,$,(#44,#90));
#46=IFCCOLOURRGBLIST(((0.96862745098039216,0.96862745098039216,0.96862745098039216)));
#47=IFCINDEXEDPOLYGONALFACE((1,2,3,4,5));
#48=IFCINDEXEDPOLYGONALFACE((6,7,8,9,10));
#49=IFCINDEXEDPOLYGONALFACE((2,10,9,3));
#50=IFCINDEXEDPOLYGONALFACEWITHVOIDS((4,3,9,8),((11,12,13,14),(15,16,17,18)));
#51=IFCINDEXEDPOLYGONALFACEWITHVOIDS((2,1,5,7,6,10),((19,20,21,22),(23,24,25,26)));
#52=IFCINDEXEDPOLYGONALFACE((24,23,16,15));
#53=IFCINDEXEDPOLYGONALFACE((26,25,18,17));
#54=IFCINDEXEDPOLYGONALFACE((23,26,17,16));
#55=IFCINDEXEDPOLYGONALFACE((25,24,15,18));
#56=IFCINDEXEDPOLYGONALFACE((20,19,12,11));
#57=IFCINDEXEDPOLYGONALFACE((22,21,14,13));
#58=IFCINDEXEDPOLYGONALFACE((21,20,11,14));
#59=IFCINDEXEDPOLYGONALFACE((19,22,13,12));
#60=IFCINDEXEDPOLYGONALFACE((7,5,4,8));
#61=IFCCARTESIANPOINTLIST3D(((8.0300000000000011,-0.23000000000000043,0.),(0.,-0.23000000000000043,0.),(0.,0.069999999999998508,0.),(8.3300000000000018,0.069999999999998508,0.),(8.3300000000000018,-0.23000000000000043,0.),(8.0300000000000011,-0.23000000000000043,3.0000000000000004),(8.3300000000000018,-0.23000000000000043,3.0000000000000004),(8.3300000000000018,0.069999999999998508,3.0000000000000004),(0.,0.069999999999998508,3.0000000000000004),(0.,-0.23000000000000043,3.0000000000000004),(4.1000000000000139,0.070000000000321805,2.249999999999988),(3.000000000000016,0.070000000000321805,2.249999999999988),(3.000000000000016,0.070000000000321805,0.84999999999999998),(4.1000000000000139,0.070000000000321805,0.84999999999999998),(2.2999999999999989,0.070000000000321805,2.249999999999988),(1.2000000000000011,0.070000000000321805,2.249999999999988),(1.2000000000000011,0.070000000000321805,0.84999999999999998),(2.2999999999999989,0.070000000000321805,0.84999999999999998),(3.0000000000000178,-0.22999999999999687,2.249999999999988),(4.1000000000000139,-0.22999999999999687,2.249999999999988),(4.1000000000000139,-0.22999999999999687,0.84999999999999998),(3.0000000000000178,-0.22999999999999687,0.84999999999999998),(1.2000000000000011,-0.22999999999999687,2.249999999999988),(2.2999999999999972,-0.22999999999999687,2.249999999999988),(2.2999999999999972,-0.22999999999999687,0.84999999999999998),(1.2000000000000011,-0.22999999999999687,0.84999999999999998)));
#62=IFCPOLYGONALFACESET(#61,.T.,(#47,#48,#49,#50,#51,#52,#53,#54,#55,#56,#57,#58,#59,#60),$);
#63=IFCINDEXEDCOLOURMAP(#62,1.,#46,(1,1,1,1,1,1,1,1,1,1,1,1,1,1));
#64=IFCCOLOURRGB($,0.96862745098039216,0.96862745098039216,0.96862745098039216);
#65=IFCSURFACESTYLERENDERING(#64,0.,$,$,$,$,IFCNORMALISEDRATIOMEASURE(0.5),IFCSPECULAREXPONENT(128.),.NOTDEFINED.);
#66=IFCSURFACESTYLE('Mauerwerk - Ziegel',.BOTH.,(#65));
#67=IFCSTYLEDITEM(#62,(#66),$);
#68=IFCCOLOURRGBLIST(((0.75294117647058822,0.84313725490196079,0.87058823529411766)));
#69=IFCINDEXEDPOLYGONALFACEWITHVOIDS((9,10,11,12),((1,2,3,4),(5,6,7,8)));
#70=IFCINDEXEDPOLYGONALFACEWITHVOIDS((21,22,23,24),((13,14,15,16),(17,18,19,20)));
#71=IFCINDEXEDPOLYGONALFACE((22,21,10,9));
#72=IFCINDEXEDPOLYGONALFACE((24,23,12,11));
#73=IFCINDEXEDPOLYGONALFACE((23,22,9,12));
#74=IFCINDEXEDPOLYGONALFACE((21,24,11,10));
#75=IFCINDEXEDPOLYGONALFACE((18,17,6,5));
#76=IFCINDEXEDPOLYGONALFACE((17,20,7,6));
#77=IFCINDEXEDPOLYGONALFACE((20,19,8,7));
#78=IFCINDEXEDPOLYGONALFACE((19,18,5,8));
#79=IFCINDEXEDPOLYGONALFACE((14,13,2,1));
#80=IFCINDEXEDPOLYGONALFACE((15,14,1,4));
#81=IFCINDEXEDPOLYGONALFACE((16,15,4,3));
#82=IFCINDEXEDPOLYGONALFACE((13,16,3,2));
#83=IFCCARTESIANPOINTLIST3D(((3.0300000000000153,0.070000000000321805,0.87000000000002276),(3.0300000000000153,0.070000000000321805,2.2200000000000055),(4.0700000000000145,0.070000000000321805,2.2200000000000055),(4.0700000000000145,0.070000000000321805,0.87000000000002276),(2.2699999999999996,0.070000000000321805,2.2200000000000055),(2.2699999999999996,0.070000000000321805,0.87000000000002276),(1.2300000000000022,0.070000000000321805,0.87000000000002276),(1.2300000000000004,0.070000000000321805,2.2200000000000055),(0.,0.069999999999998508,0.),(8.490000000000002,0.069999999999998508,0.),(8.490000000000002,0.069999999999998508,3.0000000000000004),(0.,0.069999999999998508,3.0000000000000004),(3.0299999999999745,0.23000000000032195,2.2199999999999966),(3.0299999999999745,0.23000000000032195,0.86000000000001942),(4.0699999999999594,0.23000000000032195,0.8600000000000193),(4.0699999999999594,0.23000000000032195,2.2199999999999966),(2.2700000000000404,0.23000000000032195,0.86000000000001942),(2.2700000000000404,0.23000000000032195,2.2199999999999966),(1.2300000000000555,0.23000000000032195,2.2199999999999966),(1.2300000000000555,0.23000000000032195,0.8600000000000193),(8.4899999999999984,0.23000000000000043,0.),(0.,0.23000000000000043,0.),(0.,0.23000000000000043,3.0000000000000004),(8.4899999999999984,0.23000000000000043,3.0000000000000004)));
#84=IFCPOLYGONALFACESET(#83,.T.,(#69,#70,#71,#72,#73,#74,#75,#76,#77,#78,#79,#80,#81,#82),$);
#85=IFCINDEXEDCOLOURMAP(#84,1.,#68,(1,1,1,1,1,1,1,1,1,1,1,1,1,1));
#86=IFCCOLOURRGB($,0.75294117647058822,0.84313725490196079,0.87058823529411766);
#87=IFCSURFACESTYLERENDERING(#86,0.,$,$,$,$,IFCNORMALISEDRATIOMEASURE(0.5),IFCSPECULAREXPONENT(128.),.NOTDEFINED.);
#88=IFCSURFACESTYLE('D\X\E4mmung - hart',.BOTH.,(#87));
#89=IFCSTYLEDITEM(#84,(#88),$);
#90=IFCSHAPEREPRESENTATION(#26,'Body','Tessellation',(#62,#84));
#91=IFCSHAPEREPRESENTATION(#26,'Body','Tessellation',(#84));
#92=IFCSHAPEASPECT((#91),'D\X\E4mmung - hart',$,.U.,#45);
#93=IFCSHAPEREPRESENTATION(#26,'Body','Tessellation',(#62));
#94=IFCSHAPEASPECT((#93),'Mauerwerk - Ziegel',$,.U.,#45);
#95=IFCWALL('2UrcDAH9X4LAAFPjCZFxyp',#18,'Basiswand:Ziegel+WD hart 300+160:2520914',$,'Basiswand:Ziegel+WD hart 300+160',#41,#45,'2520914',.NOTDEFINED.);
#96=IFCMATERIAL('D\X\E4mmung - hart',$,'Generisch');
#97=IFCMATERIAL('Mauerwerk - Ziegel',$,'Generisch');
#98=IFCMATERIALCONSTITUENT('D\X\E4mmung - hart',$,#96,0.34782608695652184,'Generisch');
#99=IFCQUANTITYLENGTH('Width',$,$,0.16,$);
#100=IFCMATERIALCONSTITUENT('Mauerwerk - Ziegel',$,#97,0.65217391304347827,'Generisch');
#101=IFCQUANTITYLENGTH('Width',$,$,0.29999999999999993,$);
#102=IFCMATERIALCONSTITUENTSET('Basiswand:Ziegel+WD hart 300+160',$,(#98,#100));
#103=IFCPHYSICALCOMPLEXQUANTITY('D\X\E4mmung - hart',$,(#99),'Layer',$,$);
#104=IFCPHYSICALCOMPLEXQUANTITY('Mauerwerk - Ziegel',$,(#101),'Layer',$,$);
#105=IFCQUANTITYLENGTH('Width',$,$,0.45999999999999996,$);
#106=IFCQUANTITYLENGTH('Height',$,$,3.0000000000000004,$);
#107=IFCQUANTITYLENGTH('Length',$,$,8.2599999999999998,$);
#108=IFCQUANTITYVOLUME('GrossVolume',$,$,13.132999999999985,$);
#109=IFCQUANTITYAREA('GrossSideArea',$,$,28.549999999999972,$);
#110=IFCQUANTITYAREA('NetSideArea',$,$,22.662000000000003,$);
#111=IFCQUANTITYVOLUME('NetVolume',$,$,10.341255999999762,$);
#112=IFCELEMENTQUANTITY('1743MBrV3GMTu9s0GRKuFv',#18,'Qto_WallBaseQuantities',$,$,(#103,#104,#105,#106,#107,#108,#109,#110,#111));
#113=IFCRELDEFINESBYPROPERTIES('2$4GwHt$9S5ysNybQWacL$',#18,$,$,(#95),#112);
#114=IFCWALLTYPE('1ZU3D9$OrB9Q3fkDK9b0T7',#18,'Basiswand:Ziegel+WD hart 300+160',$,$,(#134),$,'712304',$,.STANDARD.);
#115=IFCPROPERTYSINGLEVALUE('Reference',$,IFCIDENTIFIER('Ziegel+WD hart 300+160'),$);
#116=IFCPROPERTYSET('3uINs75YQ2RUFQmFxuFXgg',#18,'Pset_EnvironmentalImpactIndicators',$,(#115));
#117=IFCPROPERTYSINGLEVALUE('Reference',$,IFCLABEL('Ziegel+WD hart 300+160'),$);
#118=IFCPROPERTYSET('3gCfa4dkLpOVy7Mx4BkRYB',#18,'Pset_ReinforcementBarPitchOfWall',$,(#117));
#119=IFCPROPERTYSINGLEVALUE('IsExternal',$,IFCBOOLEAN(.T.),$);
#120=IFCPROPERTYSINGLEVALUE('LoadBearing',$,IFCBOOLEAN(.F.),$);
#121=IFCPROPERTYSINGLEVALUE('ExtendToStructure',$,IFCBOOLEAN(.F.),$);
#122=IFCPROPERTYSET('1ODoppYmfGnYz2kzM8o$ak',#18,'Pset_WallCommon',$,(#115,#119,#120,#121));
#123=IFCRELDEFINESBYPROPERTIES('3IGBcvF51p$ffTutvxIfSK',#18,$,$,(#95),#116);
#124=IFCRELDEFINESBYPROPERTIES('2yCNm1mYoBCrWT6k9sncuG',#18,$,$,(#95),#118);
#125=IFCRELDEFINESBYPROPERTIES('0cdmLS7$RF$evbkDA9UvEt',#18,$,$,(#95),#122);
#126=IFCSIUNIT(*,.MASSUNIT.,.KILO.,.GRAM.);
#127=IFCDERIVEDUNITELEMENT(#126,1);
#128=IFCSIUNIT(*,.THERMODYNAMICTEMPERATUREUNIT.,$,.KELVIN.);
#129=IFCDERIVEDUNITELEMENT(#128,-1);
#130=IFCSIUNIT(*,.TIMEUNIT.,$,.SECOND.);
#131=IFCDERIVEDUNITELEMENT(#130,-3);
#132=IFCDERIVEDUNIT((#127,#129,#131),.THERMALTRANSMITTANCEUNIT.,$);
#133=IFCPROPERTYSINGLEVALUE('ThermalTransmittance',$,IFCTHERMALTRANSMITTANCEMEASURE(0.15428571428571428),$);
#134=IFCPROPERTYSET('2mrlb773pTsasx$ulHTfJw',#18,'Pset_WallCommon',$,(#133));
#135=IFCCARTESIANPOINT((22.122332676350045,6.3174267230785937,0.));
#136=IFCAXIS2PLACEMENT3D(#135,#9,#6);
#137=IFCLOCALPLACEMENT(#34,#136);
#138=IFCCARTESIANPOINTLIST3D(((-2.0653295714651348E-015,0.,0.),(7.5699999999999967,0.,0.)));
#139=IFCINDEXEDPOLYCURVE(#138,$,.F.);
#140=IFCSHAPEREPRESENTATION(#25,'Axis','Curve3D',(#139));
#141=IFCPRODUCTDEFINITIONSHAPE($,$,(#140,#180));
#142=IFCCOLOURRGBLIST(((0.96862745098039216,0.96862745098039216,0.96862745098039216)));
#143=IFCINDEXEDPOLYGONALFACE((1,2,3,4,5,6,7,8));
#144=IFCINDEXEDPOLYGONALFACE((9,5,4,10));
#145=IFCINDEXEDPOLYGONALFACE((11,9,10,12,13,14,15,16));
#146=IFCINDEXEDPOLYGONALFACE((2,13,12,3));
#147=IFCINDEXEDPOLYGONALFACEWITHVOIDS((4,3,12,10),((17,18,19,20),(21,22,23,24)));
#148=IFCINDEXEDPOLYGONALFACEWITHVOIDS((2,1,8,7,6,5,9,11,16,15,14,13),((25,26,27,28),(29,30,31,32)));
#149=IFCINDEXEDPOLYGONALFACE((30,29,22,21));
#150=IFCINDEXEDPOLYGONALFACE((32,31,24,23));
#151=IFCINDEXEDPOLYGONALFACE((31,30,21,24));
#152=IFCINDEXEDPOLYGONALFACE((29,32,23,22));
#153=IFCINDEXEDPOLYGONALFACE((26,25,18,17));
#154=IFCINDEXEDPOLYGONALFACE((28,27,20,19));
#155=IFCINDEXEDPOLYGONALFACE((27,26,17,20));
#156=IFCINDEXEDPOLYGONALFACE((25,28,19,18));
#157=IFCCARTESIANPOINTLIST3D(((1.860000000000001,-0.23000000000000131,0.),(-1.9474297618917952E-015,-0.23000000000000131,0.),(-2.6721177638068725E-015,0.069999999999999396,0.),(7.5699999999999941,0.069999999999999396,0.),(7.569999999999995,-0.2300000000000022,0.),(5.1999999999999869,-0.2300000000000022,0.),(4.9599999999999849,-0.2300000000000022,0.),(2.0999999999999996,-0.23000000000000131,0.),(7.569999999999995,-0.2300000000000022,3.0000000000000004),(7.5699999999999941,0.069999999999999396,3.0000000000000004),(5.1999999999999869,-0.2300000000000022,3.0000000000000004),(-2.6721177638068725E-015,0.069999999999999396,3.0000000000000004),(-1.9474297618917952E-015,-0.23000000000000131,3.0000000000000004),(1.860000000000001,-0.23000000000000131,3.0000000000000004),(2.0999999999999996,-0.23000000000000131,3.0000000000000004),(4.9599999999999849,-0.2300000000000022,3.0000000000000004),(0.69999999999999307,0.070000000000321805,2.399999999999995),(0.09999999999999519,0.070000000000320917,2.399999999999995),(0.09999999999999519,0.070000000000320917,0.80000000000000004),(0.69999999999999307,0.070000000000321805,0.80000000000000004),(4.5099999999999882,0.070000000000321805,2.399999999999995),(3.9099999999999904,0.070000000000321805,2.399999999999995),(3.9099999999999904,0.070000000000321805,0.80000000000000004),(4.5099999999999882,0.070000000000321805,0.80000000000000004),(0.099999999999995925,-0.23000000000000043,2.399999999999995),(0.69999999999999374,-0.23000000000000043,2.399999999999995),(0.69999999999999374,-0.23000000000000043,0.80000000000000004),(0.099999999999995925,-0.23000000000000043,0.80000000000000004),(3.9099999999999913,-0.23000000000000131,2.399999999999995),(4.5099999999999891,-0.23000000000000043,2.399999999999995),(4.5099999999999891,-0.23000000000000043,0.80000000000000004),(3.9099999999999913,-0.23000000000000131,0.80000000000000004)));
#158=IFCPOLYGONALFACESET(#157,.T.,(#143,#144,#145,#146,#147,#148,#149,#150,#151,#152,#153,#154,#155,#156),$);
#159=IFCINDEXEDCOLOURMAP(#158,1.,#142,(1,1,1,1,1,1,1,1,1,1,1,1,1,1));
#160=IFCSTYLEDITEM(#158,(#66),$);
#161=IFCCOLOURRGBLIST(((0.75294117647058822,0.84313725490196079,0.87058823529411766)));
#162=IFCINDEXEDPOLYGONALFACEWITHVOIDS((9,10,11,12),((1,2,3,4),(5,6,7,8)));
#163=IFCINDEXEDPOLYGONALFACEWITHVOIDS((21,22,23,24),((13,14,15,16),(17,18,19,20)));
#164=IFCINDEXEDPOLYGONALFACE((22,21,10,9));
#165=IFCINDEXEDPOLYGONALFACE((21,24,11,10));
#166=IFCINDEXEDPOLYGONALFACE((24,23,12,11));
#167=IFCINDEXEDPOLYGONALFACE((18,17,6,5));
#168=IFCINDEXEDPOLYGONALFACE((19,18,5,8));
#169=IFCINDEXEDPOLYGONALFACE((20,19,8,7));
#170=IFCINDEXEDPOLYGONALFACE((17,20,7,6));
#171=IFCINDEXEDPOLYGONALFACE((14,13,2,1));
#172=IFCINDEXEDPOLYGONALFACE((15,14,1,4));
#173=IFCINDEXEDPOLYGONALFACE((16,15,4,3));
#174=IFCINDEXEDPOLYGONALFACE((13,16,3,2));
#175=IFCINDEXEDPOLYGONALFACE((23,22,9,12));
#176=IFCCARTESIANPOINTLIST3D(((0.12999999999999634,0.070000000000320917,0.8200000000000387),(0.12999999999999634,0.070000000000320917,2.3700000000000792),(0.66999999999999904,0.070000000000321805,2.3700000000000792),(0.66999999999999904,0.070000000000321805,0.8200000000000387),(3.9399999999999915,0.070000000000322693,0.8200000000000387),(3.9399999999999915,0.070000000000322693,2.3700000000000792),(4.4799999999999907,0.070000000000321805,2.3700000000000792),(4.4799999999999907,0.070000000000321805,0.8200000000000387),(-0.30000000000000338,0.070000000000000284,0.),(7.5699999999999941,0.069999999999999396,0.),(7.5699999999999941,0.069999999999999396,3.0000000000000004),(-0.30000000000000338,0.070000000000000284,3.0000000000000004),(0.12999999999991424,0.23000000000032195,2.3700000000000272),(0.12999999999991424,0.23000000000032195,0.81000000000003147),(0.66999999999990978,0.23000000000032106,0.81000000000003147),(0.66999999999990978,0.23000000000032106,2.3700000000000272),(3.9399999999999094,0.23000000000032106,2.3700000000000272),(3.9399999999999094,0.23000000000032106,0.81000000000003147),(4.4799999999999018,0.23000000000032195,0.81000000000003147),(4.4799999999999018,0.23000000000032195,2.3700000000000272),(7.5699999999999976,0.22999999999999865,0.),(-0.30000000000000376,0.22999999999999954,0.),(-0.30000000000000376,0.22999999999999954,3.0000000000000004),(7.5699999999999976,0.22999999999999865,3.0000000000000004)));
#177=IFCPOLYGONALFACESET(#176,.T.,(#162,#163,#164,#165,#166,#167,#168,#169,#170,#171,#172,#173,#174,#175),$);
#178=IFCINDEXEDCOLOURMAP(#177,1.,#161,(1,1,1,1,1,1,1,1,1,1,1,1,1,1));
#179=IFCSTYLEDITEM(#177,(#88),$);
#180=IFCSHAPEREPRESENTATION(#26,'Body','Tessellation',(#158,#177));
#181=IFCSHAPEREPRESENTATION(#26,'Body','Tessellation',(#177));
#182=IFCSHAPEASPECT((#181),'D\X\E4mmung - hart',$,.U.,#141);
#183=IFCSHAPEREPRESENTATION(#26,'Body','Tessellation',(#158));
#184=IFCSHAPEASPECT((#183),'Mauerwerk - Ziegel',$,.U.,#141);
#185=IFCWALL('2UrcDAH9X4LAAFPjCZFx_1',#18,'Basiswand:Ziegel+WD hart 300+160:2521056',$,'Basiswand:Ziegel+WD hart 300+160',#137,#141,'2521056',.NOTDEFINED.);
#186=IFCQUANTITYLENGTH('Height',$,$,3.0000000000000004,$);
#187=IFCQUANTITYLENGTH('Length',$,$,7.799999999999998,$);
#188=IFCQUANTITYVOLUME('GrossVolume',$,$,11.329799999999988,$);
#189=IFCQUANTITYAREA('GrossSideArea',$,$,24.629999999999978,$);
#190=IFCQUANTITYAREA('NetSideArea',$,$,21.03599999999992,$);
#191=IFCQUANTITYVOLUME('NetVolume',$,$,9.6018959999997797,$);
#192=IFCELEMENTQUANTITY('2usQe0PCOB8shTY36zSGTd',#18,'Qto_WallBaseQuantities',$,$,(#103,#104,#105,#186,#187,#188,#189,#190,#191));
#193=IFCRELDEFINESBYPROPERTIES('2xIMgx4jV2lnC0SOm0ybP1',#18,$,$,(#185),#192);
#194=IFCPROPERTYSET('1ZXUL$qL3Nvlo2QyV7A5b_',#18,'Pset_EnvironmentalImpactIndicators',$,(#115));
#195=IFCPROPERTYSINGLEVALUE('Reference',$,IFCLABEL('Ziegel+WD hart 300+160'),$);
#196=IFCPROPERTYSET('3_gQbvW$cCecq4LbyuhssO',#18,'Pset_ReinforcementBarPitchOfWall',$,(#195));
#197=IFCPROPERTYSET('3myq0yueOO$YFgJXDLBNHG',#18,'Pset_WallCommon',$,(#115,#119,#120,#121));
#198=IFCRELDEFINESBYPROPERTIES('2jVv2o_eA7YoBegqg8N3gm',#18,$,$,(#185),#194);
#199=IFCRELDEFINESBYPROPERTIES('2O2T5f36xwO$RieNWI0wzR',#18,$,$,(#185),#196);
#200=IFCRELDEFINESBYPROPERTIES('20GXdRofPX591xV295UMAB',#18,$,$,(#185),#197);
#201=IFCCARTESIANPOINT((8.6623326763500561,15.007426723078625,0.));
#202=IFCAXIS2PLACEMENT3D(#201,#9,#8);
#203=IFCLOCALPLACEMENT(#34,#202);
#204=IFCCARTESIANPOINTLIST3D(((0.,5.2937033319882417E-016,0.),(8.6899999999999977,5.6727068272426805E-016,0.)));
#205=IFCINDEXEDPOLYCURVE(#204,$,.F.);
#206=IFCSHAPEREPRESENTATION(#25,'Axis','Curve3D',(#205));
#207=IFCPRODUCTDEFINITIONSHAPE($,$,(#206,#254));
#208=IFCCOLOURRGBLIST(((0.96862745098039216,0.96862745098039216,0.96862745098039216)));
#209=IFCINDEXEDPOLYGONALFACE((1,2,3,4));
#210=IFCINDEXEDPOLYGONALFACE((5,6,7,8));
#211=IFCINDEXEDPOLYGONALFACE((6,9,10,7));
#212=IFCINDEXEDPOLYGONALFACE((9,1,4,10));
#213=IFCINDEXEDPOLYGONALFACE((11,12,13,14));
#214=IFCINDEXEDPOLYGONALFACE((15,5,8,16));
#215=IFCINDEXEDPOLYGONALFACEWITHVOIDS((16,8,7,10,4,3,17,18,14,13,19,20),((21,22,23,24)));
#216=IFCINDEXEDPOLYGONALFACEWITHVOIDS((6,5,15,25,26,12,11,27,28,2,1,9),((29,30,31,32)));
#217=IFCINDEXEDPOLYGONALFACE((30,29,22,21));
#218=IFCINDEXEDPOLYGONALFACE((32,31,24,23));
#219=IFCINDEXEDPOLYGONALFACE((29,32,23,22));
#220=IFCINDEXEDPOLYGONALFACE((31,30,21,24));
#221=IFCINDEXEDPOLYGONALFACE((28,27,18,17));
#222=IFCINDEXEDPOLYGONALFACE((27,11,14,18));
#223=IFCINDEXEDPOLYGONALFACE((2,28,17,3));
#224=IFCINDEXEDPOLYGONALFACE((26,25,20,19));
#225=IFCINDEXEDPOLYGONALFACE((12,26,19,13));
#226=IFCINDEXEDPOLYGONALFACE((25,15,16,20));
#227=IFCCARTESIANPOINTLIST3D(((-1.7763568394002505E-015,0.23000000000000093,0.),(1.4650000000000034,0.23000000000000151,0.),(1.4650000000000016,-0.070000000000320708,0.),(-1.7763568394002505E-015,-0.069999999999998022,0.),(8.6899999999999977,0.23000000000000081,0.),(8.6899999999999977,0.23000000000000081,3.0000000000000004),(8.6899999999999942,-0.069999999999999882,3.0000000000000004),(8.6899999999999977,-0.069999999999999882,0.),(-1.7763568394002505E-015,0.23000000000000093,3.0000000000000004),(-1.7763568394002505E-015,-0.069999999999998022,3.0000000000000004),(2.6000000000000014,0.22999999999999982,0.),(2.9000000000000021,0.23000000000000029,0.),(2.9000000000000004,-0.070000000000320153,0.),(2.5999999999999996,-0.070000000000320639,0.),(4.0350000000000037,0.23000000000000037,0.),(4.0350000000000019,-0.07000000000032186,0.),(1.4650000000000016,-0.070000000000320708,2.2499999999999751),(2.6000000000000014,-0.070000000000320639,2.2499999999999751),(2.9000000000000021,-0.070000000000320153,2.2499999999999751),(4.0350000000000019,-0.07000000000032186,2.2499999999999751),(4.6124999999999634,-0.070000000000322707,2.249999999999988),(5.7124999999999613,-0.070000000000322693,2.249999999999988),(5.7124999999999613,-0.070000000000322693,0.84999999999999998),(4.6124999999999634,-0.070000000000322707,0.84999999999999998),(4.0350000000000019,0.23000000000000037,2.2499999999999751),(2.9000000000000021,0.23000000000000029,2.2499999999999751),(2.6000000000000014,0.22999999999999982,2.2499999999999751),(1.4650000000000034,0.23000000000000151,2.2499999999999751),(5.7124999999999648,0.22999999999999954,2.249999999999988),(4.6124999999999652,0.22999999999999954,2.249999999999988),(4.6124999999999652,0.22999999999999954,0.84999999999999998),(5.7124999999999648,0.22999999999999954,0.84999999999999998)));
#228=IFCPOLYGONALFACESET(#227,.T.,(#209,#210,#211,#212,#213,#214,#215,#216,#217,#218,#219,#220,#221,#222,#223,#224,#225,#226),$);
#229=IFCINDEXEDCOLOURMAP(#228,1.,#208,(1,1,1,1,1,1,1,1,1,1,1,1,1,1,1,1,1,1));
#230=IFCSTYLEDITEM(#228,(#66),$);
#231=IFCCOLOURRGBLIST(((0.75294117647058822,0.84313725490196079,0.87058823529411766)));
#232=IFCINDEXEDPOLYGONALFACEWITHVOIDS((5,6,7,8,9,10,11,12,13,14,15,16,17,18,19,20),((1,2,3,4)));
#233=IFCINDEXEDPOLYGONALFACEWITHVOIDS((25,26,27,28,29,30,31,32,33,34,35,36),((21,22,23,24)));
#234=IFCINDEXEDPOLYGONALFACE((29,28,17,16,15));
#235=IFCINDEXEDPOLYGONALFACE((26,25,20,19));
#236=IFCINDEXEDPOLYGONALFACE((27,26,19,18));
#237=IFCINDEXEDPOLYGONALFACE((28,27,18,17));
#238=IFCINDEXEDPOLYGONALFACE((22,21,2,1));
#239=IFCINDEXEDPOLYGONALFACE((21,24,3,2));
#240=IFCINDEXEDPOLYGONALFACE((24,23,4,3));
#241=IFCINDEXEDPOLYGONALFACE((23,22,1,4));
#242=IFCINDEXEDPOLYGONALFACE((32,31,13,12));
#243=IFCINDEXEDPOLYGONALFACE((30,29,15,14));
#244=IFCINDEXEDPOLYGONALFACE((31,30,14,13));
#245=IFCINDEXEDPOLYGONALFACE((34,33,9,8));
#246=IFCINDEXEDPOLYGONALFACE((36,35,7,6));
#247=IFCINDEXEDPOLYGONALFACE((35,34,8,7));
#248=IFCINDEXEDPOLYGONALFACE((33,32,12,11,10,9));
#249=IFCINDEXEDPOLYGONALFACE((25,36,6,5,20));
#250=IFCCARTESIANPOINTLIST3D(((4.6424999999999663,-0.070000000000322651,2.2200000000000055),(4.6424999999999663,-0.070000000000322651,0.87000000000002276),(5.6824999999999637,-0.070000000000320958,0.87000000000002276),(5.6824999999999637,-0.070000000000320958,2.2200000000000055),(4.0350000000000019,-0.07000000000000034,0.),(4.0050000000000008,-0.070000000000321916,0.),(4.0050000000000008,-0.070000000000321916,2.2199999999999469),(2.9300000000000068,-0.070000000000318335,2.2199999999999469),(2.9300000000000068,-0.070000000000320112,0.),(2.9000000000000021,-0.069999999999998633,0.),(2.6000000000000014,-0.069999999999999118,0.),(2.5699999999999967,-0.070000000000320695,0.),(2.5699999999999967,-0.070000000000318918,2.2199999999999469),(1.4950000000000028,-0.070000000000320667,2.2199999999999469),(1.4950000000000028,-0.070000000000320667,0.),(1.4650000000000016,-0.069999999999999188,0.),(-1.7763568394002505E-015,-0.069999999999998022,0.),(-1.7763568394002505E-015,-0.069999999999998022,3.0000000000000004),(8.6899999999999942,-0.069999999999999882,3.0000000000000004),(8.6899999999999942,-0.069999999999999882,0.),(4.6424999999999219,-0.23000000000032103,0.86000000000003951),(4.6424999999999219,-0.23000000000032103,2.2199999999999966),(5.6824999999999068,-0.23000000000032289,2.2199999999999958),(5.6824999999999068,-0.23000000000032289,0.86000000000003951),(8.6899999999999942,-0.22999999999999826,0.),(8.6899999999999942,-0.22999999999999826,3.0000000000000004),(-1.7763568394002505E-015,-0.22999999999999815,3.0000000000000004),(-1.7763568394002505E-015,-0.22999999999999815,0.),(1.4950000000000081,-0.22999999999999929,0.),(1.4950000000000081,-0.23000000000032081,2.2199999999999633),(2.5700000000000127,-0.23000000000031906,2.2199999999999633),(2.5700000000000127,-0.22999999999999932,0.),(2.9299999999999908,-0.22999999999999873,0.),(2.9299999999999908,-0.23000000000031848,2.2199999999999633),(4.0049999999999937,-0.23000000000032028,2.2199999999999633),(4.0049999999999937,-0.22999999999999876,0.)));
#251=IFCPOLYGONALFACESET(#250,.T.,(#232,#233,#234,#235,#236,#237,#238,#239,#240,#241,#242,#243,#244,#245,#246,#247,#248,#249),$);
#252=IFCINDEXEDCOLOURMAP(#251,1.,#231,(1,1,1,1,1,1,1,1,1,1,1,1,1,1,1,1,1,1));
#253=IFCSTYLEDITEM(#251,(#88),$);
#254=IFCSHAPEREPRESENTATION(#26,'Body','Tessellation',(#228,#251));
#255=IFCSHAPEREPRESENTATION(#26,'Body','Tessellation',(#251));
#256=IFCSHAPEASPECT((#255),'D\X\E4mmung - hart',$,.U.,#207);
#257=IFCSHAPEREPRESENTATION(#26,'Body','Tessellation',(#228));
#258=IFCSHAPEASPECT((#257),'Mauerwerk - Ziegel',$,.U.,#207);
#259=IFCWALL('2UrcDAH9X4LAAFPjCZFx6o',#18,'Basiswand:Ziegel+WD hart 300+160:2521555',$,'Basiswand:Ziegel+WD hart 300+160',#203,#207,'2521555',.NOTDEFINED.);
#260=IFCQUANTITYLENGTH('Height',$,$,3.0000000000000004,$);
#261=IFCQUANTITYLENGTH('Length',$,$,8.6899999999999977,$);
#262=IFCQUANTITYVOLUME('GrossVolume',$,$,10.50502000000005,$);
#263=IFCQUANTITYAREA('GrossSideArea',$,$,22.83700000000011,$);
#264=IFCQUANTITYAREA('NetSideArea',$,$,19.893000000000125,$);
#265=IFCQUANTITYVOLUME('NetVolume',$,$,9.0087979999995795,$);
#266=IFCELEMENTQUANTITY('02e6iscs8S69KbhppcTjBd',#18,'Qto_WallBaseQuantities',$,$,(#103,#104,#105,#260,#261,#262,#263,#264,#265));
#267=IFCRELDEFINESBYPROPERTIES('1CzDLwLlFB7R1XWVPuEyJc',#18,$,$,(#259),#266);
#268=IFCPROPERTYSET('1fBT$BrLlw6JXC9d4lqXLb',#18,'Pset_EnvironmentalImpactIndicators',$,(#115));
#269=IFCPROPERTYSINGLEVALUE('Reference',$,IFCLABEL('Ziegel+WD hart 300+160'),$);
#270=IFCPROPERTYSET('0QAYhOCMGhUO$270m49HwG',#18,'Pset_ReinforcementBarPitchOfWall',$,(#269));
#271=IFCPROPERTYSET('21lNo_TzxJHPh_igZB2ZMZ',#18,'Pset_WallCommon',$,(#115,#119,#120,#121));
#272=IFCRELDEFINESBYPROPERTIES('05OHf5KH6NXY9nijm8rMGk',#18,$,$,(#259),#268);
#273=IFCRELDEFINESBYPROPERTIES('2KyzKe6XadIHRZ1G66kWmO',#18,$,$,(#259),#270);
#274=IFCRELDEFINESBYPROPERTIES('3HGkjaskZ8m0U59VgkIf7j',#18,$,$,(#259),#271);
#275=IFCCOLOURRGBLIST(((0.79607843137254897,0.79607843137254897,0.79607843137254897)));
#276=IFCINDEXEDPOLYGONALFACE((18,19,20,21,22,23,24,1,2,3,4,5,6,7,8,9,10,11,12,13,14,15,16,17));
#277=IFCINDEXEDPOLYGONALFACE((31,32,33,34,35,36,37,38,39,40,41,42,43,44,45,46,47,48,25,26,27,28,29,30));
#278=IFCINDEXEDPOLYGONALFACE((36,59,37));
#279=IFCINDEXEDPOLYGONALFACE((35,57,36));
#280=IFCINDEXEDPOLYGONALFACE((55,56,34));
#281=IFCINDEXEDPOLYGONALFACE((35,34,56));
#282=IFCINDEXEDPOLYGONALFACE((33,55,34));
#283=IFCINDEXEDPOLYGONALFACE((37,60,61));
#284=IFCINDEXEDPOLYGONALFACE((109,85,1,24));
#285=IFCINDEXEDPOLYGONALFACE((37,59,60));
#286=IFCINDEXEDPOLYGONALFACE((54,32,31));
#287=IFCINDEXEDPOLYGONALFACE((56,57,35));
#288=IFCINDEXEDPOLYGONALFACE((58,36,57));
#289=IFCINDEXEDPOLYGONALFACE((58,59,36));
#290=IFCINDEXEDPOLYGONALFACE((54,33,32));
#291=IFCINDEXEDPOLYGONALFACE((29,52,30));
#292=IFCINDEXEDPOLYGONALFACE((28,51,29));
#293=IFCINDEXEDPOLYGONALFACE((50,51,27,26));
#294=IFCINDEXEDPOLYGONALFACE((28,27,51));
#295=IFCINDEXEDPOLYGONALFACE((49,50,26,25));
#296=IFCINDEXEDPOLYGONALFACE((13,73,119));
#297=IFCINDEXEDPOLYGONALFACE((55,33,54));
#298=IFCINDEXEDPOLYGONALFACE((54,31,53));
#299=IFCINDEXEDPOLYGONALFACE((51,52,29));
#300=IFCINDEXEDPOLYGONALFACE((53,30,52));
#301=IFCINDEXEDPOLYGONALFACE((31,30,53));
#302=IFCINDEXEDPOLYGONALFACE((48,72,49,25));
#303=IFCINDEXEDPOLYGONALFACE((13,74,73));
#304=IFCINDEXEDPOLYGONALFACE((47,71,72,48));
#305=IFCINDEXEDPOLYGONALFACE((71,46,45));
#306=IFCINDEXEDPOLYGONALFACE((47,46,71));
#307=IFCINDEXEDPOLYGONALFACE((70,45,44));
#308=IFCINDEXEDPOLYGONALFACE((44,69,70));
#309=IFCINDEXEDPOLYGONALFACE((70,71,45));
#310=IFCINDEXEDPOLYGONALFACE((68,69,43));
#311=IFCINDEXEDPOLYGONALFACE((43,42,68));
#312=IFCINDEXEDPOLYGONALFACE((44,43,69));
#313=IFCINDEXEDPOLYGONALFACE((67,68,41));
#314=IFCINDEXEDPOLYGONALFACE((40,67,41));
#315=IFCINDEXEDPOLYGONALFACE((65,39,38));
#316=IFCINDEXEDPOLYGONALFACE((40,39,66));
#317=IFCINDEXEDPOLYGONALFACE((63,38,37));
#318=IFCINDEXEDPOLYGONALFACE((39,65,66));
#319=IFCINDEXEDPOLYGONALFACE((66,67,40));
#320=IFCINDEXEDPOLYGONALFACE((64,38,63));
#321=IFCINDEXEDPOLYGONALFACE((62,63,37));
#322=IFCINDEXEDPOLYGONALFACE((65,38,64));
#323=IFCINDEXEDPOLYGONALFACE((61,62,37));
#324=IFCINDEXEDPOLYGONALFACE((85,84,2,1));
#325=IFCINDEXEDPOLYGONALFACE((41,68,42));
#326=IFCINDEXEDPOLYGONALFACE((99,76,77));
#327=IFCINDEXEDPOLYGONALFACE((90,104,108));
#328=IFCINDEXEDPOLYGONALFACE((98,65,64));
#329=IFCINDEXEDPOLYGONALFACE((65,98,66));
#330=IFCINDEXEDPOLYGONALFACE((67,98,68));
#331=IFCINDEXEDPOLYGONALFACE((107,92,120,93));
#332=IFCINDEXEDPOLYGONALFACE((98,69,68));
#333=IFCINDEXEDPOLYGONALFACE((98,71,70));
#334=IFCINDEXEDPOLYGONALFACE((98,70,69));
#335=IFCINDEXEDPOLYGONALFACE((72,98,49));
#336=IFCINDEXEDPOLYGONALFACE((82,83,99));
#337=IFCINDEXEDPOLYGONALFACE((67,66,98));
#338=IFCINDEXEDPOLYGONALFACE((86,105,106,104,90));
#339=IFCINDEXEDPOLYGONALFACE((76,99,75));
#340=IFCINDEXEDPOLYGONALFACE((75,96,74));
#341=IFCINDEXEDPOLYGONALFACE((80,81,99));
#342=IFCINDEXEDPOLYGONALFACE((98,72,71));
#343=IFCINDEXEDPOLYGONALFACE((100,96,99));
#344=IFCINDEXEDPOLYGONALFACE((97,92,100));
#345=IFCINDEXEDPOLYGONALFACE((101,102,88));
#346=IFCINDEXEDPOLYGONALFACE((98,64,63));
#347=IFCINDEXEDPOLYGONALFACE((98,63,95));
#348=IFCINDEXEDPOLYGONALFACE((107,100,92));
#349=IFCINDEXEDPOLYGONALFACE((63,62,95));
#350=IFCINDEXEDPOLYGONALFACE((101,98,95));
#351=IFCINDEXEDPOLYGONALFACE((99,96,75));
#352=IFCINDEXEDPOLYGONALFACE((62,61,95));
#353=IFCINDEXEDPOLYGONALFACE((96,73,74));
#354=IFCINDEXEDPOLYGONALFACE((94,101,88));
#355=IFCINDEXEDPOLYGONALFACE((102,108,88));
#356=IFCINDEXEDPOLYGONALFACE((104,106,93,128,87,103));
#357=IFCINDEXEDPOLYGONALFACE((108,104,103));
#358=IFCINDEXEDPOLYGONALFACE((94,98,101));
#359=IFCINDEXEDPOLYGONALFACE((85,99,84));
#360=IFCINDEXEDPOLYGONALFACE((99,83,84));
#361=IFCINDEXEDPOLYGONALFACE((99,79,80));
#362=IFCINDEXEDPOLYGONALFACE((49,98,94));
#363=IFCINDEXEDPOLYGONALFACE((85,97,99));
#364=IFCINDEXEDPOLYGONALFACE((95,89,101));
#365=IFCINDEXEDPOLYGONALFACE((89,90,102));
#366=IFCINDEXEDPOLYGONALFACE((79,99,78));
#367=IFCINDEXEDPOLYGONALFACE((99,81,82));
#368=IFCINDEXEDPOLYGONALFACE((101,89,102));
#369=IFCINDEXEDPOLYGONALFACE((77,78,99));
#370=IFCINDEXEDPOLYGONALFACE((100,99,97));
#371=IFCINDEXEDPOLYGONALFACE((107,105,122,91));
#372=IFCINDEXEDPOLYGONALFACE((100,91,121,96));
#373=IFCINDEXEDPOLYGONALFACE((106,105,107));
#374=IFCINDEXEDPOLYGONALFACE((107,91,100));
#375=IFCINDEXEDPOLYGONALFACE((106,107,93));
#376=IFCINDEXEDPOLYGONALFACE((88,108,103));
#377=IFCINDEXEDPOLYGONALFACE((90,108,102));
#378=IFCINDEXEDPOLYGONALFACE((123,58,57));
#379=IFCINDEXEDPOLYGONALFACE((86,90,130,129,122,105));
#380=IFCINDEXEDPOLYGONALFACE((56,55,123));
#381=IFCINDEXEDPOLYGONALFACE((123,52,51));
#382=IFCINDEXEDPOLYGONALFACE((133,94,88));
#383=IFCINDEXEDPOLYGONALFACE((114,124,113));
#384=IFCINDEXEDPOLYGONALFACE((123,55,54));
#385=IFCINDEXEDPOLYGONALFACE((127,132,120));
#386=IFCINDEXEDPOLYGONALFACE((51,50,123));
#387=IFCINDEXEDPOLYGONALFACE((132,129,128));
#388=IFCINDEXEDPOLYGONALFACE((119,73,96));
#389=IFCINDEXEDPOLYGONALFACE((61,60,95));
#390=IFCINDEXEDPOLYGONALFACE((126,121,127));
#391=IFCINDEXEDPOLYGONALFACE((96,121,126));
#392=IFCINDEXEDPOLYGONALFACE((89,95,125));
#393=IFCINDEXEDPOLYGONALFACE((124,111,112));
#394=IFCINDEXEDPOLYGONALFACE((123,59,58));
#395=IFCINDEXEDPOLYGONALFACE((126,124,96));
#396=IFCINDEXEDPOLYGONALFACE((126,120,92,97));
#397=IFCINDEXEDPOLYGONALFACE((123,95,59));
#398=IFCINDEXEDPOLYGONALFACE((119,96,118));
#399=IFCINDEXEDPOLYGONALFACE((85,124,97));
#400=IFCINDEXEDPOLYGONALFACE((49,94,123));
#401=IFCINDEXEDPOLYGONALFACE((87,128,129,130,103));
#402=IFCINDEXEDPOLYGONALFACE((124,109,110));
#403=IFCINDEXEDPOLYGONALFACE((109,124,85));
#404=IFCINDEXEDPOLYGONALFACE((126,127,120));
#405=IFCINDEXEDPOLYGONALFACE((124,118,96));
#406=IFCINDEXEDPOLYGONALFACE((123,54,53));
#407=IFCINDEXEDPOLYGONALFACE((133,88,131));
#408=IFCINDEXEDPOLYGONALFACE((127,121,91,122));
#409=IFCINDEXEDPOLYGONALFACE((53,52,123));
#410=IFCINDEXEDPOLYGONALFACE((131,130,90));
#411=IFCINDEXEDPOLYGONALFACE((122,129,132));
#412=IFCINDEXEDPOLYGONALFACE((112,113,124));
#413=IFCINDEXEDPOLYGONALFACE((111,124,110));
#414=IFCINDEXEDPOLYGONALFACE((59,95,60));
#415=IFCINDEXEDPOLYGONALFACE((115,116,124));
#416=IFCINDEXEDPOLYGONALFACE((97,124,126));
#417=IFCINDEXEDPOLYGONALFACE((116,117,124));
#418=IFCINDEXEDPOLYGONALFACE((57,56,123));
#419=IFCINDEXEDPOLYGONALFACE((125,123,94));
#420=IFCINDEXEDPOLYGONALFACE((114,115,124));
#421=IFCINDEXEDPOLYGONALFACE((125,95,123));
#422=IFCINDEXEDPOLYGONALFACE((124,117,118));
#423=IFCINDEXEDPOLYGONALFACE((49,123,50));
#424=IFCINDEXEDPOLYGONALFACE((133,89,125));
#425=IFCINDEXEDPOLYGONALFACE((130,131,103));
#426=IFCINDEXEDPOLYGONALFACE((103,131,88));
#427=IFCINDEXEDPOLYGONALFACE((89,131,90));
#428=IFCINDEXEDPOLYGONALFACE((132,128,93,120));
#429=IFCINDEXEDPOLYGONALFACE((122,132,127));
#430=IFCINDEXEDPOLYGONALFACE((89,133,131));
#431=IFCINDEXEDPOLYGONALFACE((94,133,125));
#432=IFCINDEXEDPOLYGONALFACE((83,82,5));
#433=IFCINDEXEDPOLYGONALFACE((84,83,3,2));
#434=IFCINDEXEDPOLYGONALFACE((7,81,80));
#435=IFCINDEXEDPOLYGONALFACE((6,81,7));
#436=IFCINDEXEDPOLYGONALFACE((82,81,6));
#437=IFCINDEXEDPOLYGONALFACE((3,83,4));
#438=IFCINDEXEDPOLYGONALFACE((5,4,83));
#439=IFCINDEXEDPOLYGONALFACE((82,6,5));
#440=IFCINDEXEDPOLYGONALFACE((80,79,9));
#441=IFCINDEXEDPOLYGONALFACE((77,11,78));
#442=IFCINDEXEDPOLYGONALFACE((76,12,77));
#443=IFCINDEXEDPOLYGONALFACE((13,75,74));
#444=IFCINDEXEDPOLYGONALFACE((76,75,12));
#445=IFCINDEXEDPOLYGONALFACE((9,8,80));
#446=IFCINDEXEDPOLYGONALFACE((7,80,8));
#447=IFCINDEXEDPOLYGONALFACE((12,11,77));
#448=IFCINDEXEDPOLYGONALFACE((10,78,11));
#449=IFCINDEXEDPOLYGONALFACE((9,79,10));
#450=IFCINDEXEDPOLYGONALFACE((13,12,75));
#451=IFCINDEXEDPOLYGONALFACE((78,10,79));
#452=IFCINDEXEDPOLYGONALFACE((118,13,119));
#453=IFCINDEXEDPOLYGONALFACE((14,117,116));
#454=IFCINDEXEDPOLYGONALFACE((118,117,14));
#455=IFCINDEXEDPOLYGONALFACE((15,116,115));
#456=IFCINDEXEDPOLYGONALFACE((116,15,14));
#457=IFCINDEXEDPOLYGONALFACE((14,13,118));
#458=IFCINDEXEDPOLYGONALFACE((113,17,114));
#459=IFCINDEXEDPOLYGONALFACE((17,113,18));
#460=IFCINDEXEDPOLYGONALFACE((17,16,114));
#461=IFCINDEXEDPOLYGONALFACE((16,15,115));
#462=IFCINDEXEDPOLYGONALFACE((16,115,114));
#463=IFCINDEXEDPOLYGONALFACE((112,111,20));
#464=IFCINDEXEDPOLYGONALFACE((113,112,19));
#465=IFCINDEXEDPOLYGONALFACE((110,109,24,23));
#466=IFCINDEXEDPOLYGONALFACE((111,110,21));
#467=IFCINDEXEDPOLYGONALFACE((111,21,20));
#468=IFCINDEXEDPOLYGONALFACE((20,19,112));
#469=IFCINDEXEDPOLYGONALFACE((22,110,23));
#470=IFCINDEXEDPOLYGONALFACE((22,21,110));
#471=IFCINDEXEDPOLYGONALFACE((113,19,18));
#472=IFCCARTESIANPOINTLIST3D(((0.18499999999997291,0.76000000000192447,2.075000000000002),(0.18823523806375436,0.76000000000192447,2.0754259271713886),(0.19124999999997291,0.76000000000192447,2.0766746824526963),(0.19383883476480473,0.76000000000192447,2.0786611652351699),(0.19582531754727833,0.76000000000192447,2.0812500000000016),(0.1970740728285863,0.76000000000192447,2.08426476193622),(0.19749999999997297,0.76000000000192447,2.0875000000000017),(0.19707407282858638,0.76000000000192447,2.0907352380637829),(0.19582531754727855,0.76000000000192447,2.0937500000000018),(0.19383883476480493,0.76000000000192447,2.0963388347648335),(0.19124999999997311,0.76000000000192447,2.0983253175473071),(0.18823523806375461,0.76000000000192447,2.0995740728286152),(0.18499999999997296,0.76000000000192447,2.1000000000000019),(0.18176476193619145,0.76000000000192447,2.0995740728286152),(0.17874999999997296,0.76000000000192447,2.0983253175473071),(0.17616116523514114,0.76000000000192447,2.0963388347648335),(0.17417468245266754,0.76000000000192447,2.0937500000000018),(0.17292592717135963,0.76000000000192447,2.0907352380637834),(0.17249999999997298,0.76000000000192447,2.0875000000000021),(0.17292592717135957,0.76000000000192447,2.0842647619362205),(0.17417468245266746,0.76000000000192447,2.0812500000000016),(0.17616116523514114,0.76000000000192447,2.0786611652351699),(0.1787499999999729,0.76000000000192447,2.0766746824526963),(0.18176476193619137,0.76000000000192447,2.0754259271713886),(0.18499999999997283,0.76000000000192458,0.42500000000000099),(0.18176476193619137,0.76000000000192458,0.42457407282861431),(0.17874999999997285,0.76000000000192458,0.4233253175473064),(0.17616116523514108,0.76000000000192458,0.42133883476483275),(0.1741746824526674,0.76000000000192458,0.4187500000000009),(0.17292592717135957,0.76000000000192458,0.41573523806378232),(0.17249999999997298,0.76000000000192458,0.41250000000000087),(0.17292592717135963,0.76000000000192458,0.40926476193621925),(0.17417468245266754,0.76000000000192458,0.40625000000000089),(0.17616116523514122,0.76000000000192458,0.40366116523516909),(0.17874999999997304,0.76000000000192458,0.40167468245269555),(0.18176476193619151,0.76000000000192458,0.40042592717138764),(0.1849999999999731,0.76000000000192458,0.40000000000000097),(0.18823523806375461,0.76000000000192458,0.40042592717138764),(0.19124999999997311,0.76000000000192458,0.40167468245269555),(0.19383883476480493,0.76000000000192447,0.40366116523516921),(0.19582531754727855,0.76000000000192447,0.40625000000000105),(0.19707407282858638,0.76000000000192447,0.40926476193621969),(0.19749999999997297,0.76000000000192447,0.41250000000000109),(0.1970740728285863,0.76000000000192447,0.41573523806378271),(0.19582531754727842,0.76000000000192447,0.41875000000000107),(0.19383883476480473,0.76000000000192447,0.42133883476483286),(0.19124999999997291,0.76000000000192458,0.42332531754730657),(0.18823523806375436,0.76000000000192458,0.42457407282861431),(0.18499999999997291,0.79500000000192328,0.42500000000000099),(0.18176476193619137,0.79542592717330995,0.42457407282861431),(0.1787499999999729,0.79667468245461781,0.4233253175473064),(0.17616116523514114,0.79866116523709141,0.42133883476483275),(0.17417468245266746,0.80125000000192348,0.41875000000000084),(0.17292592717135963,0.80426476193814189,0.41573523806378238),(0.17249999999997304,0.80750000000192346,0.41250000000000087),(0.17292592717135971,0.81073523806570502,0.4092647619362193),(0.1741746824526676,0.81375000000192332,0.40625000000000083),(0.17616116523514128,0.81633883476675528,0.40366116523516909),(0.1787499999999731,0.81832531754922877,0.40167468245269544),(0.18176476193619159,0.81957407283053663,0.40042592717138764),(0.1849999999999731,0.8200000000019233,0.40000000000000097),(0.1882352380637547,0.81957407283053663,0.40042592717138764),(0.19124999999997316,0.81832531754922877,0.40167468245269555),(0.19383883476480498,0.81633883476675506,0.40366116523516921),(0.19582531754727861,0.81375000000192321,0.40625000000000111),(0.19707407282858644,0.81073523806570469,0.40926476193621958),(0.19749999999997303,0.80750000000192323,0.41250000000000103),(0.1970740728285863,0.80426476193814167,0.41573523806378265),(0.19582531754727842,0.80125000000192326,0.41875000000000112),(0.19383883476480473,0.79866116523709141,0.42133883476483286),(0.19124999999997291,0.79667468245461781,0.42332531754730657),(0.18823523806375442,0.79542592717330995,0.42457407282861431),(0.18499999999997324,0.8200000000019233,2.1000000000000019),(0.1882352380637547,0.81957407283053652,2.0995740728286152),(0.19124999999997316,0.81832531754922855,2.0983253175473071),(0.19383883476480498,0.81633883476675495,2.0963388347648335),(0.19582531754727861,0.8137500000019231,2.0937500000000018),(0.19707407282858644,0.81073523806570458,2.0907352380637834),(0.19749999999997303,0.80750000000192312,2.0875000000000021),(0.19707407282858638,0.80426476193814156,2.0842647619362205),(0.19582531754727842,0.80125000000192304,2.0812500000000016),(0.19383883476480479,0.7986611652370913,2.0786611652351699),(0.19124999999997291,0.7966746824546177,2.0766746824526963),(0.18823523806375442,0.79542592717330984,2.0754259271713886),(0.18499999999997296,0.79500000000192328,2.075000000000002),(0.18499999999997319,0.8200000000019233,1.2500000000000016),(0.18499999999997296,0.79500000000192328,1.2500001047924989),(0.18499999999997296,0.79500000000192328,0.91880173970788548),(0.1849999999999731,0.8200000000019233,0.82500002258366967),(0.18499999999997319,0.8200000000019233,1.0375000112918356),(0.18499999999997319,0.8200000000019233,1.60619842521158),(0.18499999999997296,0.79500000000192328,1.6625000523962503),(0.18499999999997296,0.79500000000192328,1.456250183386872),(0.18499999999997296,0.79500000000192328,0.67190097464644094),(0.1849999999999731,0.8200000000019233,0.64690078739421197),(0.18499999999997324,0.8200000000019233,1.853099212605791),(0.18499999999997296,0.79500000000192328,1.828099234938557),(0.19733189437426557,0.80545686977080855,0.57422088994588238),(0.19733189449765146,0.80545687051553994,1.9257791048157278),(0.19744260418927634,0.80869649529582643,1.745299595512469),(0.19746851841411958,0.80838659379622269,0.72996822240070858),(0.19749732108111406,0.80775877750262748,0.87738611217686635),(0.18499999999997296,0.79500000000192328,1.0844009222501922),(0.19749999999997311,0.80750000000145006,1.1672003903229411),(0.18499999999997319,0.8200000000019233,1.428099235189459),(0.19749999999997311,0.80749999992901089,1.3264683393661085),(0.19745495005346039,0.80856029202072577,1.5171488069712566),(0.19744328765283906,0.80631063362101496,1.0222335486710952),(0.18176476193619145,0.79542592717330995,2.0754259271713886),(0.17874999999997296,0.7966746824546177,2.0766746824526963),(0.17616116523514114,0.79866116523709141,2.0786611652351699),(0.17417468245266754,0.80125000000192326,2.0812500000000016),(0.17292592717135971,0.80426476193814167,2.0842647619362205),(0.17249999999997304,0.80750000000192323,2.0875000000000021),(0.17292592717135971,0.81073523806570469,2.0907352380637834),(0.1741746824526676,0.81375000000192321,2.0937500000000018),(0.17616116523514122,0.81633883476675506,2.0963388347648335),(0.17874999999997304,0.81832531754922877,2.0983253175473071),(0.18176476193619151,0.81957407283053663,2.0995740728286152),(0.18499999999997296,0.79500000000192328,1.5811984121341691),(0.1849999999999731,0.8200000000019233,1.6750000000000018),(0.1849999999999731,0.8200000000019233,1.4625000000000017),(0.17266810563013615,0.80545686974391661,0.57422088960158335),(0.17266810575629593,0.80545686898244262,1.9257791062943488),(0.1725314815865589,0.80838659380652034,0.72996822135675377),(0.17253148157209622,0.80838659360312692,1.7700317732478463),(0.17250267891066179,0.80775877710805144,1.6226138856960444),(0.18499999999997296,0.79500000000192328,1.4155991949289704),(0.17249999999997309,0.80750000004517641,1.3327995984794612),(0.17249999999997309,0.80749999999934408,1.1735316500285373),(0.17257832248971383,0.80610288589379941,1.0016011830836227),(0.1725567122897424,0.806310634221172,1.4777664445232828),(0.17265704183965905,0.80552480789664938,0.86504835636170785)));
#473=IFCPOLYGONALFACESET(#472,.T.,(#276,#277,#278,#279,#280,#281,#282,#283,#284,#285,#286,#287,#288,#289,#290,#291,#292,#293,#294,#295,#296,#297,#298,#299,#300,#301,#302,#303,#304,#305,#306,#307,#308,#309,#310,#311,#312,#313,#314,#315,#316,#317,#318,#319,#320,#321,#322,#323,#324,#325,#326,#327,#328,#329,#330,#331,#332,#333,#334,#335,#336,#337,#338,#339,#340,#341,#342,#343,#344,#345,#346,#347,#348,#349,#350,#351,#352,#353,#354,#355,#356,#357,#358,#359,#360,#361,#362,#363,#364,#365,#366,#367,#368,#369,#370,#371,#372,#373,#374,#375,#376,#377,#378,#379,#380,#381,#382,#383,#384,#385,#386,#387,#388,#389,#390,#391,#392,#393,#394,#395,#396,#397,#398,#399,#400,#401,#402,#403,#404,#405,#406,#407,#408,#409,#410,#411,#412,#413,#414,#415,#416,#417,#418,#419,#420,#421,#422,#423,#424,#425,#426,#427,#428,#429,#430,#431,#432,#433,#434,#435,#436,#437,#438,#439,#440,#441,#442,#443,#444,#445,#446,#447,#448,#449,#450,#451,#452,#453,#454,#455,#456,#457,#458,#459,#460,#461,#462,#463,#464,#465,#466,#467,#468,#469,#470,#471),$);
#474=IFCINDEXEDCOLOURMAP(#473,1.,#275,(1,1,1,1,1,1,1,1,1,1,1,1,1,1,1,1,1,1,1,1,1,1,1,1,1,1,1,1,1,1,1,1,1,1,1,1,1,1,1,1,1,1,1,1,1,1,1,1,1,1,1,1,1,1,1,1,1,1,1,1,1,1,1,1,1,1,1,1,1,1,1,1,1,1,1,1,1,1,1,1,1,1,1,1,1,1,1,1,1,1,1,1,1,1,1,1,1,1,1,1,1,1,1,1,1,1,1,1,1,1,1,1,1,1,1,1,1,1,1,1,1,1,1,1,1,1,1,1,1,1,1,1,1,1,1,1,1,1,1,1,1,1,1,1,1,1,1,1,1,1,1,1,1,1,1,1,1,1,1,1,1,1,1,1,1,1,1,1,1,1,1,1,1,1,1,1,1,1,1,1,1,1,1,1,1,1,1,1,1,1,1,1,1,1,1,1));
#475=IFCCOLOURRGB($,0.79607843137254897,0.79607843137254897,0.79607843137254897);
#476=IFCSURFACESTYLERENDERING(#475,0.,$,$,$,$,IFCNORMALISEDRATIOMEASURE(0.5),IFCSPECULAREXPONENT(64.),.NOTDEFINED.);
#477=IFCSURFACESTYLE('Metall - Edelstahl geb\X\FCrstet',.BOTH.,(#476));
#478=IFCSTYLEDITEM(#473,(#477),$);
#479=IFCCOLOURRGBLIST(((0.79607843137254897,0.79607843137254897,0.79607843137254897)));
#480=IFCINDEXEDPOLYGONALFACE((9,10,11,12,13,14,15,16,17,18,19,20,21,22,23,24,1,2,3,4,5,6,7,8));
#481=IFCINDEXEDPOLYGONALFACEWITHVOIDS((33,34,35,36,37,38,39,40,41,42,43,44,45,46,47,48,25,26,27,28,29,30,31,32),((69,70,71,72,73,74,75,76,77,78,79,80,81,82,49,50,51,52,53,54,55,56,57,58,59,60,61,62,63,64,65,66,67,68)));
#482=IFCINDEXEDPOLYGONALFACE((98,97,96,95,94,93,92,91,90,89,88,87,86,85,105,116,115,114,113,112,111,110,109,108,107,106,84,83,104,103,102,101,100,99));
#483=IFCINDEXEDPOLYGONALFACE((48,2,1,25));
#484=IFCINDEXEDPOLYGONALFACE((47,3,2,48));
#485=IFCINDEXEDPOLYGONALFACE((5,4,46,45));
#486=IFCINDEXEDPOLYGONALFACE((47,46,4,3));
#487=IFCINDEXEDPOLYGONALFACE((6,5,45,44));
#488=IFCINDEXEDPOLYGONALFACE((7,6,44,43));
#489=IFCINDEXEDPOLYGONALFACE((42,8,7,43));
#490=IFCINDEXEDPOLYGONALFACE((41,9,8,42));
#491=IFCINDEXEDPOLYGONALFACE((11,10,40,39));
#492=IFCINDEXEDPOLYGONALFACE((41,40,10,9));
#493=IFCINDEXEDPOLYGONALFACE((12,11,39,38));
#494=IFCINDEXEDPOLYGONALFACE((13,12,38,37));
#495=IFCINDEXEDPOLYGONALFACE((36,14,13,37));
#496=IFCINDEXEDPOLYGONALFACE((49,84,106,50));
#497=IFCINDEXEDPOLYGONALFACE((35,15,14,36));
#498=IFCINDEXEDPOLYGONALFACE((50,106,107,51));
#499=IFCINDEXEDPOLYGONALFACE((17,16,34,33));
#500=IFCINDEXEDPOLYGONALFACE((52,108,109,53));
#501=IFCINDEXEDPOLYGONALFACE((35,34,16,15));
#502=IFCINDEXEDPOLYGONALFACE((51,107,108,52));
#503=IFCINDEXEDPOLYGONALFACE((18,17,33,32));
#504=IFCINDEXEDPOLYGONALFACE((53,109,110,54));
#505=IFCINDEXEDPOLYGONALFACE((19,18,32,31));
#506=IFCINDEXEDPOLYGONALFACE((111,55,54,110));
#507=IFCINDEXEDPOLYGONALFACE((30,20,19,31));
#508=IFCINDEXEDPOLYGONALFACE((112,56,55,111));
#509=IFCINDEXEDPOLYGONALFACE((29,21,20,30));
#510=IFCINDEXEDPOLYGONALFACE((56,112,113,57));
#511=IFCINDEXEDPOLYGONALFACE((23,22,28,27));
#512=IFCINDEXEDPOLYGONALFACE((58,114,115,59));
#513=IFCINDEXEDPOLYGONALFACE((29,28,22,21));
#514=IFCINDEXEDPOLYGONALFACE((57,113,114,58));
#515=IFCINDEXEDPOLYGONALFACE((24,23,27,26));
#516=IFCINDEXEDPOLYGONALFACE((59,115,116,60));
#517=IFCINDEXEDPOLYGONALFACE((1,24,26,25));
#518=IFCINDEXEDPOLYGONALFACE((60,116,105,61));
#519=IFCINDEXEDPOLYGONALFACE((83,84,49,82));
#520=IFCINDEXEDPOLYGONALFACE((78,101,102,79));
#521=IFCINDEXEDPOLYGONALFACE((80,103,104,81));
#522=IFCINDEXEDPOLYGONALFACE((81,104,83,82));
#523=IFCINDEXEDPOLYGONALFACE((103,80,79,102));
#524=IFCINDEXEDPOLYGONALFACE((73,96,97,74));
#525=IFCINDEXEDPOLYGONALFACE((75,98,99,76));
#526=IFCINDEXEDPOLYGONALFACE((76,99,100,77));
#527=IFCINDEXEDPOLYGONALFACE((98,75,74,97));
#528=IFCINDEXEDPOLYGONALFACE((77,100,101,78));
#529=IFCINDEXEDPOLYGONALFACE((72,95,96,73));
#530=IFCINDEXEDPOLYGONALFACE((67,90,91,68));
#531=IFCINDEXEDPOLYGONALFACE((69,92,93,70));
#532=IFCINDEXEDPOLYGONALFACE((70,93,94,71));
#533=IFCINDEXEDPOLYGONALFACE((92,69,68,91));
#534=IFCINDEXEDPOLYGONALFACE((62,85,86,63));
#535=IFCINDEXEDPOLYGONALFACE((64,87,88,65));
#536=IFCINDEXEDPOLYGONALFACE((65,88,89,66));
#537=IFCINDEXEDPOLYGONALFACE((87,64,63,86));
#538=IFCINDEXEDPOLYGONALFACE((66,89,90,67));
#539=IFCINDEXEDPOLYGONALFACE((95,72,71,94));
#540=IFCINDEXEDPOLYGONALFACE((105,85,62,61));
#541=IFCCARTESIANPOINTLIST3D(((0.10749999999996826,0.76000000000192436,1.1700000000000013),(0.10826666890846418,0.76000000000192436,1.1641765714851944),(0.11051442841481832,0.76000000000192436,1.1587500000000013),(0.11409009742327085,0.76000000000192436,1.1540900974233037),(0.11874999999996813,0.76000000000192436,1.1505144284148512),(0.1241765714851614,0.76000000000192436,1.148266668908497),(0.12999999999996814,0.76000000000192447,1.1475000000000011),(0.13582342851477483,0.76000000000192447,1.148266668908497),(0.14124999999996815,0.76000000000192447,1.1505144284148512),(0.14590990257666545,0.76000000000192447,1.1540900974233037),(0.14948557158511805,0.76000000000192458,1.1587500000000008),(0.15173333109147225,0.76000000000192458,1.1641765714851942),(0.15249999999996824,0.76000000000192458,1.170000000000001),(0.15173333109147225,0.76000000000192458,1.1758234285148079),(0.1494855715851181,0.76000000000192458,1.181250000000001),(0.14590990257666558,0.76000000000192447,1.1859099025766984),(0.14124999999996829,0.76000000000192447,1.1894855715851509),(0.13582342851477497,0.76000000000192447,1.191733331091505),(0.12999999999996828,0.76000000000192447,1.1925000000000012),(0.12417657148516154,0.76000000000192436,1.191733331091505),(0.11874999999996827,0.76000000000192436,1.1894855715851511),(0.11409009742327099,0.76000000000192436,1.1859099025766984),(0.11051442841481839,0.76000000000192436,1.181250000000001),(0.10826666890846424,0.76000000000192436,1.1758234285148079),(0.10749999999996819,0.77000000000192437,1.1700000000000013),(0.10826666890846418,0.77000000000192437,1.1758234285148079),(0.11051442841481832,0.77000000000192437,1.181250000000001),(0.11409009742327085,0.77000000000192437,1.1859099025766984),(0.1187499999999682,0.77000000000192437,1.1894855715851511),(0.12417657148516147,0.77000000000192437,1.191733331091505),(0.12999999999996822,0.77000000000192437,1.1925000000000012),(0.13582342851477489,0.77000000000192448,1.191733331091505),(0.14124999999996815,0.77000000000192448,1.1894855715851509),(0.1459099025766655,0.77000000000192448,1.1859099025766984),(0.14948557158511805,0.77000000000192459,1.181250000000001),(0.15173333109147219,0.77000000000192459,1.1758234285148079),(0.15249999999996819,0.77000000000192459,1.170000000000001),(0.15173333109147219,0.77000000000192459,1.1641765714851942),(0.14948557158511797,0.77000000000192459,1.1587500000000008),(0.14590990257666536,0.77000000000192448,1.1540900974233037),(0.1412499999999681,0.77000000000192448,1.1505144284148512),(0.13582342851477475,0.77000000000192448,1.148266668908497),(0.12999999999996809,0.77000000000192437,1.1475000000000011),(0.12417657148516133,0.77000000000192437,1.148266668908497),(0.11874999999996813,0.77000000000192437,1.1505144284148512),(0.11409009742327078,0.77000000000192437,1.1540900974233037),(0.11051442841481826,0.77000000000192437,1.1587500000000013),(0.10826666890846411,0.77000000000192437,1.1641765714851944),(0.12499999999996826,0.77000000000192437,1.158500000000001),(0.12517037086852292,0.77000000000192437,1.1572059047744885),(0.12566987298104609,0.77000000000192437,1.156000000000001),(0.12646446609403558,0.77000000000192437,1.1549644660940683),(0.12749999999996831,0.77000000000192437,1.154169872981079),(0.1287059047744557,0.77000000000192437,1.1536703708685556),(0.12999999999996828,0.77000000000192437,1.1535000000000011),(0.13129409522548086,0.77000000000192448,1.1536703708685556),(0.13249999999996825,0.77000000000192448,1.154169872981079),(0.13353553390590098,0.77000000000192448,1.1549644660940683),(0.13433012701889047,0.77000000000192448,1.1560000000000012),(0.13482962913141364,0.77000000000192448,1.1572059047744885),(0.13499999999996823,0.77000000000192448,1.1585000000000012),(0.13499999999996828,0.77000000000192448,1.1711261364575676),(0.13655207488655055,0.77000000000192448,1.1725851763943222),(0.13769264011331503,0.77000000000192448,1.174384299779224),(0.13835006133288474,0.77000000000192448,1.176410510856744),(0.13848304854367915,0.77000000000192448,1.1785365514001884),(0.13808324935003424,0.77000000000192448,1.1806288932927496),(0.13717577354282073,0.77000000000192448,1.1825561248953149),(0.13581761605374854,0.77000000000192448,1.1841972044867675),(0.13409407733129894,0.77000000000192448,1.1854490624111427),(0.13211340596017732,0.77000000000192448,1.186233074471142),(0.12999999999996809,0.77000000000192437,1.1865000000000012),(0.12788659403975883,0.77000000000192437,1.186233074471142),(0.12590592266863729,0.77000000000192437,1.1854490624111427),(0.12418238394618768,0.77000000000192437,1.1841972044867672),(0.12282422645711556,0.77000000000192437,1.1825561248953147),(0.12191675064990212,0.77000000000192437,1.1806288932927491),(0.1215169514562572,0.77000000000192437,1.1785365514001882),(0.12164993866705169,0.77000000000192437,1.1764105108567438),(0.12230735988662148,0.77000000000192437,1.174384299779224),(0.12344792511338595,0.77000000000192437,1.172585176394322),(0.12499999999996821,0.77000000000192437,1.1711261364575674),(0.12499999999996826,0.76200000000192447,1.1711261364575674),(0.12499999999996833,0.76200000000192447,1.1585000000000012),(0.13499999999996851,0.76200000000192447,1.1711261364575676),(0.13655207488655069,0.76200000000192447,1.1725851763943222),(0.13769264011331517,0.76200000000192447,1.174384299779224),(0.1383500613328848,0.76200000000192447,1.176410510856744),(0.13848304854367924,0.76200000000192447,1.1785365514001884),(0.13808324935003424,0.76200000000192447,1.1806288932927496),(0.13717577354282073,0.76200000000192447,1.1825561248953149),(0.13581761605374862,0.76200000000192447,1.1841972044867675),(0.13409407733129894,0.76200000000192447,1.1854490624111427),(0.1321134059601774,0.76200000000192447,1.186233074471142),(0.12999999999996809,0.76200000000192447,1.186500000000001),(0.12788659403975883,0.76200000000192447,1.1862330744711418),(0.12590592266863729,0.76200000000192447,1.1854490624111427),(0.12418238394618768,0.76200000000192447,1.1841972044867672),(0.12282422645711563,0.76200000000192447,1.1825561248953147),(0.12191675064990218,0.76200000000192447,1.1806288932927491),(0.12151695145625727,0.76200000000192447,1.1785365514001882),(0.12164993866705182,0.76200000000192447,1.1764105108567438),(0.12230735988662153,0.76200000000192447,1.1743842997792238),(0.12344792511338602,0.76200000000192447,1.172585176394322),(0.13499999999996837,0.76200000000192447,1.1585000000000012),(0.12517037086852301,0.76200000000192447,1.1572059047744885),(0.12566987298104615,0.76200000000192447,1.156000000000001),(0.12646446609403564,0.76200000000192447,1.1549644660940683),(0.12749999999996844,0.76200000000192447,1.154169872981079),(0.12870590477445584,0.76200000000192447,1.1536703708685556),(0.12999999999996842,0.76200000000192447,1.1535000000000011),(0.13129409522548099,0.76200000000192447,1.1536703708685558),(0.13249999999996839,0.76200000000192447,1.154169872981079),(0.13353553390590112,0.76200000000192447,1.1549644660940683),(0.13433012701889055,0.76200000000192447,1.1560000000000012),(0.13482962913141369,0.76200000000192447,1.1572059047744885)));
#542=IFCPOLYGONALFACESET(#541,.T.,(#480,#481,#482,#483,#484,#485,#486,#487,#488,#489,#490,#491,#492,#493,#494,#495,#496,#497,#498,#499,#500,#501,#502,#503,#504,#505,#506,#507,#508,#509,#510,#511,#512,#513,#514,#515,#516,#517,#518,#519,#520,#521,#522,#523,#524,#525,#526,#527,#528,#529,#530,#531,#532,#533,#534,#535,#536,#537,#538,#539,#540),$);
#543=IFCINDEXEDCOLOURMAP(#542,1.,#479,(1,1,1,1,1,1,1,1,1,1,1,1,1,1,1,1,1,1,1,1,1,1,1,1,1,1,1,1,1,1,1,1,1,1,1,1,1,1,1,1,1,1,1,1,1,1,1,1,1,1,1,1,1,1,1,1,1,1,1,1,1));
#544=IFCSTYLEDITEM(#542,(#477),$);
#545=IFCCOLOURRGBLIST(((0.31372549019607843,0.31372549019607843,0.31372549019607843)));
#546=IFCINDEXEDPOLYGONALFACE((16,5,6));
#547=IFCINDEXEDPOLYGONALFACE((12,14,16));
#548=IFCINDEXEDPOLYGONALFACE((4,10,15));
#549=IFCINDEXEDPOLYGONALFACE((14,8,9));
#550=IFCINDEXEDPOLYGONALFACE((16,1,1320,12));
#551=IFCINDEXEDPOLYGONALFACE((11,13,7));
#552=IFCINDEXEDPOLYGONALFACE((173,178,177));
#553=IFCINDEXEDPOLYGONALFACE((14,7,13));
#554=IFCINDEXEDPOLYGONALFACE((13,11,15));
#555=IFCINDEXEDPOLYGONALFACE((2,3,15));
#556=IFCINDEXEDPOLYGONALFACE((15,10,13));
#557=IFCINDEXEDPOLYGONALFACE((10,8,13));
#558=IFCINDEXEDPOLYGONALFACE((172,176,178));
#559=IFCINDEXEDPOLYGONALFACE((14,13,8));
#560=IFCINDEXEDPOLYGONALFACE((16,14,9));
#561=IFCINDEXEDPOLYGONALFACE((14,12,1319,7));
#562=IFCINDEXEDPOLYGONALFACE((15,11,1323,2));
#563=IFCINDEXEDPOLYGONALFACE((15,3,4));
#564=IFCINDEXEDPOLYGONALFACE((5,16,9));
#565=IFCINDEXEDPOLYGONALFACE((1,16,6));
#566=IFCINDEXEDPOLYGONALFACE((45,30,39));
#567=IFCINDEXEDPOLYGONALFACE((92,77,86));
#568=IFCINDEXEDPOLYGONALFACE((138,123,132));
#569=IFCINDEXEDPOLYGONALFACE((1485,1309,1409));
#570=IFCINDEXEDPOLYGONALFACE((50,23,53));
#571=IFCINDEXEDPOLYGONALFACE((97,70,100));
#572=IFCINDEXEDPOLYGONALFACE((143,116,146));
#573=IFCINDEXEDPOLYGONALFACE((1489,1286,1492));
#574=IFCINDEXEDPOLYGONALFACE((52,54,53));
#575=IFCINDEXEDPOLYGONALFACE((99,101,100));
#576=IFCINDEXEDPOLYGONALFACE((145,147,146));
#577=IFCINDEXEDPOLYGONALFACE((1491,1493,1492));
#578=IFCINDEXEDPOLYGONALFACE((49,48,50));
#579=IFCINDEXEDPOLYGONALFACE((96,95,97));
#580=IFCINDEXEDPOLYGONALFACE((142,141,143));
#581=IFCINDEXEDPOLYGONALFACE((1488,1418,1489));
#582=IFCINDEXEDPOLYGONALFACE((40,42,22));
#583=IFCINDEXEDPOLYGONALFACE((87,89,69));
#584=IFCINDEXEDPOLYGONALFACE((133,135,115));
#585=IFCINDEXEDPOLYGONALFACE((1481,1483,1468));
#586=IFCINDEXEDPOLYGONALFACE((38,47,37));
#587=IFCINDEXEDPOLYGONALFACE((85,94,84));
#588=IFCINDEXEDPOLYGONALFACE((131,140,130));
#589=IFCINDEXEDPOLYGONALFACE((1480,1487,1479));
#590=IFCINDEXEDPOLYGONALFACE((1,18,59));
#591=IFCINDEXEDPOLYGONALFACE((63,64,106));
#592=IFCINDEXEDPOLYGONALFACE((68,110,152));
#593=IFCINDEXEDPOLYGONALFACE((17,698,1498));
#594=IFCINDEXEDPOLYGONALFACE((36,57,59));
#595=IFCINDEXEDPOLYGONALFACE((83,104,106));
#596=IFCINDEXEDPOLYGONALFACE((129,150,152));
#597=IFCINDEXEDPOLYGONALFACE((1478,1496,1498));
#598=IFCINDEXEDPOLYGONALFACE((57,34,59));
#599=IFCINDEXEDPOLYGONALFACE((150,127,152));
#600=IFCINDEXEDPOLYGONALFACE((1496,1476,1498));
#601=IFCINDEXEDPOLYGONALFACE((36,59,19));
#602=IFCINDEXEDPOLYGONALFACE((83,106,65));
#603=IFCINDEXEDPOLYGONALFACE((129,152,111));
#604=IFCINDEXEDPOLYGONALFACE((1478,1498,405));
#605=IFCINDEXEDPOLYGONALFACE((25,41,39));
#606=IFCINDEXEDPOLYGONALFACE((72,88,86));
#607=IFCINDEXEDPOLYGONALFACE((118,134,132));
#608=IFCINDEXEDPOLYGONALFACE((1290,1482,1409));
#609=IFCINDEXEDPOLYGONALFACE((31,49,43));
#610=IFCINDEXEDPOLYGONALFACE((78,96,90));
#611=IFCINDEXEDPOLYGONALFACE((124,142,136));
#612=IFCINDEXEDPOLYGONALFACE((1332,1488,1484));
#613=IFCINDEXEDPOLYGONALFACE((46,21,47));
#614=IFCINDEXEDPOLYGONALFACE((1486,1467,1487));
#615=IFCINDEXEDPOLYGONALFACE((42,43,22));
#616=IFCINDEXEDPOLYGONALFACE((89,90,69));
#617=IFCINDEXEDPOLYGONALFACE((135,136,115));
#618=IFCINDEXEDPOLYGONALFACE((1483,1484,1468));
#619=IFCINDEXEDPOLYGONALFACE((24,61,60));
#620=IFCINDEXEDPOLYGONALFACE((71,108,107));
#621=IFCINDEXEDPOLYGONALFACE((117,154,153));
#622=IFCINDEXEDPOLYGONALFACE((1469,1500,1499));
#623=IFCINDEXEDPOLYGONALFACE((58,33,57));
#624=IFCINDEXEDPOLYGONALFACE((105,80,104));
#625=IFCINDEXEDPOLYGONALFACE((151,126,150));
#626=IFCINDEXEDPOLYGONALFACE((1497,1475,1496));
#627=IFCINDEXEDPOLYGONALFACE((57,36,32));
#628=IFCINDEXEDPOLYGONALFACE((104,83,79));
#629=IFCINDEXEDPOLYGONALFACE((150,129,125));
#630=IFCINDEXEDPOLYGONALFACE((1496,1478,1474));
#631=IFCINDEXEDPOLYGONALFACE((37,30,38));
#632=IFCINDEXEDPOLYGONALFACE((84,77,85));
#633=IFCINDEXEDPOLYGONALFACE((130,123,131));
#634=IFCINDEXEDPOLYGONALFACE((1479,1309,1480));
#635=IFCINDEXEDPOLYGONALFACE((35,46,38,28));
#636=IFCINDEXEDPOLYGONALFACE((82,93,85,75));
#637=IFCINDEXEDPOLYGONALFACE((128,139,131,121));
#638=IFCINDEXEDPOLYGONALFACE((1477,1486,1480,1472));
#639=IFCINDEXEDPOLYGONALFACE((46,47,38));
#640=IFCINDEXEDPOLYGONALFACE((1486,1487,1480));
#641=IFCINDEXEDPOLYGONALFACE((40,41,42));
#642=IFCINDEXEDPOLYGONALFACE((87,88,89));
#643=IFCINDEXEDPOLYGONALFACE((133,134,135));
#644=IFCINDEXEDPOLYGONALFACE((1481,1482,1483));
#645=IFCINDEXEDPOLYGONALFACE((39,41,45));
#646=IFCINDEXEDPOLYGONALFACE((86,88,92));
#647=IFCINDEXEDPOLYGONALFACE((132,134,138));
#648=IFCINDEXEDPOLYGONALFACE((1409,1482,1485));
#649=IFCINDEXEDPOLYGONALFACE((41,25,42));
#650=IFCINDEXEDPOLYGONALFACE((88,72,89));
#651=IFCINDEXEDPOLYGONALFACE((134,118,135));
#652=IFCINDEXEDPOLYGONALFACE((1482,1290,1483));
#653=IFCINDEXEDPOLYGONALFACE((28,38,45));
#654=IFCINDEXEDPOLYGONALFACE((75,85,92));
#655=IFCINDEXEDPOLYGONALFACE((121,131,138));
#656=IFCINDEXEDPOLYGONALFACE((1472,1480,1485));
#657=IFCINDEXEDPOLYGONALFACE((28,41,40));
#658=IFCINDEXEDPOLYGONALFACE((75,88,87));
#659=IFCINDEXEDPOLYGONALFACE((121,134,133));
#660=IFCINDEXEDPOLYGONALFACE((1472,1482,1481));
#661=IFCINDEXEDPOLYGONALFACE((43,44,31));
#662=IFCINDEXEDPOLYGONALFACE((90,91,78));
#663=IFCINDEXEDPOLYGONALFACE((136,137,124));
#664=IFCINDEXEDPOLYGONALFACE((1484,1414,1332));
#665=IFCINDEXEDPOLYGONALFACE((44,43,42));
#666=IFCINDEXEDPOLYGONALFACE((137,136,135));
#667=IFCINDEXEDPOLYGONALFACE((1414,1484,1483));
#668=IFCINDEXEDPOLYGONALFACE((50,29,49));
#669=IFCINDEXEDPOLYGONALFACE((97,76,96));
#670=IFCINDEXEDPOLYGONALFACE((143,122,142));
#671=IFCINDEXEDPOLYGONALFACE((1489,1473,1488));
#672=IFCINDEXEDPOLYGONALFACE((29,22,43));
#673=IFCINDEXEDPOLYGONALFACE((76,69,90));
#674=IFCINDEXEDPOLYGONALFACE((122,115,136));
#675=IFCINDEXEDPOLYGONALFACE((1473,1468,1484));
#676=IFCINDEXEDPOLYGONALFACE((42,25,44));
#677=IFCINDEXEDPOLYGONALFACE((89,72,91));
#678=IFCINDEXEDPOLYGONALFACE((135,118,137));
#679=IFCINDEXEDPOLYGONALFACE((1483,1290,1414));
#680=IFCINDEXEDPOLYGONALFACE((28,45,41));
#681=IFCINDEXEDPOLYGONALFACE((75,92,88));
#682=IFCINDEXEDPOLYGONALFACE((121,138,134));
#683=IFCINDEXEDPOLYGONALFACE((1472,1485,1482));
#684=IFCINDEXEDPOLYGONALFACE((30,45,38));
#685=IFCINDEXEDPOLYGONALFACE((77,92,85));
#686=IFCINDEXEDPOLYGONALFACE((123,138,131));
#687=IFCINDEXEDPOLYGONALFACE((1309,1485,1480));
#688=IFCINDEXEDPOLYGONALFACE((21,46,20));
#689=IFCINDEXEDPOLYGONALFACE((67,93,66));
#690=IFCINDEXEDPOLYGONALFACE((113,139,112));
#691=IFCINDEXEDPOLYGONALFACE((1467,1486,408));
#692=IFCINDEXEDPOLYGONALFACE((47,17,1437,37));
#693=IFCINDEXEDPOLYGONALFACE((94,68,1381,84));
#694=IFCINDEXEDPOLYGONALFACE((140,114,1363,130));
#695=IFCINDEXEDPOLYGONALFACE((1487,63,1408,1479));
#696=IFCINDEXEDPOLYGONALFACE((17,47,21));
#697=IFCINDEXEDPOLYGONALFACE((68,94,67));
#698=IFCINDEXEDPOLYGONALFACE((114,140,113));
#699=IFCINDEXEDPOLYGONALFACE((63,1487,1467));
#700=IFCINDEXEDPOLYGONALFACE((50,27,29));
#701=IFCINDEXEDPOLYGONALFACE((97,74,76));
#702=IFCINDEXEDPOLYGONALFACE((143,120,122));
#703=IFCINDEXEDPOLYGONALFACE((1489,1471,1473));
#704=IFCINDEXEDPOLYGONALFACE((49,31,48));
#705=IFCINDEXEDPOLYGONALFACE((96,78,95));
#706=IFCINDEXEDPOLYGONALFACE((142,124,141));
#707=IFCINDEXEDPOLYGONALFACE((1488,1332,1418));
#708=IFCINDEXEDPOLYGONALFACE((43,49,29));
#709=IFCINDEXEDPOLYGONALFACE((90,96,76));
#710=IFCINDEXEDPOLYGONALFACE((136,142,122));
#711=IFCINDEXEDPOLYGONALFACE((1484,1488,1473));
#712=IFCINDEXEDPOLYGONALFACE((48,23,50));
#713=IFCINDEXEDPOLYGONALFACE((95,70,97));
#714=IFCINDEXEDPOLYGONALFACE((141,116,143));
#715=IFCINDEXEDPOLYGONALFACE((1418,1286,1489));
#716=IFCINDEXEDPOLYGONALFACE((54,60,26));
#717=IFCINDEXEDPOLYGONALFACE((101,107,73));
#718=IFCINDEXEDPOLYGONALFACE((147,153,119));
#719=IFCINDEXEDPOLYGONALFACE((1493,1499,1470));
#720=IFCINDEXEDPOLYGONALFACE((54,51,53));
#721=IFCINDEXEDPOLYGONALFACE((101,98,100));
#722=IFCINDEXEDPOLYGONALFACE((147,144,146));
#723=IFCINDEXEDPOLYGONALFACE((1493,1490,1492));
#724=IFCINDEXEDPOLYGONALFACE((50,53,27));
#725=IFCINDEXEDPOLYGONALFACE((97,100,74));
#726=IFCINDEXEDPOLYGONALFACE((143,146,120));
#727=IFCINDEXEDPOLYGONALFACE((1489,1492,1471));
#728=IFCINDEXEDPOLYGONALFACE((53,23,1449,52));
#729=IFCINDEXEDPOLYGONALFACE((100,70,1393,99));
#730=IFCINDEXEDPOLYGONALFACE((146,116,1344,145));
#731=IFCINDEXEDPOLYGONALFACE((1492,1286,1423,1491));
#732=IFCINDEXEDPOLYGONALFACE((27,53,51));
#733=IFCINDEXEDPOLYGONALFACE((74,100,98));
#734=IFCINDEXEDPOLYGONALFACE((120,146,144));
#735=IFCINDEXEDPOLYGONALFACE((1471,1492,1490));
#736=IFCINDEXEDPOLYGONALFACE((60,52,1291,24));
#737=IFCINDEXEDPOLYGONALFACE((107,99,1292,71));
#738=IFCINDEXEDPOLYGONALFACE((153,145,1312,117));
#739=IFCINDEXEDPOLYGONALFACE((1499,1491,1313,1469));
#740=IFCINDEXEDPOLYGONALFACE((26,51,54));
#741=IFCINDEXEDPOLYGONALFACE((73,98,101));
#742=IFCINDEXEDPOLYGONALFACE((119,144,147));
#743=IFCINDEXEDPOLYGONALFACE((1470,1490,1493));
#744=IFCINDEXEDPOLYGONALFACE((61,56,62));
#745=IFCINDEXEDPOLYGONALFACE((154,149,155));
#746=IFCINDEXEDPOLYGONALFACE((1500,1495,1501));
#747=IFCINDEXEDPOLYGONALFACE((60,61,26));
#748=IFCINDEXEDPOLYGONALFACE((107,108,73));
#749=IFCINDEXEDPOLYGONALFACE((153,154,119));
#750=IFCINDEXEDPOLYGONALFACE((1499,1500,1470));
#751=IFCINDEXEDPOLYGONALFACE((58,57,32));
#752=IFCINDEXEDPOLYGONALFACE((57,33,1310,34));
#753=IFCINDEXEDPOLYGONALFACE((104,80,1331,81));
#754=IFCINDEXEDPOLYGONALFACE((150,126,1328,127));
#755=IFCINDEXEDPOLYGONALFACE((1496,1475,1317,1476));
#756=IFCINDEXEDPOLYGONALFACE((55,58,32));
#757=IFCINDEXEDPOLYGONALFACE((102,105,79));
#758=IFCINDEXEDPOLYGONALFACE((148,151,125));
#759=IFCINDEXEDPOLYGONALFACE((1494,1497,1474));
#760=IFCINDEXEDPOLYGONALFACE((58,56,1287,1456,33));
#761=IFCINDEXEDPOLYGONALFACE((105,103,1289,1399,80));
#762=IFCINDEXEDPOLYGONALFACE((151,149,1288,1329,126));
#763=IFCINDEXEDPOLYGONALFACE((1497,1495,1311,1430,1475));
#764=IFCINDEXEDPOLYGONALFACE((59,34,1459,1));
#765=IFCINDEXEDPOLYGONALFACE((106,81,1403,63));
#766=IFCINDEXEDPOLYGONALFACE((152,127,1376,68));
#767=IFCINDEXEDPOLYGONALFACE((1498,1476,1432,17));
#768=IFCINDEXEDPOLYGONALFACE((19,59,18));
#769=IFCINDEXEDPOLYGONALFACE((65,106,64));
#770=IFCINDEXEDPOLYGONALFACE((111,152,110));
#771=IFCINDEXEDPOLYGONALFACE((405,1498,698));
#772=IFCINDEXEDPOLYGONALFACE((52,60,54));
#773=IFCINDEXEDPOLYGONALFACE((99,107,101));
#774=IFCINDEXEDPOLYGONALFACE((145,153,147));
#775=IFCINDEXEDPOLYGONALFACE((1491,1499,1493));
#776=IFCINDEXEDPOLYGONALFACE((61,24,1451,56));
#777=IFCINDEXEDPOLYGONALFACE((108,71,1394,103));
#778=IFCINDEXEDPOLYGONALFACE((154,117,1340,149));
#779=IFCINDEXEDPOLYGONALFACE((1500,1469,1424,1495));
#780=IFCINDEXEDPOLYGONALFACE((62,56,58));
#781=IFCINDEXEDPOLYGONALFACE((109,103,105));
#782=IFCINDEXEDPOLYGONALFACE((155,149,151));
#783=IFCINDEXEDPOLYGONALFACE((1501,1495,1497));
#784=IFCINDEXEDPOLYGONALFACE((26,61,55));
#785=IFCINDEXEDPOLYGONALFACE((73,108,102));
#786=IFCINDEXEDPOLYGONALFACE((119,154,148));
#787=IFCINDEXEDPOLYGONALFACE((1470,1500,1494));
#788=IFCINDEXEDPOLYGONALFACE((58,55,62));
#789=IFCINDEXEDPOLYGONALFACE((105,102,109));
#790=IFCINDEXEDPOLYGONALFACE((151,148,155));
#791=IFCINDEXEDPOLYGONALFACE((1497,1494,1501));
#792=IFCINDEXEDPOLYGONALFACE((55,61,62));
#793=IFCINDEXEDPOLYGONALFACE((102,108,109));
#794=IFCINDEXEDPOLYGONALFACE((148,154,155));
#795=IFCINDEXEDPOLYGONALFACE((1494,1500,1501));
#796=IFCINDEXEDPOLYGONALFACE((104,81,106));
#797=IFCINDEXEDPOLYGONALFACE((93,67,94));
#798=IFCINDEXEDPOLYGONALFACE((93,94,85));
#799=IFCINDEXEDPOLYGONALFACE((139,140,131));
#800=IFCINDEXEDPOLYGONALFACE((91,90,89));
#801=IFCINDEXEDPOLYGONALFACE((108,103,109));
#802=IFCINDEXEDPOLYGONALFACE((105,104,79));
#803=IFCINDEXEDPOLYGONALFACE((151,150,125));
#804=IFCINDEXEDPOLYGONALFACE((1497,1496,1474));
#805=IFCINDEXEDPOLYGONALFACE((139,113,140));
#806=IFCINDEXEDPOLYGONALFACE((198,173,179));
#807=IFCINDEXEDPOLYGONALFACE((187,185,171));
#808=IFCINDEXEDPOLYGONALFACE((200,175,1367,114));
#809=IFCINDEXEDPOLYGONALFACE((184,178,176));
#810=IFCINDEXEDPOLYGONALFACE((197,164,199));
#811=IFCINDEXEDPOLYGONALFACE((200,114,159));
#812=IFCINDEXEDPOLYGONALFACE((193,194,161));
#813=IFCINDEXEDPOLYGONALFACE((189,188,162));
#814=IFCINDEXEDPOLYGONALFACE((169,189,191));
#815=IFCINDEXEDPOLYGONALFACE((196,161,194));
#816=IFCINDEXEDPOLYGONALFACE((199,167,197));
#817=IFCINDEXEDPOLYGONALFACE((168,196,197));
#818=IFCINDEXEDPOLYGONALFACE((162,191,189));
#819=IFCINDEXEDPOLYGONALFACE((182,183,185));
#820=IFCINDEXEDPOLYGONALFACE((179,170,181));
#821=IFCINDEXEDPOLYGONALFACE((179,181,198));
#822=IFCINDEXEDPOLYGONALFACE((160,174,200));
#823=IFCINDEXEDPOLYGONALFACE((175,200,201));
#824=IFCINDEXEDPOLYGONALFACE((158,177,184));
#825=IFCINDEXEDPOLYGONALFACE((156,157,184));
#826=IFCINDEXEDPOLYGONALFACE((178,184,177));
#827=IFCINDEXEDPOLYGONALFACE((182,181,170));
#828=IFCINDEXEDPOLYGONALFACE((182,180,181));
#829=IFCINDEXEDPOLYGONALFACE((181,172,198));
#830=IFCINDEXEDPOLYGONALFACE((172,181,180));
#831=IFCINDEXEDPOLYGONALFACE((183,171,185));
#832=IFCINDEXEDPOLYGONALFACE((166,180,182));
#833=IFCINDEXEDPOLYGONALFACE((182,170,183));
#834=IFCINDEXEDPOLYGONALFACE((156,184,176));
#835=IFCINDEXEDPOLYGONALFACE((184,157,158));
#836=IFCINDEXEDPOLYGONALFACE((187,189,186));
#837=IFCINDEXEDPOLYGONALFACE((182,185,166));
#838=IFCINDEXEDPOLYGONALFACE((187,186,185));
#839=IFCINDEXEDPOLYGONALFACE((186,166,185));
#840=IFCINDEXEDPOLYGONALFACE((189,187,188));
#841=IFCINDEXEDPOLYGONALFACE((187,171,188));
#842=IFCINDEXEDPOLYGONALFACE((193,191,192));
#843=IFCINDEXEDPOLYGONALFACE((189,169,186));
#844=IFCINDEXEDPOLYGONALFACE((161,190,193));
#845=IFCINDEXEDPOLYGONALFACE((192,165,193));
#846=IFCINDEXEDPOLYGONALFACE((190,169,191));
#847=IFCINDEXEDPOLYGONALFACE((191,162,192));
#848=IFCINDEXEDPOLYGONALFACE((193,165,194));
#849=IFCINDEXEDPOLYGONALFACE((191,193,190));
#850=IFCINDEXEDPOLYGONALFACE((196,195,163));
#851=IFCINDEXEDPOLYGONALFACE((196,194,195));
#852=IFCINDEXEDPOLYGONALFACE((194,165,195));
#853=IFCINDEXEDPOLYGONALFACE((197,196,163));
#854=IFCINDEXEDPOLYGONALFACE((196,168,161));
#855=IFCINDEXEDPOLYGONALFACE((197,163,1372,164));
#856=IFCINDEXEDPOLYGONALFACE((168,197,167));
#857=IFCINDEXEDPOLYGONALFACE((172,178,198));
#858=IFCINDEXEDPOLYGONALFACE((173,198,178));
#859=IFCINDEXEDPOLYGONALFACE((201,164,1325,175));
#860=IFCINDEXEDPOLYGONALFACE((174,167,199));
#861=IFCINDEXEDPOLYGONALFACE((160,200,159));
#862=IFCINDEXEDPOLYGONALFACE((201,174,199));
#863=IFCINDEXEDPOLYGONALFACE((174,201,200));
#864=IFCINDEXEDPOLYGONALFACE((164,201,199));
#865=IFCINDEXEDPOLYGONALFACE((231,216,225));
#866=IFCINDEXEDPOLYGONALFACE((322,307,316));
#867=IFCINDEXEDPOLYGONALFACE((1116,936,1094));
#868=IFCINDEXEDPOLYGONALFACE((236,209,239));
#869=IFCINDEXEDPOLYGONALFACE((327,300,330));
#870=IFCINDEXEDPOLYGONALFACE((1120,931,1123));
#871=IFCINDEXEDPOLYGONALFACE((238,240,239));
#872=IFCINDEXEDPOLYGONALFACE((329,331,330));
#873=IFCINDEXEDPOLYGONALFACE((1122,1124,1123));
#874=IFCINDEXEDPOLYGONALFACE((235,234,236));
#875=IFCINDEXEDPOLYGONALFACE((326,325,327));
#876=IFCINDEXEDPOLYGONALFACE((1119,1045,1120));
#877=IFCINDEXEDPOLYGONALFACE((226,228,208));
#878=IFCINDEXEDPOLYGONALFACE((317,319,299));
#879=IFCINDEXEDPOLYGONALFACE((1112,1114,1099));
#880=IFCINDEXEDPOLYGONALFACE((224,233,223));
#881=IFCINDEXEDPOLYGONALFACE((315,324,314));
#882=IFCINDEXEDPOLYGONALFACE((1111,1118,1110));
#883=IFCINDEXEDPOLYGONALFACE((205,206,245));
#884=IFCINDEXEDPOLYGONALFACE((296,297,336));
#885=IFCINDEXEDPOLYGONALFACE((204,1098,1129));
#886=IFCINDEXEDPOLYGONALFACE((222,243,245));
#887=IFCINDEXEDPOLYGONALFACE((313,334,336));
#888=IFCINDEXEDPOLYGONALFACE((1109,1127,1129));
#889=IFCINDEXEDPOLYGONALFACE((243,220,245));
#890=IFCINDEXEDPOLYGONALFACE((334,311,336));
#891=IFCINDEXEDPOLYGONALFACE((1127,1107,1129));
#892=IFCINDEXEDPOLYGONALFACE((222,245,207));
#893=IFCINDEXEDPOLYGONALFACE((313,336,298));
#894=IFCINDEXEDPOLYGONALFACE((1109,1129,393));
#895=IFCINDEXEDPOLYGONALFACE((211,227,225));
#896=IFCINDEXEDPOLYGONALFACE((302,318,316));
#897=IFCINDEXEDPOLYGONALFACE((932,1113,1094));
#898=IFCINDEXEDPOLYGONALFACE((217,235,229));
#899=IFCINDEXEDPOLYGONALFACE((308,326,320));
#900=IFCINDEXEDPOLYGONALFACE((952,1119,1115));
#901=IFCINDEXEDPOLYGONALFACE((232,203,233));
#902=IFCINDEXEDPOLYGONALFACE((323,294,324));
#903=IFCINDEXEDPOLYGONALFACE((1117,1097,1118));
#904=IFCINDEXEDPOLYGONALFACE((228,229,208));
#905=IFCINDEXEDPOLYGONALFACE((319,320,299));
#906=IFCINDEXEDPOLYGONALFACE((1114,1115,1099));
#907=IFCINDEXEDPOLYGONALFACE((210,247,246));
#908=IFCINDEXEDPOLYGONALFACE((301,338,337));
#909=IFCINDEXEDPOLYGONALFACE((1100,1131,1130));
#910=IFCINDEXEDPOLYGONALFACE((244,219,243));
#911=IFCINDEXEDPOLYGONALFACE((335,310,334));
#912=IFCINDEXEDPOLYGONALFACE((1128,1106,1127));
#913=IFCINDEXEDPOLYGONALFACE((243,222,218));
#914=IFCINDEXEDPOLYGONALFACE((334,313,309));
#915=IFCINDEXEDPOLYGONALFACE((1127,1109,1105));
#916=IFCINDEXEDPOLYGONALFACE((223,216,224));
#917=IFCINDEXEDPOLYGONALFACE((314,307,315));
#918=IFCINDEXEDPOLYGONALFACE((1110,936,1111));
#919=IFCINDEXEDPOLYGONALFACE((221,232,224,214));
#920=IFCINDEXEDPOLYGONALFACE((312,323,315,305));
#921=IFCINDEXEDPOLYGONALFACE((1108,1117,1111,1103));
#922=IFCINDEXEDPOLYGONALFACE((232,233,224));
#923=IFCINDEXEDPOLYGONALFACE((323,324,315));
#924=IFCINDEXEDPOLYGONALFACE((1117,1118,1111));
#925=IFCINDEXEDPOLYGONALFACE((226,227,228));
#926=IFCINDEXEDPOLYGONALFACE((317,318,319));
#927=IFCINDEXEDPOLYGONALFACE((1112,1113,1114));
#928=IFCINDEXEDPOLYGONALFACE((225,227,231));
#929=IFCINDEXEDPOLYGONALFACE((316,318,322));
#930=IFCINDEXEDPOLYGONALFACE((1094,1113,1116));
#931=IFCINDEXEDPOLYGONALFACE((227,211,228));
#932=IFCINDEXEDPOLYGONALFACE((318,302,319));
#933=IFCINDEXEDPOLYGONALFACE((1113,932,1114));
#934=IFCINDEXEDPOLYGONALFACE((214,224,231));
#935=IFCINDEXEDPOLYGONALFACE((305,315,322));
#936=IFCINDEXEDPOLYGONALFACE((1103,1111,1116));
#937=IFCINDEXEDPOLYGONALFACE((214,227,226));
#938=IFCINDEXEDPOLYGONALFACE((305,318,317));
#939=IFCINDEXEDPOLYGONALFACE((1103,1113,1112));
#940=IFCINDEXEDPOLYGONALFACE((229,230,217));
#941=IFCINDEXEDPOLYGONALFACE((320,321,308));
#942=IFCINDEXEDPOLYGONALFACE((1115,1096,952));
#943=IFCINDEXEDPOLYGONALFACE((230,229,228));
#944=IFCINDEXEDPOLYGONALFACE((321,320,319));
#945=IFCINDEXEDPOLYGONALFACE((1096,1115,1114));
#946=IFCINDEXEDPOLYGONALFACE((236,215,235));
#947=IFCINDEXEDPOLYGONALFACE((327,306,326));
#948=IFCINDEXEDPOLYGONALFACE((1120,1104,1119));
#949=IFCINDEXEDPOLYGONALFACE((215,208,229));
#950=IFCINDEXEDPOLYGONALFACE((306,299,320));
#951=IFCINDEXEDPOLYGONALFACE((1104,1099,1115));
#952=IFCINDEXEDPOLYGONALFACE((228,211,230));
#953=IFCINDEXEDPOLYGONALFACE((319,302,321));
#954=IFCINDEXEDPOLYGONALFACE((1114,932,1096));
#955=IFCINDEXEDPOLYGONALFACE((214,231,227));
#956=IFCINDEXEDPOLYGONALFACE((305,322,318));
#957=IFCINDEXEDPOLYGONALFACE((1103,1116,1113));
#958=IFCINDEXEDPOLYGONALFACE((216,231,224));
#959=IFCINDEXEDPOLYGONALFACE((307,322,315));
#960=IFCINDEXEDPOLYGONALFACE((936,1116,1111));
#961=IFCINDEXEDPOLYGONALFACE((203,232,202));
#962=IFCINDEXEDPOLYGONALFACE((252,253,266));
#963=IFCINDEXEDPOLYGONALFACE((294,323,293));
#964=IFCINDEXEDPOLYGONALFACE((1097,1117,392));
#965=IFCINDEXEDPOLYGONALFACE((233,204,1027,223));
#966=IFCINDEXEDPOLYGONALFACE((324,295,1060,314));
#967=IFCINDEXEDPOLYGONALFACE((1118,296,1089,1110));
#968=IFCINDEXEDPOLYGONALFACE((204,233,203));
#969=IFCINDEXEDPOLYGONALFACE((295,324,294));
#970=IFCINDEXEDPOLYGONALFACE((296,1118,1097));
#971=IFCINDEXEDPOLYGONALFACE((236,213,215));
#972=IFCINDEXEDPOLYGONALFACE((327,304,306));
#973=IFCINDEXEDPOLYGONALFACE((1120,1102,1104));
#974=IFCINDEXEDPOLYGONALFACE((235,217,234));
#975=IFCINDEXEDPOLYGONALFACE((326,308,325));
#976=IFCINDEXEDPOLYGONALFACE((1119,952,1045));
#977=IFCINDEXEDPOLYGONALFACE((229,235,215));
#978=IFCINDEXEDPOLYGONALFACE((320,326,306));
#979=IFCINDEXEDPOLYGONALFACE((1115,1119,1104));
#980=IFCINDEXEDPOLYGONALFACE((234,209,236));
#981=IFCINDEXEDPOLYGONALFACE((325,300,327));
#982=IFCINDEXEDPOLYGONALFACE((1045,931,1120));
#983=IFCINDEXEDPOLYGONALFACE((240,246,212));
#984=IFCINDEXEDPOLYGONALFACE((331,337,303));
#985=IFCINDEXEDPOLYGONALFACE((1124,1130,1101));
#986=IFCINDEXEDPOLYGONALFACE((240,237,239));
#987=IFCINDEXEDPOLYGONALFACE((331,328,330));
#988=IFCINDEXEDPOLYGONALFACE((1124,1121,1123));
#989=IFCINDEXEDPOLYGONALFACE((236,239,213));
#990=IFCINDEXEDPOLYGONALFACE((327,330,304));
#991=IFCINDEXEDPOLYGONALFACE((1120,1123,1102));
#992=IFCINDEXEDPOLYGONALFACE((239,209,996,238));
#993=IFCINDEXEDPOLYGONALFACE((330,300,1076,329));
#994=IFCINDEXEDPOLYGONALFACE((1123,931,1043,1122));
#995=IFCINDEXEDPOLYGONALFACE((213,239,237));
#996=IFCINDEXEDPOLYGONALFACE((304,330,328));
#997=IFCINDEXEDPOLYGONALFACE((1102,1123,1121));
#998=IFCINDEXEDPOLYGONALFACE((246,238,953,210));
#999=IFCINDEXEDPOLYGONALFACE((337,329,969,301));
#1000=IFCINDEXEDPOLYGONALFACE((1130,1122,962,1100));
#1001=IFCINDEXEDPOLYGONALFACE((212,237,240));
#1002=IFCINDEXEDPOLYGONALFACE((303,328,331));
#1003=IFCINDEXEDPOLYGONALFACE((1101,1121,1124));
#1004=IFCINDEXEDPOLYGONALFACE((247,242,248));
#1005=IFCINDEXEDPOLYGONALFACE((338,333,339));
#1006=IFCINDEXEDPOLYGONALFACE((1131,1126,1132));
#1007=IFCINDEXEDPOLYGONALFACE((246,247,212));
#1008=IFCINDEXEDPOLYGONALFACE((337,338,303));
#1009=IFCINDEXEDPOLYGONALFACE((1130,1131,1101));
#1010=IFCINDEXEDPOLYGONALFACE((244,243,218));
#1011=IFCINDEXEDPOLYGONALFACE((335,334,309));
#1012=IFCINDEXEDPOLYGONALFACE((1128,1127,1105));
#1013=IFCINDEXEDPOLYGONALFACE((243,219,960,220));
#1014=IFCINDEXEDPOLYGONALFACE((334,310,938,311));
#1015=IFCINDEXEDPOLYGONALFACE((1127,1106,970,1107));
#1016=IFCINDEXEDPOLYGONALFACE((241,244,218));
#1017=IFCINDEXEDPOLYGONALFACE((332,335,309));
#1018=IFCINDEXEDPOLYGONALFACE((1125,1128,1105));
#1019=IFCINDEXEDPOLYGONALFACE((244,242,934,961,219));
#1020=IFCINDEXEDPOLYGONALFACE((335,333,935,1083,310));
#1021=IFCINDEXEDPOLYGONALFACE((1128,1126,933,1036,1106));
#1022=IFCINDEXEDPOLYGONALFACE((245,220,974,205));
#1023=IFCINDEXEDPOLYGONALFACE((336,311,1088,296));
#1024=IFCINDEXEDPOLYGONALFACE((1129,1107,1033,204));
#1025=IFCINDEXEDPOLYGONALFACE((207,245,206));
#1026=IFCINDEXEDPOLYGONALFACE((298,336,297));
#1027=IFCINDEXEDPOLYGONALFACE((393,1129,1098));
#1028=IFCINDEXEDPOLYGONALFACE((238,246,240));
#1029=IFCINDEXEDPOLYGONALFACE((329,337,331));
#1030=IFCINDEXEDPOLYGONALFACE((1122,1130,1124));
#1031=IFCINDEXEDPOLYGONALFACE((247,210,989,242));
#1032=IFCINDEXEDPOLYGONALFACE((338,301,1077,333));
#1033=IFCINDEXEDPOLYGONALFACE((1131,1100,1039,1126));
#1034=IFCINDEXEDPOLYGONALFACE((248,242,244));
#1035=IFCINDEXEDPOLYGONALFACE((339,333,335));
#1036=IFCINDEXEDPOLYGONALFACE((1132,1126,1128));
#1037=IFCINDEXEDPOLYGONALFACE((212,247,241));
#1038=IFCINDEXEDPOLYGONALFACE((303,338,332));
#1039=IFCINDEXEDPOLYGONALFACE((1101,1131,1125));
#1040=IFCINDEXEDPOLYGONALFACE((244,241,248));
#1041=IFCINDEXEDPOLYGONALFACE((335,332,339));
#1042=IFCINDEXEDPOLYGONALFACE((1128,1125,1132));
#1043=IFCINDEXEDPOLYGONALFACE((241,247,248));
#1044=IFCINDEXEDPOLYGONALFACE((332,338,339));
#1045=IFCINDEXEDPOLYGONALFACE((1125,1131,1132));
#1046=IFCINDEXEDPOLYGONALFACE((264,291,289));
#1047=IFCINDEXEDPOLYGONALFACE((283,281,287));
#1048=IFCINDEXEDPOLYGONALFACE((277,278,254));
#1049=IFCINDEXEDPOLYGONALFACE((271,270,269,956,257,966,249,250));
#1050=IFCINDEXEDPOLYGONALFACE((361,357,362));
#1051=IFCINDEXEDPOLYGONALFACE((251,267,260,270,271,250));
#1052=IFCINDEXEDPOLYGONALFACE((360,362,356));
#1053=IFCINDEXEDPOLYGONALFACE((266,292,291));
#1054=IFCINDEXEDPOLYGONALFACE((272,275,256));
#1055=IFCINDEXEDPOLYGONALFACE((273,275,272));
#1056=IFCINDEXEDPOLYGONALFACE((261,282,287));
#1057=IFCINDEXEDPOLYGONALFACE((258,276,278));
#1058=IFCINDEXEDPOLYGONALFACE((265,291,292));
#1059=IFCINDEXEDPOLYGONALFACE((284,263,283));
#1060=IFCINDEXEDPOLYGONALFACE((290,259,285));
#1061=IFCINDEXEDPOLYGONALFACE((253,268,292));
#1062=IFCINDEXEDPOLYGONALFACE((253,205,268));
#1063=IFCINDEXEDPOLYGONALFACE((272,269,270));
#1064=IFCINDEXEDPOLYGONALFACE((272,270,260));
#1065=IFCINDEXEDPOLYGONALFACE((276,274,275));
#1066=IFCINDEXEDPOLYGONALFACE((272,256,1009,269));
#1067=IFCINDEXEDPOLYGONALFACE((272,260,273));
#1068=IFCINDEXEDPOLYGONALFACE((276,275,254));
#1069=IFCINDEXEDPOLYGONALFACE((256,275,274));
#1070=IFCINDEXEDPOLYGONALFACE((254,275,273));
#1071=IFCINDEXEDPOLYGONALFACE((282,283,287));
#1072=IFCINDEXEDPOLYGONALFACE((258,274,276));
#1073=IFCINDEXEDPOLYGONALFACE((278,276,254));
#1074=IFCINDEXEDPOLYGONALFACE((279,278,277));
#1075=IFCINDEXEDPOLYGONALFACE((279,280,278));
#1076=IFCINDEXEDPOLYGONALFACE((277,261,279));
#1077=IFCINDEXEDPOLYGONALFACE((283,263,281));
#1078=IFCINDEXEDPOLYGONALFACE((280,279,255));
#1079=IFCINDEXEDPOLYGONALFACE((280,258,278));
#1080=IFCINDEXEDPOLYGONALFACE((279,287,255));
#1081=IFCINDEXEDPOLYGONALFACE((282,284,283));
#1082=IFCINDEXEDPOLYGONALFACE((284,282,259));
#1083=IFCINDEXEDPOLYGONALFACE((289,290,285));
#1084=IFCINDEXEDPOLYGONALFACE((290,286,284));
#1085=IFCINDEXEDPOLYGONALFACE((255,287,281));
#1086=IFCINDEXEDPOLYGONALFACE((291,265,288));
#1087=IFCINDEXEDPOLYGONALFACE((286,263,284));
#1088=IFCINDEXEDPOLYGONALFACE((261,287,279));
#1089=IFCINDEXEDPOLYGONALFACE((262,286,290));
#1090=IFCINDEXEDPOLYGONALFACE((262,289,288));
#1091=IFCINDEXEDPOLYGONALFACE((264,289,285));
#1092=IFCINDEXEDPOLYGONALFACE((290,284,259));
#1093=IFCINDEXEDPOLYGONALFACE((262,290,289));
#1094=IFCINDEXEDPOLYGONALFACE((289,291,288));
#1095=IFCINDEXEDPOLYGONALFACE((266,291,264));
#1096=IFCINDEXEDPOLYGONALFACE((253,292,266));
#1097=IFCINDEXEDPOLYGONALFACE((292,268,984,265));
#1098=IFCINDEXEDPOLYGONALFACE((383,357,363));
#1099=IFCINDEXEDPOLYGONALFACE((371,350,369));
#1100=IFCINDEXEDPOLYGONALFACE((366,384,358));
#1101=IFCINDEXEDPOLYGONALFACE((367,365,354));
#1102=IFCINDEXEDPOLYGONALFACE((352,382,351));
#1103=IFCINDEXEDPOLYGONALFACE((384,295,341));
#1104=IFCINDEXEDPOLYGONALFACE((379,380,381));
#1105=IFCINDEXEDPOLYGONALFACE((371,369,355));
#1106=IFCINDEXEDPOLYGONALFACE((378,376,377));
#1107=IFCINDEXEDPOLYGONALFACE((345,379,381));
#1108=IFCINDEXEDPOLYGONALFACE((351,382,366));
#1109=IFCINDEXEDPOLYGONALFACE((352,381,382));
#1110=IFCINDEXEDPOLYGONALFACE((346,377,372));
#1111=IFCINDEXEDPOLYGONALFACE((367,368,369));
#1112=IFCINDEXEDPOLYGONALFACE((363,365,383));
#1113=IFCINDEXEDPOLYGONALFACE((343,344,374));
#1114=IFCINDEXEDPOLYGONALFACE((342,358,384));
#1115=IFCINDEXEDPOLYGONALFACE((351,366,358));
#1116=IFCINDEXEDPOLYGONALFACE((340,361,374));
#1117=IFCINDEXEDPOLYGONALFACE((362,374,361));
#1118=IFCINDEXEDPOLYGONALFACE((374,362,360));
#1119=IFCINDEXEDPOLYGONALFACE((364,356,365));
#1120=IFCINDEXEDPOLYGONALFACE((367,364,365));
#1121=IFCINDEXEDPOLYGONALFACE((363,354,365));
#1122=IFCINDEXEDPOLYGONALFACE((383,356,362));
#1123=IFCINDEXEDPOLYGONALFACE((366,348,937,359));
#1124=IFCINDEXEDPOLYGONALFACE((384,366,359));
#1125=IFCINDEXEDPOLYGONALFACE((368,355,369));
#1126=IFCINDEXEDPOLYGONALFACE((350,364,367));
#1127=IFCINDEXEDPOLYGONALFACE((367,354,368));
#1128=IFCINDEXEDPOLYGONALFACE((350,371,370));
#1129=IFCINDEXEDPOLYGONALFACE((367,369,350));
#1130=IFCINDEXEDPOLYGONALFACE((372,370,371));
#1131=IFCINDEXEDPOLYGONALFACE((372,373,346));
#1132=IFCINDEXEDPOLYGONALFACE((370,372,353));
#1133=IFCINDEXEDPOLYGONALFACE((372,371,373));
#1134=IFCINDEXEDPOLYGONALFACE((376,378,379));
#1135=IFCINDEXEDPOLYGONALFACE((371,355,373));
#1136=IFCINDEXEDPOLYGONALFACE((343,374,360));
#1137=IFCINDEXEDPOLYGONALFACE((374,344,340));
#1138=IFCINDEXEDPOLYGONALFACE((377,346,375));
#1139=IFCINDEXEDPOLYGONALFACE((377,375,378));
#1140=IFCINDEXEDPOLYGONALFACE((377,376,353));
#1141=IFCINDEXEDPOLYGONALFACE((372,377,353));
#1142=IFCINDEXEDPOLYGONALFACE((375,349,378));
#1143=IFCINDEXEDPOLYGONALFACE((379,378,349));
#1144=IFCINDEXEDPOLYGONALFACE((379,349,380));
#1145=IFCINDEXEDPOLYGONALFACE((376,379,345));
#1146=IFCINDEXEDPOLYGONALFACE((380,347,381));
#1147=IFCINDEXEDPOLYGONALFACE((382,381,347));
#1148=IFCINDEXEDPOLYGONALFACE((352,345,381));
#1149=IFCINDEXEDPOLYGONALFACE((382,347,1054,348));
#1150=IFCINDEXEDPOLYGONALFACE((382,348,366));
#1151=IFCINDEXEDPOLYGONALFACE((356,383,365));
#1152=IFCINDEXEDPOLYGONALFACE((357,383,362));
#1153=IFCINDEXEDPOLYGONALFACE((384,359,1062,295));
#1154=IFCINDEXEDPOLYGONALFACE((342,384,341));
#1155=IFCINDEXEDPOLYGONALFACE((386,387,958,955,1008,941,1005,948,1001,922,998,946,983,926,972,959,967,918,988,942,994,939,1021,944,1024,920,1028,928,1032,924,964,963,1041,917,1046,940,1050,927,1090,930,1085,923,1081,950,1075,945,1071,949,1068,919,1065,929,1059,925,1055,943,1017,921,991,951,978,947,968,954,957,388,385));
#1156=IFCINDEXEDPOLYGONALFACE((2114,2155,2113,2153,2115,2158,2112,2147,2145,2180,2119,2183,2121,2187,2110,2174,2132,2168,2125,2175,2142,2162,2123,2172,2126,2144,2124,2135,2134,2137,390,389,1897,1917,1896,1921,1898,1926,1895,1909,1908,1915,1899,1912,1900,1952,1894,1947,1905,1939,1903,1932,1916,1928,1901,1934,1904,1936,1902,1943,1906,1907,202,232,221,214,226,208,215,213,237,212,241,218,222,207));
#1157=IFCINDEXEDPOLYGONALFACE((1817,1858,1816,1856,1818,1861,1815,1850,1848,1883,1822,1886,1824,1890,1813,1877,1835,1871,1828,1878,1845,1865,1826,1875,1829,1847,1827,1838,1837,1840,394,391,1218,1238,1217,1242,1219,1247,1216,1230,1229,1236,1220,1233,1221,1273,1215,1268,1226,1260,1224,1253,1237,1249,1222,1255,1225,1257,1223,1264,1227,1228,392,1117,1108,1103,1112,1099,1104,1102,1121,1101,1125,1105,1109,393));
#1158=IFCINDEXEDPOLYGONALFACE((1138,1179,1137,1177,1139,1182,1136,1171,1169,1204,1143,1207,1145,1211,1134,1198,1156,1192,1149,1199,1166,1186,1147,1196,1150,1168,1148,1159,1158,1161,396,395,551,571,550,575,552,580,549,563,562,569,553,566,554,606,548,601,559,593,557,586,570,582,555,588,558,590,556,597,560,561,293,323,312,305,317,299,306,304,328,303,332,309,313,298));
#1159=IFCINDEXEDPOLYGONALFACE((471,512,470,510,472,515,469,504,502,537,476,540,478,544,467,531,489,525,482,532,499,519,480,529,483,501,481,492,491,494,397,398,343,360,356,364,350,370,353,376,345,352,351,358,342));
#1160=IFCINDEXEDPOLYGONALFACEWITHVOIDS((420,418,417,419),((423,424,421,422)));
#1161=IFCINDEXEDPOLYGONALFACEWITHVOIDS((428,426,425,427),((431,432,429,430)));
#1162=IFCINDEXEDPOLYGONALFACE((251,433,434,2194,2214,2193,2218,2195,2223,2192,2206,2205,2212,2196,2209,2197,2249,2191,2244,2202,2236,2200,2229,2213,2225,2198,2231,2201,2233,2199,2240,2203,2204,252,266,264,285,259,282,261,277,254,273,260,267));
#1163=IFCINDEXEDPOLYGONALFACE((399,156,176,172,180,166,186,169,190,161,168,167,174,160,2062,2061,2099,2052,2087,2051,2084,2057,2095,2053,2092,2058,2070,2044,2065,2064,2074,2045,2049,2048,2080,2047,2066,2059,2063,400));
#1164=IFCINDEXEDPOLYGONALFACE((111,1765,1764,1802,1755,1790,1754,1787,1760,1798,1756,1795,1761,1773,1747,1768,1767,1777,1748,1752,1751,1783,1750,1769,1762,1766,401,402,2018,1978,1972,1988,1967,2023,1968,2028,1963,2034,1969,2009,1955,2006,1976,2003,1975,2000,1984,1992,1956,1997,1961,2016,1959,1990,1962,1980,112,139,128,121,133,115,122,120,144,119,148,125,129));
#1165=IFCINDEXEDPOLYGONALFACE((403,404,1721,1681,1675,1691,1670,1726,1671,1731,1666,1737,1672,1712,1658,1709,1679,1706,1678,1703,1687,1695,1659,1700,1664,1719,1662,1693,1665,1683,66,93,82,75,87,69,76,74,98,73,102,79,83,65,1610,1609,1647,1600,1635,1599,1632,1605,1643,1601,1640,1606,1618,1592,1613,1612,1622,1593,1597,1596,1628,1595,1614,1607,1611));
#1166=IFCINDEXEDPOLYGONALFACE((405,717,716,754,707,742,706,739,712,750,708,747,713,725,699,720,719,729,700,704,703,735,702,721,714,718,406,407,1566,1526,1520,1536,1515,1571,1516,1576,1511,1582,1517,1557,1503,1554,1524,1551,1523,1548,1532,1540,1504,1545,1509,1564,1507,1538,1510,1528,408,1486,1477,1472,1481,1468,1473,1471,1490,1470,1494,1474,1478));
#1167=IFCINDEXEDPOLYGONALFACE((19,865,864,909,851,886,850,884,857,895,852,892,856,899,848,907,860,903,859,883,870,878,858,881,862,874,861,868,863,866,872,409,410,672,632,626,642,621,677,622,682,617,688,623,663,609,660,630,657,629,654,638,646,610,651,615,670,613,644,616,634,20,46,35,28,40,22,29,27,51,26,55,32,36));
#1168=IFCINDEXEDPOLYGONALFACE((4,411,412,783,782,839,768,836,767,833,773,830,769,794,793,823,765,814,786,811,785,808,796,801,774,804,779,827,777,799,780,790,5,9,8,10));
#1169=IFCINDEXEDPOLYGONALFACE((416,413,414,415,1321,1318,1461,1284,1457,1302,1452,1280,1446,1306,1443,1294,1439,1315,1434,1276,1429,1316,1425,1299,1420,1308,1415,1278,1410,1296,1405,1282,1400,1298,1395,1275,1390,1300,1386,1285,1382,1303,1378,1281,1327,1304,1333,1293,1342,1305,1347,1277,1357,1297,1360,1283,1368,1301,1365,1279,1352,1307,1338,1295,1326,1314,1322));
#1170=IFCINDEXEDPOLYGONALFACE((413,417,418,414));
#1171=IFCINDEXEDPOLYGONALFACE((425,426,423,422));
#1172=IFCINDEXEDPOLYGONALFACE((386,385,431,430));
#1173=IFCINDEXEDPOLYGONALFACE((434,433,429,432,398,397,435,436,437,395,396,438,439,440,391,394,441,442,443,389,390,444,445,446));
#1174=IFCINDEXEDPOLYGONALFACE((424,428,427,421));
#1175=IFCINDEXEDPOLYGONALFACE((419,399,400,447,448,449,402,401,450,451,452,404,403,453,454,455,407,406,456,457,458,410,409,459,460,461,412,411,420));
#1176=IFCINDEXEDPOLYGONALFACE((156,399,419,417,413,416,462,158,157));
#1177=IFCINDEXEDPOLYGONALFACE((430,429,433,251,250,249,463,387,386));
#1178=IFCINDEXEDPOLYGONALFACE((421,427,425,422));
#1179=IFCINDEXEDPOLYGONALFACE((423,426,428,424));
#1180=IFCINDEXEDPOLYGONALFACE((3,2,464,415,414,418,420,411,4));
#1181=IFCINDEXEDPOLYGONALFACE((432,431,385,388,465,340,344,343,398));
#1182=IFCINDEXEDPOLYGONALFACE((538,477,545));
#1183=IFCINDEXEDPOLYGONALFACE((1205,1144,1212));
#1184=IFCINDEXEDPOLYGONALFACE((1884,1823,1891));
#1185=IFCINDEXEDPOLYGONALFACE((2181,2120,2188));
#1186=IFCINDEXEDPOLYGONALFACE((493,514,535));
#1187=IFCINDEXEDPOLYGONALFACE((1160,1181,1202));
#1188=IFCINDEXEDPOLYGONALFACE((1839,1860,1881));
#1189=IFCINDEXEDPOLYGONALFACE((2136,2157,2178));
#1190=IFCINDEXEDPOLYGONALFACE((516,472,510));
#1191=IFCINDEXEDPOLYGONALFACE((1183,1139,1177));
#1192=IFCINDEXEDPOLYGONALFACE((1862,1818,1856));
#1193=IFCINDEXEDPOLYGONALFACE((2159,2115,2153));
#1194=IFCINDEXEDPOLYGONALFACE((536,503,473));
#1195=IFCINDEXEDPOLYGONALFACE((1203,1170,1140));
#1196=IFCINDEXEDPOLYGONALFACE((1882,1849,1819));
#1197=IFCINDEXEDPOLYGONALFACE((2179,2146,2116));
#1198=IFCINDEXEDPOLYGONALFACE((528,487,526));
#1199=IFCINDEXEDPOLYGONALFACE((1195,1154,1193));
#1200=IFCINDEXEDPOLYGONALFACE((1874,1833,1872));
#1201=IFCINDEXEDPOLYGONALFACE((2171,2130,2169));
#1202=IFCINDEXEDPOLYGONALFACE((491,497,498));
#1203=IFCINDEXEDPOLYGONALFACE((508,516,468));
#1204=IFCINDEXEDPOLYGONALFACE((1175,1183,1135));
#1205=IFCINDEXEDPOLYGONALFACE((1854,1862,1814));
#1206=IFCINDEXEDPOLYGONALFACE((2151,2159,2111));
#1207=IFCINDEXEDPOLYGONALFACE((535,295,493));
#1208=IFCINDEXEDPOLYGONALFACE((1202,296,1160));
#1209=IFCINDEXEDPOLYGONALFACE((1881,204,1839));
#1210=IFCINDEXEDPOLYGONALFACE((2178,205,2136));
#1211=IFCINDEXEDPOLYGONALFACE((341,535,342));
#1212=IFCINDEXEDPOLYGONALFACE((297,1202,298));
#1213=IFCINDEXEDPOLYGONALFACE((1098,1881,393));
#1214=IFCINDEXEDPOLYGONALFACE((206,2178,207));
#1215=IFCINDEXEDPOLYGONALFACE((518,488,517));
#1216=IFCINDEXEDPOLYGONALFACE((1185,1155,1184));
#1217=IFCINDEXEDPOLYGONALFACE((1864,1834,1863));
#1218=IFCINDEXEDPOLYGONALFACE((2161,2131,2160));
#1219=IFCINDEXEDPOLYGONALFACE((469,507,505));
#1220=IFCINDEXEDPOLYGONALFACE((1136,1174,1172));
#1221=IFCINDEXEDPOLYGONALFACE((1815,1853,1851));
#1222=IFCINDEXEDPOLYGONALFACE((2112,2150,2148));
#1223=IFCINDEXEDPOLYGONALFACE((502,504,536,537));
#1224=IFCINDEXEDPOLYGONALFACE((1169,1171,1203,1204));
#1225=IFCINDEXEDPOLYGONALFACE((1848,1850,1882,1883));
#1226=IFCINDEXEDPOLYGONALFACE((2145,2147,2179,2180));
#1227=IFCINDEXEDPOLYGONALFACE((513,509,511));
#1228=IFCINDEXEDPOLYGONALFACE((1180,1176,1178));
#1229=IFCINDEXEDPOLYGONALFACE((1859,1855,1857));
#1230=IFCINDEXEDPOLYGONALFACE((2156,2152,2154));
#1231=IFCINDEXEDPOLYGONALFACE((508,506,507));
#1232=IFCINDEXEDPOLYGONALFACE((1175,1173,1174));
#1233=IFCINDEXEDPOLYGONALFACE((1854,1852,1853));
#1234=IFCINDEXEDPOLYGONALFACE((2151,2149,2150));
#1235=IFCINDEXEDPOLYGONALFACE((478,541,543));
#1236=IFCINDEXEDPOLYGONALFACE((1145,1208,1210));
#1237=IFCINDEXEDPOLYGONALFACE((1824,1887,1889));
#1238=IFCINDEXEDPOLYGONALFACE((2121,2184,2186));
#1239=IFCINDEXEDPOLYGONALFACE((539,476,537));
#1240=IFCINDEXEDPOLYGONALFACE((1206,1143,1204));
#1241=IFCINDEXEDPOLYGONALFACE((1885,1822,1883));
#1242=IFCINDEXEDPOLYGONALFACE((2182,2119,2180));
#1243=IFCINDEXEDPOLYGONALFACE((543,541,542));
#1244=IFCINDEXEDPOLYGONALFACE((1210,1208,1209));
#1245=IFCINDEXEDPOLYGONALFACE((1889,1887,1888));
#1246=IFCINDEXEDPOLYGONALFACE((2186,2184,2185));
#1247=IFCINDEXEDPOLYGONALFACE((519,499,521));
#1248=IFCINDEXEDPOLYGONALFACE((1186,1166,1188));
#1249=IFCINDEXEDPOLYGONALFACE((1865,1845,1867));
#1250=IFCINDEXEDPOLYGONALFACE((2162,2142,2164));
#1251=IFCINDEXEDPOLYGONALFACE((436,435,490));
#1252=IFCINDEXEDPOLYGONALFACE((439,438,1157));
#1253=IFCINDEXEDPOLYGONALFACE((442,441,1836));
#1254=IFCINDEXEDPOLYGONALFACE((445,444,2133));
#1255=IFCINDEXEDPOLYGONALFACE((495,496,500));
#1256=IFCINDEXEDPOLYGONALFACE((1162,1163,1167));
#1257=IFCINDEXEDPOLYGONALFACE((1841,1842,1846));
#1258=IFCINDEXEDPOLYGONALFACE((2138,2139,2143));
#1259=IFCINDEXEDPOLYGONALFACE((488,479,517));
#1260=IFCINDEXEDPOLYGONALFACE((1155,1146,1184));
#1261=IFCINDEXEDPOLYGONALFACE((1834,1825,1863));
#1262=IFCINDEXEDPOLYGONALFACE((2131,2122,2160));
#1263=IFCINDEXEDPOLYGONALFACE((534,495,500));
#1264=IFCINDEXEDPOLYGONALFACE((1201,1162,1167));
#1265=IFCINDEXEDPOLYGONALFACE((1880,1841,1846));
#1266=IFCINDEXEDPOLYGONALFACE((2177,2138,2143));
#1267=IFCINDEXEDPOLYGONALFACE((524,523,484));
#1268=IFCINDEXEDPOLYGONALFACE((1191,1190,1151));
#1269=IFCINDEXEDPOLYGONALFACE((1870,1869,1830));
#1270=IFCINDEXEDPOLYGONALFACE((2167,2166,2127));
#1271=IFCINDEXEDPOLYGONALFACE((496,497,492));
#1272=IFCINDEXEDPOLYGONALFACE((1163,1164,1159));
#1273=IFCINDEXEDPOLYGONALFACE((1842,1843,1838));
#1274=IFCINDEXEDPOLYGONALFACE((2139,2140,2135));
#1275=IFCINDEXEDPOLYGONALFACE((500,481,501));
#1276=IFCINDEXEDPOLYGONALFACE((1167,1148,1168));
#1277=IFCINDEXEDPOLYGONALFACE((1846,1827,1847));
#1278=IFCINDEXEDPOLYGONALFACE((2143,2124,2144));
#1279=IFCINDEXEDPOLYGONALFACE((528,526,489));
#1280=IFCINDEXEDPOLYGONALFACE((1195,1193,1156));
#1281=IFCINDEXEDPOLYGONALFACE((1874,1872,1835));
#1282=IFCINDEXEDPOLYGONALFACE((2171,2169,2132));
#1283=IFCINDEXEDPOLYGONALFACE((486,488,518));
#1284=IFCINDEXEDPOLYGONALFACE((1153,1155,1185));
#1285=IFCINDEXEDPOLYGONALFACE((1832,1834,1864));
#1286=IFCINDEXEDPOLYGONALFACE((2129,2131,2161));
#1287=IFCINDEXEDPOLYGONALFACE((533,525,526));
#1288=IFCINDEXEDPOLYGONALFACE((1200,1192,1193));
#1289=IFCINDEXEDPOLYGONALFACE((1879,1871,1872));
#1290=IFCINDEXEDPOLYGONALFACE((2176,2168,2169));
#1291=IFCINDEXEDPOLYGONALFACE((435,494,498));
#1292=IFCINDEXEDPOLYGONALFACE((438,1161,1165));
#1293=IFCINDEXEDPOLYGONALFACE((441,1840,1844));
#1294=IFCINDEXEDPOLYGONALFACE((444,2137,2141));
#1295=IFCINDEXEDPOLYGONALFACE((492,497,491));
#1296=IFCINDEXEDPOLYGONALFACE((1159,1164,1158));
#1297=IFCINDEXEDPOLYGONALFACE((1838,1843,1837));
#1298=IFCINDEXEDPOLYGONALFACE((2135,2140,2134));
#1299=IFCINDEXEDPOLYGONALFACE((496,492,481));
#1300=IFCINDEXEDPOLYGONALFACE((1163,1159,1148));
#1301=IFCINDEXEDPOLYGONALFACE((1842,1838,1827));
#1302=IFCINDEXEDPOLYGONALFACE((2139,2135,2124));
#1303=IFCINDEXEDPOLYGONALFACE((435,397,494));
#1304=IFCINDEXEDPOLYGONALFACE((438,396,1161));
#1305=IFCINDEXEDPOLYGONALFACE((441,394,1840));
#1306=IFCINDEXEDPOLYGONALFACE((444,390,2137));
#1307=IFCINDEXEDPOLYGONALFACE((514,474,513));
#1308=IFCINDEXEDPOLYGONALFACE((1181,1141,1180));
#1309=IFCINDEXEDPOLYGONALFACE((1860,1820,1859));
#1310=IFCINDEXEDPOLYGONALFACE((2157,2117,2156));
#1311=IFCINDEXEDPOLYGONALFACE((500,496,481));
#1312=IFCINDEXEDPOLYGONALFACE((1167,1163,1148));
#1313=IFCINDEXEDPOLYGONALFACE((1846,1842,1827));
#1314=IFCINDEXEDPOLYGONALFACE((2143,2139,2124));
#1315=IFCINDEXEDPOLYGONALFACE((496,485,497));
#1316=IFCINDEXEDPOLYGONALFACE((1163,1152,1164));
#1317=IFCINDEXEDPOLYGONALFACE((1842,1831,1843));
#1318=IFCINDEXEDPOLYGONALFACE((2139,2128,2140));
#1319=IFCINDEXEDPOLYGONALFACE((495,485,496));
#1320=IFCINDEXEDPOLYGONALFACE((1162,1152,1163));
#1321=IFCINDEXEDPOLYGONALFACE((1841,1831,1842));
#1322=IFCINDEXEDPOLYGONALFACE((2138,2128,2139));
#1323=IFCINDEXEDPOLYGONALFACE((485,490,497));
#1324=IFCINDEXEDPOLYGONALFACE((1152,1157,1164));
#1325=IFCINDEXEDPOLYGONALFACE((1831,1836,1843));
#1326=IFCINDEXEDPOLYGONALFACE((2128,2133,2140));
#1327=IFCINDEXEDPOLYGONALFACE((498,497,490));
#1328=IFCINDEXEDPOLYGONALFACE((1165,1164,1157));
#1329=IFCINDEXEDPOLYGONALFACE((1844,1843,1836));
#1330=IFCINDEXEDPOLYGONALFACE((2141,2140,2133));
#1331=IFCINDEXEDPOLYGONALFACE((435,498,490));
#1332=IFCINDEXEDPOLYGONALFACE((438,1165,1157));
#1333=IFCINDEXEDPOLYGONALFACE((441,1844,1836));
#1334=IFCINDEXEDPOLYGONALFACE((444,2141,2133));
#1335=IFCINDEXEDPOLYGONALFACE((494,491,498));
#1336=IFCINDEXEDPOLYGONALFACE((1161,1158,1165));
#1337=IFCINDEXEDPOLYGONALFACE((1840,1837,1844));
#1338=IFCINDEXEDPOLYGONALFACE((2137,2134,2141));
#1339=IFCINDEXEDPOLYGONALFACE((519,530,480));
#1340=IFCINDEXEDPOLYGONALFACE((1186,1197,1147));
#1341=IFCINDEXEDPOLYGONALFACE((1865,1876,1826));
#1342=IFCINDEXEDPOLYGONALFACE((2162,2173,2123));
#1343=IFCINDEXEDPOLYGONALFACE((484,520,522));
#1344=IFCINDEXEDPOLYGONALFACE((1151,1187,1189));
#1345=IFCINDEXEDPOLYGONALFACE((1830,1866,1868));
#1346=IFCINDEXEDPOLYGONALFACE((2127,2163,2165));
#1347=IFCINDEXEDPOLYGONALFACE((483,517,534));
#1348=IFCINDEXEDPOLYGONALFACE((1150,1184,1201));
#1349=IFCINDEXEDPOLYGONALFACE((1829,1863,1880));
#1350=IFCINDEXEDPOLYGONALFACE((2126,2160,2177));
#1351=IFCINDEXEDPOLYGONALFACE((536,505,503));
#1352=IFCINDEXEDPOLYGONALFACE((1203,1172,1170));
#1353=IFCINDEXEDPOLYGONALFACE((1882,1851,1849));
#1354=IFCINDEXEDPOLYGONALFACE((2179,2148,2146));
#1355=IFCINDEXEDPOLYGONALFACE((534,501,483));
#1356=IFCINDEXEDPOLYGONALFACE((1201,1168,1150));
#1357=IFCINDEXEDPOLYGONALFACE((1880,1847,1829));
#1358=IFCINDEXEDPOLYGONALFACE((2177,2144,2126));
#1359=IFCINDEXEDPOLYGONALFACE((504,505,536));
#1360=IFCINDEXEDPOLYGONALFACE((1171,1172,1203));
#1361=IFCINDEXEDPOLYGONALFACE((1850,1851,1882));
#1362=IFCINDEXEDPOLYGONALFACE((2147,2148,2179));
#1363=IFCINDEXEDPOLYGONALFACE((475,507,506));
#1364=IFCINDEXEDPOLYGONALFACE((1142,1174,1173));
#1365=IFCINDEXEDPOLYGONALFACE((1821,1853,1852));
#1366=IFCINDEXEDPOLYGONALFACE((2118,2150,2149));
#1367=IFCINDEXEDPOLYGONALFACE((469,505,504));
#1368=IFCINDEXEDPOLYGONALFACE((1136,1172,1171));
#1369=IFCINDEXEDPOLYGONALFACE((1815,1851,1850));
#1370=IFCINDEXEDPOLYGONALFACE((2112,2148,2147));
#1371=IFCINDEXEDPOLYGONALFACE((503,505,475));
#1372=IFCINDEXEDPOLYGONALFACE((1170,1172,1142));
#1373=IFCINDEXEDPOLYGONALFACE((1849,1851,1821));
#1374=IFCINDEXEDPOLYGONALFACE((2146,2148,2118));
#1375=IFCINDEXEDPOLYGONALFACE((508,515,472));
#1376=IFCINDEXEDPOLYGONALFACE((1175,1182,1139));
#1377=IFCINDEXEDPOLYGONALFACE((1854,1861,1818));
#1378=IFCINDEXEDPOLYGONALFACE((2151,2158,2115));
#1379=IFCINDEXEDPOLYGONALFACE((507,475,505));
#1380=IFCINDEXEDPOLYGONALFACE((1174,1142,1172));
#1381=IFCINDEXEDPOLYGONALFACE((1853,1821,1851));
#1382=IFCINDEXEDPOLYGONALFACE((2150,2118,2148));
#1383=IFCINDEXEDPOLYGONALFACE((515,508,507));
#1384=IFCINDEXEDPOLYGONALFACE((1182,1175,1174));
#1385=IFCINDEXEDPOLYGONALFACE((1861,1854,1853));
#1386=IFCINDEXEDPOLYGONALFACE((2158,2151,2150));
#1387=IFCINDEXEDPOLYGONALFACE((470,511,510));
#1388=IFCINDEXEDPOLYGONALFACE((1137,1178,1177));
#1389=IFCINDEXEDPOLYGONALFACE((1816,1857,1856));
#1390=IFCINDEXEDPOLYGONALFACE((2113,2154,2153));
#1391=IFCINDEXEDPOLYGONALFACE((468,506,508));
#1392=IFCINDEXEDPOLYGONALFACE((1135,1173,1175));
#1393=IFCINDEXEDPOLYGONALFACE((1814,1852,1854));
#1394=IFCINDEXEDPOLYGONALFACE((2111,2149,2151));
#1395=IFCINDEXEDPOLYGONALFACE((513,511,470));
#1396=IFCINDEXEDPOLYGONALFACE((1180,1178,1137));
#1397=IFCINDEXEDPOLYGONALFACE((1859,1857,1816));
#1398=IFCINDEXEDPOLYGONALFACE((2156,2154,2113));
#1399=IFCINDEXEDPOLYGONALFACE((510,511,516));
#1400=IFCINDEXEDPOLYGONALFACE((1177,1178,1183));
#1401=IFCINDEXEDPOLYGONALFACE((1856,1857,1862));
#1402=IFCINDEXEDPOLYGONALFACE((2153,2154,2159));
#1403=IFCINDEXEDPOLYGONALFACE((513,474,509));
#1404=IFCINDEXEDPOLYGONALFACE((1180,1141,1176));
#1405=IFCINDEXEDPOLYGONALFACE((1859,1820,1855));
#1406=IFCINDEXEDPOLYGONALFACE((2156,2117,2152));
#1407=IFCINDEXEDPOLYGONALFACE((468,511,509));
#1408=IFCINDEXEDPOLYGONALFACE((1135,1178,1176));
#1409=IFCINDEXEDPOLYGONALFACE((1814,1857,1855));
#1410=IFCINDEXEDPOLYGONALFACE((2111,2154,2152));
#1411=IFCINDEXEDPOLYGONALFACE((470,512,513));
#1412=IFCINDEXEDPOLYGONALFACE((1137,1179,1180));
#1413=IFCINDEXEDPOLYGONALFACE((1816,1858,1859));
#1414=IFCINDEXEDPOLYGONALFACE((2113,2155,2156));
#1415=IFCINDEXEDPOLYGONALFACE((514,512,471));
#1416=IFCINDEXEDPOLYGONALFACE((1181,1179,1138));
#1417=IFCINDEXEDPOLYGONALFACE((1860,1858,1817));
#1418=IFCINDEXEDPOLYGONALFACE((2157,2155,2114));
#1419=IFCINDEXEDPOLYGONALFACE((514,513,512));
#1420=IFCINDEXEDPOLYGONALFACE((1181,1180,1179));
#1421=IFCINDEXEDPOLYGONALFACE((1860,1859,1858));
#1422=IFCINDEXEDPOLYGONALFACE((2157,2156,2155));
#1423=IFCINDEXEDPOLYGONALFACE((535,514,471));
#1424=IFCINDEXEDPOLYGONALFACE((1202,1181,1138));
#1425=IFCINDEXEDPOLYGONALFACE((1881,1860,1817));
#1426=IFCINDEXEDPOLYGONALFACE((2178,2157,2114));
#1427=IFCINDEXEDPOLYGONALFACE((493,474,514));
#1428=IFCINDEXEDPOLYGONALFACE((1160,1141,1181));
#1429=IFCINDEXEDPOLYGONALFACE((1839,1820,1860));
#1430=IFCINDEXEDPOLYGONALFACE((2136,2117,2157));
#1431=IFCINDEXEDPOLYGONALFACE((507,469,515));
#1432=IFCINDEXEDPOLYGONALFACE((1174,1136,1182));
#1433=IFCINDEXEDPOLYGONALFACE((1853,1815,1861));
#1434=IFCINDEXEDPOLYGONALFACE((2150,2112,2158));
#1435=IFCINDEXEDPOLYGONALFACE((468,516,511));
#1436=IFCINDEXEDPOLYGONALFACE((1135,1183,1178));
#1437=IFCINDEXEDPOLYGONALFACE((1814,1862,1857));
#1438=IFCINDEXEDPOLYGONALFACE((2111,2159,2154));
#1439=IFCINDEXEDPOLYGONALFACE((472,516,508));
#1440=IFCINDEXEDPOLYGONALFACE((1139,1183,1175));
#1441=IFCINDEXEDPOLYGONALFACE((1818,1862,1854));
#1442=IFCINDEXEDPOLYGONALFACE((2115,2159,2151));
#1443=IFCINDEXEDPOLYGONALFACE((534,517,479));
#1444=IFCINDEXEDPOLYGONALFACE((1201,1184,1146));
#1445=IFCINDEXEDPOLYGONALFACE((1880,1863,1825));
#1446=IFCINDEXEDPOLYGONALFACE((2177,2160,2122));
#1447=IFCINDEXEDPOLYGONALFACE((517,529,518));
#1448=IFCINDEXEDPOLYGONALFACE((1184,1196,1185));
#1449=IFCINDEXEDPOLYGONALFACE((1863,1875,1864));
#1450=IFCINDEXEDPOLYGONALFACE((2160,2172,2161));
#1451=IFCINDEXEDPOLYGONALFACE((486,530,521));
#1452=IFCINDEXEDPOLYGONALFACE((1153,1197,1188));
#1453=IFCINDEXEDPOLYGONALFACE((1832,1876,1867));
#1454=IFCINDEXEDPOLYGONALFACE((2129,2173,2164));
#1455=IFCINDEXEDPOLYGONALFACE((520,521,522));
#1456=IFCINDEXEDPOLYGONALFACE((1187,1188,1189));
#1457=IFCINDEXEDPOLYGONALFACE((1866,1867,1868));
#1458=IFCINDEXEDPOLYGONALFACE((2163,2164,2165));
#1459=IFCINDEXEDPOLYGONALFACE((519,521,530));
#1460=IFCINDEXEDPOLYGONALFACE((1186,1188,1197));
#1461=IFCINDEXEDPOLYGONALFACE((1865,1867,1876));
#1462=IFCINDEXEDPOLYGONALFACE((2162,2164,2173));
#1463=IFCINDEXEDPOLYGONALFACE((521,499,522));
#1464=IFCINDEXEDPOLYGONALFACE((1188,1166,1189));
#1465=IFCINDEXEDPOLYGONALFACE((1867,1845,1868));
#1466=IFCINDEXEDPOLYGONALFACE((2164,2142,2165));
#1467=IFCINDEXEDPOLYGONALFACE((486,518,530));
#1468=IFCINDEXEDPOLYGONALFACE((1153,1185,1197));
#1469=IFCINDEXEDPOLYGONALFACE((1832,1864,1876));
#1470=IFCINDEXEDPOLYGONALFACE((2129,2161,2173));
#1471=IFCINDEXEDPOLYGONALFACE((486,521,520));
#1472=IFCINDEXEDPOLYGONALFACE((1153,1188,1187));
#1473=IFCINDEXEDPOLYGONALFACE((1832,1867,1866));
#1474=IFCINDEXEDPOLYGONALFACE((2129,2164,2163));
#1475=IFCINDEXEDPOLYGONALFACE((524,532,482));
#1476=IFCINDEXEDPOLYGONALFACE((1191,1199,1149));
#1477=IFCINDEXEDPOLYGONALFACE((1870,1878,1828));
#1478=IFCINDEXEDPOLYGONALFACE((2167,2175,2125));
#1479=IFCINDEXEDPOLYGONALFACE((525,533,482));
#1480=IFCINDEXEDPOLYGONALFACE((1192,1200,1149));
#1481=IFCINDEXEDPOLYGONALFACE((1871,1879,1828));
#1482=IFCINDEXEDPOLYGONALFACE((2168,2176,2125));
#1483=IFCINDEXEDPOLYGONALFACE((524,522,532));
#1484=IFCINDEXEDPOLYGONALFACE((1191,1189,1199));
#1485=IFCINDEXEDPOLYGONALFACE((1870,1868,1878));
#1486=IFCINDEXEDPOLYGONALFACE((2167,2165,2175));
#1487=IFCINDEXEDPOLYGONALFACE((522,524,484));
#1488=IFCINDEXEDPOLYGONALFACE((1189,1191,1151));
#1489=IFCINDEXEDPOLYGONALFACE((1868,1870,1830));
#1490=IFCINDEXEDPOLYGONALFACE((2165,2167,2127));
#1491=IFCINDEXEDPOLYGONALFACE((523,524,533));
#1492=IFCINDEXEDPOLYGONALFACE((1190,1191,1200));
#1493=IFCINDEXEDPOLYGONALFACE((1869,1870,1879));
#1494=IFCINDEXEDPOLYGONALFACE((2166,2167,2176));
#1495=IFCINDEXEDPOLYGONALFACE((487,528,527));
#1496=IFCINDEXEDPOLYGONALFACE((1154,1195,1194));
#1497=IFCINDEXEDPOLYGONALFACE((1833,1874,1873));
#1498=IFCINDEXEDPOLYGONALFACE((2130,2171,2170));
#1499=IFCINDEXEDPOLYGONALFACE((489,526,525));
#1500=IFCINDEXEDPOLYGONALFACE((1156,1193,1192));
#1501=IFCINDEXEDPOLYGONALFACE((1835,1872,1871));
#1502=IFCINDEXEDPOLYGONALFACE((2132,2169,2168));
#1503=IFCINDEXEDPOLYGONALFACE((533,487,523));
#1504=IFCINDEXEDPOLYGONALFACE((1200,1154,1190));
#1505=IFCINDEXEDPOLYGONALFACE((1879,1833,1869));
#1506=IFCINDEXEDPOLYGONALFACE((2176,2130,2166));
#1507=IFCINDEXEDPOLYGONALFACE((546,527,528));
#1508=IFCINDEXEDPOLYGONALFACE((1213,1194,1195));
#1509=IFCINDEXEDPOLYGONALFACE((1892,1873,1874));
#1510=IFCINDEXEDPOLYGONALFACE((2189,2170,2171));
#1511=IFCINDEXEDPOLYGONALFACE((528,489,531));
#1512=IFCINDEXEDPOLYGONALFACE((1195,1156,1198));
#1513=IFCINDEXEDPOLYGONALFACE((1874,1835,1877));
#1514=IFCINDEXEDPOLYGONALFACE((2171,2132,2174));
#1515=IFCINDEXEDPOLYGONALFACE((528,531,546));
#1516=IFCINDEXEDPOLYGONALFACE((1195,1198,1213));
#1517=IFCINDEXEDPOLYGONALFACE((1874,1877,1892));
#1518=IFCINDEXEDPOLYGONALFACE((2171,2174,2189));
#1519=IFCINDEXEDPOLYGONALFACE((529,517,483));
#1520=IFCINDEXEDPOLYGONALFACE((1196,1184,1150));
#1521=IFCINDEXEDPOLYGONALFACE((1875,1863,1829));
#1522=IFCINDEXEDPOLYGONALFACE((2172,2160,2126));
#1523=IFCINDEXEDPOLYGONALFACE((529,480,518));
#1524=IFCINDEXEDPOLYGONALFACE((1196,1147,1185));
#1525=IFCINDEXEDPOLYGONALFACE((1875,1826,1864));
#1526=IFCINDEXEDPOLYGONALFACE((2172,2123,2161));
#1527=IFCINDEXEDPOLYGONALFACE((480,530,518));
#1528=IFCINDEXEDPOLYGONALFACE((1147,1197,1185));
#1529=IFCINDEXEDPOLYGONALFACE((1826,1876,1864));
#1530=IFCINDEXEDPOLYGONALFACE((2123,2173,2161));
#1531=IFCINDEXEDPOLYGONALFACE((522,499,532));
#1532=IFCINDEXEDPOLYGONALFACE((1189,1166,1199));
#1533=IFCINDEXEDPOLYGONALFACE((1868,1845,1878));
#1534=IFCINDEXEDPOLYGONALFACE((2165,2142,2175));
#1535=IFCINDEXEDPOLYGONALFACE((546,531,467));
#1536=IFCINDEXEDPOLYGONALFACE((1213,1198,1134));
#1537=IFCINDEXEDPOLYGONALFACE((1892,1877,1813));
#1538=IFCINDEXEDPOLYGONALFACE((2189,2174,2110));
#1539=IFCINDEXEDPOLYGONALFACE((533,526,487));
#1540=IFCINDEXEDPOLYGONALFACE((1200,1193,1154));
#1541=IFCINDEXEDPOLYGONALFACE((1879,1872,1833));
#1542=IFCINDEXEDPOLYGONALFACE((2176,2169,2130));
#1543=IFCINDEXEDPOLYGONALFACE((482,533,524));
#1544=IFCINDEXEDPOLYGONALFACE((1149,1200,1191));
#1545=IFCINDEXEDPOLYGONALFACE((1828,1879,1870));
#1546=IFCINDEXEDPOLYGONALFACE((2125,2176,2167));
#1547=IFCINDEXEDPOLYGONALFACE((495,534,479));
#1548=IFCINDEXEDPOLYGONALFACE((1162,1201,1146));
#1549=IFCINDEXEDPOLYGONALFACE((1841,1880,1825));
#1550=IFCINDEXEDPOLYGONALFACE((2138,2177,2122));
#1551=IFCINDEXEDPOLYGONALFACE((534,500,501));
#1552=IFCINDEXEDPOLYGONALFACE((1201,1167,1168));
#1553=IFCINDEXEDPOLYGONALFACE((1880,1846,1847));
#1554=IFCINDEXEDPOLYGONALFACE((2177,2143,2144));
#1555=IFCINDEXEDPOLYGONALFACE((342,535,471));
#1556=IFCINDEXEDPOLYGONALFACE((298,1202,1138));
#1557=IFCINDEXEDPOLYGONALFACE((393,1881,1817));
#1558=IFCINDEXEDPOLYGONALFACE((207,2178,2114));
#1559=IFCINDEXEDPOLYGONALFACE((295,535,341));
#1560=IFCINDEXEDPOLYGONALFACE((296,1202,297));
#1561=IFCINDEXEDPOLYGONALFACE((204,1881,1098));
#1562=IFCINDEXEDPOLYGONALFACE((205,2178,206));
#1563=IFCINDEXEDPOLYGONALFACE((473,539,536));
#1564=IFCINDEXEDPOLYGONALFACE((1140,1206,1203));
#1565=IFCINDEXEDPOLYGONALFACE((1819,1885,1882));
#1566=IFCINDEXEDPOLYGONALFACE((2116,2182,2179));
#1567=IFCINDEXEDPOLYGONALFACE((477,541,545));
#1568=IFCINDEXEDPOLYGONALFACE((1144,1208,1212));
#1569=IFCINDEXEDPOLYGONALFACE((1823,1887,1891));
#1570=IFCINDEXEDPOLYGONALFACE((2120,2184,2188));
#1571=IFCINDEXEDPOLYGONALFACE((536,539,537));
#1572=IFCINDEXEDPOLYGONALFACE((1203,1206,1204));
#1573=IFCINDEXEDPOLYGONALFACE((1882,1885,1883));
#1574=IFCINDEXEDPOLYGONALFACE((2179,2182,2180));
#1575=IFCINDEXEDPOLYGONALFACE((541,478,540));
#1576=IFCINDEXEDPOLYGONALFACE((1208,1145,1207));
#1577=IFCINDEXEDPOLYGONALFACE((1887,1824,1886));
#1578=IFCINDEXEDPOLYGONALFACE((2184,2121,2183));
#1579=IFCINDEXEDPOLYGONALFACE((473,538,539));
#1580=IFCINDEXEDPOLYGONALFACE((1140,1205,1206));
#1581=IFCINDEXEDPOLYGONALFACE((1819,1884,1885));
#1582=IFCINDEXEDPOLYGONALFACE((2116,2181,2182));
#1583=IFCINDEXEDPOLYGONALFACE((476,545,540));
#1584=IFCINDEXEDPOLYGONALFACE((1143,1212,1207));
#1585=IFCINDEXEDPOLYGONALFACE((1822,1891,1886));
#1586=IFCINDEXEDPOLYGONALFACE((2119,2188,2183));
#1587=IFCINDEXEDPOLYGONALFACE((545,476,539));
#1588=IFCINDEXEDPOLYGONALFACE((1212,1143,1206));
#1589=IFCINDEXEDPOLYGONALFACE((1891,1822,1885));
#1590=IFCINDEXEDPOLYGONALFACE((2188,2119,2182));
#1591=IFCINDEXEDPOLYGONALFACE((541,477,542));
#1592=IFCINDEXEDPOLYGONALFACE((1208,1144,1209));
#1593=IFCINDEXEDPOLYGONALFACE((1887,1823,1888));
#1594=IFCINDEXEDPOLYGONALFACE((2184,2120,2185));
#1595=IFCINDEXEDPOLYGONALFACE((547,466,546));
#1596=IFCINDEXEDPOLYGONALFACE((1214,1133,1213));
#1597=IFCINDEXEDPOLYGONALFACE((1893,1812,1892));
#1598=IFCINDEXEDPOLYGONALFACE((2190,2109,2189));
#1599=IFCINDEXEDPOLYGONALFACE((547,542,466));
#1600=IFCINDEXEDPOLYGONALFACE((1214,1209,1133));
#1601=IFCINDEXEDPOLYGONALFACE((1893,1888,1812));
#1602=IFCINDEXEDPOLYGONALFACE((2190,2185,2109));
#1603=IFCINDEXEDPOLYGONALFACE((547,544,543));
#1604=IFCINDEXEDPOLYGONALFACE((1214,1211,1210));
#1605=IFCINDEXEDPOLYGONALFACE((1893,1890,1889));
#1606=IFCINDEXEDPOLYGONALFACE((2190,2187,2186));
#1607=IFCINDEXEDPOLYGONALFACE((538,545,539));
#1608=IFCINDEXEDPOLYGONALFACE((1205,1212,1206));
#1609=IFCINDEXEDPOLYGONALFACE((1884,1891,1885));
#1610=IFCINDEXEDPOLYGONALFACE((2181,2188,2182));
#1611=IFCINDEXEDPOLYGONALFACE((544,478,543));
#1612=IFCINDEXEDPOLYGONALFACE((1211,1145,1210));
#1613=IFCINDEXEDPOLYGONALFACE((1890,1824,1889));
#1614=IFCINDEXEDPOLYGONALFACE((2187,2121,2186));
#1615=IFCINDEXEDPOLYGONALFACE((540,545,541));
#1616=IFCINDEXEDPOLYGONALFACE((1207,1212,1208));
#1617=IFCINDEXEDPOLYGONALFACE((1886,1891,1887));
#1618=IFCINDEXEDPOLYGONALFACE((2183,2188,2184));
#1619=IFCINDEXEDPOLYGONALFACE((467,544,547));
#1620=IFCINDEXEDPOLYGONALFACE((1134,1211,1214));
#1621=IFCINDEXEDPOLYGONALFACE((1813,1890,1893));
#1622=IFCINDEXEDPOLYGONALFACE((2110,2187,2190));
#1623=IFCINDEXEDPOLYGONALFACE((527,546,466));
#1624=IFCINDEXEDPOLYGONALFACE((1194,1213,1133));
#1625=IFCINDEXEDPOLYGONALFACE((1873,1892,1812));
#1626=IFCINDEXEDPOLYGONALFACE((2170,2189,2109));
#1627=IFCINDEXEDPOLYGONALFACE((547,543,542));
#1628=IFCINDEXEDPOLYGONALFACE((1214,1210,1209));
#1629=IFCINDEXEDPOLYGONALFACE((1893,1889,1888));
#1630=IFCINDEXEDPOLYGONALFACE((2190,2186,2185));
#1631=IFCINDEXEDPOLYGONALFACE((467,547,546));
#1632=IFCINDEXEDPOLYGONALFACE((1134,1214,1213));
#1633=IFCINDEXEDPOLYGONALFACE((1813,1893,1892));
#1634=IFCINDEXEDPOLYGONALFACE((2110,2190,2189));
#1635=IFCINDEXEDPOLYGONALFACE((564,520,565));
#1636=IFCINDEXEDPOLYGONALFACE((1231,1187,1232));
#1637=IFCINDEXEDPOLYGONALFACE((1910,1866,1911));
#1638=IFCINDEXEDPOLYGONALFACE((2207,2163,2208));
#1639=IFCINDEXEDPOLYGONALFACE((490,485,572,573,437,436));
#1640=IFCINDEXEDPOLYGONALFACE((1157,1152,1239,1240,440,439));
#1641=IFCINDEXEDPOLYGONALFACE((1836,1831,1918,1919,443,442));
#1642=IFCINDEXEDPOLYGONALFACE((2133,2128,2215,2216,446,445));
#1643=IFCINDEXEDPOLYGONALFACE((295,294,598));
#1644=IFCINDEXEDPOLYGONALFACE((296,1097,1265));
#1645=IFCINDEXEDPOLYGONALFACE((204,203,1944));
#1646=IFCINDEXEDPOLYGONALFACE((205,253,2241));
#1647=IFCINDEXEDPOLYGONALFACE((487,604,605));
#1648=IFCINDEXEDPOLYGONALFACE((1154,1271,1272));
#1649=IFCINDEXEDPOLYGONALFACE((1833,1950,1951));
#1650=IFCINDEXEDPOLYGONALFACE((2130,2247,2248));
#1651=IFCINDEXEDPOLYGONALFACE((576,495,479));
#1652=IFCINDEXEDPOLYGONALFACE((1243,1162,1146));
#1653=IFCINDEXEDPOLYGONALFACE((1922,1841,1825));
#1654=IFCINDEXEDPOLYGONALFACE((2219,2138,2122));
#1655=IFCINDEXEDPOLYGONALFACE((395,437,573,572,571,551));
#1656=IFCINDEXEDPOLYGONALFACE((391,440,1240,1239,1238,1218));
#1657=IFCINDEXEDPOLYGONALFACE((389,443,1919,1918,1917,1897));
#1658=IFCINDEXEDPOLYGONALFACE((434,446,2216,2215,2214,2194));
#1659=IFCINDEXEDPOLYGONALFACE((582,583,587));
#1660=IFCINDEXEDPOLYGONALFACE((1249,1250,1254));
#1661=IFCINDEXEDPOLYGONALFACE((1928,1929,1933));
#1662=IFCINDEXEDPOLYGONALFACE((2225,2226,2230));
#1663=IFCINDEXEDPOLYGONALFACE((576,552,575));
#1664=IFCINDEXEDPOLYGONALFACE((1243,1219,1242));
#1665=IFCINDEXEDPOLYGONALFACE((1922,1898,1921));
#1666=IFCINDEXEDPOLYGONALFACE((2219,2195,2218));
#1667=IFCINDEXEDPOLYGONALFACE((581,475,506));
#1668=IFCINDEXEDPOLYGONALFACE((1248,1142,1173));
#1669=IFCINDEXEDPOLYGONALFACE((1927,1821,1852));
#1670=IFCINDEXEDPOLYGONALFACE((2224,2118,2149));
#1671=IFCINDEXEDPOLYGONALFACE((479,488,577));
#1672=IFCINDEXEDPOLYGONALFACE((1146,1155,1244));
#1673=IFCINDEXEDPOLYGONALFACE((1825,1834,1923));
#1674=IFCINDEXEDPOLYGONALFACE((2122,2131,2220));
#1675=IFCINDEXEDPOLYGONALFACE((565,562,564));
#1676=IFCINDEXEDPOLYGONALFACE((1232,1229,1231));
#1677=IFCINDEXEDPOLYGONALFACE((1911,1908,1910));
#1678=IFCINDEXEDPOLYGONALFACE((2208,2205,2207));
#1679=IFCINDEXEDPOLYGONALFACE((578,577,488));
#1680=IFCINDEXEDPOLYGONALFACE((1245,1244,1155));
#1681=IFCINDEXEDPOLYGONALFACE((1924,1923,1834));
#1682=IFCINDEXEDPOLYGONALFACE((2221,2220,2131));
#1683=IFCINDEXEDPOLYGONALFACE((604,527,599));
#1684=IFCINDEXEDPOLYGONALFACE((1271,1194,1266));
#1685=IFCINDEXEDPOLYGONALFACE((1950,1873,1945));
#1686=IFCINDEXEDPOLYGONALFACE((2247,2170,2242));
#1687=IFCINDEXEDPOLYGONALFACE((568,523,567));
#1688=IFCINDEXEDPOLYGONALFACE((1235,1190,1234));
#1689=IFCINDEXEDPOLYGONALFACE((1914,1869,1913));
#1690=IFCINDEXEDPOLYGONALFACE((2211,2166,2210));
#1691=IFCINDEXEDPOLYGONALFACE((527,466,599));
#1692=IFCINDEXEDPOLYGONALFACE((1194,1133,1266));
#1693=IFCINDEXEDPOLYGONALFACE((1873,1812,1945));
#1694=IFCINDEXEDPOLYGONALFACE((2170,2109,2242));
#1695=IFCINDEXEDPOLYGONALFACE((600,602,601));
#1696=IFCINDEXEDPOLYGONALFACE((1267,1269,1268));
#1697=IFCINDEXEDPOLYGONALFACE((1946,1948,1947));
#1698=IFCINDEXEDPOLYGONALFACE((2243,2245,2244));
#1699=IFCINDEXEDPOLYGONALFACE((294,293,561));
#1700=IFCINDEXEDPOLYGONALFACE((1097,392,1228));
#1701=IFCINDEXEDPOLYGONALFACE((203,202,1907));
#1702=IFCINDEXEDPOLYGONALFACE((253,252,2204));
#1703=IFCINDEXEDPOLYGONALFACE((556,591,592));
#1704=IFCINDEXEDPOLYGONALFACE((1223,1258,1259));
#1705=IFCINDEXEDPOLYGONALFACE((1902,1937,1938));
#1706=IFCINDEXEDPOLYGONALFACE((2199,2234,2235));
#1707=IFCINDEXEDPOLYGONALFACE((589,585,468));
#1708=IFCINDEXEDPOLYGONALFACE((1256,1252,1135));
#1709=IFCINDEXEDPOLYGONALFACE((1935,1931,1814));
#1710=IFCINDEXEDPOLYGONALFACE((2232,2228,2111));
#1711=IFCINDEXEDPOLYGONALFACE((589,558,585));
#1712=IFCINDEXEDPOLYGONALFACE((1256,1225,1252));
#1713=IFCINDEXEDPOLYGONALFACE((1935,1904,1931));
#1714=IFCINDEXEDPOLYGONALFACE((2232,2201,2228));
#1715=IFCINDEXEDPOLYGONALFACE((594,595,557));
#1716=IFCINDEXEDPOLYGONALFACE((1261,1262,1224));
#1717=IFCINDEXEDPOLYGONALFACE((1940,1941,1903));
#1718=IFCINDEXEDPOLYGONALFACE((2237,2238,2200));
#1719=IFCINDEXEDPOLYGONALFACE((589,591,590));
#1720=IFCINDEXEDPOLYGONALFACE((1256,1258,1257));
#1721=IFCINDEXEDPOLYGONALFACE((1935,1937,1936));
#1722=IFCINDEXEDPOLYGONALFACE((2232,2234,2233));
#1723=IFCINDEXEDPOLYGONALFACE((600,548,599));
#1724=IFCINDEXEDPOLYGONALFACE((1267,1215,1266));
#1725=IFCINDEXEDPOLYGONALFACE((1946,1894,1945));
#1726=IFCINDEXEDPOLYGONALFACE((2243,2191,2242));
#1727=IFCINDEXEDPOLYGONALFACE((581,585,588));
#1728=IFCINDEXEDPOLYGONALFACE((1248,1252,1255));
#1729=IFCINDEXEDPOLYGONALFACE((1927,1931,1934));
#1730=IFCINDEXEDPOLYGONALFACE((2224,2228,2231));
#1731=IFCINDEXEDPOLYGONALFACE((593,594,557));
#1732=IFCINDEXEDPOLYGONALFACE((1260,1261,1224));
#1733=IFCINDEXEDPOLYGONALFACE((1939,1940,1903));
#1734=IFCINDEXEDPOLYGONALFACE((2236,2237,2200));
#1735=IFCINDEXEDPOLYGONALFACE((560,596,598));
#1736=IFCINDEXEDPOLYGONALFACE((1227,1263,1265));
#1737=IFCINDEXEDPOLYGONALFACE((1906,1942,1944));
#1738=IFCINDEXEDPOLYGONALFACE((2203,2239,2241));
#1739=IFCINDEXEDPOLYGONALFACE((598,561,560));
#1740=IFCINDEXEDPOLYGONALFACE((1265,1228,1227));
#1741=IFCINDEXEDPOLYGONALFACE((1944,1907,1906));
#1742=IFCINDEXEDPOLYGONALFACE((2241,2204,2203));
#1743=IFCINDEXEDPOLYGONALFACE((564,486,520));
#1744=IFCINDEXEDPOLYGONALFACE((1231,1153,1187));
#1745=IFCINDEXEDPOLYGONALFACE((1910,1832,1866));
#1746=IFCINDEXEDPOLYGONALFACE((2207,2129,2163));
#1747=IFCINDEXEDPOLYGONALFACE((571,572,574));
#1748=IFCINDEXEDPOLYGONALFACE((1238,1239,1241));
#1749=IFCINDEXEDPOLYGONALFACE((1917,1918,1920));
#1750=IFCINDEXEDPOLYGONALFACE((2214,2215,2217));
#1751=IFCINDEXEDPOLYGONALFACE((294,561,598));
#1752=IFCINDEXEDPOLYGONALFACE((1097,1228,1265));
#1753=IFCINDEXEDPOLYGONALFACE((203,1907,1944));
#1754=IFCINDEXEDPOLYGONALFACE((253,2204,2241));
#1755=IFCINDEXEDPOLYGONALFACE((562,563,564));
#1756=IFCINDEXEDPOLYGONALFACE((1229,1230,1231));
#1757=IFCINDEXEDPOLYGONALFACE((1908,1909,1910));
#1758=IFCINDEXEDPOLYGONALFACE((2205,2206,2207));
#1759=IFCINDEXEDPOLYGONALFACE((549,578,579));
#1760=IFCINDEXEDPOLYGONALFACE((1216,1245,1246));
#1761=IFCINDEXEDPOLYGONALFACE((1895,1924,1925));
#1762=IFCINDEXEDPOLYGONALFACE((2192,2221,2222));
#1763=IFCINDEXEDPOLYGONALFACE((563,579,564));
#1764=IFCINDEXEDPOLYGONALFACE((1230,1246,1231));
#1765=IFCINDEXEDPOLYGONALFACE((1909,1925,1910));
#1766=IFCINDEXEDPOLYGONALFACE((2206,2222,2207));
#1767=IFCINDEXEDPOLYGONALFACE((565,520,484));
#1768=IFCINDEXEDPOLYGONALFACE((1232,1187,1151));
#1769=IFCINDEXEDPOLYGONALFACE((1911,1866,1830));
#1770=IFCINDEXEDPOLYGONALFACE((2208,2163,2127));
#1771=IFCINDEXEDPOLYGONALFACE((484,523,568));
#1772=IFCINDEXEDPOLYGONALFACE((1151,1190,1235));
#1773=IFCINDEXEDPOLYGONALFACE((1830,1869,1914));
#1774=IFCINDEXEDPOLYGONALFACE((2127,2166,2211));
#1775=IFCINDEXEDPOLYGONALFACE((568,569,565));
#1776=IFCINDEXEDPOLYGONALFACE((1235,1236,1232));
#1777=IFCINDEXEDPOLYGONALFACE((1914,1915,1911));
#1778=IFCINDEXEDPOLYGONALFACE((2211,2212,2208));
#1779=IFCINDEXEDPOLYGONALFACE((568,567,553));
#1780=IFCINDEXEDPOLYGONALFACE((1235,1234,1220));
#1781=IFCINDEXEDPOLYGONALFACE((1914,1913,1899));
#1782=IFCINDEXEDPOLYGONALFACE((2211,2210,2196));
#1783=IFCINDEXEDPOLYGONALFACE((566,567,605));
#1784=IFCINDEXEDPOLYGONALFACE((1233,1234,1272));
#1785=IFCINDEXEDPOLYGONALFACE((1912,1913,1951));
#1786=IFCINDEXEDPOLYGONALFACE((2209,2210,2248));
#1787=IFCINDEXEDPOLYGONALFACE((553,567,566));
#1788=IFCINDEXEDPOLYGONALFACE((1220,1234,1233));
#1789=IFCINDEXEDPOLYGONALFACE((1899,1913,1912));
#1790=IFCINDEXEDPOLYGONALFACE((2196,2210,2209));
#1791=IFCINDEXEDPOLYGONALFACE((487,567,523));
#1792=IFCINDEXEDPOLYGONALFACE((1154,1234,1190));
#1793=IFCINDEXEDPOLYGONALFACE((1833,1913,1869));
#1794=IFCINDEXEDPOLYGONALFACE((2130,2210,2166));
#1795=IFCINDEXEDPOLYGONALFACE((569,562,565));
#1796=IFCINDEXEDPOLYGONALFACE((1236,1229,1232));
#1797=IFCINDEXEDPOLYGONALFACE((1915,1908,1911));
#1798=IFCINDEXEDPOLYGONALFACE((2212,2205,2208));
#1799=IFCINDEXEDPOLYGONALFACE((484,568,565));
#1800=IFCINDEXEDPOLYGONALFACE((1151,1235,1232));
#1801=IFCINDEXEDPOLYGONALFACE((1830,1914,1911));
#1802=IFCINDEXEDPOLYGONALFACE((2127,2211,2208));
#1803=IFCINDEXEDPOLYGONALFACE((568,553,569));
#1804=IFCINDEXEDPOLYGONALFACE((1235,1220,1236));
#1805=IFCINDEXEDPOLYGONALFACE((1914,1899,1915));
#1806=IFCINDEXEDPOLYGONALFACE((2211,2196,2212));
#1807=IFCINDEXEDPOLYGONALFACE((582,587,555));
#1808=IFCINDEXEDPOLYGONALFACE((1249,1254,1222));
#1809=IFCINDEXEDPOLYGONALFACE((1928,1933,1901));
#1810=IFCINDEXEDPOLYGONALFACE((2225,2230,2198));
#1811=IFCINDEXEDPOLYGONALFACE((473,503,584));
#1812=IFCINDEXEDPOLYGONALFACE((1140,1170,1251));
#1813=IFCINDEXEDPOLYGONALFACE((1819,1849,1930));
#1814=IFCINDEXEDPOLYGONALFACE((2116,2146,2227));
#1815=IFCINDEXEDPOLYGONALFACE((574,607,550));
#1816=IFCINDEXEDPOLYGONALFACE((1241,1274,1217));
#1817=IFCINDEXEDPOLYGONALFACE((1920,1953,1896));
#1818=IFCINDEXEDPOLYGONALFACE((2217,2250,2193));
#1819=IFCINDEXEDPOLYGONALFACE((574,572,485));
#1820=IFCINDEXEDPOLYGONALFACE((1241,1239,1152));
#1821=IFCINDEXEDPOLYGONALFACE((1920,1918,1831));
#1822=IFCINDEXEDPOLYGONALFACE((2217,2215,2128));
#1823=IFCINDEXEDPOLYGONALFACE((607,485,495));
#1824=IFCINDEXEDPOLYGONALFACE((1274,1152,1162));
#1825=IFCINDEXEDPOLYGONALFACE((1953,1831,1841));
#1826=IFCINDEXEDPOLYGONALFACE((2250,2128,2138));
#1827=IFCINDEXEDPOLYGONALFACE((550,571,574));
#1828=IFCINDEXEDPOLYGONALFACE((1217,1238,1241));
#1829=IFCINDEXEDPOLYGONALFACE((1896,1917,1920));
#1830=IFCINDEXEDPOLYGONALFACE((2193,2214,2217));
#1831=IFCINDEXEDPOLYGONALFACE((575,550,607));
#1832=IFCINDEXEDPOLYGONALFACE((1242,1217,1274));
#1833=IFCINDEXEDPOLYGONALFACE((1921,1896,1953));
#1834=IFCINDEXEDPOLYGONALFACE((2218,2193,2250));
#1835=IFCINDEXEDPOLYGONALFACE((575,607,576));
#1836=IFCINDEXEDPOLYGONALFACE((1242,1274,1243));
#1837=IFCINDEXEDPOLYGONALFACE((1921,1953,1922));
#1838=IFCINDEXEDPOLYGONALFACE((2218,2250,2219));
#1839=IFCINDEXEDPOLYGONALFACE((576,577,552));
#1840=IFCINDEXEDPOLYGONALFACE((1243,1244,1219));
#1841=IFCINDEXEDPOLYGONALFACE((1922,1923,1898));
#1842=IFCINDEXEDPOLYGONALFACE((2219,2220,2195));
#1843=IFCINDEXEDPOLYGONALFACE((585,581,506));
#1844=IFCINDEXEDPOLYGONALFACE((1252,1248,1173));
#1845=IFCINDEXEDPOLYGONALFACE((1931,1927,1852));
#1846=IFCINDEXEDPOLYGONALFACE((2228,2224,2149));
#1847=IFCINDEXEDPOLYGONALFACE((577,576,479));
#1848=IFCINDEXEDPOLYGONALFACE((1244,1243,1146));
#1849=IFCINDEXEDPOLYGONALFACE((1923,1922,1825));
#1850=IFCINDEXEDPOLYGONALFACE((2220,2219,2122));
#1851=IFCINDEXEDPOLYGONALFACE((578,580,577));
#1852=IFCINDEXEDPOLYGONALFACE((1245,1247,1244));
#1853=IFCINDEXEDPOLYGONALFACE((1924,1926,1923));
#1854=IFCINDEXEDPOLYGONALFACE((2221,2223,2220));
#1855=IFCINDEXEDPOLYGONALFACE((488,486,578));
#1856=IFCINDEXEDPOLYGONALFACE((1155,1153,1245));
#1857=IFCINDEXEDPOLYGONALFACE((1834,1832,1924));
#1858=IFCINDEXEDPOLYGONALFACE((2131,2129,2221));
#1859=IFCINDEXEDPOLYGONALFACE((579,486,564));
#1860=IFCINDEXEDPOLYGONALFACE((1246,1153,1231));
#1861=IFCINDEXEDPOLYGONALFACE((1925,1832,1910));
#1862=IFCINDEXEDPOLYGONALFACE((2222,2129,2207));
#1863=IFCINDEXEDPOLYGONALFACE((549,579,563));
#1864=IFCINDEXEDPOLYGONALFACE((1216,1246,1230));
#1865=IFCINDEXEDPOLYGONALFACE((1895,1925,1909));
#1866=IFCINDEXEDPOLYGONALFACE((2192,2222,2206));
#1867=IFCINDEXEDPOLYGONALFACE((486,579,578));
#1868=IFCINDEXEDPOLYGONALFACE((1153,1246,1245));
#1869=IFCINDEXEDPOLYGONALFACE((1832,1925,1924));
#1870=IFCINDEXEDPOLYGONALFACE((2129,2222,2221));
#1871=IFCINDEXEDPOLYGONALFACE((580,578,549));
#1872=IFCINDEXEDPOLYGONALFACE((1247,1245,1216));
#1873=IFCINDEXEDPOLYGONALFACE((1926,1924,1895));
#1874=IFCINDEXEDPOLYGONALFACE((2223,2221,2192));
#1875=IFCINDEXEDPOLYGONALFACE((580,552,577));
#1876=IFCINDEXEDPOLYGONALFACE((1247,1219,1244));
#1877=IFCINDEXEDPOLYGONALFACE((1926,1898,1923));
#1878=IFCINDEXEDPOLYGONALFACE((2223,2195,2220));
#1879=IFCINDEXEDPOLYGONALFACE((503,583,584));
#1880=IFCINDEXEDPOLYGONALFACE((1170,1250,1251));
#1881=IFCINDEXEDPOLYGONALFACE((1849,1929,1930));
#1882=IFCINDEXEDPOLYGONALFACE((2146,2226,2227));
#1883=IFCINDEXEDPOLYGONALFACE((582,570,583));
#1884=IFCINDEXEDPOLYGONALFACE((1249,1237,1250));
#1885=IFCINDEXEDPOLYGONALFACE((1928,1916,1929));
#1886=IFCINDEXEDPOLYGONALFACE((2225,2213,2226));
#1887=IFCINDEXEDPOLYGONALFACE((583,570,584));
#1888=IFCINDEXEDPOLYGONALFACE((1250,1237,1251));
#1889=IFCINDEXEDPOLYGONALFACE((1929,1916,1930));
#1890=IFCINDEXEDPOLYGONALFACE((2226,2213,2227));
#1891=IFCINDEXEDPOLYGONALFACE((475,581,587));
#1892=IFCINDEXEDPOLYGONALFACE((1142,1248,1254));
#1893=IFCINDEXEDPOLYGONALFACE((1821,1927,1933));
#1894=IFCINDEXEDPOLYGONALFACE((2118,2224,2230));
#1895=IFCINDEXEDPOLYGONALFACE((587,503,475));
#1896=IFCINDEXEDPOLYGONALFACE((1254,1170,1142));
#1897=IFCINDEXEDPOLYGONALFACE((1933,1849,1821));
#1898=IFCINDEXEDPOLYGONALFACE((2230,2146,2118));
#1899=IFCINDEXEDPOLYGONALFACE((584,570,586));
#1900=IFCINDEXEDPOLYGONALFACE((1251,1237,1253));
#1901=IFCINDEXEDPOLYGONALFACE((1930,1916,1932));
#1902=IFCINDEXEDPOLYGONALFACE((2227,2213,2229));
#1903=IFCINDEXEDPOLYGONALFACE((594,477,538));
#1904=IFCINDEXEDPOLYGONALFACE((1261,1144,1205));
#1905=IFCINDEXEDPOLYGONALFACE((1940,1823,1884));
#1906=IFCINDEXEDPOLYGONALFACE((2237,2120,2181));
#1907=IFCINDEXEDPOLYGONALFACE((468,585,506));
#1908=IFCINDEXEDPOLYGONALFACE((1135,1252,1173));
#1909=IFCINDEXEDPOLYGONALFACE((1814,1931,1852));
#1910=IFCINDEXEDPOLYGONALFACE((2111,2228,2149));
#1911=IFCINDEXEDPOLYGONALFACE((584,595,473));
#1912=IFCINDEXEDPOLYGONALFACE((1251,1262,1140));
#1913=IFCINDEXEDPOLYGONALFACE((1930,1941,1819));
#1914=IFCINDEXEDPOLYGONALFACE((2227,2238,2116));
#1915=IFCINDEXEDPOLYGONALFACE((588,555,581));
#1916=IFCINDEXEDPOLYGONALFACE((1255,1222,1248));
#1917=IFCINDEXEDPOLYGONALFACE((1934,1901,1927));
#1918=IFCINDEXEDPOLYGONALFACE((2231,2198,2224));
#1919=IFCINDEXEDPOLYGONALFACE((587,583,503));
#1920=IFCINDEXEDPOLYGONALFACE((1254,1250,1170));
#1921=IFCINDEXEDPOLYGONALFACE((1933,1929,1849));
#1922=IFCINDEXEDPOLYGONALFACE((2230,2226,2146));
#1923=IFCINDEXEDPOLYGONALFACE((595,586,557));
#1924=IFCINDEXEDPOLYGONALFACE((1262,1253,1224));
#1925=IFCINDEXEDPOLYGONALFACE((1941,1932,1903));
#1926=IFCINDEXEDPOLYGONALFACE((2238,2229,2200));
#1927=IFCINDEXEDPOLYGONALFACE((555,587,581));
#1928=IFCINDEXEDPOLYGONALFACE((1222,1254,1248));
#1929=IFCINDEXEDPOLYGONALFACE((1901,1933,1927));
#1930=IFCINDEXEDPOLYGONALFACE((2198,2230,2224));
#1931=IFCINDEXEDPOLYGONALFACE((585,558,588));
#1932=IFCINDEXEDPOLYGONALFACE((1252,1225,1255));
#1933=IFCINDEXEDPOLYGONALFACE((1931,1904,1934));
#1934=IFCINDEXEDPOLYGONALFACE((2228,2201,2231));
#1935=IFCINDEXEDPOLYGONALFACE((591,509,592));
#1936=IFCINDEXEDPOLYGONALFACE((1258,1176,1259));
#1937=IFCINDEXEDPOLYGONALFACE((1937,1855,1938));
#1938=IFCINDEXEDPOLYGONALFACE((2234,2152,2235));
#1939=IFCINDEXEDPOLYGONALFACE((589,468,591));
#1940=IFCINDEXEDPOLYGONALFACE((1256,1135,1258));
#1941=IFCINDEXEDPOLYGONALFACE((1935,1814,1937));
#1942=IFCINDEXEDPOLYGONALFACE((2232,2111,2234));
#1943=IFCINDEXEDPOLYGONALFACE((468,509,591));
#1944=IFCINDEXEDPOLYGONALFACE((1135,1176,1258));
#1945=IFCINDEXEDPOLYGONALFACE((1814,1855,1937));
#1946=IFCINDEXEDPOLYGONALFACE((2111,2152,2234));
#1947=IFCINDEXEDPOLYGONALFACE((590,591,556));
#1948=IFCINDEXEDPOLYGONALFACE((1257,1258,1223));
#1949=IFCINDEXEDPOLYGONALFACE((1936,1937,1902));
#1950=IFCINDEXEDPOLYGONALFACE((2233,2234,2199));
#1951=IFCINDEXEDPOLYGONALFACE((590,558,589));
#1952=IFCINDEXEDPOLYGONALFACE((1257,1225,1256));
#1953=IFCINDEXEDPOLYGONALFACE((1936,1904,1935));
#1954=IFCINDEXEDPOLYGONALFACE((2233,2201,2232));
#1955=IFCINDEXEDPOLYGONALFACE((592,509,474));
#1956=IFCINDEXEDPOLYGONALFACE((1259,1176,1141));
#1957=IFCINDEXEDPOLYGONALFACE((1938,1855,1820));
#1958=IFCINDEXEDPOLYGONALFACE((2235,2152,2117));
#1959=IFCINDEXEDPOLYGONALFACE((596,592,474));
#1960=IFCINDEXEDPOLYGONALFACE((1263,1259,1141));
#1961=IFCINDEXEDPOLYGONALFACE((1942,1938,1820));
#1962=IFCINDEXEDPOLYGONALFACE((2239,2235,2117));
#1963=IFCINDEXEDPOLYGONALFACE((596,597,592));
#1964=IFCINDEXEDPOLYGONALFACE((1263,1264,1259));
#1965=IFCINDEXEDPOLYGONALFACE((1942,1943,1938));
#1966=IFCINDEXEDPOLYGONALFACE((2239,2240,2235));
#1967=IFCINDEXEDPOLYGONALFACE((559,602,603));
#1968=IFCINDEXEDPOLYGONALFACE((1226,1269,1270));
#1969=IFCINDEXEDPOLYGONALFACE((1905,1948,1949));
#1970=IFCINDEXEDPOLYGONALFACE((2202,2245,2246));
#1971=IFCINDEXEDPOLYGONALFACE((593,603,594));
#1972=IFCINDEXEDPOLYGONALFACE((1260,1270,1261));
#1973=IFCINDEXEDPOLYGONALFACE((1939,1949,1940));
#1974=IFCINDEXEDPOLYGONALFACE((2236,2246,2237));
#1975=IFCINDEXEDPOLYGONALFACE((595,594,538));
#1976=IFCINDEXEDPOLYGONALFACE((1262,1261,1205));
#1977=IFCINDEXEDPOLYGONALFACE((1941,1940,1884));
#1978=IFCINDEXEDPOLYGONALFACE((2238,2237,2181));
#1979=IFCINDEXEDPOLYGONALFACE((473,595,538));
#1980=IFCINDEXEDPOLYGONALFACE((1140,1262,1205));
#1981=IFCINDEXEDPOLYGONALFACE((1819,1941,1884));
#1982=IFCINDEXEDPOLYGONALFACE((2116,2238,2181));
#1983=IFCINDEXEDPOLYGONALFACE((595,584,586));
#1984=IFCINDEXEDPOLYGONALFACE((1262,1251,1253));
#1985=IFCINDEXEDPOLYGONALFACE((1941,1930,1932));
#1986=IFCINDEXEDPOLYGONALFACE((2238,2227,2229));
#1987=IFCINDEXEDPOLYGONALFACE((474,493,596));
#1988=IFCINDEXEDPOLYGONALFACE((1141,1160,1263));
#1989=IFCINDEXEDPOLYGONALFACE((1820,1839,1942));
#1990=IFCINDEXEDPOLYGONALFACE((2117,2136,2239));
#1991=IFCINDEXEDPOLYGONALFACE((596,493,598));
#1992=IFCINDEXEDPOLYGONALFACE((1263,1160,1265));
#1993=IFCINDEXEDPOLYGONALFACE((1942,1839,1944));
#1994=IFCINDEXEDPOLYGONALFACE((2239,2136,2241));
#1995=IFCINDEXEDPOLYGONALFACE((597,596,560));
#1996=IFCINDEXEDPOLYGONALFACE((1264,1263,1227));
#1997=IFCINDEXEDPOLYGONALFACE((1943,1942,1906));
#1998=IFCINDEXEDPOLYGONALFACE((2240,2239,2203));
#1999=IFCINDEXEDPOLYGONALFACE((597,556,592));
#2000=IFCINDEXEDPOLYGONALFACE((1264,1223,1259));
#2001=IFCINDEXEDPOLYGONALFACE((1943,1902,1938));
#2002=IFCINDEXEDPOLYGONALFACE((2240,2199,2235));
#2003=IFCINDEXEDPOLYGONALFACE((295,598,493));
#2004=IFCINDEXEDPOLYGONALFACE((296,1265,1160));
#2005=IFCINDEXEDPOLYGONALFACE((204,1944,1839));
#2006=IFCINDEXEDPOLYGONALFACE((205,2241,2136));
#2007=IFCINDEXEDPOLYGONALFACE((487,527,604));
#2008=IFCINDEXEDPOLYGONALFACE((1154,1194,1271));
#2009=IFCINDEXEDPOLYGONALFACE((1833,1873,1950));
#2010=IFCINDEXEDPOLYGONALFACE((2130,2170,2247));
#2011=IFCINDEXEDPOLYGONALFACE((600,599,466));
#2012=IFCINDEXEDPOLYGONALFACE((1267,1266,1133));
#2013=IFCINDEXEDPOLYGONALFACE((1946,1945,1812));
#2014=IFCINDEXEDPOLYGONALFACE((2243,2242,2109));
#2015=IFCINDEXEDPOLYGONALFACE((606,554,604));
#2016=IFCINDEXEDPOLYGONALFACE((1273,1221,1271));
#2017=IFCINDEXEDPOLYGONALFACE((1952,1900,1950));
#2018=IFCINDEXEDPOLYGONALFACE((2249,2197,2247));
#2019=IFCINDEXEDPOLYGONALFACE((603,477,594));
#2020=IFCINDEXEDPOLYGONALFACE((1270,1144,1261));
#2021=IFCINDEXEDPOLYGONALFACE((1949,1823,1940));
#2022=IFCINDEXEDPOLYGONALFACE((2246,2120,2237));
#2023=IFCINDEXEDPOLYGONALFACE((602,600,542));
#2024=IFCINDEXEDPOLYGONALFACE((1269,1267,1209));
#2025=IFCINDEXEDPOLYGONALFACE((1948,1946,1888));
#2026=IFCINDEXEDPOLYGONALFACE((2245,2243,2185));
#2027=IFCINDEXEDPOLYGONALFACE((600,466,542));
#2028=IFCINDEXEDPOLYGONALFACE((1267,1133,1209));
#2029=IFCINDEXEDPOLYGONALFACE((1946,1812,1888));
#2030=IFCINDEXEDPOLYGONALFACE((2243,2109,2185));
#2031=IFCINDEXEDPOLYGONALFACE((601,602,559));
#2032=IFCINDEXEDPOLYGONALFACE((1268,1269,1226));
#2033=IFCINDEXEDPOLYGONALFACE((1947,1948,1905));
#2034=IFCINDEXEDPOLYGONALFACE((2244,2245,2202));
#2035=IFCINDEXEDPOLYGONALFACE((601,548,600));
#2036=IFCINDEXEDPOLYGONALFACE((1268,1215,1267));
#2037=IFCINDEXEDPOLYGONALFACE((1947,1894,1946));
#2038=IFCINDEXEDPOLYGONALFACE((2244,2191,2243));
#2039=IFCINDEXEDPOLYGONALFACE((477,602,542));
#2040=IFCINDEXEDPOLYGONALFACE((1144,1269,1209));
#2041=IFCINDEXEDPOLYGONALFACE((1823,1948,1888));
#2042=IFCINDEXEDPOLYGONALFACE((2120,2245,2185));
#2043=IFCINDEXEDPOLYGONALFACE((559,603,593));
#2044=IFCINDEXEDPOLYGONALFACE((1226,1270,1260));
#2045=IFCINDEXEDPOLYGONALFACE((1905,1949,1939));
#2046=IFCINDEXEDPOLYGONALFACE((2202,2246,2236));
#2047=IFCINDEXEDPOLYGONALFACE((477,603,602));
#2048=IFCINDEXEDPOLYGONALFACE((1144,1270,1269));
#2049=IFCINDEXEDPOLYGONALFACE((1823,1949,1948));
#2050=IFCINDEXEDPOLYGONALFACE((2120,2246,2245));
#2051=IFCINDEXEDPOLYGONALFACE((604,599,606));
#2052=IFCINDEXEDPOLYGONALFACE((1271,1266,1273));
#2053=IFCINDEXEDPOLYGONALFACE((1950,1945,1952));
#2054=IFCINDEXEDPOLYGONALFACE((2247,2242,2249));
#2055=IFCINDEXEDPOLYGONALFACE((566,605,554));
#2056=IFCINDEXEDPOLYGONALFACE((1233,1272,1221));
#2057=IFCINDEXEDPOLYGONALFACE((1912,1951,1900));
#2058=IFCINDEXEDPOLYGONALFACE((2209,2248,2197));
#2059=IFCINDEXEDPOLYGONALFACE((487,605,567));
#2060=IFCINDEXEDPOLYGONALFACE((1154,1272,1234));
#2061=IFCINDEXEDPOLYGONALFACE((1833,1951,1913));
#2062=IFCINDEXEDPOLYGONALFACE((2130,2248,2210));
#2063=IFCINDEXEDPOLYGONALFACE((554,605,604));
#2064=IFCINDEXEDPOLYGONALFACE((1221,1272,1271));
#2065=IFCINDEXEDPOLYGONALFACE((1900,1951,1950));
#2066=IFCINDEXEDPOLYGONALFACE((2197,2248,2247));
#2067=IFCINDEXEDPOLYGONALFACE((599,548,606));
#2068=IFCINDEXEDPOLYGONALFACE((1266,1215,1273));
#2069=IFCINDEXEDPOLYGONALFACE((1945,1894,1952));
#2070=IFCINDEXEDPOLYGONALFACE((2242,2191,2249));
#2071=IFCINDEXEDPOLYGONALFACE((485,607,574));
#2072=IFCINDEXEDPOLYGONALFACE((1152,1274,1241));
#2073=IFCINDEXEDPOLYGONALFACE((1831,1953,1920));
#2074=IFCINDEXEDPOLYGONALFACE((2128,2250,2217));
#2075=IFCINDEXEDPOLYGONALFACE((576,607,495));
#2076=IFCINDEXEDPOLYGONALFACE((1243,1274,1162));
#2077=IFCINDEXEDPOLYGONALFACE((1922,1953,1841));
#2078=IFCINDEXEDPOLYGONALFACE((2219,2250,2138));
#2079=IFCINDEXEDPOLYGONALFACE((669,630,660));
#2080=IFCINDEXEDPOLYGONALFACE((825,786,814));
#2081=IFCINDEXEDPOLYGONALFACE((1563,1524,1554));
#2082=IFCINDEXEDPOLYGONALFACE((1718,1679,1709));
#2083=IFCINDEXEDPOLYGONALFACE((2015,1976,2006));
#2084=IFCINDEXEDPOLYGONALFACE((616,635,634));
#2085=IFCINDEXEDPOLYGONALFACE((780,791,790));
#2086=IFCINDEXEDPOLYGONALFACE((1510,1529,1528));
#2087=IFCINDEXEDPOLYGONALFACE((1665,1684,1683));
#2088=IFCINDEXEDPOLYGONALFACE((1962,1981,1980));
#2089=IFCINDEXEDPOLYGONALFACE((697,672,458));
#2090=IFCINDEXEDPOLYGONALFACE((1591,1566,455));
#2091=IFCINDEXEDPOLYGONALFACE((1746,1721,452));
#2092=IFCINDEXEDPOLYGONALFACE((2043,2018,449));
#2093=IFCINDEXEDPOLYGONALFACE((671,635,633));
#2094=IFCINDEXEDPOLYGONALFACE((831,791,789));
#2095=IFCINDEXEDPOLYGONALFACE((1565,1529,1527));
#2096=IFCINDEXEDPOLYGONALFACE((1720,1684,1682));
#2097=IFCINDEXEDPOLYGONALFACE((2017,1981,1979));
#2098=IFCINDEXEDPOLYGONALFACE((651,665,694));
#2099=IFCINDEXEDPOLYGONALFACE((804,818,842));
#2100=IFCINDEXEDPOLYGONALFACE((1545,1559,1588));
#2101=IFCINDEXEDPOLYGONALFACE((1700,1714,1743));
#2102=IFCINDEXEDPOLYGONALFACE((1997,2011,2040));
#2103=IFCINDEXEDPOLYGONALFACE((679,677,678));
#2104=IFCINDEXEDPOLYGONALFACE((1573,1571,1572));
#2105=IFCINDEXEDPOLYGONALFACE((1728,1726,1727));
#2106=IFCINDEXEDPOLYGONALFACE((2025,2023,2024));
#2107=IFCINDEXEDPOLYGONALFACE((665,651,610));
#2108=IFCINDEXEDPOLYGONALFACE((818,804,774));
#2109=IFCINDEXEDPOLYGONALFACE((1559,1545,1504));
#2110=IFCINDEXEDPOLYGONALFACE((1714,1700,1659));
#2111=IFCINDEXEDPOLYGONALFACE((2011,1997,1956));
#2112=IFCINDEXEDPOLYGONALFACE((691,619,689));
#2113=IFCINDEXEDPOLYGONALFACE((1585,1513,1583));
#2114=IFCINDEXEDPOLYGONALFACE((1740,1668,1738));
#2115=IFCINDEXEDPOLYGONALFACE((2037,1965,2035));
#2116=IFCINDEXEDPOLYGONALFACE((693,616,644));
#2117=IFCINDEXEDPOLYGONALFACE((841,780,799));
#2118=IFCINDEXEDPOLYGONALFACE((1587,1510,1538));
#2119=IFCINDEXEDPOLYGONALFACE((1742,1665,1693));
#2120=IFCINDEXEDPOLYGONALFACE((2039,1962,1990));
#2121=IFCINDEXEDPOLYGONALFACE((667,656,746,628));
#2122=IFCINDEXEDPOLYGONALFACE((820,810,891,784));
#2123=IFCINDEXEDPOLYGONALFACE((1561,1550,1639,1522));
#2124=IFCINDEXEDPOLYGONALFACE((1716,1705,1794,1677));
#2125=IFCINDEXEDPOLYGONALFACE((2013,2002,2091,1974));
#2126=IFCINDEXEDPOLYGONALFACE((644,647,693));
#2127=IFCINDEXEDPOLYGONALFACE((799,802,841));
#2128=IFCINDEXEDPOLYGONALFACE((1538,1541,1587));
#2129=IFCINDEXEDPOLYGONALFACE((1693,1696,1742));
#2130=IFCINDEXEDPOLYGONALFACE((1990,1993,2039));
#2131=IFCINDEXEDPOLYGONALFACE((668,670,695));
#2132=IFCINDEXEDPOLYGONALFACE((824,827,843));
#2133=IFCINDEXEDPOLYGONALFACE((1562,1564,1589));
#2134=IFCINDEXEDPOLYGONALFACE((1717,1719,1744));
#2135=IFCINDEXEDPOLYGONALFACE((2014,2016,2041));
#2136=IFCINDEXEDPOLYGONALFACE((668,647,613));
#2137=IFCINDEXEDPOLYGONALFACE((824,802,777));
#2138=IFCINDEXEDPOLYGONALFACE((1562,1541,1507));
#2139=IFCINDEXEDPOLYGONALFACE((1717,1696,1662));
#2140=IFCINDEXEDPOLYGONALFACE((2014,1993,1959));
#2141=IFCINDEXEDPOLYGONALFACE((661,609,664));
#2142=IFCINDEXEDPOLYGONALFACE((1555,1503,1558));
#2143=IFCINDEXEDPOLYGONALFACE((1710,1658,1713));
#2144=IFCINDEXEDPOLYGONALFACE((2007,1955,2010));
#2145=IFCINDEXEDPOLYGONALFACE((696,627,715,641));
#2146=IFCINDEXEDPOLYGONALFACE((1590,1521,1608,1535));
#2147=IFCINDEXEDPOLYGONALFACE((1745,1676,1763,1690));
#2148=IFCINDEXEDPOLYGONALFACE((2042,1973,2060,1987));
#2149=IFCINDEXEDPOLYGONALFACE((681,648,683));
#2150=IFCINDEXEDPOLYGONALFACE((1575,1542,1577));
#2151=IFCINDEXEDPOLYGONALFACE((1730,1697,1732));
#2152=IFCINDEXEDPOLYGONALFACE((2027,1994,2029));
#2153=IFCINDEXEDPOLYGONALFACE((617,687,688));
#2154=IFCINDEXEDPOLYGONALFACE((1511,1581,1582));
#2155=IFCINDEXEDPOLYGONALFACE((1666,1736,1737));
#2156=IFCINDEXEDPOLYGONALFACE((1963,2033,2034));
#2157=IFCINDEXEDPOLYGONALFACE((678,676,625));
#2158=IFCINDEXEDPOLYGONALFACE((1572,1570,1519));
#2159=IFCINDEXEDPOLYGONALFACE((1727,1725,1674));
#2160=IFCINDEXEDPOLYGONALFACE((2024,2022,1971));
#2161=IFCINDEXEDPOLYGONALFACE((665,610,649));
#2162=IFCINDEXEDPOLYGONALFACE((803,818,774));
#2163=IFCINDEXEDPOLYGONALFACE((1559,1504,1543));
#2164=IFCINDEXEDPOLYGONALFACE((1714,1659,1698));
#2165=IFCINDEXEDPOLYGONALFACE((2011,1956,1995));
#2166=IFCINDEXEDPOLYGONALFACE((664,662,608));
#2167=IFCINDEXEDPOLYGONALFACE((1558,1556,1502));
#2168=IFCINDEXEDPOLYGONALFACE((1713,1711,1657));
#2169=IFCINDEXEDPOLYGONALFACE((2010,2008,1954));
#2170=IFCINDEXEDPOLYGONALFACE((697,673,636));
#2171=IFCINDEXEDPOLYGONALFACE((1591,1567,1530));
#2172=IFCINDEXEDPOLYGONALFACE((1746,1722,1685));
#2173=IFCINDEXEDPOLYGONALFACE((2043,2019,1982));
#2174=IFCINDEXEDPOLYGONALFACE((674,675,676));
#2175=IFCINDEXEDPOLYGONALFACE((1568,1569,1570));
#2176=IFCINDEXEDPOLYGONALFACE((1723,1724,1725));
#2177=IFCINDEXEDPOLYGONALFACE((2020,2021,2022));
#2178=IFCINDEXEDPOLYGONALFACE((641,643,696));
#2179=IFCINDEXEDPOLYGONALFACE((1535,1537,1590));
#2180=IFCINDEXEDPOLYGONALFACE((1690,1692,1745));
#2181=IFCINDEXEDPOLYGONALFACE((1987,1989,2042));
#2182=IFCINDEXEDPOLYGONALFACE((20,634,671));
#2183=IFCINDEXEDPOLYGONALFACE((5,790,831));
#2184=IFCINDEXEDPOLYGONALFACE((408,1528,1565));
#2185=IFCINDEXEDPOLYGONALFACE((66,1683,1720));
#2186=IFCINDEXEDPOLYGONALFACE((112,1980,2017));
#2187=IFCINDEXEDPOLYGONALFACE((649,640,709,611));
#2188=IFCINDEXEDPOLYGONALFACE((803,798,853,775));
#2189=IFCINDEXEDPOLYGONALFACE((1543,1534,1602,1505));
#2190=IFCINDEXEDPOLYGONALFACE((1698,1689,1757,1660));
#2191=IFCINDEXEDPOLYGONALFACE((1995,1986,2054,1957));
#2192=IFCINDEXEDPOLYGONALFACE((667,629,657));
#2193=IFCINDEXEDPOLYGONALFACE((820,785,811));
#2194=IFCINDEXEDPOLYGONALFACE((1561,1523,1551));
#2195=IFCINDEXEDPOLYGONALFACE((1716,1678,1706));
#2196=IFCINDEXEDPOLYGONALFACE((2013,1975,2003));
#2197=IFCINDEXEDPOLYGONALFACE((669,659,724,631));
#2198=IFCINDEXEDPOLYGONALFACE((825,813,897,787));
#2199=IFCINDEXEDPOLYGONALFACE((1563,1553,1617,1525));
#2200=IFCINDEXEDPOLYGONALFACE((1718,1708,1772,1680));
#2201=IFCINDEXEDPOLYGONALFACE((2015,2005,2069,1977));
#2202=IFCINDEXEDPOLYGONALFACE((623,690,692));
#2203=IFCINDEXEDPOLYGONALFACE((1517,1584,1586));
#2204=IFCINDEXEDPOLYGONALFACE((1672,1739,1741));
#2205=IFCINDEXEDPOLYGONALFACE((1969,2036,2038));
#2206=IFCINDEXEDPOLYGONALFACE((637,636,627));
#2207=IFCINDEXEDPOLYGONALFACE((458,457,673));
#2208=IFCINDEXEDPOLYGONALFACE((847,461,460,871,788,781,840,770,845,846,844));
#2209=IFCINDEXEDPOLYGONALFACE((1531,1530,1521));
#2210=IFCINDEXEDPOLYGONALFACE((455,454,1567));
#2211=IFCINDEXEDPOLYGONALFACE((1686,1685,1676));
#2212=IFCINDEXEDPOLYGONALFACE((452,451,1722));
#2213=IFCINDEXEDPOLYGONALFACE((1983,1982,1973));
#2214=IFCINDEXEDPOLYGONALFACE((449,448,2019));
#2215=IFCINDEXEDPOLYGONALFACE((17,21,671));
#2216=IFCINDEXEDPOLYGONALFACE((1,6,831));
#2217=IFCINDEXEDPOLYGONALFACE((63,1467,1565));
#2218=IFCINDEXEDPOLYGONALFACE((68,67,1720));
#2219=IFCINDEXEDPOLYGONALFACE((114,113,2017));
#2220=IFCINDEXEDPOLYGONALFACE((635,671,634));
#2221=IFCINDEXEDPOLYGONALFACE((791,831,790));
#2222=IFCINDEXEDPOLYGONALFACE((1529,1565,1528));
#2223=IFCINDEXEDPOLYGONALFACE((1684,1720,1683));
#2224=IFCINDEXEDPOLYGONALFACE((1981,2017,1980));
#2225=IFCINDEXEDPOLYGONALFACE((614,633,635));
#2226=IFCINDEXEDPOLYGONALFACE((778,789,791));
#2227=IFCINDEXEDPOLYGONALFACE((1508,1527,1529));
#2228=IFCINDEXEDPOLYGONALFACE((1663,1682,1684));
#2229=IFCINDEXEDPOLYGONALFACE((1960,1979,1981));
#2230=IFCINDEXEDPOLYGONALFACE((632,672,697));
#2231=IFCINDEXEDPOLYGONALFACE((1526,1566,1591));
#2232=IFCINDEXEDPOLYGONALFACE((1681,1721,1746));
#2233=IFCINDEXEDPOLYGONALFACE((1978,2018,2043));
#2234=IFCINDEXEDPOLYGONALFACE((641,624,643));
#2235=IFCINDEXEDPOLYGONALFACE((1535,1518,1537));
#2236=IFCINDEXEDPOLYGONALFACE((1690,1673,1692));
#2237=IFCINDEXEDPOLYGONALFACE((1987,1970,1989));
#2238=IFCINDEXEDPOLYGONALFACE((626,632,637));
#2239=IFCINDEXEDPOLYGONALFACE((458,672,410));
#2240=IFCINDEXEDPOLYGONALFACE((782,783,412,461,847,844,846,845,768,839));
#2241=IFCINDEXEDPOLYGONALFACE((1520,1526,1531));
#2242=IFCINDEXEDPOLYGONALFACE((455,1566,407));
#2243=IFCINDEXEDPOLYGONALFACE((1675,1681,1686));
#2244=IFCINDEXEDPOLYGONALFACE((452,1721,404));
#2245=IFCINDEXEDPOLYGONALFACE((1972,1978,1983));
#2246=IFCINDEXEDPOLYGONALFACE((449,2018,402));
#2247=IFCINDEXEDPOLYGONALFACE((666,638,654));
#2248=IFCINDEXEDPOLYGONALFACE((819,796,808));
#2249=IFCINDEXEDPOLYGONALFACE((1560,1532,1548));
#2250=IFCINDEXEDPOLYGONALFACE((1715,1687,1703));
#2251=IFCINDEXEDPOLYGONALFACE((2012,1984,2000));
#2252=IFCINDEXEDPOLYGONALFACE((652,649,646));
#2253=IFCINDEXEDPOLYGONALFACE((806,803,801));
#2254=IFCINDEXEDPOLYGONALFACE((1546,1543,1540));
#2255=IFCINDEXEDPOLYGONALFACE((1701,1698,1695));
#2256=IFCINDEXEDPOLYGONALFACE((1998,1995,1992));
#2257=IFCINDEXEDPOLYGONALFACE((640,649,652));
#2258=IFCINDEXEDPOLYGONALFACE((798,803,806));
#2259=IFCINDEXEDPOLYGONALFACE((1534,1543,1546));
#2260=IFCINDEXEDPOLYGONALFACE((1689,1698,1701));
#2261=IFCINDEXEDPOLYGONALFACE((1986,1995,1998));
#2262=IFCINDEXEDPOLYGONALFACE((674,643,624));
#2263=IFCINDEXEDPOLYGONALFACE((1568,1537,1518));
#2264=IFCINDEXEDPOLYGONALFACE((1723,1692,1673));
#2265=IFCINDEXEDPOLYGONALFACE((2020,1989,1970));
#2266=IFCINDEXEDPOLYGONALFACE((674,642,643));
#2267=IFCINDEXEDPOLYGONALFACE((1568,1536,1537));
#2268=IFCINDEXEDPOLYGONALFACE((1723,1691,1692));
#2269=IFCINDEXEDPOLYGONALFACE((2020,1988,1989));
#2270=IFCINDEXEDPOLYGONALFACE((696,626,637));
#2271=IFCINDEXEDPOLYGONALFACE((1590,1520,1531));
#2272=IFCINDEXEDPOLYGONALFACE((1745,1675,1686));
#2273=IFCINDEXEDPOLYGONALFACE((2042,1972,1983));
#2274=IFCINDEXEDPOLYGONALFACE((642,626,643));
#2275=IFCINDEXEDPOLYGONALFACE((1536,1520,1537));
#2276=IFCINDEXEDPOLYGONALFACE((1691,1675,1692));
#2277=IFCINDEXEDPOLYGONALFACE((1988,1972,1989));
#2278=IFCINDEXEDPOLYGONALFACE((645,614,647));
#2279=IFCINDEXEDPOLYGONALFACE((800,778,802));
#2280=IFCINDEXEDPOLYGONALFACE((1539,1508,1541));
#2281=IFCINDEXEDPOLYGONALFACE((1694,1663,1696));
#2282=IFCINDEXEDPOLYGONALFACE((1991,1960,1993));
#2283=IFCINDEXEDPOLYGONALFACE((668,645,647));
#2284=IFCINDEXEDPOLYGONALFACE((824,800,802));
#2285=IFCINDEXEDPOLYGONALFACE((1562,1539,1541));
#2286=IFCINDEXEDPOLYGONALFACE((1717,1694,1696));
#2287=IFCINDEXEDPOLYGONALFACE((2014,1991,1993));
#2288=IFCINDEXEDPOLYGONALFACE((644,613,647));
#2289=IFCINDEXEDPOLYGONALFACE((799,777,802));
#2290=IFCINDEXEDPOLYGONALFACE((1538,1507,1541));
#2291=IFCINDEXEDPOLYGONALFACE((1693,1662,1696));
#2292=IFCINDEXEDPOLYGONALFACE((1990,1959,1993));
#2293=IFCINDEXEDPOLYGONALFACE((638,652,646));
#2294=IFCINDEXEDPOLYGONALFACE((796,806,801));
#2295=IFCINDEXEDPOLYGONALFACE((1532,1546,1540));
#2296=IFCINDEXEDPOLYGONALFACE((1687,1701,1695));
#2297=IFCINDEXEDPOLYGONALFACE((1984,1998,1992));
#2298=IFCINDEXEDPOLYGONALFACE((693,614,635));
#2299=IFCINDEXEDPOLYGONALFACE((841,778,791));
#2300=IFCINDEXEDPOLYGONALFACE((1587,1508,1529));
#2301=IFCINDEXEDPOLYGONALFACE((1742,1663,1684));
#2302=IFCINDEXEDPOLYGONALFACE((2039,1960,1981));
#2303=IFCINDEXEDPOLYGONALFACE((681,685,618));
#2304=IFCINDEXEDPOLYGONALFACE((1575,1579,1512));
#2305=IFCINDEXEDPOLYGONALFACE((1730,1734,1667));
#2306=IFCINDEXEDPOLYGONALFACE((2027,2031,1964));
#2307=IFCINDEXEDPOLYGONALFACE((687,617,684));
#2308=IFCINDEXEDPOLYGONALFACE((1581,1511,1578));
#2309=IFCINDEXEDPOLYGONALFACE((1736,1666,1733));
#2310=IFCINDEXEDPOLYGONALFACE((2033,1963,2030));
#2311=IFCINDEXEDPOLYGONALFACE((646,649,610));
#2312=IFCINDEXEDPOLYGONALFACE((801,803,774));
#2313=IFCINDEXEDPOLYGONALFACE((1540,1543,1504));
#2314=IFCINDEXEDPOLYGONALFACE((1695,1698,1659));
#2315=IFCINDEXEDPOLYGONALFACE((1992,1995,1956));
#2316=IFCINDEXEDPOLYGONALFACE((668,695,612));
#2317=IFCINDEXEDPOLYGONALFACE((824,843,776));
#2318=IFCINDEXEDPOLYGONALFACE((1562,1589,1506));
#2319=IFCINDEXEDPOLYGONALFACE((1717,1744,1661));
#2320=IFCINDEXEDPOLYGONALFACE((2014,2041,1958));
#2321=IFCINDEXEDPOLYGONALFACE((649,611,665));
#2322=IFCINDEXEDPOLYGONALFACE((818,803,775));
#2323=IFCINDEXEDPOLYGONALFACE((1543,1505,1559));
#2324=IFCINDEXEDPOLYGONALFACE((1698,1660,1714));
#2325=IFCINDEXEDPOLYGONALFACE((1995,1957,2011));
#2326=IFCINDEXEDPOLYGONALFACE((666,653,639));
#2327=IFCINDEXEDPOLYGONALFACE((819,807,797));
#2328=IFCINDEXEDPOLYGONALFACE((1560,1547,1533));
#2329=IFCINDEXEDPOLYGONALFACE((1715,1702,1688));
#2330=IFCINDEXEDPOLYGONALFACE((2012,1999,1985));
#2331=IFCINDEXEDPOLYGONALFACE((652,639,710,640));
#2332=IFCINDEXEDPOLYGONALFACE((806,797,855,798));
#2333=IFCINDEXEDPOLYGONALFACE((1546,1533,1603,1534));
#2334=IFCINDEXEDPOLYGONALFACE((1701,1688,1758,1689));
#2335=IFCINDEXEDPOLYGONALFACE((1998,1985,2055,1986));
#2336=IFCINDEXEDPOLYGONALFACE((654,655,666));
#2337=IFCINDEXEDPOLYGONALFACE((808,809,819));
#2338=IFCINDEXEDPOLYGONALFACE((1548,1549,1560));
#2339=IFCINDEXEDPOLYGONALFACE((1703,1704,1715));
#2340=IFCINDEXEDPOLYGONALFACE((2000,2001,2012));
#2341=IFCINDEXEDPOLYGONALFACE((652,666,639));
#2342=IFCINDEXEDPOLYGONALFACE((806,819,797));
#2343=IFCINDEXEDPOLYGONALFACE((1546,1560,1533));
#2344=IFCINDEXEDPOLYGONALFACE((1701,1715,1688));
#2345=IFCINDEXEDPOLYGONALFACE((1998,2012,1985));
#2346=IFCINDEXEDPOLYGONALFACE((629,655,654));
#2347=IFCINDEXEDPOLYGONALFACE((785,809,808));
#2348=IFCINDEXEDPOLYGONALFACE((1523,1549,1548));
#2349=IFCINDEXEDPOLYGONALFACE((1678,1704,1703));
#2350=IFCINDEXEDPOLYGONALFACE((1975,2001,2000));
#2351=IFCINDEXEDPOLYGONALFACE((655,628,705,653));
#2352=IFCINDEXEDPOLYGONALFACE((809,784,849,807));
#2353=IFCINDEXEDPOLYGONALFACE((1549,1522,1598,1547));
#2354=IFCINDEXEDPOLYGONALFACE((1704,1677,1753,1702));
#2355=IFCINDEXEDPOLYGONALFACE((2001,1974,2050,1999));
#2356=IFCINDEXEDPOLYGONALFACE((657,658,667));
#2357=IFCINDEXEDPOLYGONALFACE((811,812,820));
#2358=IFCINDEXEDPOLYGONALFACE((1551,1552,1561));
#2359=IFCINDEXEDPOLYGONALFACE((1706,1707,1716));
#2360=IFCINDEXEDPOLYGONALFACE((2003,2004,2013));
#2361=IFCINDEXEDPOLYGONALFACE((655,667,628));
#2362=IFCINDEXEDPOLYGONALFACE((809,820,784));
#2363=IFCINDEXEDPOLYGONALFACE((1549,1561,1522));
#2364=IFCINDEXEDPOLYGONALFACE((1704,1716,1677));
#2365=IFCINDEXEDPOLYGONALFACE((2001,2013,1974));
#2366=IFCINDEXEDPOLYGONALFACE((630,658,657));
#2367=IFCINDEXEDPOLYGONALFACE((786,812,811));
#2368=IFCINDEXEDPOLYGONALFACE((1524,1552,1551));
#2369=IFCINDEXEDPOLYGONALFACE((1679,1707,1706));
#2370=IFCINDEXEDPOLYGONALFACE((1976,2004,2003));
#2371=IFCINDEXEDPOLYGONALFACE((658,631,711,656));
#2372=IFCINDEXEDPOLYGONALFACE((812,787,854,810));
#2373=IFCINDEXEDPOLYGONALFACE((1552,1525,1604,1550));
#2374=IFCINDEXEDPOLYGONALFACE((1707,1680,1759,1705));
#2375=IFCINDEXEDPOLYGONALFACE((2004,1977,2056,2002));
#2376=IFCINDEXEDPOLYGONALFACE((660,661,669));
#2377=IFCINDEXEDPOLYGONALFACE((814,815,825));
#2378=IFCINDEXEDPOLYGONALFACE((1554,1555,1563));
#2379=IFCINDEXEDPOLYGONALFACE((1709,1710,1718));
#2380=IFCINDEXEDPOLYGONALFACE((2006,2007,2015));
#2381=IFCINDEXEDPOLYGONALFACE((658,669,631));
#2382=IFCINDEXEDPOLYGONALFACE((812,825,787));
#2383=IFCINDEXEDPOLYGONALFACE((1552,1563,1525));
#2384=IFCINDEXEDPOLYGONALFACE((1707,1718,1680));
#2385=IFCINDEXEDPOLYGONALFACE((2004,2015,1977));
#2386=IFCINDEXEDPOLYGONALFACE((609,661,660));
#2387=IFCINDEXEDPOLYGONALFACE((765,815,814));
#2388=IFCINDEXEDPOLYGONALFACE((1503,1555,1554));
#2389=IFCINDEXEDPOLYGONALFACE((1658,1710,1709));
#2390=IFCINDEXEDPOLYGONALFACE((1955,2007,2006));
#2391=IFCINDEXEDPOLYGONALFACE((659,661,608));
#2392=IFCINDEXEDPOLYGONALFACE((813,815,764));
#2393=IFCINDEXEDPOLYGONALFACE((1553,1555,1502));
#2394=IFCINDEXEDPOLYGONALFACE((1708,1710,1657));
#2395=IFCINDEXEDPOLYGONALFACE((2005,2007,1954));
#2396=IFCINDEXEDPOLYGONALFACE((662,664,692));
#2397=IFCINDEXEDPOLYGONALFACE((1556,1558,1586));
#2398=IFCINDEXEDPOLYGONALFACE((1711,1713,1741));
#2399=IFCINDEXEDPOLYGONALFACE((2008,2010,2038));
#2400=IFCINDEXEDPOLYGONALFACE((661,664,608));
#2401=IFCINDEXEDPOLYGONALFACE((1555,1558,1502));
#2402=IFCINDEXEDPOLYGONALFACE((1710,1713,1657));
#2403=IFCINDEXEDPOLYGONALFACE((2007,2010,1954));
#2404=IFCINDEXEDPOLYGONALFACE((609,663,664));
#2405=IFCINDEXEDPOLYGONALFACE((1503,1557,1558));
#2406=IFCINDEXEDPOLYGONALFACE((1658,1712,1713));
#2407=IFCINDEXEDPOLYGONALFACE((1955,2009,2010));
#2408=IFCINDEXEDPOLYGONALFACE((623,692,663));
#2409=IFCINDEXEDPOLYGONALFACE((1517,1586,1557));
#2410=IFCINDEXEDPOLYGONALFACE((1672,1741,1712));
#2411=IFCINDEXEDPOLYGONALFACE((1969,2038,2009));
#2412=IFCINDEXEDPOLYGONALFACE((665,611,741,650));
#2413=IFCINDEXEDPOLYGONALFACE((818,775,887,805));
#2414=IFCINDEXEDPOLYGONALFACE((1559,1505,1634,1544));
#2415=IFCINDEXEDPOLYGONALFACE((1714,1660,1789,1699));
#2416=IFCINDEXEDPOLYGONALFACE((2011,1957,2086,1996));
#2417=IFCINDEXEDPOLYGONALFACE((694,665,650));
#2418=IFCINDEXEDPOLYGONALFACE((842,818,805));
#2419=IFCINDEXEDPOLYGONALFACE((1588,1559,1544));
#2420=IFCINDEXEDPOLYGONALFACE((1743,1714,1699));
#2421=IFCINDEXEDPOLYGONALFACE((2040,2011,1996));
#2422=IFCINDEXEDPOLYGONALFACE((653,666,655));
#2423=IFCINDEXEDPOLYGONALFACE((807,819,809));
#2424=IFCINDEXEDPOLYGONALFACE((1547,1560,1549));
#2425=IFCINDEXEDPOLYGONALFACE((1702,1715,1704));
#2426=IFCINDEXEDPOLYGONALFACE((1999,2012,2001));
#2427=IFCINDEXEDPOLYGONALFACE((638,666,652));
#2428=IFCINDEXEDPOLYGONALFACE((796,819,806));
#2429=IFCINDEXEDPOLYGONALFACE((1532,1560,1546));
#2430=IFCINDEXEDPOLYGONALFACE((1687,1715,1701));
#2431=IFCINDEXEDPOLYGONALFACE((1984,2012,1998));
#2432=IFCINDEXEDPOLYGONALFACE((656,667,658));
#2433=IFCINDEXEDPOLYGONALFACE((810,820,812));
#2434=IFCINDEXEDPOLYGONALFACE((1550,1561,1552));
#2435=IFCINDEXEDPOLYGONALFACE((1705,1716,1707));
#2436=IFCINDEXEDPOLYGONALFACE((2002,2013,2004));
#2437=IFCINDEXEDPOLYGONALFACE((629,667,655));
#2438=IFCINDEXEDPOLYGONALFACE((785,820,809));
#2439=IFCINDEXEDPOLYGONALFACE((1523,1561,1549));
#2440=IFCINDEXEDPOLYGONALFACE((1678,1716,1704));
#2441=IFCINDEXEDPOLYGONALFACE((1975,2013,2001));
#2442=IFCINDEXEDPOLYGONALFACE((615,694,695));
#2443=IFCINDEXEDPOLYGONALFACE((779,842,843));
#2444=IFCINDEXEDPOLYGONALFACE((1509,1588,1589));
#2445=IFCINDEXEDPOLYGONALFACE((1664,1743,1744));
#2446=IFCINDEXEDPOLYGONALFACE((1961,2040,2041));
#2447=IFCINDEXEDPOLYGONALFACE((612,645,668));
#2448=IFCINDEXEDPOLYGONALFACE((776,800,824));
#2449=IFCINDEXEDPOLYGONALFACE((1506,1539,1562));
#2450=IFCINDEXEDPOLYGONALFACE((1661,1694,1717));
#2451=IFCINDEXEDPOLYGONALFACE((1958,1991,2014));
#2452=IFCINDEXEDPOLYGONALFACE((659,669,661));
#2453=IFCINDEXEDPOLYGONALFACE((813,825,815));
#2454=IFCINDEXEDPOLYGONALFACE((1553,1563,1555));
#2455=IFCINDEXEDPOLYGONALFACE((1708,1718,1710));
#2456=IFCINDEXEDPOLYGONALFACE((2005,2015,2007));
#2457=IFCINDEXEDPOLYGONALFACE((630,669,658));
#2458=IFCINDEXEDPOLYGONALFACE((786,825,812));
#2459=IFCINDEXEDPOLYGONALFACE((1524,1563,1552));
#2460=IFCINDEXEDPOLYGONALFACE((1679,1718,1707));
#2461=IFCINDEXEDPOLYGONALFACE((1976,2015,2004));
#2462=IFCINDEXEDPOLYGONALFACE((668,613,670));
#2463=IFCINDEXEDPOLYGONALFACE((824,777,827));
#2464=IFCINDEXEDPOLYGONALFACE((1562,1507,1564));
#2465=IFCINDEXEDPOLYGONALFACE((1717,1662,1719));
#2466=IFCINDEXEDPOLYGONALFACE((2014,1959,2016));
#2467=IFCINDEXEDPOLYGONALFACE((17,671,633));
#2468=IFCINDEXEDPOLYGONALFACE((1,831,789));
#2469=IFCINDEXEDPOLYGONALFACE((63,1565,1527));
#2470=IFCINDEXEDPOLYGONALFACE((68,1720,1682));
#2471=IFCINDEXEDPOLYGONALFACE((114,2017,1979));
#2472=IFCINDEXEDPOLYGONALFACE((671,21,20));
#2473=IFCINDEXEDPOLYGONALFACE((831,6,5));
#2474=IFCINDEXEDPOLYGONALFACE((1565,1467,408));
#2475=IFCINDEXEDPOLYGONALFACE((1720,67,66));
#2476=IFCINDEXEDPOLYGONALFACE((2017,113,112));
#2477=IFCINDEXEDPOLYGONALFACE((637,697,636));
#2478=IFCINDEXEDPOLYGONALFACE((1531,1591,1530));
#2479=IFCINDEXEDPOLYGONALFACE((1686,1746,1685));
#2480=IFCINDEXEDPOLYGONALFACE((1983,2043,1982));
#2481=IFCINDEXEDPOLYGONALFACE((676,675,701,625));
#2482=IFCINDEXEDPOLYGONALFACE((1570,1569,1594,1519));
#2483=IFCINDEXEDPOLYGONALFACE((1725,1724,1749,1674));
#2484=IFCINDEXEDPOLYGONALFACE((2022,2021,2046,1971));
#2485=IFCINDEXEDPOLYGONALFACE((621,642,674));
#2486=IFCINDEXEDPOLYGONALFACE((1515,1536,1568));
#2487=IFCINDEXEDPOLYGONALFACE((1670,1691,1723));
#2488=IFCINDEXEDPOLYGONALFACE((1967,1988,2020));
#2489=IFCINDEXEDPOLYGONALFACE((674,624,722,675));
#2490=IFCINDEXEDPOLYGONALFACE((1568,1518,1615,1569));
#2491=IFCINDEXEDPOLYGONALFACE((1723,1673,1770,1724));
#2492=IFCINDEXEDPOLYGONALFACE((2020,1970,2067,2021));
#2493=IFCINDEXEDPOLYGONALFACE((621,678,677));
#2494=IFCINDEXEDPOLYGONALFACE((1515,1572,1571));
#2495=IFCINDEXEDPOLYGONALFACE((1670,1727,1726));
#2496=IFCINDEXEDPOLYGONALFACE((1967,2024,2023));
#2497=IFCINDEXEDPOLYGONALFACE((674,676,621));
#2498=IFCINDEXEDPOLYGONALFACE((1568,1570,1515));
#2499=IFCINDEXEDPOLYGONALFACE((1723,1725,1670));
#2500=IFCINDEXEDPOLYGONALFACE((2020,2022,1967));
#2501=IFCINDEXEDPOLYGONALFACE((679,680,618));
#2502=IFCINDEXEDPOLYGONALFACE((1573,1574,1512));
#2503=IFCINDEXEDPOLYGONALFACE((1728,1729,1667));
#2504=IFCINDEXEDPOLYGONALFACE((2025,2026,1964));
#2505=IFCINDEXEDPOLYGONALFACE((678,621,676));
#2506=IFCINDEXEDPOLYGONALFACE((1572,1515,1570));
#2507=IFCINDEXEDPOLYGONALFACE((1727,1670,1725));
#2508=IFCINDEXEDPOLYGONALFACE((2024,1967,2022));
#2509=IFCINDEXEDPOLYGONALFACE((680,679,678));
#2510=IFCINDEXEDPOLYGONALFACE((1574,1573,1572));
#2511=IFCINDEXEDPOLYGONALFACE((1729,1728,1727));
#2512=IFCINDEXEDPOLYGONALFACE((2026,2025,2024));
#2513=IFCINDEXEDPOLYGONALFACE((682,683,684));
#2514=IFCINDEXEDPOLYGONALFACE((1576,1577,1578));
#2515=IFCINDEXEDPOLYGONALFACE((1731,1732,1733));
#2516=IFCINDEXEDPOLYGONALFACE((2028,2029,2030));
#2517=IFCINDEXEDPOLYGONALFACE((622,677,679));
#2518=IFCINDEXEDPOLYGONALFACE((1516,1571,1573));
#2519=IFCINDEXEDPOLYGONALFACE((1671,1726,1728));
#2520=IFCINDEXEDPOLYGONALFACE((1968,2023,2025));
#2521=IFCINDEXEDPOLYGONALFACE((678,625,736,680));
#2522=IFCINDEXEDPOLYGONALFACE((1572,1519,1629,1574));
#2523=IFCINDEXEDPOLYGONALFACE((1727,1674,1784,1729));
#2524=IFCINDEXEDPOLYGONALFACE((2024,1971,2081,2026));
#2525=IFCINDEXEDPOLYGONALFACE((681,683,685));
#2526=IFCINDEXEDPOLYGONALFACE((1575,1577,1579));
#2527=IFCINDEXEDPOLYGONALFACE((1730,1732,1734));
#2528=IFCINDEXEDPOLYGONALFACE((2027,2029,2031));
#2529=IFCINDEXEDPOLYGONALFACE((684,683,648));
#2530=IFCINDEXEDPOLYGONALFACE((1578,1577,1542));
#2531=IFCINDEXEDPOLYGONALFACE((1733,1732,1697));
#2532=IFCINDEXEDPOLYGONALFACE((2030,2029,1994));
#2533=IFCINDEXEDPOLYGONALFACE((683,622,685));
#2534=IFCINDEXEDPOLYGONALFACE((1577,1516,1579));
#2535=IFCINDEXEDPOLYGONALFACE((1732,1671,1734));
#2536=IFCINDEXEDPOLYGONALFACE((2029,1968,2031));
#2537=IFCINDEXEDPOLYGONALFACE((622,683,682));
#2538=IFCINDEXEDPOLYGONALFACE((1516,1577,1576));
#2539=IFCINDEXEDPOLYGONALFACE((1671,1732,1731));
#2540=IFCINDEXEDPOLYGONALFACE((1968,2029,2028));
#2541=IFCINDEXEDPOLYGONALFACE((684,648,686));
#2542=IFCINDEXEDPOLYGONALFACE((1578,1542,1580));
#2543=IFCINDEXEDPOLYGONALFACE((1733,1697,1735));
#2544=IFCINDEXEDPOLYGONALFACE((2030,1994,2032));
#2545=IFCINDEXEDPOLYGONALFACE((682,684,617));
#2546=IFCINDEXEDPOLYGONALFACE((1576,1578,1511));
#2547=IFCINDEXEDPOLYGONALFACE((1731,1733,1666));
#2548=IFCINDEXEDPOLYGONALFACE((2028,2030,1963));
#2549=IFCINDEXEDPOLYGONALFACE((622,679,685));
#2550=IFCINDEXEDPOLYGONALFACE((1516,1573,1579));
#2551=IFCINDEXEDPOLYGONALFACE((1671,1728,1734));
#2552=IFCINDEXEDPOLYGONALFACE((1968,2025,2031));
#2553=IFCINDEXEDPOLYGONALFACE((618,685,679));
#2554=IFCINDEXEDPOLYGONALFACE((1512,1579,1573));
#2555=IFCINDEXEDPOLYGONALFACE((1667,1734,1728));
#2556=IFCINDEXEDPOLYGONALFACE((1964,2031,2025));
#2557=IFCINDEXEDPOLYGONALFACE((686,687,684));
#2558=IFCINDEXEDPOLYGONALFACE((1580,1581,1578));
#2559=IFCINDEXEDPOLYGONALFACE((1735,1736,1733));
#2560=IFCINDEXEDPOLYGONALFACE((2032,2033,2030));
#2561=IFCINDEXEDPOLYGONALFACE((687,686,619));
#2562=IFCINDEXEDPOLYGONALFACE((1581,1580,1513));
#2563=IFCINDEXEDPOLYGONALFACE((1736,1735,1668));
#2564=IFCINDEXEDPOLYGONALFACE((2033,2032,1965));
#2565=IFCINDEXEDPOLYGONALFACE((691,689,690));
#2566=IFCINDEXEDPOLYGONALFACE((1585,1583,1584));
#2567=IFCINDEXEDPOLYGONALFACE((1740,1738,1739));
#2568=IFCINDEXEDPOLYGONALFACE((2037,2035,2036));
#2569=IFCINDEXEDPOLYGONALFACE((690,689,620));
#2570=IFCINDEXEDPOLYGONALFACE((1584,1583,1514));
#2571=IFCINDEXEDPOLYGONALFACE((1739,1738,1669));
#2572=IFCINDEXEDPOLYGONALFACE((2036,2035,1966));
#2573=IFCINDEXEDPOLYGONALFACE((623,691,690));
#2574=IFCINDEXEDPOLYGONALFACE((1517,1585,1584));
#2575=IFCINDEXEDPOLYGONALFACE((1672,1740,1739));
#2576=IFCINDEXEDPOLYGONALFACE((1969,2037,2036));
#2577=IFCINDEXEDPOLYGONALFACE((690,620,692));
#2578=IFCINDEXEDPOLYGONALFACE((1584,1514,1586));
#2579=IFCINDEXEDPOLYGONALFACE((1739,1669,1741));
#2580=IFCINDEXEDPOLYGONALFACE((2036,1966,2038));
#2581=IFCINDEXEDPOLYGONALFACE((691,623,688));
#2582=IFCINDEXEDPOLYGONALFACE((1585,1517,1582));
#2583=IFCINDEXEDPOLYGONALFACE((1740,1672,1737));
#2584=IFCINDEXEDPOLYGONALFACE((2037,1969,2034));
#2585=IFCINDEXEDPOLYGONALFACE((688,687,691));
#2586=IFCINDEXEDPOLYGONALFACE((1582,1581,1585));
#2587=IFCINDEXEDPOLYGONALFACE((1737,1736,1740));
#2588=IFCINDEXEDPOLYGONALFACE((2034,2033,2037));
#2589=IFCINDEXEDPOLYGONALFACE((619,691,687));
#2590=IFCINDEXEDPOLYGONALFACE((1513,1585,1581));
#2591=IFCINDEXEDPOLYGONALFACE((1668,1740,1736));
#2592=IFCINDEXEDPOLYGONALFACE((1965,2037,2033));
#2593=IFCINDEXEDPOLYGONALFACE((662,692,620));
#2594=IFCINDEXEDPOLYGONALFACE((1556,1586,1514));
#2595=IFCINDEXEDPOLYGONALFACE((1711,1741,1669));
#2596=IFCINDEXEDPOLYGONALFACE((2008,2038,1966));
#2597=IFCINDEXEDPOLYGONALFACE((663,692,664));
#2598=IFCINDEXEDPOLYGONALFACE((1557,1586,1558));
#2599=IFCINDEXEDPOLYGONALFACE((1712,1741,1713));
#2600=IFCINDEXEDPOLYGONALFACE((2009,2038,2010));
#2601=IFCINDEXEDPOLYGONALFACE((614,693,647));
#2602=IFCINDEXEDPOLYGONALFACE((778,841,802));
#2603=IFCINDEXEDPOLYGONALFACE((1508,1587,1541));
#2604=IFCINDEXEDPOLYGONALFACE((1663,1742,1696));
#2605=IFCINDEXEDPOLYGONALFACE((1960,2039,1993));
#2606=IFCINDEXEDPOLYGONALFACE((616,693,635));
#2607=IFCINDEXEDPOLYGONALFACE((780,841,791));
#2608=IFCINDEXEDPOLYGONALFACE((1510,1587,1529));
#2609=IFCINDEXEDPOLYGONALFACE((1665,1742,1684));
#2610=IFCINDEXEDPOLYGONALFACE((1962,2039,1981));
#2611=IFCINDEXEDPOLYGONALFACE((612,694,650));
#2612=IFCINDEXEDPOLYGONALFACE((776,842,805));
#2613=IFCINDEXEDPOLYGONALFACE((1506,1588,1544));
#2614=IFCINDEXEDPOLYGONALFACE((1661,1743,1699));
#2615=IFCINDEXEDPOLYGONALFACE((1958,2040,1996));
#2616=IFCINDEXEDPOLYGONALFACE((651,694,615));
#2617=IFCINDEXEDPOLYGONALFACE((804,842,779));
#2618=IFCINDEXEDPOLYGONALFACE((1545,1588,1509));
#2619=IFCINDEXEDPOLYGONALFACE((1700,1743,1664));
#2620=IFCINDEXEDPOLYGONALFACE((1997,2040,1961));
#2621=IFCINDEXEDPOLYGONALFACE((615,695,670));
#2622=IFCINDEXEDPOLYGONALFACE((779,843,827));
#2623=IFCINDEXEDPOLYGONALFACE((1509,1589,1564));
#2624=IFCINDEXEDPOLYGONALFACE((1664,1744,1719));
#2625=IFCINDEXEDPOLYGONALFACE((1961,2041,2016));
#2626=IFCINDEXEDPOLYGONALFACE((612,695,694));
#2627=IFCINDEXEDPOLYGONALFACE((776,843,842));
#2628=IFCINDEXEDPOLYGONALFACE((1506,1589,1588));
#2629=IFCINDEXEDPOLYGONALFACE((1661,1744,1743));
#2630=IFCINDEXEDPOLYGONALFACE((1958,2041,2040));
#2631=IFCINDEXEDPOLYGONALFACE((626,696,643));
#2632=IFCINDEXEDPOLYGONALFACE((1520,1590,1537));
#2633=IFCINDEXEDPOLYGONALFACE((1675,1745,1692));
#2634=IFCINDEXEDPOLYGONALFACE((1972,2042,1989));
#2635=IFCINDEXEDPOLYGONALFACE((627,696,637));
#2636=IFCINDEXEDPOLYGONALFACE((1521,1590,1531));
#2637=IFCINDEXEDPOLYGONALFACE((1676,1745,1686));
#2638=IFCINDEXEDPOLYGONALFACE((1973,2042,1983));
#2639=IFCINDEXEDPOLYGONALFACE((673,697,458));
#2640=IFCINDEXEDPOLYGONALFACE((1567,1591,455));
#2641=IFCINDEXEDPOLYGONALFACE((1722,1746,452));
#2642=IFCINDEXEDPOLYGONALFACE((2019,2043,449));
#2643=IFCINDEXEDPOLYGONALFACE((632,697,637));
#2644=IFCINDEXEDPOLYGONALFACE((1526,1591,1531));
#2645=IFCINDEXEDPOLYGONALFACE((1681,1746,1686));
#2646=IFCINDEXEDPOLYGONALFACE((1978,2043,1983));
#2647=IFCINDEXEDPOLYGONALFACE((737,734,618));
#2648=IFCINDEXEDPOLYGONALFACE((1630,1627,1512));
#2649=IFCINDEXEDPOLYGONALFACE((1785,1782,1667));
#2650=IFCINDEXEDPOLYGONALFACE((2082,2079,1964));
#2651=IFCINDEXEDPOLYGONALFACE((723,720,699));
#2652=IFCINDEXEDPOLYGONALFACE((1616,1613,1592));
#2653=IFCINDEXEDPOLYGONALFACE((1771,1768,1747));
#2654=IFCINDEXEDPOLYGONALFACE((2068,2065,2044));
#2655=IFCINDEXEDPOLYGONALFACE((759,756,758,757,701,675,722,624,641,715,627,636,673,457,456));
#2656=IFCINDEXEDPOLYGONALFACE((781,788,867));
#2657=IFCINDEXEDPOLYGONALFACE((459,871,460));
#2658=IFCINDEXEDPOLYGONALFACE((1652,1649,1651,1650,1594,1569,1615,1518,1535,1608,1521,1530,1567,454,453));
#2659=IFCINDEXEDPOLYGONALFACE((1807,1804,1806,1805,1749,1724,1770,1673,1690,1763,1676,1685,1722,451,450));
#2660=IFCINDEXEDPOLYGONALFACE((2104,2101,2103,2102,2046,2021,2067,1970,1987,2060,1973,1982,2019,448,447));
#2661=IFCINDEXEDPOLYGONALFACE((406,718,714,721,702,757,758,756,759,456));
#2662=IFCINDEXEDPOLYGONALFACE((866,863,867));
#2663=IFCINDEXEDPOLYGONALFACE((459,409,872));
#2664=IFCINDEXEDPOLYGONALFACE((403,1611,1607,1614,1595,1650,1651,1649,1652,453));
#2665=IFCINDEXEDPOLYGONALFACE((401,1766,1762,1769,1750,1805,1806,1804,1807,450));
#2666=IFCINDEXEDPOLYGONALFACE((400,2063,2059,2066,2047,2102,2103,2101,2104,447));
#2667=IFCINDEXEDPOLYGONALFACE((711,751,748));
#2668=IFCINDEXEDPOLYGONALFACE((1604,1644,1641));
#2669=IFCINDEXEDPOLYGONALFACE((1759,1799,1796));
#2670=IFCINDEXEDPOLYGONALFACE((2056,2096,2093));
#2671=IFCINDEXEDPOLYGONALFACE((709,744,740));
#2672=IFCINDEXEDPOLYGONALFACE((853,889,885));
#2673=IFCINDEXEDPOLYGONALFACE((1602,1637,1633));
#2674=IFCINDEXEDPOLYGONALFACE((1757,1792,1788));
#2675=IFCINDEXEDPOLYGONALFACE((2054,2089,2085));
#2676=IFCINDEXEDPOLYGONALFACE((689,730,728));
#2677=IFCINDEXEDPOLYGONALFACE((1583,1623,1621));
#2678=IFCINDEXEDPOLYGONALFACE((1738,1778,1776));
#2679=IFCINDEXEDPOLYGONALFACE((2035,2075,2073));
#2680=IFCINDEXEDPOLYGONALFACE((734,733,681));
#2681=IFCINDEXEDPOLYGONALFACE((1627,1626,1575));
#2682=IFCINDEXEDPOLYGONALFACE((1782,1781,1730));
#2683=IFCINDEXEDPOLYGONALFACE((2079,2078,2027));
#2684=IFCINDEXEDPOLYGONALFACE((700,729,731));
#2685=IFCINDEXEDPOLYGONALFACE((1593,1622,1624));
#2686=IFCINDEXEDPOLYGONALFACE((1748,1777,1779));
#2687=IFCINDEXEDPOLYGONALFACE((2045,2074,2076));
#2688=IFCINDEXEDPOLYGONALFACE((750,745,749));
#2689=IFCINDEXEDPOLYGONALFACE((895,890,894));
#2690=IFCINDEXEDPOLYGONALFACE((1643,1638,1642));
#2691=IFCINDEXEDPOLYGONALFACE((1798,1793,1797));
#2692=IFCINDEXEDPOLYGONALFACE((2095,2090,2094));
#2693=IFCINDEXEDPOLYGONALFACE((734,737,703));
#2694=IFCINDEXEDPOLYGONALFACE((1627,1630,1596));
#2695=IFCINDEXEDPOLYGONALFACE((1782,1785,1751));
#2696=IFCINDEXEDPOLYGONALFACE((2079,2082,2048));
#2697=IFCINDEXEDPOLYGONALFACE((704,732,733));
#2698=IFCINDEXEDPOLYGONALFACE((1597,1625,1626));
#2699=IFCINDEXEDPOLYGONALFACE((1752,1780,1781));
#2700=IFCINDEXEDPOLYGONALFACE((2049,2077,2078));
#2701=IFCINDEXEDPOLYGONALFACE((732,700,731));
#2702=IFCINDEXEDPOLYGONALFACE((1625,1593,1624));
#2703=IFCINDEXEDPOLYGONALFACE((743,741,611,709));
#2704=IFCINDEXEDPOLYGONALFACE((888,887,775,853));
#2705=IFCINDEXEDPOLYGONALFACE((1636,1634,1505,1602));
#2706=IFCINDEXEDPOLYGONALFACE((1791,1789,1660,1757));
#2707=IFCINDEXEDPOLYGONALFACE((2088,2086,1957,2054));
#2708=IFCINDEXEDPOLYGONALFACE((755,753,707));
#2709=IFCINDEXEDPOLYGONALFACE((910,908,851));
#2710=IFCINDEXEDPOLYGONALFACE((1648,1646,1600));
#2711=IFCINDEXEDPOLYGONALFACE((1803,1801,1755));
#2712=IFCINDEXEDPOLYGONALFACE((2100,2098,2052));
#2713=IFCINDEXEDPOLYGONALFACE((707,754,755));
#2714=IFCINDEXEDPOLYGONALFACE((851,909,910));
#2715=IFCINDEXEDPOLYGONALFACE((1600,1647,1648));
#2716=IFCINDEXEDPOLYGONALFACE((1755,1802,1803));
#2717=IFCINDEXEDPOLYGONALFACE((2052,2099,2100));
#2718=IFCINDEXEDPOLYGONALFACE((17,763,698));
#2719=IFCINDEXEDPOLYGONALFACE((63,1656,64));
#2720=IFCINDEXEDPOLYGONALFACE((68,1811,110));
#2721=IFCINDEXEDPOLYGONALFACE((114,2108,159));
#2722=IFCINDEXEDPOLYGONALFACE((726,699,725));
#2723=IFCINDEXEDPOLYGONALFACE((1619,1592,1618));
#2724=IFCINDEXEDPOLYGONALFACE((1774,1747,1773));
#2725=IFCINDEXEDPOLYGONALFACE((2071,2044,2070));
#2726=IFCINDEXEDPOLYGONALFACE((706,743,740));
#2727=IFCINDEXEDPOLYGONALFACE((885,850,888));
#2728=IFCINDEXEDPOLYGONALFACE((1599,1636,1633));
#2729=IFCINDEXEDPOLYGONALFACE((1754,1791,1788));
#2730=IFCINDEXEDPOLYGONALFACE((2051,2088,2085));
#2731=IFCINDEXEDPOLYGONALFACE((744,739,740));
#2732=IFCINDEXEDPOLYGONALFACE((889,884,885));
#2733=IFCINDEXEDPOLYGONALFACE((1637,1632,1633));
#2734=IFCINDEXEDPOLYGONALFACE((1792,1787,1788));
#2735=IFCINDEXEDPOLYGONALFACE((2089,2084,2085));
#2736=IFCINDEXEDPOLYGONALFACE((748,708,749));
#2737=IFCINDEXEDPOLYGONALFACE((893,852,894));
#2738=IFCINDEXEDPOLYGONALFACE((1641,1601,1642));
#2739=IFCINDEXEDPOLYGONALFACE((1796,1756,1797));
#2740=IFCINDEXEDPOLYGONALFACE((2093,2053,2094));
#2741=IFCINDEXEDPOLYGONALFACE((712,744,745));
#2742=IFCINDEXEDPOLYGONALFACE((857,889,890));
#2743=IFCINDEXEDPOLYGONALFACE((1605,1637,1638));
#2744=IFCINDEXEDPOLYGONALFACE((1760,1792,1793));
#2745=IFCINDEXEDPOLYGONALFACE((2057,2089,2090));
#2746=IFCINDEXEDPOLYGONALFACE((726,723,699));
#2747=IFCINDEXEDPOLYGONALFACE((1619,1616,1592));
#2748=IFCINDEXEDPOLYGONALFACE((1774,1771,1747));
#2749=IFCINDEXEDPOLYGONALFACE((2071,2068,2044));
#2750=IFCINDEXEDPOLYGONALFACE((405,698,763));
#2751=IFCINDEXEDPOLYGONALFACE((65,64,1656));
#2752=IFCINDEXEDPOLYGONALFACE((111,110,1811));
#2753=IFCINDEXEDPOLYGONALFACE((160,159,2108));
#2754=IFCINDEXEDPOLYGONALFACE((17,633,763));
#2755=IFCINDEXEDPOLYGONALFACE((63,1527,1656));
#2756=IFCINDEXEDPOLYGONALFACE((68,1682,1811));
#2757=IFCINDEXEDPOLYGONALFACE((114,1979,2108));
#2758=IFCINDEXEDPOLYGONALFACE((760,614,645));
#2759=IFCINDEXEDPOLYGONALFACE((1653,1508,1539));
#2760=IFCINDEXEDPOLYGONALFACE((1808,1663,1694));
#2761=IFCINDEXEDPOLYGONALFACE((2105,1960,1991));
#2762=IFCINDEXEDPOLYGONALFACE((633,614,761));
#2763=IFCINDEXEDPOLYGONALFACE((1527,1508,1654));
#2764=IFCINDEXEDPOLYGONALFACE((1682,1663,1809));
#2765=IFCINDEXEDPOLYGONALFACE((1979,1960,2106));
#2766=IFCINDEXEDPOLYGONALFACE((761,614,760));
#2767=IFCINDEXEDPOLYGONALFACE((1654,1508,1653));
#2768=IFCINDEXEDPOLYGONALFACE((1809,1663,1808));
#2769=IFCINDEXEDPOLYGONALFACE((2106,1960,2105));
#2770=IFCINDEXEDPOLYGONALFACE((723,608,662));
#2771=IFCINDEXEDPOLYGONALFACE((1616,1502,1556));
#2772=IFCINDEXEDPOLYGONALFACE((1771,1657,1711));
#2773=IFCINDEXEDPOLYGONALFACE((2068,1954,2008));
#2774=IFCINDEXEDPOLYGONALFACE((719,727,728));
#2775=IFCINDEXEDPOLYGONALFACE((1612,1620,1621));
#2776=IFCINDEXEDPOLYGONALFACE((1767,1775,1776));
#2777=IFCINDEXEDPOLYGONALFACE((2064,2072,2073));
#2778=IFCINDEXEDPOLYGONALFACE((719,720,727));
#2779=IFCINDEXEDPOLYGONALFACE((1612,1613,1620));
#2780=IFCINDEXEDPOLYGONALFACE((1767,1768,1775));
#2781=IFCINDEXEDPOLYGONALFACE((2064,2065,2072));
#2782=IFCINDEXEDPOLYGONALFACE((723,662,727));
#2783=IFCINDEXEDPOLYGONALFACE((1616,1556,1620));
#2784=IFCINDEXEDPOLYGONALFACE((1771,1711,1775));
#2785=IFCINDEXEDPOLYGONALFACE((2068,2008,2072));
#2786=IFCINDEXEDPOLYGONALFACE((620,727,662));
#2787=IFCINDEXEDPOLYGONALFACE((1514,1620,1556));
#2788=IFCINDEXEDPOLYGONALFACE((1669,1775,1711));
#2789=IFCINDEXEDPOLYGONALFACE((1966,2072,2008));
#2790=IFCINDEXEDPOLYGONALFACE((752,713,751));
#2791=IFCINDEXEDPOLYGONALFACE((1645,1606,1644));
#2792=IFCINDEXEDPOLYGONALFACE((1800,1761,1799));
#2793=IFCINDEXEDPOLYGONALFACE((2097,2058,2096));
#2794=IFCINDEXEDPOLYGONALFACE((726,752,724));
#2795=IFCINDEXEDPOLYGONALFACE((1619,1645,1617));
#2796=IFCINDEXEDPOLYGONALFACE((1774,1800,1772));
#2797=IFCINDEXEDPOLYGONALFACE((2071,2097,2069));
#2798=IFCINDEXEDPOLYGONALFACE((726,608,723));
#2799=IFCINDEXEDPOLYGONALFACE((1619,1502,1616));
#2800=IFCINDEXEDPOLYGONALFACE((1774,1657,1771));
#2801=IFCINDEXEDPOLYGONALFACE((2071,1954,2068));
#2802=IFCINDEXEDPOLYGONALFACE((752,725,713));
#2803=IFCINDEXEDPOLYGONALFACE((1645,1618,1606));
#2804=IFCINDEXEDPOLYGONALFACE((1800,1773,1761));
#2805=IFCINDEXEDPOLYGONALFACE((2097,2070,2058));
#2806=IFCINDEXEDPOLYGONALFACE((726,724,659,608));
#2807=IFCINDEXEDPOLYGONALFACE((1619,1617,1553,1502));
#2808=IFCINDEXEDPOLYGONALFACE((1774,1772,1708,1657));
#2809=IFCINDEXEDPOLYGONALFACE((2071,2069,2005,1954));
#2810=IFCINDEXEDPOLYGONALFACE((727,620,728));
#2811=IFCINDEXEDPOLYGONALFACE((1620,1514,1621));
#2812=IFCINDEXEDPOLYGONALFACE((1775,1669,1776));
#2813=IFCINDEXEDPOLYGONALFACE((2072,1966,2073));
#2814=IFCINDEXEDPOLYGONALFACE((723,727,720));
#2815=IFCINDEXEDPOLYGONALFACE((1616,1620,1613));
#2816=IFCINDEXEDPOLYGONALFACE((1771,1775,1768));
#2817=IFCINDEXEDPOLYGONALFACE((2068,2072,2065));
#2818=IFCINDEXEDPOLYGONALFACE((730,689,619));
#2819=IFCINDEXEDPOLYGONALFACE((1623,1583,1513));
#2820=IFCINDEXEDPOLYGONALFACE((1778,1738,1668));
#2821=IFCINDEXEDPOLYGONALFACE((2075,2035,1965));
#2822=IFCINDEXEDPOLYGONALFACE((728,620,689));
#2823=IFCINDEXEDPOLYGONALFACE((1621,1514,1583));
#2824=IFCINDEXEDPOLYGONALFACE((1776,1669,1738));
#2825=IFCINDEXEDPOLYGONALFACE((2073,1966,2035));
#2826=IFCINDEXEDPOLYGONALFACE((731,729,730));
#2827=IFCINDEXEDPOLYGONALFACE((1624,1622,1623));
#2828=IFCINDEXEDPOLYGONALFACE((1779,1777,1778));
#2829=IFCINDEXEDPOLYGONALFACE((2076,2074,2075));
#2830=IFCINDEXEDPOLYGONALFACE((719,728,730));
#2831=IFCINDEXEDPOLYGONALFACE((1612,1621,1623));
#2832=IFCINDEXEDPOLYGONALFACE((1767,1776,1778));
#2833=IFCINDEXEDPOLYGONALFACE((730,619,731));
#2834=IFCINDEXEDPOLYGONALFACE((1623,1513,1624));
#2835=IFCINDEXEDPOLYGONALFACE((1778,1668,1779));
#2836=IFCINDEXEDPOLYGONALFACE((2075,1965,2076));
#2837=IFCINDEXEDPOLYGONALFACE((730,729,719));
#2838=IFCINDEXEDPOLYGONALFACE((1623,1622,1612));
#2839=IFCINDEXEDPOLYGONALFACE((1778,1777,1767));
#2840=IFCINDEXEDPOLYGONALFACE((2075,2074,2064));
#2841=IFCINDEXEDPOLYGONALFACE((732,686,648));
#2842=IFCINDEXEDPOLYGONALFACE((1625,1580,1542));
#2843=IFCINDEXEDPOLYGONALFACE((1780,1735,1697));
#2844=IFCINDEXEDPOLYGONALFACE((2077,2032,1994));
#2845=IFCINDEXEDPOLYGONALFACE((700,732,704));
#2846=IFCINDEXEDPOLYGONALFACE((1593,1625,1597));
#2847=IFCINDEXEDPOLYGONALFACE((1748,1780,1752));
#2848=IFCINDEXEDPOLYGONALFACE((2045,2077,2049));
#2849=IFCINDEXEDPOLYGONALFACE((732,731,686));
#2850=IFCINDEXEDPOLYGONALFACE((1625,1624,1580));
#2851=IFCINDEXEDPOLYGONALFACE((1780,1779,1735));
#2852=IFCINDEXEDPOLYGONALFACE((2077,2076,2032));
#2853=IFCINDEXEDPOLYGONALFACE((733,732,648));
#2854=IFCINDEXEDPOLYGONALFACE((1626,1625,1542));
#2855=IFCINDEXEDPOLYGONALFACE((1781,1780,1697));
#2856=IFCINDEXEDPOLYGONALFACE((2078,2077,1994));
#2857=IFCINDEXEDPOLYGONALFACE((731,619,686));
#2858=IFCINDEXEDPOLYGONALFACE((1624,1513,1580));
#2859=IFCINDEXEDPOLYGONALFACE((1779,1668,1735));
#2860=IFCINDEXEDPOLYGONALFACE((2076,1965,2032));
#2861=IFCINDEXEDPOLYGONALFACE((681,618,734));
#2862=IFCINDEXEDPOLYGONALFACE((1575,1512,1627));
#2863=IFCINDEXEDPOLYGONALFACE((1730,1667,1782));
#2864=IFCINDEXEDPOLYGONALFACE((2027,1964,2079));
#2865=IFCINDEXEDPOLYGONALFACE((703,704,733));
#2866=IFCINDEXEDPOLYGONALFACE((1596,1597,1626));
#2867=IFCINDEXEDPOLYGONALFACE((1751,1752,1781));
#2868=IFCINDEXEDPOLYGONALFACE((2048,2049,2078));
#2869=IFCINDEXEDPOLYGONALFACE((733,648,681));
#2870=IFCINDEXEDPOLYGONALFACE((1626,1542,1575));
#2871=IFCINDEXEDPOLYGONALFACE((1781,1697,1730));
#2872=IFCINDEXEDPOLYGONALFACE((2078,1994,2027));
#2873=IFCINDEXEDPOLYGONALFACE((701,757,738));
#2874=IFCINDEXEDPOLYGONALFACE((1594,1650,1631));
#2875=IFCINDEXEDPOLYGONALFACE((1749,1805,1786));
#2876=IFCINDEXEDPOLYGONALFACE((2046,2102,2083));
#2877=IFCINDEXEDPOLYGONALFACE((733,734,703));
#2878=IFCINDEXEDPOLYGONALFACE((1626,1627,1596));
#2879=IFCINDEXEDPOLYGONALFACE((1781,1782,1751));
#2880=IFCINDEXEDPOLYGONALFACE((2078,2079,2048));
#2881=IFCINDEXEDPOLYGONALFACE((738,735,737));
#2882=IFCINDEXEDPOLYGONALFACE((1631,1628,1630));
#2883=IFCINDEXEDPOLYGONALFACE((1786,1783,1785));
#2884=IFCINDEXEDPOLYGONALFACE((2083,2080,2082));
#2885=IFCINDEXEDPOLYGONALFACE((737,735,703));
#2886=IFCINDEXEDPOLYGONALFACE((1630,1628,1596));
#2887=IFCINDEXEDPOLYGONALFACE((1785,1783,1751));
#2888=IFCINDEXEDPOLYGONALFACE((2082,2080,2048));
#2889=IFCINDEXEDPOLYGONALFACE((737,618,680,736));
#2890=IFCINDEXEDPOLYGONALFACE((1630,1512,1574,1629));
#2891=IFCINDEXEDPOLYGONALFACE((1785,1667,1729,1784));
#2892=IFCINDEXEDPOLYGONALFACE((2082,1964,2026,2081));
#2893=IFCINDEXEDPOLYGONALFACE((738,737,736));
#2894=IFCINDEXEDPOLYGONALFACE((1631,1630,1629));
#2895=IFCINDEXEDPOLYGONALFACE((1786,1785,1784));
#2896=IFCINDEXEDPOLYGONALFACE((2083,2082,2081));
#2897=IFCINDEXEDPOLYGONALFACE((738,736,625,701));
#2898=IFCINDEXEDPOLYGONALFACE((1631,1629,1519,1594));
#2899=IFCINDEXEDPOLYGONALFACE((1786,1784,1674,1749));
#2900=IFCINDEXEDPOLYGONALFACE((2083,2081,1971,2046));
#2901=IFCINDEXEDPOLYGONALFACE((702,735,738));
#2902=IFCINDEXEDPOLYGONALFACE((1595,1628,1631));
#2903=IFCINDEXEDPOLYGONALFACE((1750,1783,1786));
#2904=IFCINDEXEDPOLYGONALFACE((2047,2080,2083));
#2905=IFCINDEXEDPOLYGONALFACE((753,742,707));
#2906=IFCINDEXEDPOLYGONALFACE((1646,1635,1600));
#2907=IFCINDEXEDPOLYGONALFACE((1801,1790,1755));
#2908=IFCINDEXEDPOLYGONALFACE((2098,2087,2052));
#2909=IFCINDEXEDPOLYGONALFACE((706,740,739));
#2910=IFCINDEXEDPOLYGONALFACE((850,885,884));
#2911=IFCINDEXEDPOLYGONALFACE((1599,1633,1632));
#2912=IFCINDEXEDPOLYGONALFACE((1754,1788,1787));
#2913=IFCINDEXEDPOLYGONALFACE((2051,2085,2084));
#2914=IFCINDEXEDPOLYGONALFACE((744,709,640,710));
#2915=IFCINDEXEDPOLYGONALFACE((889,853,798,855));
#2916=IFCINDEXEDPOLYGONALFACE((1637,1602,1534,1603));
#2917=IFCINDEXEDPOLYGONALFACE((1792,1757,1689,1758));
#2918=IFCINDEXEDPOLYGONALFACE((2089,2054,1986,2055));
#2919=IFCINDEXEDPOLYGONALFACE((753,741,743));
#2920=IFCINDEXEDPOLYGONALFACE((908,887,888));
#2921=IFCINDEXEDPOLYGONALFACE((1646,1634,1636));
#2922=IFCINDEXEDPOLYGONALFACE((1801,1789,1791));
#2923=IFCINDEXEDPOLYGONALFACE((2098,2086,2088));
#2924=IFCINDEXEDPOLYGONALFACE((740,743,709));
#2925=IFCINDEXEDPOLYGONALFACE((888,853,885));
#2926=IFCINDEXEDPOLYGONALFACE((1633,1636,1602));
#2927=IFCINDEXEDPOLYGONALFACE((1788,1791,1757));
#2928=IFCINDEXEDPOLYGONALFACE((2085,2088,2054));
#2929=IFCINDEXEDPOLYGONALFACE((706,742,743));
#2930=IFCINDEXEDPOLYGONALFACE((850,886,888));
#2931=IFCINDEXEDPOLYGONALFACE((1599,1635,1636));
#2932=IFCINDEXEDPOLYGONALFACE((1754,1790,1791));
#2933=IFCINDEXEDPOLYGONALFACE((2051,2087,2088));
#2934=IFCINDEXEDPOLYGONALFACE((753,743,742));
#2935=IFCINDEXEDPOLYGONALFACE((908,888,886));
#2936=IFCINDEXEDPOLYGONALFACE((1646,1636,1635));
#2937=IFCINDEXEDPOLYGONALFACE((1801,1791,1790));
#2938=IFCINDEXEDPOLYGONALFACE((2098,2088,2087));
#2939=IFCINDEXEDPOLYGONALFACE((745,710,639,653,705));
#2940=IFCINDEXEDPOLYGONALFACE((890,855,797,807,849));
#2941=IFCINDEXEDPOLYGONALFACE((1638,1603,1533,1547,1598));
#2942=IFCINDEXEDPOLYGONALFACE((1793,1758,1688,1702,1753));
#2943=IFCINDEXEDPOLYGONALFACE((2090,2055,1985,1999,2050));
#2944=IFCINDEXEDPOLYGONALFACE((712,739,744));
#2945=IFCINDEXEDPOLYGONALFACE((857,884,889));
#2946=IFCINDEXEDPOLYGONALFACE((1605,1632,1637));
#2947=IFCINDEXEDPOLYGONALFACE((1760,1787,1792));
#2948=IFCINDEXEDPOLYGONALFACE((2057,2084,2089));
#2949=IFCINDEXEDPOLYGONALFACE((710,745,744));
#2950=IFCINDEXEDPOLYGONALFACE((855,890,889));
#2951=IFCINDEXEDPOLYGONALFACE((1603,1638,1637));
#2952=IFCINDEXEDPOLYGONALFACE((1758,1793,1792));
#2953=IFCINDEXEDPOLYGONALFACE((2055,2090,2089));
#2954=IFCINDEXEDPOLYGONALFACE((746,748,749));
#2955=IFCINDEXEDPOLYGONALFACE((891,893,894));
#2956=IFCINDEXEDPOLYGONALFACE((1639,1641,1642));
#2957=IFCINDEXEDPOLYGONALFACE((1794,1796,1797));
#2958=IFCINDEXEDPOLYGONALFACE((2091,2093,2094));
#2959=IFCINDEXEDPOLYGONALFACE((751,747,748));
#2960=IFCINDEXEDPOLYGONALFACE((896,892,893));
#2961=IFCINDEXEDPOLYGONALFACE((1644,1640,1641));
#2962=IFCINDEXEDPOLYGONALFACE((1799,1795,1796));
#2963=IFCINDEXEDPOLYGONALFACE((2096,2092,2093));
#2964=IFCINDEXEDPOLYGONALFACE((749,705,628,746));
#2965=IFCINDEXEDPOLYGONALFACE((894,849,784,891));
#2966=IFCINDEXEDPOLYGONALFACE((1642,1598,1522,1639));
#2967=IFCINDEXEDPOLYGONALFACE((1797,1753,1677,1794));
#2968=IFCINDEXEDPOLYGONALFACE((2094,2050,1974,2091));
#2969=IFCINDEXEDPOLYGONALFACE((708,748,747));
#2970=IFCINDEXEDPOLYGONALFACE((852,893,892));
#2971=IFCINDEXEDPOLYGONALFACE((1601,1641,1640));
#2972=IFCINDEXEDPOLYGONALFACE((1756,1796,1795));
#2973=IFCINDEXEDPOLYGONALFACE((2053,2093,2092));
#2974=IFCINDEXEDPOLYGONALFACE((748,746,656,711));
#2975=IFCINDEXEDPOLYGONALFACE((893,891,810,854));
#2976=IFCINDEXEDPOLYGONALFACE((1641,1639,1550,1604));
#2977=IFCINDEXEDPOLYGONALFACE((1796,1794,1705,1759));
#2978=IFCINDEXEDPOLYGONALFACE((2093,2091,2002,2056));
#2979=IFCINDEXEDPOLYGONALFACE((750,712,745));
#2980=IFCINDEXEDPOLYGONALFACE((895,857,890));
#2981=IFCINDEXEDPOLYGONALFACE((1643,1605,1638));
#2982=IFCINDEXEDPOLYGONALFACE((1798,1760,1793));
#2983=IFCINDEXEDPOLYGONALFACE((2095,2057,2090));
#2984=IFCINDEXEDPOLYGONALFACE((705,749,745));
#2985=IFCINDEXEDPOLYGONALFACE((849,894,890));
#2986=IFCINDEXEDPOLYGONALFACE((1598,1642,1638));
#2987=IFCINDEXEDPOLYGONALFACE((1753,1797,1793));
#2988=IFCINDEXEDPOLYGONALFACE((2050,2094,2090));
#2989=IFCINDEXEDPOLYGONALFACE((749,708,750));
#2990=IFCINDEXEDPOLYGONALFACE((894,852,895));
#2991=IFCINDEXEDPOLYGONALFACE((1642,1601,1643));
#2992=IFCINDEXEDPOLYGONALFACE((1797,1756,1798));
#2993=IFCINDEXEDPOLYGONALFACE((2094,2053,2095));
#2994=IFCINDEXEDPOLYGONALFACE((752,711,631,724));
#2995=IFCINDEXEDPOLYGONALFACE((1645,1604,1525,1617));
#2996=IFCINDEXEDPOLYGONALFACE((1800,1759,1680,1772));
#2997=IFCINDEXEDPOLYGONALFACE((2097,2056,1977,2069));
#2998=IFCINDEXEDPOLYGONALFACE((713,747,751));
#2999=IFCINDEXEDPOLYGONALFACE((856,892,896));
#3000=IFCINDEXEDPOLYGONALFACE((1606,1640,1644));
#3001=IFCINDEXEDPOLYGONALFACE((1761,1795,1799));
#3002=IFCINDEXEDPOLYGONALFACE((2058,2092,2096));
#3003=IFCINDEXEDPOLYGONALFACE((752,751,711));
#3004=IFCINDEXEDPOLYGONALFACE((1645,1644,1604));
#3005=IFCINDEXEDPOLYGONALFACE((1800,1799,1759));
#3006=IFCINDEXEDPOLYGONALFACE((2097,2096,2056));
#3007=IFCINDEXEDPOLYGONALFACE((725,752,726));
#3008=IFCINDEXEDPOLYGONALFACE((1618,1645,1619));
#3009=IFCINDEXEDPOLYGONALFACE((1773,1800,1774));
#3010=IFCINDEXEDPOLYGONALFACE((2070,2097,2071));
#3011=IFCINDEXEDPOLYGONALFACE((762,612,755));
#3012=IFCINDEXEDPOLYGONALFACE((1655,1506,1648));
#3013=IFCINDEXEDPOLYGONALFACE((1810,1661,1803));
#3014=IFCINDEXEDPOLYGONALFACE((2107,1958,2100));
#3015=IFCINDEXEDPOLYGONALFACE((753,612,650,741));
#3016=IFCINDEXEDPOLYGONALFACE((908,776,805,887));
#3017=IFCINDEXEDPOLYGONALFACE((1646,1506,1544,1634));
#3018=IFCINDEXEDPOLYGONALFACE((1801,1661,1699,1789));
#3019=IFCINDEXEDPOLYGONALFACE((2098,1958,1996,2086));
#3020=IFCINDEXEDPOLYGONALFACE((754,716,760));
#3021=IFCINDEXEDPOLYGONALFACE((1647,1609,1653));
#3022=IFCINDEXEDPOLYGONALFACE((1802,1764,1808));
#3023=IFCINDEXEDPOLYGONALFACE((2099,2061,2105));
#3024=IFCINDEXEDPOLYGONALFACE((753,755,612));
#3025=IFCINDEXEDPOLYGONALFACE((908,910,776));
#3026=IFCINDEXEDPOLYGONALFACE((1646,1648,1506));
#3027=IFCINDEXEDPOLYGONALFACE((1801,1803,1661));
#3028=IFCINDEXEDPOLYGONALFACE((2098,2100,1958));
#3029=IFCINDEXEDPOLYGONALFACE((762,754,760));
#3030=IFCINDEXEDPOLYGONALFACE((1655,1647,1653));
#3031=IFCINDEXEDPOLYGONALFACE((1810,1802,1808));
#3032=IFCINDEXEDPOLYGONALFACE((2107,2099,2105));
#3033=IFCINDEXEDPOLYGONALFACE((738,757,702));
#3034=IFCINDEXEDPOLYGONALFACE((1631,1650,1595));
#3035=IFCINDEXEDPOLYGONALFACE((1786,1805,1750));
#3036=IFCINDEXEDPOLYGONALFACE((2083,2102,2047));
#3037=IFCINDEXEDPOLYGONALFACE((760,645,762));
#3038=IFCINDEXEDPOLYGONALFACE((1653,1539,1655));
#3039=IFCINDEXEDPOLYGONALFACE((1808,1694,1810));
#3040=IFCINDEXEDPOLYGONALFACE((2105,1991,2107));
#3041=IFCINDEXEDPOLYGONALFACE((761,760,716));
#3042=IFCINDEXEDPOLYGONALFACE((1654,1653,1609));
#3043=IFCINDEXEDPOLYGONALFACE((1809,1808,1764));
#3044=IFCINDEXEDPOLYGONALFACE((2106,2105,2061));
#3045=IFCINDEXEDPOLYGONALFACE((716,717,761));
#3046=IFCINDEXEDPOLYGONALFACE((1609,1610,1654));
#3047=IFCINDEXEDPOLYGONALFACE((1764,1765,1809));
#3048=IFCINDEXEDPOLYGONALFACE((2061,2062,2106));
#3049=IFCINDEXEDPOLYGONALFACE((761,717,763));
#3050=IFCINDEXEDPOLYGONALFACE((1654,1610,1656));
#3051=IFCINDEXEDPOLYGONALFACE((1809,1765,1811));
#3052=IFCINDEXEDPOLYGONALFACE((2106,2062,2108));
#3053=IFCINDEXEDPOLYGONALFACE((612,762,645));
#3054=IFCINDEXEDPOLYGONALFACE((1506,1655,1539));
#3055=IFCINDEXEDPOLYGONALFACE((1661,1810,1694));
#3056=IFCINDEXEDPOLYGONALFACE((1958,2107,1991));
#3057=IFCINDEXEDPOLYGONALFACE((755,754,762));
#3058=IFCINDEXEDPOLYGONALFACE((1648,1647,1655));
#3059=IFCINDEXEDPOLYGONALFACE((1803,1802,1810));
#3060=IFCINDEXEDPOLYGONALFACE((2100,2099,2107));
#3061=IFCINDEXEDPOLYGONALFACE((761,763,633));
#3062=IFCINDEXEDPOLYGONALFACE((1654,1656,1527));
#3063=IFCINDEXEDPOLYGONALFACE((1809,1811,1682));
#3064=IFCINDEXEDPOLYGONALFACE((2106,2108,1979));
#3065=IFCINDEXEDPOLYGONALFACE((405,763,717));
#3066=IFCINDEXEDPOLYGONALFACE((65,1656,1610));
#3067=IFCINDEXEDPOLYGONALFACE((111,1811,1765));
#3068=IFCINDEXEDPOLYGONALFACE((160,2108,2062));
#3069=IFCINDEXEDPOLYGONALFACE((795,826,828));
#3070=IFCINDEXEDPOLYGONALFACE((815,765,817));
#3071=IFCINDEXEDPOLYGONALFACE((795,828,766));
#3072=IFCINDEXEDPOLYGONALFACE((834,832,833));
#3073=IFCINDEXEDPOLYGONALFACE((837,834,767));
#3074=IFCINDEXEDPOLYGONALFACE((834,837,771));
#3075=IFCINDEXEDPOLYGONALFACE((772,829,832));
#3076=IFCINDEXEDPOLYGONALFACE((829,766,828));
#3077=IFCINDEXEDPOLYGONALFACE((764,817,816));
#3078=IFCINDEXEDPOLYGONALFACE((826,795,821));
#3079=IFCINDEXEDPOLYGONALFACE((815,817,764));
#3080=IFCINDEXEDPOLYGONALFACE((821,793,794));
#3081=IFCINDEXEDPOLYGONALFACE((821,795,792));
#3082=IFCINDEXEDPOLYGONALFACE((817,822,816));
#3083=IFCINDEXEDPOLYGONALFACE((817,823,822));
#3084=IFCINDEXEDPOLYGONALFACE((821,822,793));
#3085=IFCINDEXEDPOLYGONALFACE((821,794,826));
#3086=IFCINDEXEDPOLYGONALFACE((822,792,816));
#3087=IFCINDEXEDPOLYGONALFACE((822,821,792));
#3088=IFCINDEXEDPOLYGONALFACE((823,817,765));
#3089=IFCINDEXEDPOLYGONALFACE((823,793,822));
#3090=IFCINDEXEDPOLYGONALFACE((794,769,826));
#3091=IFCINDEXEDPOLYGONALFACE((826,769,828));
#3092=IFCINDEXEDPOLYGONALFACE((829,830,773));
#3093=IFCINDEXEDPOLYGONALFACE((766,829,772));
#3094=IFCINDEXEDPOLYGONALFACE((829,828,830));
#3095=IFCINDEXEDPOLYGONALFACE((832,829,773));
#3096=IFCINDEXEDPOLYGONALFACE((828,769,830));
#3097=IFCINDEXEDPOLYGONALFACE((833,767,834));
#3098=IFCINDEXEDPOLYGONALFACE((771,772,832));
#3099=IFCINDEXEDPOLYGONALFACE((832,773,833));
#3100=IFCINDEXEDPOLYGONALFACE((768,845,838));
#3101=IFCINDEXEDPOLYGONALFACE((832,834,771));
#3102=IFCINDEXEDPOLYGONALFACE((838,835,837));
#3103=IFCINDEXEDPOLYGONALFACE((837,835,771));
#3104=IFCINDEXEDPOLYGONALFACE((767,836,837));
#3105=IFCINDEXEDPOLYGONALFACE((838,837,836));
#3106=IFCINDEXEDPOLYGONALFACE((768,838,836));
#3107=IFCINDEXEDPOLYGONALFACE((770,835,838));
#3108=IFCINDEXEDPOLYGONALFACE((838,845,770));
#3109=IFCINDEXEDPOLYGONALFACE((900,897,813,764));
#3110=IFCINDEXEDPOLYGONALFACE((1,789,914));
#3111=IFCINDEXEDPOLYGONALFACE((854,896,893));
#3112=IFCINDEXEDPOLYGONALFACE((816,901,764));
#3113=IFCINDEXEDPOLYGONALFACE((911,863,868));
#3114=IFCINDEXEDPOLYGONALFACE((908,886,851));
#3115=IFCINDEXEDPOLYGONALFACE((864,912,913));
#3116=IFCINDEXEDPOLYGONALFACE((865,912,864));
#3117=IFCINDEXEDPOLYGONALFACE((898,900,899));
#3118=IFCINDEXEDPOLYGONALFACE((905,792,795));
#3119=IFCINDEXEDPOLYGONALFACE((877,835,876));
#3120=IFCINDEXEDPOLYGONALFACE((879,878,870));
#3121=IFCINDEXEDPOLYGONALFACE((904,903,905));
#3122=IFCINDEXEDPOLYGONALFACE((876,875,862));
#3123=IFCINDEXEDPOLYGONALFACE((902,901,816));
#3124=IFCINDEXEDPOLYGONALFACE((873,874,875));
#3125=IFCINDEXEDPOLYGONALFACE((868,869,911));
#3126=IFCINDEXEDPOLYGONALFACE((866,915,872));
#3127=IFCINDEXEDPOLYGONALFACE((910,916,776));
#3128=IFCINDEXEDPOLYGONALFACE((914,19,18));
#3129=IFCINDEXEDPOLYGONALFACE((912,789,778));
#3130=IFCINDEXEDPOLYGONALFACE((789,912,914));
#3131=IFCINDEXEDPOLYGONALFACE((788,871,915));
#3132=IFCINDEXEDPOLYGONALFACE((868,861,869));
#3133=IFCINDEXEDPOLYGONALFACE((915,871,459));
#3134=IFCINDEXEDPOLYGONALFACE((873,869,861));
#3135=IFCINDEXEDPOLYGONALFACE((873,840,869));
#3136=IFCINDEXEDPOLYGONALFACE((911,781,867));
#3137=IFCINDEXEDPOLYGONALFACE((840,781,869));
#3138=IFCINDEXEDPOLYGONALFACE((878,882,858));
#3139=IFCINDEXEDPOLYGONALFACE((904,906,859));
#3140=IFCINDEXEDPOLYGONALFACE((867,915,866));
#3141=IFCINDEXEDPOLYGONALFACE((874,862,875));
#3142=IFCINDEXEDPOLYGONALFACE((770,840,873));
#3143=IFCINDEXEDPOLYGONALFACE((873,861,874));
#3144=IFCINDEXEDPOLYGONALFACE((770,876,835));
#3145=IFCINDEXEDPOLYGONALFACE((873,875,770));
#3146=IFCINDEXEDPOLYGONALFACE((877,881,858));
#3147=IFCINDEXEDPOLYGONALFACE((876,770,875));
#3148=IFCINDEXEDPOLYGONALFACE((881,877,876));
#3149=IFCINDEXEDPOLYGONALFACE((878,879,882));
#3150=IFCINDEXEDPOLYGONALFACE((771,835,877));
#3151=IFCINDEXEDPOLYGONALFACE((880,879,870));
#3152=IFCINDEXEDPOLYGONALFACE((772,879,880));
#3153=IFCINDEXEDPOLYGONALFACE((879,771,882));
#3154=IFCINDEXEDPOLYGONALFACE((771,879,772));
#3155=IFCINDEXEDPOLYGONALFACE((880,870,883));
#3156=IFCINDEXEDPOLYGONALFACE((772,880,766));
#3157=IFCINDEXEDPOLYGONALFACE((876,862,881));
#3158=IFCINDEXEDPOLYGONALFACE((771,877,882));
#3159=IFCINDEXEDPOLYGONALFACE((858,882,877));
#3160=IFCINDEXEDPOLYGONALFACE((906,883,859));
#3161=IFCINDEXEDPOLYGONALFACE((898,854,787,897));
#3162=IFCINDEXEDPOLYGONALFACE((898,856,896));
#3163=IFCINDEXEDPOLYGONALFACE((898,896,854));
#3164=IFCINDEXEDPOLYGONALFACE((898,897,900));
#3165=IFCINDEXEDPOLYGONALFACE((899,900,848));
#3166=IFCINDEXEDPOLYGONALFACE((899,856,898));
#3167=IFCINDEXEDPOLYGONALFACE((900,901,848));
#3168=IFCINDEXEDPOLYGONALFACE((901,900,764));
#3169=IFCINDEXEDPOLYGONALFACE((902,907,901));
#3170=IFCINDEXEDPOLYGONALFACE((816,792,902));
#3171=IFCINDEXEDPOLYGONALFACE((903,904,859));
#3172=IFCINDEXEDPOLYGONALFACE((905,795,904));
#3173=IFCINDEXEDPOLYGONALFACE((902,905,860));
#3174=IFCINDEXEDPOLYGONALFACE((766,880,906));
#3175=IFCINDEXEDPOLYGONALFACE((906,795,766));
#3176=IFCINDEXEDPOLYGONALFACE((860,905,903));
#3177=IFCINDEXEDPOLYGONALFACE((792,905,902));
#3178=IFCINDEXEDPOLYGONALFACE((906,904,795));
#3179=IFCINDEXEDPOLYGONALFACE((883,906,880));
#3180=IFCINDEXEDPOLYGONALFACE((907,902,860));
#3181=IFCINDEXEDPOLYGONALFACE((907,848,901));
#3182=IFCINDEXEDPOLYGONALFACE((913,909,864));
#3183=IFCINDEXEDPOLYGONALFACE((916,910,909));
#3184=IFCINDEXEDPOLYGONALFACE((781,911,869));
#3185=IFCINDEXEDPOLYGONALFACE((863,911,867));
#3186=IFCINDEXEDPOLYGONALFACE((912,865,914));
#3187=IFCINDEXEDPOLYGONALFACE((913,912,778));
#3188=IFCINDEXEDPOLYGONALFACE((778,800,913));
#3189=IFCINDEXEDPOLYGONALFACE((913,800,916));
#3190=IFCINDEXEDPOLYGONALFACE((19,914,865));
#3191=IFCINDEXEDPOLYGONALFACE((1,914,18));
#3192=IFCINDEXEDPOLYGONALFACE((872,915,459));
#3193=IFCINDEXEDPOLYGONALFACE((788,915,867));
#3194=IFCINDEXEDPOLYGONALFACE((913,916,909));
#3195=IFCINDEXEDPOLYGONALFACE((776,916,800));
#3196=IFCINDEXEDPOLYGONALFACE((930,1091,1087));
#3197=IFCINDEXEDPOLYGONALFACE((1075,1078,945));
#3198=IFCINDEXEDPOLYGONALFACE((987,918,975));
#3199=IFCINDEXEDPOLYGONALFACE((981,973,972));
#3200=IFCINDEXEDPOLYGONALFACE((1053,943,1056));
#3201=IFCINDEXEDPOLYGONALFACE((986,265,985));
#3202=IFCINDEXEDPOLYGONALFACE((1049,1096,1051));
#3203=IFCINDEXEDPOLYGONALFACE((964,924,1037));
#3204=IFCINDEXEDPOLYGONALFACE((1013,1010,955));
#3205=IFCINDEXEDPOLYGONALFACE((1029,1026,216));
#3206=IFCINDEXEDPOLYGONALFACE((1015,1016,375));
#3207=IFCINDEXEDPOLYGONALFACE((948,1005,1012));
#3208=IFCINDEXEDPOLYGONALFACE((1063,929,1064));
#3209=IFCINDEXEDPOLYGONALFACE((950,1080,1079));
#3210=IFCINDEXEDPOLYGONALFACE((204,1030,1027));
#3211=IFCINDEXEDPOLYGONALFACE((965,357,361));
#3212=IFCINDEXEDPOLYGONALFACE((463,249,966));
#3213=IFCINDEXEDPOLYGONALFACE((986,946,999));
#3214=IFCINDEXEDPOLYGONALFACE((1064,1066,307));
#3215=IFCINDEXEDPOLYGONALFACE((1087,1091,296));
#3216=IFCINDEXEDPOLYGONALFACE((1036,1037,1035));
#3217=IFCINDEXEDPOLYGONALFACE((1061,925,1059));
#3218=IFCINDEXEDPOLYGONALFACE((1087,1086,1085));
#3219=IFCINDEXEDPOLYGONALFACE((1040,1042,963));
#3220=IFCINDEXEDPOLYGONALFACE((942,988,993));
#3221=IFCINDEXEDPOLYGONALFACE((975,918,967));
#3222=IFCINDEXEDPOLYGONALFACE((1080,1081,1082));
#3223=IFCINDEXEDPOLYGONALFACE((992,953,993));
#3224=IFCINDEXEDPOLYGONALFACE((931,1047,1044));
#3225=IFCINDEXEDPOLYGONALFACE((928,1034,1032));
#3226=IFCINDEXEDPOLYGONALFACE((971,959,973));
#3227=IFCINDEXEDPOLYGONALFACE((1084,1081,923));
#3228=IFCINDEXEDPOLYGONALFACE((1020,1022,939));
#3229=IFCINDEXEDPOLYGONALFACE((1004,998,1000));
#3230=IFCINDEXEDPOLYGONALFACE((919,1069,1067));
#3231=IFCINDEXEDPOLYGONALFACE((1057,943,1055));
#3232=IFCINDEXEDPOLYGONALFACE((1093,936,1092));
#3233=IFCINDEXEDPOLYGONALFACE((1058,937,1057));
#3234=IFCINDEXEDPOLYGONALFACE((923,1085,1086));
#3235=IFCINDEXEDPOLYGONALFACE((1023,1025,944));
#3236=IFCINDEXEDPOLYGONALFACE((1001,1002,922));
#3237=IFCINDEXEDPOLYGONALFACE((1064,929,1066));
#3238=IFCINDEXEDPOLYGONALFACE((921,1017,1018));
#3239=IFCINDEXEDPOLYGONALFACE((1022,1020,217));
#3240=IFCINDEXEDPOLYGONALFACE((1051,1050,940));
#3241=IFCINDEXEDPOLYGONALFACE((280,1006,258));
#3242=IFCINDEXEDPOLYGONALFACE((995,993,996));
#3243=IFCINDEXEDPOLYGONALFACE((921,1018,1016));
#3244=IFCINDEXEDPOLYGONALFACE((211,1025,1023));
#3245=IFCINDEXEDPOLYGONALFACE((1071,1072,949));
#3246=IFCINDEXEDPOLYGONALFACE((985,926,983));
#3247=IFCINDEXEDPOLYGONALFACE((956,1013,1014));
#3248=IFCINDEXEDPOLYGONALFACE((263,1000,1002));
#3249=IFCINDEXEDPOLYGONALFACE((919,1068,1069));
#3250=IFCINDEXEDPOLYGONALFACE((1031,928,1028));
#3251=IFCINDEXEDPOLYGONALFACE((947,979,977));
#3252=IFCINDEXEDPOLYGONALFACE((1048,1046,1047));
#3253=IFCINDEXEDPOLYGONALFACE((966,1014,463));
#3254=IFCINDEXEDPOLYGONALFACE((992,987,989));
#3255=IFCINDEXEDPOLYGONALFACE((1070,949,1072));
#3256=IFCINDEXEDPOLYGONALFACE((951,990,980));
#3257=IFCINDEXEDPOLYGONALFACE((1019,234,1020));
#3258=IFCINDEXEDPOLYGONALFACE((1052,957,965));
#3259=IFCINDEXEDPOLYGONALFACE((1011,941,1008));
#3260=IFCINDEXEDPOLYGONALFACE((958,387,463));
#3261=IFCINDEXEDPOLYGONALFACE((957,954,965));
#3262=IFCINDEXEDPOLYGONALFACE((976,997,954));
#3263=IFCINDEXEDPOLYGONALFACE((340,465,1052));
#3264=IFCINDEXEDPOLYGONALFACE((388,957,1052));
#3265=IFCINDEXEDPOLYGONALFACE((1013,955,1014));
#3266=IFCINDEXEDPOLYGONALFACE((959,972,973));
#3267=IFCINDEXEDPOLYGONALFACE((971,960,219,961));
#3268=IFCINDEXEDPOLYGONALFACE((962,1042,1040));
#3269=IFCINDEXEDPOLYGONALFACE((1038,1040,964));
#3270=IFCINDEXEDPOLYGONALFACE((964,1037,1038));
#3271=IFCINDEXEDPOLYGONALFACE((1052,965,361));
#3272=IFCINDEXEDPOLYGONALFACE((363,976,354));
#3273=IFCINDEXEDPOLYGONALFACE((934,975,961));
#3274=IFCINDEXEDPOLYGONALFACE((976,954,968));
#3275=IFCINDEXEDPOLYGONALFACE((965,997,357));
#3276=IFCINDEXEDPOLYGONALFACE((968,977,976));
#3277=IFCINDEXEDPOLYGONALFACE((300,1073,1074));
#3278=IFCINDEXEDPOLYGONALFACE((975,971,961));
#3279=IFCINDEXEDPOLYGONALFACE((967,959,971));
#3280=IFCINDEXEDPOLYGONALFACE((926,982,981));
#3281=IFCINDEXEDPOLYGONALFACE((976,977,354));
#3282=IFCINDEXEDPOLYGONALFACE((981,982,205));
#3283=IFCINDEXEDPOLYGONALFACE((971,973,960));
#3284=IFCINDEXEDPOLYGONALFACE((975,934,987));
#3285=IFCINDEXEDPOLYGONALFACE((974,981,205));
#3286=IFCINDEXEDPOLYGONALFACE((973,974,220,960));
#3287=IFCINDEXEDPOLYGONALFACE((971,975,967));
#3288=IFCINDEXEDPOLYGONALFACE((976,363,997));
#3289=IFCINDEXEDPOLYGONALFACE((977,968,947));
#3290=IFCINDEXEDPOLYGONALFACE((979,980,355));
#3291=IFCINDEXEDPOLYGONALFACE((979,368,977));
#3292=IFCINDEXEDPOLYGONALFACE((947,978,979));
#3293=IFCINDEXEDPOLYGONALFACE((990,373,980));
#3294=IFCINDEXEDPOLYGONALFACE((355,980,373));
#3295=IFCINDEXEDPOLYGONALFACE((980,979,978));
#3296=IFCINDEXEDPOLYGONALFACE((368,979,355));
#3297=IFCINDEXEDPOLYGONALFACE((368,354,977));
#3298=IFCINDEXEDPOLYGONALFACE((951,980,978));
#3299=IFCINDEXEDPOLYGONALFACE((973,981,974));
#3300=IFCINDEXEDPOLYGONALFACE((926,981,972));
#3301=IFCINDEXEDPOLYGONALFACE((982,985,984));
#3302=IFCINDEXEDPOLYGONALFACE((982,926,985));
#3303=IFCINDEXEDPOLYGONALFACE((984,985,265));
#3304=IFCINDEXEDPOLYGONALFACE((983,986,985));
#3305=IFCINDEXEDPOLYGONALFACE((982,984,268,205));
#3306=IFCINDEXEDPOLYGONALFACE((986,983,946));
#3307=IFCINDEXEDPOLYGONALFACE((1016,991,921));
#3308=IFCINDEXEDPOLYGONALFACE((999,288,986));
#3309=IFCINDEXEDPOLYGONALFACE((992,989,210,953));
#3310=IFCINDEXEDPOLYGONALFACE((988,992,993));
#3311=IFCINDEXEDPOLYGONALFACE((987,934,242,989));
#3312=IFCINDEXEDPOLYGONALFACE((987,992,918));
#3313=IFCINDEXEDPOLYGONALFACE((951,991,1015));
#3314=IFCINDEXEDPOLYGONALFACE((346,373,990));
#3315=IFCINDEXEDPOLYGONALFACE((1015,346,990));
#3316=IFCINDEXEDPOLYGONALFACE((1015,990,951));
#3317=IFCINDEXEDPOLYGONALFACE((992,988,918));
#3318=IFCINDEXEDPOLYGONALFACE((995,996,209));
#3319=IFCINDEXEDPOLYGONALFACE((995,209,1019));
#3320=IFCINDEXEDPOLYGONALFACE((1019,939,994));
#3321=IFCINDEXEDPOLYGONALFACE((942,993,995));
#3322=IFCINDEXEDPOLYGONALFACE((994,942,995));
#3323=IFCINDEXEDPOLYGONALFACE((993,953,238,996));
#3324=IFCINDEXEDPOLYGONALFACE((357,997,363));
#3325=IFCINDEXEDPOLYGONALFACE((954,997,965));
#3326=IFCINDEXEDPOLYGONALFACE((946,998,999));
#3327=IFCINDEXEDPOLYGONALFACE((1000,286,1004));
#3328=IFCINDEXEDPOLYGONALFACE((1000,998,922));
#3329=IFCINDEXEDPOLYGONALFACE((286,1000,263));
#3330=IFCINDEXEDPOLYGONALFACE((999,1004,262));
#3331=IFCINDEXEDPOLYGONALFACE((288,999,262));
#3332=IFCINDEXEDPOLYGONALFACE((1002,1000,922));
#3333=IFCINDEXEDPOLYGONALFACE((1003,1002,1001));
#3334=IFCINDEXEDPOLYGONALFACE((1003,281,1002));
#3335=IFCINDEXEDPOLYGONALFACE((1001,948,1003));
#3336=IFCINDEXEDPOLYGONALFACE((1006,280,1012));
#3337=IFCINDEXEDPOLYGONALFACE((262,1004,286));
#3338=IFCINDEXEDPOLYGONALFACE((998,1004,999));
#3339=IFCINDEXEDPOLYGONALFACE((1007,258,1006));
#3340=IFCINDEXEDPOLYGONALFACE((1012,1005,1006));
#3341=IFCINDEXEDPOLYGONALFACE((1003,1012,255));
#3342=IFCINDEXEDPOLYGONALFACE((1005,1007,1006));
#3343=IFCINDEXEDPOLYGONALFACE((1007,1005,941));
#3344=IFCINDEXEDPOLYGONALFACE((1008,1010,1011));
#3345=IFCINDEXEDPOLYGONALFACE((1011,274,1007));
#3346=IFCINDEXEDPOLYGONALFACE((1010,1013,1009));
#3347=IFCINDEXEDPOLYGONALFACE((1013,956,269,1009));
#3348=IFCINDEXEDPOLYGONALFACE((256,1010,1009));
#3349=IFCINDEXEDPOLYGONALFACE((955,1010,1008));
#3350=IFCINDEXEDPOLYGONALFACE((256,1011,1010));
#3351=IFCINDEXEDPOLYGONALFACE((941,1011,1007));
#3352=IFCINDEXEDPOLYGONALFACE((255,1012,280));
#3353=IFCINDEXEDPOLYGONALFACE((948,1012,1003));
#3354=IFCINDEXEDPOLYGONALFACE((274,1011,256));
#3355=IFCINDEXEDPOLYGONALFACE((274,258,1007));
#3356=IFCINDEXEDPOLYGONALFACE((1014,955,958));
#3357=IFCINDEXEDPOLYGONALFACE((463,1014,958));
#3358=IFCINDEXEDPOLYGONALFACE((1014,966,257,956));
#3359=IFCINDEXEDPOLYGONALFACE((281,1003,255));
#3360=IFCINDEXEDPOLYGONALFACE((281,263,1002));
#3361=IFCINDEXEDPOLYGONALFACE((288,265,986));
#3362=IFCINDEXEDPOLYGONALFACE((1015,991,1016));
#3363=IFCINDEXEDPOLYGONALFACE((375,1016,349));
#3364=IFCINDEXEDPOLYGONALFACE((375,346,1015));
#3365=IFCINDEXEDPOLYGONALFACE((1053,380,1018));
#3366=IFCINDEXEDPOLYGONALFACE((1057,937,348,1054));
#3367=IFCINDEXEDPOLYGONALFACE((1016,1018,349));
#3368=IFCINDEXEDPOLYGONALFACE((1053,1018,1017));
#3369=IFCINDEXEDPOLYGONALFACE((1020,234,217));
#3370=IFCINDEXEDPOLYGONALFACE((380,349,1018));
#3371=IFCINDEXEDPOLYGONALFACE((1019,209,234));
#3372=IFCINDEXEDPOLYGONALFACE((995,1019,994));
#3373=IFCINDEXEDPOLYGONALFACE((939,1022,1021));
#3374=IFCINDEXEDPOLYGONALFACE((1019,1020,939));
#3375=IFCINDEXEDPOLYGONALFACE((1023,1021,1022));
#3376=IFCINDEXEDPOLYGONALFACE((1023,230,211));
#3377=IFCINDEXEDPOLYGONALFACE((1023,1022,230));
#3378=IFCINDEXEDPOLYGONALFACE((1022,217,230));
#3379=IFCINDEXEDPOLYGONALFACE((1024,1025,1026));
#3380=IFCINDEXEDPOLYGONALFACE((1023,944,1021));
#3381=IFCINDEXEDPOLYGONALFACE((920,1024,1026));
#3382=IFCINDEXEDPOLYGONALFACE((1025,211,225));
#3383=IFCINDEXEDPOLYGONALFACE((944,1025,1024));
#3384=IFCINDEXEDPOLYGONALFACE((225,1026,1025));
#3385=IFCINDEXEDPOLYGONALFACE((1026,225,216));
#3386=IFCINDEXEDPOLYGONALFACE((1028,1030,1031));
#3387=IFCINDEXEDPOLYGONALFACE((1026,1029,920));
#3388=IFCINDEXEDPOLYGONALFACE((1029,216,223,1027));
#3389=IFCINDEXEDPOLYGONALFACE((1030,920,1029));
#3390=IFCINDEXEDPOLYGONALFACE((1029,1027,1030));
#3391=IFCINDEXEDPOLYGONALFACE((1030,204,1031));
#3392=IFCINDEXEDPOLYGONALFACE((1030,1028,920));
#3393=IFCINDEXEDPOLYGONALFACE((1034,1033,1107,970));
#3394=IFCINDEXEDPOLYGONALFACE((1035,1032,1034));
#3395=IFCINDEXEDPOLYGONALFACE((1031,204,1033));
#3396=IFCINDEXEDPOLYGONALFACE((1031,1034,928));
#3397=IFCINDEXEDPOLYGONALFACE((1033,1034,1031));
#3398=IFCINDEXEDPOLYGONALFACE((1035,1034,970));
#3399=IFCINDEXEDPOLYGONALFACE((1036,933,1037));
#3400=IFCINDEXEDPOLYGONALFACE((924,1032,1035));
#3401=IFCINDEXEDPOLYGONALFACE((1035,970,1106,1036));
#3402=IFCINDEXEDPOLYGONALFACE((1037,933,1038));
#3403=IFCINDEXEDPOLYGONALFACE((1035,1037,924));
#3404=IFCINDEXEDPOLYGONALFACE((1040,1039,1100,962));
#3405=IFCINDEXEDPOLYGONALFACE((1040,1038,1039));
#3406=IFCINDEXEDPOLYGONALFACE((1038,933,1126,1039));
#3407=IFCINDEXEDPOLYGONALFACE((1041,1042,1044));
#3408=IFCINDEXEDPOLYGONALFACE((1040,963,964));
#3409=IFCINDEXEDPOLYGONALFACE((917,1041,1044));
#3410=IFCINDEXEDPOLYGONALFACE((1042,962,1122,1043));
#3411=IFCINDEXEDPOLYGONALFACE((963,1042,1041));
#3412=IFCINDEXEDPOLYGONALFACE((1043,1044,1042));
#3413=IFCINDEXEDPOLYGONALFACE((1044,1043,931));
#3414=IFCINDEXEDPOLYGONALFACE((1046,1048,1049));
#3415=IFCINDEXEDPOLYGONALFACE((1047,931,1045));
#3416=IFCINDEXEDPOLYGONALFACE((1047,1045,1048));
#3417=IFCINDEXEDPOLYGONALFACE((1047,1046,917));
#3418=IFCINDEXEDPOLYGONALFACE((1044,1047,917));
#3419=IFCINDEXEDPOLYGONALFACE((1045,952,1048));
#3420=IFCINDEXEDPOLYGONALFACE((1049,1048,952));
#3421=IFCINDEXEDPOLYGONALFACE((1095,1050,1051));
#3422=IFCINDEXEDPOLYGONALFACE((1046,1049,940));
#3423=IFCINDEXEDPOLYGONALFACE((1049,1051,940));
#3424=IFCINDEXEDPOLYGONALFACE((1095,1051,932));
#3425=IFCINDEXEDPOLYGONALFACE((340,1052,361));
#3426=IFCINDEXEDPOLYGONALFACE((1052,465,388));
#3427=IFCINDEXEDPOLYGONALFACE((943,1053,1017));
#3428=IFCINDEXEDPOLYGONALFACE((380,1053,347));
#3429=IFCINDEXEDPOLYGONALFACE((943,1057,1056));
#3430=IFCINDEXEDPOLYGONALFACE((347,1053,1056));
#3431=IFCINDEXEDPOLYGONALFACE((1055,1058,1057));
#3432=IFCINDEXEDPOLYGONALFACE((1054,347,1056));
#3433=IFCINDEXEDPOLYGONALFACE((1056,1057,1054));
#3434=IFCINDEXEDPOLYGONALFACE((1058,1055,925));
#3435=IFCINDEXEDPOLYGONALFACE((925,1061,1058));
#3436=IFCINDEXEDPOLYGONALFACE((1061,1062,1058));
#3437=IFCINDEXEDPOLYGONALFACE((1063,1061,1059));
#3438=IFCINDEXEDPOLYGONALFACE((1064,307,314,1060));
#3439=IFCINDEXEDPOLYGONALFACE((295,1063,1060));
#3440=IFCINDEXEDPOLYGONALFACE((1061,1063,295));
#3441=IFCINDEXEDPOLYGONALFACE((1062,1061,295));
#3442=IFCINDEXEDPOLYGONALFACE((1058,1062,359,937));
#3443=IFCINDEXEDPOLYGONALFACE((929,1063,1059));
#3444=IFCINDEXEDPOLYGONALFACE((1063,1064,1060));
#3445=IFCINDEXEDPOLYGONALFACE((929,1065,1066));
#3446=IFCINDEXEDPOLYGONALFACE((1066,1067,316));
#3447=IFCINDEXEDPOLYGONALFACE((1067,1065,919));
#3448=IFCINDEXEDPOLYGONALFACE((1066,1065,1067));
#3449=IFCINDEXEDPOLYGONALFACE((316,1067,302));
#3450=IFCINDEXEDPOLYGONALFACE((316,307,1066));
#3451=IFCINDEXEDPOLYGONALFACE((1070,321,1069));
#3452=IFCINDEXEDPOLYGONALFACE((325,1073,300));
#3453=IFCINDEXEDPOLYGONALFACE((1067,1069,302));
#3454=IFCINDEXEDPOLYGONALFACE((1070,1069,1068));
#3455=IFCINDEXEDPOLYGONALFACE((949,1070,1068));
#3456=IFCINDEXEDPOLYGONALFACE((321,302,1069));
#3457=IFCINDEXEDPOLYGONALFACE((321,1070,308));
#3458=IFCINDEXEDPOLYGONALFACE((1072,1071,1073));
#3459=IFCINDEXEDPOLYGONALFACE((308,1070,1072));
#3460=IFCINDEXEDPOLYGONALFACE((1071,1074,1073));
#3461=IFCINDEXEDPOLYGONALFACE((325,308,1072));
#3462=IFCINDEXEDPOLYGONALFACE((1072,1073,325));
#3463=IFCINDEXEDPOLYGONALFACE((1074,1071,945));
#3464=IFCINDEXEDPOLYGONALFACE((1078,1075,1079));
#3465=IFCINDEXEDPOLYGONALFACE((1078,1074,945));
#3466=IFCINDEXEDPOLYGONALFACE((1078,969,329,1076));
#3467=IFCINDEXEDPOLYGONALFACE((1080,935,333,1077));
#3468=IFCINDEXEDPOLYGONALFACE((1076,300,1074));
#3469=IFCINDEXEDPOLYGONALFACE((1079,1077,301,969));
#3470=IFCINDEXEDPOLYGONALFACE((1076,1074,1078));
#3471=IFCINDEXEDPOLYGONALFACE((1078,1079,969));
#3472=IFCINDEXEDPOLYGONALFACE((950,1079,1075));
#3473=IFCINDEXEDPOLYGONALFACE((1079,1080,1077));
#3474=IFCINDEXEDPOLYGONALFACE((1082,1084,1083));
#3475=IFCINDEXEDPOLYGONALFACE((1080,950,1081));
#3476=IFCINDEXEDPOLYGONALFACE((935,1080,1082));
#3477=IFCINDEXEDPOLYGONALFACE((1082,1081,1084));
#3478=IFCINDEXEDPOLYGONALFACE((1084,938,310,1083));
#3479=IFCINDEXEDPOLYGONALFACE((1083,935,1082));
#3480=IFCINDEXEDPOLYGONALFACE((1084,1086,938));
#3481=IFCINDEXEDPOLYGONALFACE((1091,1090,1092));
#3482=IFCINDEXEDPOLYGONALFACE((1086,1084,923));
#3483=IFCINDEXEDPOLYGONALFACE((1087,1088,1086));
#3484=IFCINDEXEDPOLYGONALFACE((1085,930,1087));
#3485=IFCINDEXEDPOLYGONALFACE((1091,1092,1089));
#3486=IFCINDEXEDPOLYGONALFACE((1088,1087,296));
#3487=IFCINDEXEDPOLYGONALFACE((1086,1088,311,938));
#3488=IFCINDEXEDPOLYGONALFACE((1089,296,1091));
#3489=IFCINDEXEDPOLYGONALFACE((1090,1093,1092));
#3490=IFCINDEXEDPOLYGONALFACE((1090,1091,930));
#3491=IFCINDEXEDPOLYGONALFACE((1093,1090,927));
#3492=IFCINDEXEDPOLYGONALFACE((1092,936,1110,1089));
#3493=IFCINDEXEDPOLYGONALFACE((1094,1095,932));
#3494=IFCINDEXEDPOLYGONALFACE((1095,1093,927));
#3495=IFCINDEXEDPOLYGONALFACE((927,1050,1095));
#3496=IFCINDEXEDPOLYGONALFACE((1094,936,1093));
#3497=IFCINDEXEDPOLYGONALFACE((1094,1093,1095));
#3498=IFCINDEXEDPOLYGONALFACE((1096,1049,952));
#3499=IFCINDEXEDPOLYGONALFACE((1096,932,1051));
#3500=IFCINDEXEDPOLYGONALFACE((1158,1164,1165));
#3501=IFCINDEXEDPOLYGONALFACE((1837,1843,1844));
#3502=IFCINDEXEDPOLYGONALFACE((2134,2140,2141));
#3503=IFCINDEXEDPOLYGONALFACE((1420,1421,1308));
#3504=IFCINDEXEDPOLYGONALFACE((1401,1398,1298));
#3505=IFCINDEXEDPOLYGONALFACE((1306,1447,1445));
#3506=IFCINDEXEDPOLYGONALFACE((1380,1383,77));
#3507=IFCINDEXEDPOLYGONALFACE((1456,1454,1458));
#3508=IFCINDEXEDPOLYGONALFACE((1284,1461,1462));
#3509=IFCINDEXEDPOLYGONALFACE((1297,1359,1361));
#3510=IFCINDEXEDPOLYGONALFACE((1325,1371,1370));
#3511=IFCINDEXEDPOLYGONALFACE((1406,1282,1405));
#3512=IFCINDEXEDPOLYGONALFACE((1355,1324,177));
#3513=IFCINDEXEDPOLYGONALFACE((1307,1353,1351));
#3514=IFCINDEXEDPOLYGONALFACE((1314,1326,1335));
#3515=IFCINDEXEDPOLYGONALFACE((415,464,1466));
#3516=IFCINDEXEDPOLYGONALFACE((1465,1323,11,7,1319));
#3517=IFCINDEXEDPOLYGONALFACE((1383,1382,1384));
#3518=IFCINDEXEDPOLYGONALFACE((1390,1391,1300));
#3519=IFCINDEXEDPOLYGONALFACE((1407,1411,1309));
#3520=IFCINDEXEDPOLYGONALFACE((1440,1315,1439));
#3521=IFCINDEXEDPOLYGONALFACE((1341,1343,1293));
#3522=IFCINDEXEDPOLYGONALFACE((1358,1357,1277));
#3523=IFCINDEXEDPOLYGONALFACE((1446,1447,1306));
#3524=IFCINDEXEDPOLYGONALFACE((1352,1353,1307));
#3525=IFCINDEXEDPOLYGONALFACE((1329,1288,1334));
#3526=IFCINDEXEDPOLYGONALFACE((1389,1391,70));
#3527=IFCINDEXEDPOLYGONALFACE((1431,1430,1427));
#3528=IFCINDEXEDPOLYGONALFACE((1458,1457,1463));
#3529=IFCINDEXEDPOLYGONALFACE((1377,1375,1281));
#3530=IFCINDEXEDPOLYGONALFACE((1389,1388,1300));
#3531=IFCINDEXEDPOLYGONALFACE((116,1350,1346));
#3532=IFCINDEXEDPOLYGONALFACE((1348,141,124));
#3533=IFCINDEXEDPOLYGONALFACE((1387,1385,1285));
#3534=IFCINDEXEDPOLYGONALFACE((1416,1413,1278));
#3535=IFCINDEXEDPOLYGONALFACE((1450,1280,1455));
#3536=IFCINDEXEDPOLYGONALFACE((1392,1275,1396));
#3537=IFCINDEXEDPOLYGONALFACE((1364,165,1354));
#3538=IFCINDEXEDPOLYGONALFACE((1312,1343,1341));
#3539=IFCINDEXEDPOLYGONALFACE((17,1433,1435));
#3540=IFCINDEXEDPOLYGONALFACE((179,1335,170));
#3541=IFCINDEXEDPOLYGONALFACE((63,1404,1406));
#3542=IFCINDEXEDPOLYGONALFACE((123,1361,1359));
#3543=IFCINDEXEDPOLYGONALFACE((1392,1396,1292));
#3544=IFCINDEXEDPOLYGONALFACE((1419,1421,1286));
#3545=IFCINDEXEDPOLYGONALFACE((1417,1332,1416));
#3546=IFCINDEXEDPOLYGONALFACE((1363,1366,1361));
#3547=IFCINDEXEDPOLYGONALFACE((1453,1280,1452));
#3548=IFCINDEXEDPOLYGONALFACE((1380,1379,1378));
#3549=IFCINDEXEDPOLYGONALFACE((1333,1334,1339));
#3550=IFCINDEXEDPOLYGONALFACE((1328,1330,1375));
#3551=IFCINDEXEDPOLYGONALFACE((1444,1443,1448));
#3552=IFCINDEXEDPOLYGONALFACE((1341,1340,117,1312));
#3553=IFCINDEXEDPOLYGONALFACE((1334,1333,1304));
#3554=IFCINDEXEDPOLYGONALFACE((1380,1303,1383));
#3555=IFCINDEXEDPOLYGONALFACE((1407,1296,1411));
#3556=IFCINDEXEDPOLYGONALFACE((44,1441,1444));
#3557=IFCINDEXEDPOLYGONALFACE((1460,1457,1284));
#3558=IFCINDEXEDPOLYGONALFACE((1431,1429,1436));
#3559=IFCINDEXEDPOLYGONALFACE((1341,1333,1339));
#3560=IFCINDEXEDPOLYGONALFACE((1337,1336,1295));
#3561=IFCINDEXEDPOLYGONALFACE((1362,1359,1357));
#3562=IFCINDEXEDPOLYGONALFACE((1445,1443,1306));
#3563=IFCINDEXEDPOLYGONALFACE((1422,1299,1428));
#3564=IFCINDEXEDPOLYGONALFACE((1345,1337,1338));
#3565=IFCINDEXEDPOLYGONALFACE((1355,1322,1324));
#3566=IFCINDEXEDPOLYGONALFACE((1434,1435,1276));
#3567=IFCINDEXEDPOLYGONALFACE((1426,1424,1428));
#3568=IFCINDEXEDPOLYGONALFACE((1429,1431,1316));
#3569=IFCINDEXEDPOLYGONALFACE((1314,1335,1356));
#3570=IFCINDEXEDPOLYGONALFACE((1438,1315,1442));
#3571=IFCINDEXEDPOLYGONALFACE((1,1460,1462));
#3572=IFCINDEXEDPOLYGONALFACE((416,1322,1355));
#3573=IFCINDEXEDPOLYGONALFACE((1464,1319,12,1320));
#3574=IFCINDEXEDPOLYGONALFACE((1466,2,1323));
#3575=IFCINDEXEDPOLYGONALFACE((1319,1464,1465));
#3576=IFCINDEXEDPOLYGONALFACE((2,1466,464));
#3577=IFCINDEXEDPOLYGONALFACE((177,1324,173));
#3578=IFCINDEXEDPOLYGONALFACE((158,462,1355));
#3579=IFCINDEXEDPOLYGONALFACE((1314,1324,1322));
#3580=IFCINDEXEDPOLYGONALFACE((114,1369,1366));
#3581=IFCINDEXEDPOLYGONALFACE((1372,1373,1371));
#3582=IFCINDEXEDPOLYGONALFACE((1324,1356,173));
#3583=IFCINDEXEDPOLYGONALFACE((1335,1326,1336));
#3584=IFCINDEXEDPOLYGONALFACE((1277,1349,1358));
#3585=IFCINDEXEDPOLYGONALFACE((1330,1328,126,1329));
#3586=IFCINDEXEDPOLYGONALFACE((1334,1330,1329));
#3587=IFCINDEXEDPOLYGONALFACE((1304,1327,1330));
#3588=IFCINDEXEDPOLYGONALFACE((1375,1330,1327));
#3589=IFCINDEXEDPOLYGONALFACE((1402,1400,1404));
#3590=IFCINDEXEDPOLYGONALFACE((1398,1399,1289));
#3591=IFCINDEXEDPOLYGONALFACE((1385,91,72));
#3592=IFCINDEXEDPOLYGONALFACE((1413,1414,1290));
#3593=IFCINDEXEDPOLYGONALFACE((1334,1288,1339));
#3594=IFCINDEXEDPOLYGONALFACE((1330,1334,1304));
#3595=IFCINDEXEDPOLYGONALFACE((1335,179,1356));
#3596=IFCINDEXEDPOLYGONALFACE((1336,1326,1295));
#3597=IFCINDEXEDPOLYGONALFACE((1336,1337,183));
#3598=IFCINDEXEDPOLYGONALFACE((170,1335,1336));
#3599=IFCINDEXEDPOLYGONALFACE((183,1337,171));
#3600=IFCINDEXEDPOLYGONALFACE((183,170,1336));
#3601=IFCINDEXEDPOLYGONALFACE((1344,1346,1343));
#3602=IFCINDEXEDPOLYGONALFACE((1337,1295,1338));
#3603=IFCINDEXEDPOLYGONALFACE((171,1337,1345));
#3604=IFCINDEXEDPOLYGONALFACE((1341,1339,1340));
#3605=IFCINDEXEDPOLYGONALFACE((1339,1288,149,1340));
#3606=IFCINDEXEDPOLYGONALFACE((1342,1343,1346));
#3607=IFCINDEXEDPOLYGONALFACE((1341,1293,1333));
#3608=IFCINDEXEDPOLYGONALFACE((1305,1342,1346));
#3609=IFCINDEXEDPOLYGONALFACE((1343,1312,145,1344));
#3610=IFCINDEXEDPOLYGONALFACE((1293,1343,1342));
#3611=IFCINDEXEDPOLYGONALFACE((1351,1338,1307));
#3612=IFCINDEXEDPOLYGONALFACE((1346,1344,116));
#3613=IFCINDEXEDPOLYGONALFACE((1345,1338,1351));
#3614=IFCINDEXEDPOLYGONALFACE((188,1351,162));
#3615=IFCINDEXEDPOLYGONALFACE((188,171,1345));
#3616=IFCINDEXEDPOLYGONALFACE((1350,141,1348));
#3617=IFCINDEXEDPOLYGONALFACE((1349,1348,124));
#3618=IFCINDEXEDPOLYGONALFACE((1347,1348,1349));
#3619=IFCINDEXEDPOLYGONALFACE((1348,1305,1350));
#3620=IFCINDEXEDPOLYGONALFACE((1305,1348,1347));
#3621=IFCINDEXEDPOLYGONALFACE((1349,124,137));
#3622=IFCINDEXEDPOLYGONALFACE((1347,1349,1277));
#3623=IFCINDEXEDPOLYGONALFACE((1346,1350,1305));
#3624=IFCINDEXEDPOLYGONALFACE((116,141,1350));
#3625=IFCINDEXEDPOLYGONALFACE((1345,1351,188));
#3626=IFCINDEXEDPOLYGONALFACE((118,1362,1358));
#3627=IFCINDEXEDPOLYGONALFACE((1354,1353,1352));
#3628=IFCINDEXEDPOLYGONALFACE((1279,1364,1354));
#3629=IFCINDEXEDPOLYGONALFACE((1351,1353,162));
#3630=IFCINDEXEDPOLYGONALFACE((1353,1354,192));
#3631=IFCINDEXEDPOLYGONALFACE((192,1354,165));
#3632=IFCINDEXEDPOLYGONALFACE((192,162,1353));
#3633=IFCINDEXEDPOLYGONALFACE((1279,1354,1352));
#3634=IFCINDEXEDPOLYGONALFACE((158,1355,177));
#3635=IFCINDEXEDPOLYGONALFACE((1355,462,416));
#3636=IFCINDEXEDPOLYGONALFACE((173,1356,179));
#3637=IFCINDEXEDPOLYGONALFACE((1324,1314,1356));
#3638=IFCINDEXEDPOLYGONALFACE((1358,137,118));
#3639=IFCINDEXEDPOLYGONALFACE((137,1358,1349));
#3640=IFCINDEXEDPOLYGONALFACE((1359,132,123));
#3641=IFCINDEXEDPOLYGONALFACE((1358,1362,1357));
#3642=IFCINDEXEDPOLYGONALFACE((1360,1361,1366));
#3643=IFCINDEXEDPOLYGONALFACE((1357,1359,1297));
#3644=IFCINDEXEDPOLYGONALFACE((1283,1360,1366));
#3645=IFCINDEXEDPOLYGONALFACE((1361,123,130,1363));
#3646=IFCINDEXEDPOLYGONALFACE((1297,1361,1360));
#3647=IFCINDEXEDPOLYGONALFACE((118,132,1362));
#3648=IFCINDEXEDPOLYGONALFACE((1359,1362,132));
#3649=IFCINDEXEDPOLYGONALFACE((1301,1373,1365));
#3650=IFCINDEXEDPOLYGONALFACE((1366,1363,114));
#3651=IFCINDEXEDPOLYGONALFACE((1364,1279,1374));
#3652=IFCINDEXEDPOLYGONALFACE((1279,1365,1374));
#3653=IFCINDEXEDPOLYGONALFACE((195,1374,163));
#3654=IFCINDEXEDPOLYGONALFACE((195,165,1364));
#3655=IFCINDEXEDPOLYGONALFACE((1366,1369,1283));
#3656=IFCINDEXEDPOLYGONALFACE((114,1367,1369));
#3657=IFCINDEXEDPOLYGONALFACE((1371,1368,1370));
#3658=IFCINDEXEDPOLYGONALFACE((1370,1283,1369));
#3659=IFCINDEXEDPOLYGONALFACE((1370,1369,1367));
#3660=IFCINDEXEDPOLYGONALFACE((1370,1367,175,1325));
#3661=IFCINDEXEDPOLYGONALFACE((1283,1370,1368));
#3662=IFCINDEXEDPOLYGONALFACE((1372,163,1373));
#3663=IFCINDEXEDPOLYGONALFACE((1301,1368,1371));
#3664=IFCINDEXEDPOLYGONALFACE((1371,1325,164,1372));
#3665=IFCINDEXEDPOLYGONALFACE((1373,163,1374));
#3666=IFCINDEXEDPOLYGONALFACE((1371,1373,1301));
#3667=IFCINDEXEDPOLYGONALFACE((1364,1374,195));
#3668=IFCINDEXEDPOLYGONALFACE((1373,1374,1365));
#3669=IFCINDEXEDPOLYGONALFACE((1327,1281,1375));
#3670=IFCINDEXEDPOLYGONALFACE((1375,1377,1376));
#3671=IFCINDEXEDPOLYGONALFACE((1376,1377,68));
#3672=IFCINDEXEDPOLYGONALFACE((1375,1376,127,1328));
#3673=IFCINDEXEDPOLYGONALFACE((1281,1378,1379));
#3674=IFCINDEXEDPOLYGONALFACE((1379,68,1377));
#3675=IFCINDEXEDPOLYGONALFACE((1379,1377,1281));
#3676=IFCINDEXEDPOLYGONALFACE((1380,1381,1379));
#3677=IFCINDEXEDPOLYGONALFACE((1378,1303,1380));
#3678=IFCINDEXEDPOLYGONALFACE((1383,1384,86));
#3679=IFCINDEXEDPOLYGONALFACE((1380,77,84,1381));
#3680=IFCINDEXEDPOLYGONALFACE((1381,68,1379));
#3681=IFCINDEXEDPOLYGONALFACE((86,77,1383));
#3682=IFCINDEXEDPOLYGONALFACE((72,1384,1385));
#3683=IFCINDEXEDPOLYGONALFACE((1382,1383,1303));
#3684=IFCINDEXEDPOLYGONALFACE((1385,1382,1285));
#3685=IFCINDEXEDPOLYGONALFACE((72,86,1384));
#3686=IFCINDEXEDPOLYGONALFACE((1382,1385,1384));
#3687=IFCINDEXEDPOLYGONALFACE((91,1385,1387));
#3688=IFCINDEXEDPOLYGONALFACE((1387,1388,78));
#3689=IFCINDEXEDPOLYGONALFACE((91,1387,78));
#3690=IFCINDEXEDPOLYGONALFACE((1285,1386,1387));
#3691=IFCINDEXEDPOLYGONALFACE((1388,1387,1386));
#3692=IFCINDEXEDPOLYGONALFACE((1386,1300,1388));
#3693=IFCINDEXEDPOLYGONALFACE((1388,1389,95));
#3694=IFCINDEXEDPOLYGONALFACE((95,1389,70));
#3695=IFCINDEXEDPOLYGONALFACE((95,78,1388));
#3696=IFCINDEXEDPOLYGONALFACE((1396,1395,1397));
#3697=IFCINDEXEDPOLYGONALFACE((1391,1389,1300));
#3698=IFCINDEXEDPOLYGONALFACE((1392,1391,1390));
#3699=IFCINDEXEDPOLYGONALFACE((1392,1393,1391));
#3700=IFCINDEXEDPOLYGONALFACE((1390,1275,1392));
#3701=IFCINDEXEDPOLYGONALFACE((1396,1397,1394));
#3702=IFCINDEXEDPOLYGONALFACE((1392,1292,99,1393));
#3703=IFCINDEXEDPOLYGONALFACE((1393,70,1391));
#3704=IFCINDEXEDPOLYGONALFACE((1396,1394,71,1292));
#3705=IFCINDEXEDPOLYGONALFACE((1289,1397,1398));
#3706=IFCINDEXEDPOLYGONALFACE((1395,1396,1275));
#3707=IFCINDEXEDPOLYGONALFACE((1398,1395,1298));
#3708=IFCINDEXEDPOLYGONALFACE((1397,1289,103,1394));
#3709=IFCINDEXEDPOLYGONALFACE((1395,1398,1397));
#3710=IFCINDEXEDPOLYGONALFACE((1399,1398,1401));
#3711=IFCINDEXEDPOLYGONALFACE((1401,1402,1331));
#3712=IFCINDEXEDPOLYGONALFACE((1401,1331,80,1399));
#3713=IFCINDEXEDPOLYGONALFACE((1298,1400,1401));
#3714=IFCINDEXEDPOLYGONALFACE((1402,1401,1400));
#3715=IFCINDEXEDPOLYGONALFACE((1282,1404,1400));
#3716=IFCINDEXEDPOLYGONALFACE((1402,1404,1403));
#3717=IFCINDEXEDPOLYGONALFACE((1403,1404,63));
#3718=IFCINDEXEDPOLYGONALFACE((1402,1403,81,1331));
#3719=IFCINDEXEDPOLYGONALFACE((1296,1412,1411));
#3720=IFCINDEXEDPOLYGONALFACE((1406,1404,1282));
#3721=IFCINDEXEDPOLYGONALFACE((1407,1406,1405));
#3722=IFCINDEXEDPOLYGONALFACE((1407,1408,1406));
#3723=IFCINDEXEDPOLYGONALFACE((1405,1296,1407));
#3724=IFCINDEXEDPOLYGONALFACE((1411,1412,1409));
#3725=IFCINDEXEDPOLYGONALFACE((1407,1309,1479,1408));
#3726=IFCINDEXEDPOLYGONALFACE((1408,63,1406));
#3727=IFCINDEXEDPOLYGONALFACE((1409,1309,1411));
#3728=IFCINDEXEDPOLYGONALFACE((1290,1412,1413));
#3729=IFCINDEXEDPOLYGONALFACE((1412,1296,1410));
#3730=IFCINDEXEDPOLYGONALFACE((1413,1410,1278));
#3731=IFCINDEXEDPOLYGONALFACE((1290,1409,1412));
#3732=IFCINDEXEDPOLYGONALFACE((1410,1413,1412));
#3733=IFCINDEXEDPOLYGONALFACE((1416,1332,1414));
#3734=IFCINDEXEDPOLYGONALFACE((1417,1419,1418));
#3735=IFCINDEXEDPOLYGONALFACE((1415,1417,1416));
#3736=IFCINDEXEDPOLYGONALFACE((1413,1416,1414));
#3737=IFCINDEXEDPOLYGONALFACE((1415,1416,1278));
#3738=IFCINDEXEDPOLYGONALFACE((1419,1415,1308));
#3739=IFCINDEXEDPOLYGONALFACE((1417,1415,1419));
#3740=IFCINDEXEDPOLYGONALFACE((1418,1419,1286));
#3741=IFCINDEXEDPOLYGONALFACE((1418,1332,1417));
#3742=IFCINDEXEDPOLYGONALFACE((1422,1423,1421));
#3743=IFCINDEXEDPOLYGONALFACE((1308,1421,1419));
#3744=IFCINDEXEDPOLYGONALFACE((1426,1311,1495,1424));
#3745=IFCINDEXEDPOLYGONALFACE((1422,1421,1420));
#3746=IFCINDEXEDPOLYGONALFACE((1299,1422,1420));
#3747=IFCINDEXEDPOLYGONALFACE((1428,1425,1426));
#3748=IFCINDEXEDPOLYGONALFACE((1422,1313,1491,1423));
#3749=IFCINDEXEDPOLYGONALFACE((1423,1286,1421));
#3750=IFCINDEXEDPOLYGONALFACE((1299,1425,1428));
#3751=IFCINDEXEDPOLYGONALFACE((1311,1426,1427));
#3752=IFCINDEXEDPOLYGONALFACE((1427,1425,1316));
#3753=IFCINDEXEDPOLYGONALFACE((1425,1427,1426));
#3754=IFCINDEXEDPOLYGONALFACE((1433,1429,1276));
#3755=IFCINDEXEDPOLYGONALFACE((1428,1424,1469,1313));
#3756=IFCINDEXEDPOLYGONALFACE((1422,1428,1313));
#3757=IFCINDEXEDPOLYGONALFACE((1433,1432,1436));
#3758=IFCINDEXEDPOLYGONALFACE((1431,1427,1316));
#3759=IFCINDEXEDPOLYGONALFACE((1430,1311,1427));
#3760=IFCINDEXEDPOLYGONALFACE((1431,1317,1475,1430));
#3761=IFCINDEXEDPOLYGONALFACE((1432,1433,17));
#3762=IFCINDEXEDPOLYGONALFACE((1436,1429,1433));
#3763=IFCINDEXEDPOLYGONALFACE((1438,1437,1435));
#3764=IFCINDEXEDPOLYGONALFACE((1276,1435,1433));
#3765=IFCINDEXEDPOLYGONALFACE((39,1440,25));
#3766=IFCINDEXEDPOLYGONALFACE((1438,1435,1434));
#3767=IFCINDEXEDPOLYGONALFACE((1436,1432,1476,1317));
#3768=IFCINDEXEDPOLYGONALFACE((1431,1436,1317));
#3769=IFCINDEXEDPOLYGONALFACE((1315,1438,1434));
#3770=IFCINDEXEDPOLYGONALFACE((1437,17,1435));
#3771=IFCINDEXEDPOLYGONALFACE((1438,30,37,1437));
#3772=IFCINDEXEDPOLYGONALFACE((1440,39,1442));
#3773=IFCINDEXEDPOLYGONALFACE((1442,1315,1440));
#3774=IFCINDEXEDPOLYGONALFACE((25,1440,1441));
#3775=IFCINDEXEDPOLYGONALFACE((1441,1439,1294));
#3776=IFCINDEXEDPOLYGONALFACE((1439,1441,1440));
#3777=IFCINDEXEDPOLYGONALFACE((1441,1294,1444));
#3778=IFCINDEXEDPOLYGONALFACE((39,30,1442));
#3779=IFCINDEXEDPOLYGONALFACE((1438,1442,30));
#3780=IFCINDEXEDPOLYGONALFACE((1445,48,1448));
#3781=IFCINDEXEDPOLYGONALFACE((44,25,1441));
#3782=IFCINDEXEDPOLYGONALFACE((1443,1444,1294));
#3783=IFCINDEXEDPOLYGONALFACE((44,1444,31));
#3784=IFCINDEXEDPOLYGONALFACE((48,1445,23));
#3785=IFCINDEXEDPOLYGONALFACE((1448,1443,1445));
#3786=IFCINDEXEDPOLYGONALFACE((1450,1449,1447));
#3787=IFCINDEXEDPOLYGONALFACE((1453,1287,56,1451));
#3788=IFCINDEXEDPOLYGONALFACE((1445,1447,23));
#3789=IFCINDEXEDPOLYGONALFACE((1450,1447,1446));
#3790=IFCINDEXEDPOLYGONALFACE((48,31,1448));
#3791=IFCINDEXEDPOLYGONALFACE((1444,1448,31));
#3792=IFCINDEXEDPOLYGONALFACE((1280,1450,1446));
#3793=IFCINDEXEDPOLYGONALFACE((1449,23,1447));
#3794=IFCINDEXEDPOLYGONALFACE((1450,1291,52,1449));
#3795=IFCINDEXEDPOLYGONALFACE((1453,1451,24,1291,1455));
#3796=IFCINDEXEDPOLYGONALFACE((1455,1280,1453));
#3797=IFCINDEXEDPOLYGONALFACE((1287,1453,1454));
#3798=IFCINDEXEDPOLYGONALFACE((1454,1452,1302));
#3799=IFCINDEXEDPOLYGONALFACE((1452,1454,1453));
#3800=IFCINDEXEDPOLYGONALFACE((1454,1302,1458));
#3801=IFCINDEXEDPOLYGONALFACE((1450,1455,1291));
#3802=IFCINDEXEDPOLYGONALFACE((1460,1459,1463));
#3803=IFCINDEXEDPOLYGONALFACE((1456,1287,1454));
#3804=IFCINDEXEDPOLYGONALFACE((1457,1458,1302));
#3805=IFCINDEXEDPOLYGONALFACE((1458,1310,33,1456));
#3806=IFCINDEXEDPOLYGONALFACE((1459,1460,1));
#3807=IFCINDEXEDPOLYGONALFACE((1463,1457,1460));
#3808=IFCINDEXEDPOLYGONALFACE((1320,1,1462));
#3809=IFCINDEXEDPOLYGONALFACE((1284,1462,1460));
#3810=IFCINDEXEDPOLYGONALFACE((1318,1464,1461));
#3811=IFCINDEXEDPOLYGONALFACE((1462,1461,1464));
#3812=IFCINDEXEDPOLYGONALFACE((1463,1459,34,1310));
#3813=IFCINDEXEDPOLYGONALFACE((1458,1463,1310));
#3814=IFCINDEXEDPOLYGONALFACE((1464,1318,1465));
#3815=IFCINDEXEDPOLYGONALFACE((1462,1464,1320));
#3816=IFCINDEXEDPOLYGONALFACE((1318,1321,1465));
#3817=IFCINDEXEDPOLYGONALFACE((1465,1321,1466));
#3818=IFCINDEXEDPOLYGONALFACE((1465,1466,1323));
#3819=IFCINDEXEDPOLYGONALFACE((415,1466,1321));
#3820=IFCINDEXEDPOLYGONALFACE((1780,1748,1779));
#3821=IFCINDEXEDPOLYGONALFACE((2077,2045,2076));
#3822=IFCINDEXEDPOLYGONALFACE((2064,2073,2075));
#3823=IFCCARTESIANPOINTLIST3D(((0.28900000000000137,0.67400000000192484,0.33999999999999958),(0.28900000000000131,0.67400000000192473,0.20800000000000035),(0.29017157287525536,0.67117157287717844,0.20800000000000035),(0.29300000000000137,0.67000000000192494,0.20800000000000035),(0.29300000000000137,0.67000000000192494,0.33599999999999969),(0.29041811645728954,0.67094486050071156,0.33858188354270713),(0.28900000000000131,0.67400000000192473,0.27016591090303538),(0.29300000000000137,0.67000000000192494,0.27199999999999991),(0.29300000000000137,0.67000000000192494,0.30108295545144448),(0.29300000000000137,0.67000000000192494,0.24291704454855556),(0.28900000000000131,0.67400000000192473,0.24291704454848248),(0.28900000000000137,0.67400000000192484,0.30508295545151748),(0.29017157287536421,0.67117157287706963,0.25654147772700303),(0.29010925726765857,0.67123529270179205,0.28654147772291355),(0.2901188219064344,0.67122532654489431,0.23227073886346786),(0.29023374961312093,0.67111073386723186,0.31000118179538388),(0.28900000000000137,0.67400000000192739,0.74920000000000131),(0.29041811645728965,0.67094486050071134,0.34141811645729286),(0.29300000000000137,0.67000000000192494,0.34399999999999975),(0.29300000000000137,0.67000000000192494,0.74520000000000142),(0.29041811645728949,0.67094486050071167,0.74778188354271047),(0.29300000000000137,0.67000000000192494,0.62333617630650784),(0.28900000000000137,0.67400000000192617,0.54460000000000053),(0.28900000000000137,0.67400000000192573,0.47966817819394919),(0.28900000000000137,0.67400000000192672,0.64690000000000081),(0.29300000000000137,0.67000000000192494,0.48366826438947713),(0.29300000000000137,0.67000000000192494,0.55350222034799246),(0.29300000000000137,0.67000000000192494,0.68426808815325457),(0.29300000000000137,0.67000000000192494,0.5884191983272502),(0.28900000000000137,0.67400000000192695,0.69805000000000128),(0.28900000000000137,0.67400000000192639,0.59575000000000067),(0.29300000000000137,0.67000000000192494,0.41383430843096175),(0.28900000000000137,0.67400000000192539,0.40983408909697439),(0.28900000000000137,0.67400000000192506,0.37491704454848696),(0.29300000000000137,0.67000000000192494,0.71028266954829711),(0.29300000000000131,0.67000000000192494,0.37891697797925744),(0.28900000000000137,0.67400000000192706,0.7142829554515141),(0.29011771499466527,0.67122647640404176,0.70616647772758001),(0.28900000000000137,0.67400000000192684,0.67247500000000093),(0.29300000000000137,0.67000000000192494,0.65380213222988126),(0.29003201551211288,0.67131838331051397,0.65968750000166254),(0.29013576359907362,0.67120784136753453,0.63443011165652763),(0.29025887932608946,0.67108688183558618,0.60814051137554326),(0.28900000000000137,0.67400000000192661,0.6213250000000009),(0.29001809760234709,0.6713338683302208,0.68293844019173255),(0.29300000000000137,0.67000000000192494,0.72774133477414926),(0.28971599500587392,0.67171629441701552,0.72739521807501606),(0.28900000000000137,0.67400000000192628,0.57017500000000054),(0.29002690064356407,0.67132405526842376,0.5829625000015568),(0.29006491668165224,0.671282411748648,0.55890362430250973),(0.29300000000000137,0.67000000000192494,0.51858524236873482),(0.28900000000000137,0.67400000000192584,0.51213408909697489),(0.29025761124773514,0.67108807556412708,0.53305871902895052),(0.29025269178171575,0.67109271646677715,0.50978093472163644),(0.29300000000000137,0.67000000000192494,0.44875128641021944),(0.28900000000000137,0.6740000000019255,0.44475113364546182),(0.29031230569636518,0.67103751804751544,0.39637556681970554),(0.29009759602721774,0.67124753725398989,0.42026688795784606),(0.29020002714669602,0.67114340202167755,0.37373272778491423),(0.29012639306421439,0.67121748617831201,0.48679093962097797),(0.28975591754895424,0.67165992969297927,0.46220965592089397),(0.2900224117659092,0.67132905104917495,0.44133989149421815),(0.28900000000000137,0.67400000000192672,1.1584000000000054),(0.29041811645729043,0.67094486050071078,1.1598181164572956),(0.29300000000000143,0.67000000000192494,1.1624000000000057),(0.29300000000000143,0.67000000000192494,1.5636000000000077),(0.29041811645729487,0.67094486050070723,1.5661818835427248),(0.28900000000000142,0.67400000000192617,1.5676000000000074),(0.29300000000000143,0.67000000000192494,1.4417363753956696),(0.28900000000000137,0.67400000000192639,1.3629998435137427),(0.28900000000000137,0.67400000000192661,1.2980680591343756),(0.28900000000000137,0.67400000000192628,1.4652999217568752),(0.29300000000000143,0.67000000000192494,1.3020682418014013),(0.29300000000000143,0.67000000000192494,1.3719023085985358),(0.29300000000000143,0.67000000000192494,1.5026682418014023),(0.29300000000000143,0.67000000000192494,1.4068193419971025),(0.28900000000000142,0.67400000000192617,1.5164499608784412),(0.28900000000000137,0.67400000000192628,1.4141498826353089),(0.29300000000000143,0.67000000000192494,1.2322341750042676),(0.28900000000000137,0.67400000000192661,1.2282338730809266),(0.28900000000000137,0.67400000000192672,1.1933167800542022),(0.29300000000000143,0.67000000000192494,1.5286829666014405),(0.29300000000000143,0.67000000000192494,1.1973170333985725),(0.28900000000000142,0.67400000000192617,1.532682906973283),(0.2901177149940094,0.67122647640472333,1.5245664777322181),(0.28900000000000142,0.67400000000192617,1.4908747848313946),(0.29300000000000143,0.67000000000192494,1.4722023085985361),(0.29003201551119645,0.67131838331152838,1.4780875000056544),(0.29013576360067739,0.6712078413658894,1.4528301117015647),(0.29025887932016392,0.67108688184116183,1.4265405114632681),(0.28900000000000137,0.67400000000192628,1.4397250586823556),(0.29001809760612285,0.67133386832599784,1.5013384401948666),(0.29300000000000143,0.67000000000192494,1.5461415374042879),(0.28971599500790024,0.67171629441410186,1.5457952180718895),(0.28900000000000142,0.67400000000192639,1.3885747065882619),(0.29002690064230185,0.67132405526982619,1.4013625000049907),(0.2900649166822688,0.67128241174798209,1.3773036243490053),(0.29300000000000143,0.67000000000192494,1.3369852751999687),(0.28900000000000142,0.67400000000192639,1.330533951324059),(0.29025761125188099,0.67108807556022265,1.3514587191038365),(0.29025269177901863,0.671092716469326,1.3281809348696538),(0.29300000000000143,0.67000000000192494,1.2671512084028342),(0.28900000000000137,0.67400000000192661,1.2631509661076512),(0.2903123056961795,0.67103751804768397,1.214775566813713),(0.29009759602729468,0.67124753725390873,1.2386668879029834),(0.29020002714629017,0.67114340202207534,1.1921327278114959),(0.29012639306229432,0.67121748618029486,1.3051909397698809),(0.28975591756348884,0.67165992967282984,1.280609655923564),(0.29002241176950139,0.67132905104517038,1.2597398914586226),(0.29041811645729493,0.67094486050070701,1.5690181164572903),(0.29300000000000143,0.67000000000192494,1.5716000000000072),(0.29300000000000148,0.67000000000192494,1.9728000000000114),(0.29041811645729865,0.6709448605007039,1.9753818835427348),(0.28900000000000142,0.6740000000019255,1.9768000000000117),(0.29300000000000148,0.67000000000192494,1.850936365528016),(0.28900000000000142,0.67400000000192573,1.772199946757679),(0.28900000000000142,0.67400000000192584,1.7072681562201886),(0.28900000000000142,0.67400000000192561,1.8744999733788454),(0.29300000000000148,0.67000000000192494,1.7112682015747265),(0.29300000000000148,0.67000000000192494,1.7811023023620858),(0.29300000000000148,0.67000000000192494,1.9118681827640138),(0.29300000000000148,0.67000000000192494,1.8160193527557655),(0.28900000000000142,0.67400000000192561,1.9256499866894285),(0.28900000000000137,0.67400000000192573,1.8233499600682623),(0.29300000000000143,0.67000000000192494,1.6414341007873665),(0.28900000000000142,0.67400000000192606,1.6374340248677677),(0.28900000000000142,0.67400000000192606,1.602517065676218),(0.29300000000000148,0.67000000000192494,1.937882987227761),(0.29300000000000148,0.67000000000192494,1.6065170503936868),(0.28900000000000142,0.67400000000192561,1.9418829343238011),(0.2901177149916761,0.67122647640714816,1.9337664777467771),(0.28900000000000142,0.67400000000192561,1.9000750332764675),(0.29300000000000148,0.67000000000192494,1.8814022741460148),(0.29003201550816088,0.67131838331488802,1.8872875000167748),(0.2901357636018384,0.67120784136469858,1.8620301117851419),(0.29025887930745242,0.67108688185312282,1.8357405116229437),(0.28900000000000142,0.67400000000192573,1.8489249134812233),(0.29001809761191311,0.6713338683195218,1.9105384402050922),(0.29300000000000148,0.67000000000192494,1.9553415124246007),(0.28971599501125556,0.67171629440927672,1.954995218065837),(0.28900000000000142,0.67400000000192573,1.7977750066553009),(0.29002690063826692,0.67132405527430927,1.8105625000133099),(0.29006491668153317,0.67128241174877668,1.7865036244293668),(0.29300000000000148,0.67000000000192494,1.7461852519684058),(0.28900000000000142,0.67400000000192584,1.7397340514889339),(0.29025761125695632,0.67108807555544292,1.7606587192296876),(0.29025269177265756,0.67109271647533708,1.7373809351154654),(0.29300000000000148,0.67000000000192494,1.6763511511810465),(0.28900000000000142,0.67400000000192584,1.6723510905439782),(0.29031230569484923,0.67103751804889078,1.6239755667993139),(0.29009759602668361,0.67124753725455311,1.647866887816253),(0.29020002714530257,0.67114340202304346,1.6013327278383238),(0.29012639305771842,0.67121748618502064,1.714390940014225),(0.28975591758582842,0.67165992964186017,1.689809655930236),(0.29002241177387439,0.67132905104029528,1.6689398914031965),(0.29300000000000154,0.67000000000192494,2.4010000000000176),(0.2901715728752553,0.67117157287717866,2.4010000000000176),(0.28900000000000148,0.67400000000192484,2.4010000000000176),(0.29041811645729865,0.6709448605007039,1.9782181164572878),(0.29300000000000148,0.67000000000192494,1.980800000000011),(0.29300000000000154,0.67000000000192494,2.1216636375530666),(0.28900000000000142,0.67400000000192517,2.1889000024261445),(0.28900000000000142,0.67400000000192539,2.0828500012130782),(0.28900000000000142,0.67400000000192539,2.0466340892010848),(0.28900000000000142,0.67400000000192517,2.1358750042457411),(0.29300000000000154,0.67000000000192494,2.2613318187765419),(0.29300000000000148,0.67000000000192494,2.051231821081664),(0.29300000000000148,0.67000000000192494,2.0864477293173653),(0.29300000000000154,0.67000000000192494,2.1914977258596791),(0.28900000000000142,0.67400000000192506,2.2949499987869513),(0.28900000000000142,0.67400000000192506,2.2419250006065479),(0.29300000000000154,0.67000000000192494,2.3311659116934047),(0.28900000000000142,0.67400000000192495,2.3479749969673547),(0.29300000000000148,0.67000000000192494,2.0157170441533174),(0.28900000000000142,0.6740000000019255,2.0117170446005481),(0.29300000000000154,0.67000000000192494,2.3660829558467116),(0.28900000000000148,0.67400000000192495,2.3660829505472214),(0.29017157290174234,0.67117157285069162,2.3570289744258122),(0.28900000000000148,0.67400000000192495,2.3214624978771528),(0.29300000000000154,0.67000000000192494,2.2962488629298483),(0.29013540979544594,0.67120820435038364,2.308206246381503),(0.29021085971536154,0.67113282430577392,2.2820848644803484),(0.28900000000000142,0.67400000000192506,2.2684374996967498),(0.29060752743071089,0.6707943682381079,2.3790144871805845),(0.29002253520136639,0.6713289134490612,2.2551812467569818),(0.29300000000000154,0.67000000000192494,2.2264147746232359),(0.29007564580759532,0.67127086963542415,2.2313380995657255),(0.28900000000000142,0.67400000000192506,2.2154125015163459),(0.29010337603549052,0.67124145516665024,2.2021562473557386),(0.29300000000000154,0.67000000000192494,2.1565806817063731),(0.29025899908837888,0.67108676914899124,2.1752832230340324),(0.28900000000000148,0.67400000000192517,2.162387503335943),(0.29004114750929655,0.6713083105810872,2.1491312479879916),(0.29006760173685758,0.67127951467273983,2.1254143923771167),(0.28900000000000142,0.67400000000192539,2.1093625003032801),(0.29008144566674282,0.6712646681018043,2.0961062486489523),(0.29029280477811331,0.67105532785878463,2.0687308526574504),(0.29005725320386144,0.67129071203387725,2.3317275864290483),(0.29020070131357795,0.67114274137446606,2.0460973059181602),(0.29026802689428377,0.67107830136078561,2.0030459945894701),(0.28977536007326554,0.67163320948671223,2.0244953114511901),(0.29300000000000154,0.7600000000019248,1.5716000000000077),(0.29041811645727683,0.7590551395031272,1.5690181164573243),(0.28900000000000153,0.7560000000019248,1.5676000000000077),(0.28900000000000153,0.7560000000019248,1.9768000000000117),(0.29041811645727345,0.75905513950312431,1.9753818835426888),(0.29300000000000154,0.7600000000019248,1.9728000000000114),(0.29300000000000154,0.7600000000019248,1.693463643611955),(0.28900000000000153,0.7560000000019248,1.7722000000000098),(0.28900000000000153,0.7560000000019248,1.8371318218060673),(0.28900000000000153,0.7560000000019248,1.6699000000000088),(0.29300000000000154,0.7600000000019248,1.8331318218059833),(0.29300000000000154,0.7600000000019248,1.7632977327089692),(0.29300000000000154,0.7600000000019248,1.6325318218059814),(0.29300000000000154,0.7600000000019248,1.7283806881604624),(0.28900000000000153,0.7560000000019248,1.6187500000000083),(0.28900000000000153,0.7560000000019248,1.7210500000000091),(0.29300000000000154,0.7600000000019248,1.9029659109029975),(0.28900000000000153,0.7560000000019248,1.9069659109030392),(0.28900000000000153,0.7560000000019248,1.9418829554515256),(0.29300000000000154,0.7600000000019248,1.6065170445485146),(0.29300000000000154,0.7600000000019248,1.9378829554515045),(0.28900000000000153,0.7560000000019248,1.6025170445484938),(0.2901177149947049,0.75877352359984895,1.6106335222752601),(0.28900000000000153,0.7560000000019248,1.6443250000000085),(0.29300000000000154,0.7600000000019248,1.6629977327089682),(0.29003201551201785,0.7586816166932302,1.6571125000009803),(0.29013576359958199,0.75879215863683636,1.682369888335798),(0.29025887932526812,0.75891311816749041,1.708659488609064),(0.28900000000000153,0.7560000000019248,1.6954750000000089),(0.29001809760332198,0.75866613167471908,1.633861559811135),(0.29300000000000154,0.7600000000019248,1.5890585222742613),(0.2897159950064303,0.75828370558763381,1.5894047819266797),(0.28900000000000153,0.7560000000019248,1.7466250000000096),(0.29002690064360354,0.75867594473546951,1.7338375000009512),(0.29006491668200962,0.75871758825558744,1.7578963756895407),(0.29300000000000154,0.7600000000019248,1.7982147772574761),(0.28900000000000153,0.7560000000019248,1.8046659109030383),(0.29025761124888916,0.75891192444080913,1.7837412809552888),(0.29025269178146706,0.75890728353683712,1.8070190652466325),(0.29300000000000154,0.7600000000019248,1.8680488663544901),(0.28900000000000153,0.7560000000019248,1.8720488663545534),(0.2903123056966368,0.75896248195658045,1.9204244331788285),(0.29009759602723129,0.75875246274987385,1.8965331120503801),(0.29020002714668053,0.75885659798215666,1.9430672722051565),(0.2901263930639526,0.75878251382526718,1.8300090603466039),(0.28975591755260482,0.75834007031593087,1.8545903440811196),(0.29002241176659321,0.75867094895543707,1.8754601085136307),(0.28900000000000148,0.7560000000019248,2.3710000000000155),(0.29017157287525702,0.75882842712667253,2.3710000000000155),(0.29300000000000148,0.7600000000019248,2.3710000000000155),(0.29300000000000154,0.7600000000019248,1.9808000000000119),(0.29041811645727345,0.75905513950312431,1.9782181164573345),(0.29300000000000148,0.7600000000019248,2.2313318218060574),(0.28900000000000153,0.7560000000019248,2.1739000000000135),(0.28900000000000148,0.7560000000019248,2.2724500000000147),(0.28900000000000148,0.7560000000019248,2.3360829554515363),(0.28900000000000153,0.7560000000019248,2.2231750000000146),(0.29300000000000148,0.7600000000019248,2.1060659109030344),(0.29300000000000148,0.7600000000019248,2.3011659109030367),(0.29300000000000148,0.7600000000019248,2.1686988663545463),(0.28900000000000153,0.7560000000019248,2.0753500000000127),(0.28900000000000142,0.7560000000019248,2.1246250000000133),(0.29300000000000154,0.7600000000019248,2.0434329554515234),(0.28900000000000153,0.7560000000019248,2.0260750000000121),(0.29300000000000154,0.7600000000019248,2.0121164777257676),(0.29300000000000143,0.7600000000019248,2.3360829554515266),(0.28900000000000153,0.7560000000019248,1.9942585222742513),(0.28900000000000148,0.7560000000019248,2.3042664777257755),(0.2901715728752669,0.75882842712668241,2.320174716589233),(0.29017157287524464,0.75882842712666021,2.3438340040646479),(0.29013290080341991,0.7587892189243044,2.2970660452142107),(0.29300000000000154,0.7600000000019248,2.2662488663545468),(0.28900000000000153,0.7560000000019248,2.2478125000000144),(0.29004740409283886,0.75869855098513894,2.2601312500005832),(0.29004399027196659,0.75869481103199021,2.2360059240652186),(0.29300000000000148,0.7600000000019248,2.2000153440803016),(0.29013261983794053,0.75878893008463011,2.2108332070499004),(0.29029449131616886,0.75894622177933824,2.1848837380735961),(0.28900000000000153,0.7560000000019248,2.1985375000000142),(0.28900000000000142,0.7560000000019248,2.1492625000000132),(0.29300000000000148,0.7600000000019248,2.1373823886287906),(0.290008240167211,0.75865506555721729,2.1369437500005986),(0.29005899730599427,0.75871118113822722,2.1125592479153004),(0.29300000000000154,0.7600000000019248,2.0747494331772791),(0.28900000000000148,0.7560000000019248,2.099987500000013),(0.29003939204852974,0.75868975845905096,2.1609817367595703),(0.28900000000000153,0.7560000000019248,2.0507125000000124),(0.29015557417372106,0.75881233741389875,2.063031250000634),(0.29009375165376439,0.75874840327473503,2.0877925316241188),(0.29003467890371221,0.75868456156685515,2.0383937500006204),(0.29003211595985651,0.75868172786363119,2.0144824686912783),(0.29300000000000159,0.7600000000019248,0.75320000000000153),(0.29041811645729082,0.75905513950313896,0.75061811645729271),(0.28900000000000159,0.75600000000192469,0.74920000000000164),(0.28900000000000159,0.75600000000192469,1.1584000000000059),(0.29041811645728099,0.75905513950313053,1.1569818835426966),(0.29300000000000159,0.7600000000019248,1.1544000000000056),(0.29300000000000159,0.7600000000019248,0.87506364360938593),(0.28900000000000159,0.75600000000192469,0.95380002672101094),(0.28900000000000159,0.75600000000192469,1.0187318604912712),(0.28900000000000159,0.75600000000192469,0.85150004008151359),(0.29300000000000159,0.7600000000019248,1.0147318218046957),(0.29300000000000159,0.7600000000019248,0.94489773270704069),(0.29300000000000159,0.7600000000019248,0.81413182180469368),(0.29300000000000159,0.7600000000019248,0.90998068815821342),(0.28900000000000159,0.75600000000192469,0.80035004676176469),(0.28900000000000164,0.75600000000192469,0.90265003340126215),(0.29300000000000159,0.7600000000019248,1.0845659109023507),(0.28900000000000159,0.75600000000192469,1.0885659302456385),(0.28900000000000159,0.75600000000192469,1.1234829651228222),(0.29300000000000159,0.7600000000019248,0.78811704454882903),(0.29300000000000159,0.7600000000019248,1.119482955451178),(0.28900000000000159,0.75600000000192469,0.7841170883191998),(0.290117714994159,0.75877352359928152,0.79223352227950483),(0.28900000000000164,0.75600000000192469,0.82592504342163908),(0.29300000000000159,0.7600000000019248,0.84459773270703975),(0.29003201551090024,0.75868161669199319,0.83871250000494035),(0.29013576360320709,0.75879215864055494,0.86396988826197896),(0.29025887931613104,0.75891311815889273,0.89025948846278169),(0.28900000000000159,0.75600000000192469,0.87707503674138787),(0.29001809761090841,0.75866613168320385,0.81546155981702084),(0.29300000000000159,0.7600000000019248,0.77065852227441523),(0.28971599501067852,0.75828370559374281,0.77100478193616706),(0.28900000000000159,0.75600000000192469,0.92822503006113655),(0.29002690064250825,0.75867594473425248,0.91543750000463808),(0.29006491668397616,0.7587175882577113,0.93949637561550525),(0.29300000000000159,0.7600000000019248,0.97981477725586819),(0.28900000000000159,0.75600000000192469,0.98626594360614106),(0.29025761125698352,0.75891192444843203,0.96534128082862003),(0.29025269177792951,0.75890728353349413,0.98861906499508112),(0.29300000000000159,0.7600000000019248,1.0496488663535233),(0.28900000000000159,0.75600000000192469,1.0536488953684549),(0.29031230569710575,0.75896248195700577,1.1020244331836948),(0.29009759602751684,0.75875246275017494,1.0781331121303501),(0.29020002714628629,0.7588565979817703,1.1246672721583251),(0.2901263930613377,0.75878251382256656,1.0116090600937773),(0.28975591757867059,0.75834007035206608,1.0361903440836042),(0.29002241177217258,0.75867094896165688,1.0570601085729909),(0.28900000000000164,0.75600000000192469,0.33999999999999991),(0.29041811645729088,0.75905513950313896,0.74778188354271047),(0.29300000000000159,0.7600000000019248,0.74520000000000164),(0.2930000000000017,0.7600000000019248,0.33999999999999991),(0.29017157287525547,0.75882842712667098,0.33999999999999991),(0.29300000000000165,0.7600000000019248,0.619336356456621),(0.28900000000000164,0.75600000000192469,0.54460000000000075),(0.28900000000000164,0.75600000000192469,0.64689999629988659),(0.28900000000000164,0.75600000000192469,0.67936590597780611),(0.28900000000000164,0.75600000000192469,0.5957499944498289),(0.2930000000000017,0.7600000000019248,0.47966817822831043),(0.29300000000000165,0.7600000000019248,0.68226817822831143),(0.29300000000000165,0.7600000000019248,0.65080226734246605),(0.29300000000000165,0.7600000000019248,0.54950226734246566),(0.28900000000000164,0.75600000000192469,0.44230000370011519),(0.28900000000000164,0.75600000000192469,0.49345000555017277),(0.2930000000000017,0.7600000000019248,0.40983408911415514),(0.28900000000000164,0.75600000000192469,0.39115000185005755),(0.29300000000000159,0.7600000000019248,0.71028295544292408),(0.28900000000000159,0.75600000000192469,0.71428294928878922),(0.2930000000000017,0.7600000000019248,0.37491704455707742),(0.28900000000000164,0.75600000000192469,0.37491704331098286),(0.29017157287158291,0.75882842712299836,0.3830335223359746),(0.28900000000000164,0.75600000000192469,0.41672500277508634),(0.2930000000000017,0.7600000000019248,0.44475113367123276),(0.2902489442724121,0.7589037376594443,0.4295125000565852),(0.29007362385403018,0.75872696216746516,0.69627556689072279),(0.29011322454819838,0.75876884949058709,0.45434821790882568),(0.28900000000000164,0.75600000000192469,0.46787500462514392),(0.28999682058540083,0.75864214182319745,0.48066250004997535),(0.2930000000000017,0.7600000000019248,0.5145852227853881),(0.29010697476072522,0.75876231876790923,0.50540880865045568),(0.29038311099495345,0.75902520940546325,0.5320437451536566),(0.28900000000000164,0.75600000000192469,0.51902500647520156),(0.29069077836959378,0.7592661132059727,0.36151676115989945),(0.28900000000000159,0.75600000000192469,0.57017499352479994),(0.29300000000000165,0.7600000000019248,0.58441931189954333),(0.29006120961634596,0.75871357901881986,0.55738750004307269),(0.29005062778621538,0.75870207393587719,0.58120356617070768),(0.29022989068326488,0.75888556656212192,0.60644201859133451),(0.28900000000000164,0.75600000000192469,0.62132499537485775),(0.29023314618686202,0.75888868828152767,0.63411250003714792),(0.29008900466055876,0.75874337495510591,0.6585146055232538),(0.29002713094914462,0.75867620059352026,0.40630404520605623),(0.2902404465741365,0.75889566311938095,0.71993770145332481),(0.079000000000002554,0.76000000000192425,0.33999999999999986),(0.079000000000002679,0.76000000000192425,2.3710000000000155),(0.28500000000000147,0.76000000000192425,2.3710000000000155),(0.28500000000000159,0.76000000000192425,0.33999999999999986),(1.0559999999999874,0.76000000000192425,1.5716000000000077),(1.0559999999999874,0.76000000000192425,1.9728000000000117),(1.0559999999999874,0.76000000000192425,1.1624000000000057),(0.2930000000000017,0.76000000000192425,1.1624000000000059),(0.2930000000000017,0.76000000000192425,1.5636000000000079),(1.0559999999999874,0.76000000000192425,1.5636000000000079),(1.0559999999999874,0.76000000000192425,0.75320000000000153),(1.0559999999999874,0.76000000000192425,1.1544000000000056),(1.0559999999999874,0.76000000000192425,0.74520000000000164),(1.0559999999999874,0.76000000000192425,0.33999999999999986),(1.0859999999999839,0.67000000000192461,2.4010000000000176),(1.0859999999999839,0.67000000000192461,1.9808000000000112),(1.0859999999999841,0.67000000000192461,1.5716000000000074),(1.0859999999999841,0.67000000000192461,1.9728000000000114),(1.0859999999999841,0.67000000000192461,1.1624000000000054),(1.0859999999999841,0.67000000000192461,1.5636000000000077),(0.29300000000000148,0.67000000000192461,0.7532000000000012),(1.0859999999999841,0.67000000000192461,0.7532000000000012),(1.0859999999999841,0.67000000000192461,1.1544000000000054),(0.29300000000000137,0.67000000000192461,1.1544000000000054),(1.0859999999999839,0.67000000000192461,0.34399999999999975),(1.0859999999999839,0.67000000000192461,0.74520000000000142),(1.0859999999999839,0.67000000000192461,0.20800000000000035),(1.0859999999999839,0.67000000000192461,0.33599999999999969),(0.049000000000002056,0.67000000000192461,2.4010000000000176),(0.049000000000002056,0.67000000000192461,0.20800000000000035),(0.28500000000000131,0.67000000000192461,0.2080000000000001),(0.28500000000000147,0.67000000000192461,2.4010000000000176),(0.049000000000002056,0.69000000000192441,2.4010000000000176),(0.049000000000002056,0.69000000000192441,0.20800000000000035),(1.0859999999999839,0.69000000000192108,2.4010000000000176),(1.0859999999999839,0.69000000000192108,0.20800000000000035),(1.0709999999999875,0.69000000000192108,2.3860000000000161),(0.064000000000002166,0.6900000000019243,2.3860000000000166),(0.064000000000002236,0.6900000000019243,0.22000000000000033),(1.0709999999999877,0.69000000000192108,0.22000000000000033),(0.064000000000002374,0.74000000000192434,2.3860000000000161),(0.064000000000002444,0.74000000000192434,0.22000000000000033),(1.0709999999999873,0.74000000000191768,2.3860000000000157),(1.0709999999999875,0.74000000000191768,0.22000000000000033),(1.0559999999999874,0.74000000000191768,2.371000000000016),(0.079000000000002277,0.74000000000192412,2.3710000000000164),(0.079000000000002416,0.74000000000192412,0.33999999999999991),(1.0559999999999874,0.74000000000191768,0.34000000000000002),(1.0559999999999874,0.76000000000192425,2.371000000000016),(1.0559999999999874,0.76000000000192425,1.9808000000000117),(1.0559999999999874,0.75882842712667131,0.74802842712474937),(1.0559999999999874,0.75600000000192191,0.74920000000000164),(1.0559999999999874,0.75882842712667109,0.75037157287525347),(1.0559999999999874,0.75882842712664778,1.1572284271247535),(1.0559999999999874,0.75600000000189826,1.1584000000000059),(1.0559999999999874,0.75882842712664755,1.1595715728752578),(1.0559999999999874,0.75882842712663801,1.5664284271247555),(1.0559999999999874,0.75600000000188861,1.5676000000000077),(1.0559999999999874,0.75882842712663789,1.5687715728752596),(1.0559999999999874,0.75882842712662979,1.9756284271247597),(1.0559999999999874,0.75600000000188028,1.9768000000000117),(1.0559999999999874,0.75882842712662968,1.9779715728752636),(1.0859999999999839,0.67117157287715978,1.9779715728752651),(1.0859999999999839,0.67400000000190607,1.9768000000000114),(1.0859999999999839,0.67117157287715989,1.9756284271247575),(1.0859999999999839,0.67117157287716867,1.5687715728752614),(1.0859999999999839,0.67400000000191507,1.5676000000000074),(1.0859999999999839,0.67117157287716867,1.5664284271247539),(1.0859999999999839,0.67117157287717832,1.1595715728752594),(1.0859999999999839,0.67400000000192439,1.1584000000000054),(1.0859999999999839,0.6711715728771781,1.1572284271247517),(1.0859999999999839,0.67117157287717977,0.75037157287525513),(1.0859999999999839,0.67400000000192606,0.74920000000000131),(1.0859999999999839,0.67117157287717977,0.74802842712474749),(1.0859999999999839,0.6711715728771821,0.3411715728752539),(1.0859999999999839,0.6740000000019275,0.33999999999999986),(1.0859999999999839,0.67117157287718199,0.33882842712474553),(0.28782842712474765,0.67117157287717866,2.4010000000000176),(0.28782842712475148,0.75882842712667786,2.3710000000000155),(0.2878284271247476,0.67117157287717855,0.20800000000000035),(0.28782842712474782,0.75882842712667098,0.33999999999999991),(0.67249999218832024,0.75600000000192236,0.74920000000000164),(0.67450000440808366,0.76000000000192258,0.74520000000000164),(0.42866817344051433,0.7560000000019228,0.74920000000000164),(0.48375000661213186,0.7600000000019228,0.74520000000000164),(0.38837499889797739,0.76000000000192303,0.74520000000000164),(0.32791704865582072,0.76000000000192314,0.74520000000000164),(0.43606250275505465,0.7600000000019228,0.74520000000000164),(0.55058408281441729,0.75600000000192269,0.74920000000000175),(0.35883408672025791,0.75600000000192291,0.74920000000000164),(0.48962613593914001,0.7560000000019228,0.74920000000000164),(0.57912500551010782,0.76000000000192269,0.74520000000000164),(0.61154202968969451,0.75600000000192258,0.74920000000000164),(0.62681250055100646,0.76000000000192258,0.74520000000000164),(0.91633181093612615,0.75600000000192213,0.74920000000000164),(0.86525000220403547,0.76000000000192214,0.74520000000000164),(0.96062500110201132,0.76000000000192203,0.74520000000000164),(0.76987500330605951,0.76000000000192236,0.74520000000000164),(0.91293750606111279,0.76000000000192214,0.74520000000000164),(0.79441590156222319,0.75600000000192225,0.74920000000000175),(0.98616589765638252,0.75600000000192202,0.74920000000000164),(0.85537384843750053,0.75600000000192213,0.74920000000000164),(0.73345795468694608,0.75600000000192236,0.74920000000000164),(0.88585282968681323,0.75600000000192213,0.74920000000000164),(0.72218750826516109,0.76000000000192247,0.74520000000000164),(1.0210829566398592,0.75600000000192191,0.74920000000000164),(1.00831249614291,0.76000000000192203,0.74520000000000164),(0.98446875303055004,0.76000000000192203,0.74520000000000164),(0.32391704336012966,0.75600000000192291,0.74920000000000175),(1.0385414712639884,0.76000000000192192,0.74520000000000164),(0.95124885429625428,0.75600000000192202,0.74920000000000164),(0.97254687566062814,0.75877984217975447,0.74807619148638504),(0.99749183755228521,0.75881596310702437,0.74804083645969144),(1.0217851035772305,0.75902229317960324,0.74782025646610206),(0.81756249834695827,0.76000000000192236,0.74520000000000164),(0.94859066798397118,0.75897731826052628,0.74787124989227738),(0.93678124917347283,0.76000000000192203,0.74520000000000164),(0.53143751046920928,0.76000000000192269,0.74520000000000164),(0.52010510156510437,0.75600000000192269,0.74920000000000164),(0.50759375854067057,0.7600000000019228,0.74520000000000164),(0.49567187880530428,0.75894330398925602,0.74790868263887766),(0.4591471546898272,0.7560000000019228,0.74920000000000164),(0.47011560844962658,0.75890037790066556,0.74795459761934369),(0.44486045009328801,0.75868415566622416,0.74816568851530463),(0.39375113008038609,0.75600000000192291,0.74920000000000164),(0.41221875082651604,0.76000000000192303,0.74520000000000164),(0.40029687897436111,0.7589365940574635,0.74791595569790326),(0.35814602377689903,0.76000000000192303,0.74520000000000164),(0.37352488330352296,0.75883365358510957,0.74802319099079451),(0.34303153585394547,0.7588046853140773,0.74805197130066137),(0.45990625468359331,0.7600000000019228,0.74520000000000164),(0.4227284982692624,0.75906460815516252,0.74777063744372996),(0.90109233309745995,0.75872442614454128,0.74812873730358731),(0.87650073235935144,0.75887156680719747,0.74798461919889425),(0.84140625027549698,0.76000000000192236,0.74520000000000164),(0.824894882811536,0.75600000000192225,0.74920000000000164),(0.82948437663067454,0.75895973394727767,0.74789072015875302),(0.80423946117880551,0.75891700612417079,0.74793698287951793),(0.76393692031291016,0.75600000000192225,0.74920000000000164),(0.77917642383486752,0.75860017608866026,0.74823958620834585),(0.74603125137752102,0.76000000000192247,0.74520000000000164),(0.73410937727703984,0.75898145829214669,0.74786662829499384),(0.70297897343763316,0.75600000000192236,0.74920000000000164),(0.70956003548524926,0.75895452103698358,0.74789644311146941),(0.88909375413257408,0.76000000000192214,0.74520000000000164),(0.85301176061215234,0.7590090437754099,0.74783546116822919),(0.69834375633662238,0.76000000000192247,0.74520000000000164),(0.79371875523459823,0.76000000000192236,0.74520000000000164),(0.75686557573895263,0.75905008540519603,0.74778785220457933),(0.92486341131625205,0.75881359322210284,0.74804318363658817),(0.31976848267504809,0.75888256483470617,0.74797323276787431),(0.53534460525629979,0.75857729168291765,0.74825901415346274),(0.5552812535815691,0.76000000000192269,0.74520000000000164),(0.58106306406373009,0.75600000000192269,0.74920000000000175),(0.56720312839290943,0.75877235094430484,0.74808341295209035),(0.60296875743864653,0.76000000000192258,0.74520000000000164),(0.61489062807317074,0.75897012668300423,0.74787924382957871),(0.64202101093900732,0.75600000000192258,0.74920000000000175),(0.63899143377301504,0.75897877551407522,0.74786962477666963),(0.65065625247954517,0.76000000000192258,0.74520000000000164),(0.59099743178932829,0.75898458820477976,0.74786312471720262),(0.68462899195774629,0.75877852071258656,0.74807746809894049),(0.66189355407754624,0.7590548640667355,0.74778220943099594),(0.67449999999999444,0.76000000000192247,0.75320000000000153),(0.86525001151157932,0.76000000000192214,0.75320000000000131),(0.96062499424419501,0.76000000000192203,0.7532000000000012),(1.02108293518525,0.76000000000192192,0.75320000000000131),(0.91293750287788722,0.76000000000192203,0.75320000000000131),(0.76987500575578682,0.76000000000192236,0.75320000000000131),(0.72218749136630234,0.76000000000192247,0.75320000000000153),(0.48374998848840972,0.7600000000019228,0.75320000000000153),(0.38837500575579387,0.76000000000192303,0.75320000000000165),(0.57912499424420205,0.76000000000192258,0.75320000000000153),(0.43606249712210177,0.7600000000019228,0.75320000000000153),(0.62681250863368654,0.76000000000192258,0.75320000000000153),(0.34068751438948597,0.76000000000192303,0.75320000000000165),(0.31045854391895861,0.76000000000192314,0.75320000000000165),(0.81756252014527142,0.76000000000192236,0.75320000000000153),(0.84140626582842548,0.76000000000192214,0.75320000000000131),(0.82948437698516997,0.75895973403451078,0.75050927993720495),(0.80423946147720149,0.75891700622044822,0.75046301722309561),(0.74603126007263298,0.76000000000192236,0.75320000000000153),(0.75795312762010081,0.75894409696678777,0.75049217927819034),(0.78110266768345249,0.75902823193520697,0.75058660922205911),(0.79371875143894077,0.76000000000192236,0.75320000000000131),(0.53143747985471745,0.76000000000192269,0.75320000000000153),(0.99085396471472242,0.76000000000192203,0.75320000000000131),(1.0059684667670037,0.7588284271330259,0.75037157288161316),(1.0300556492100956,0.75882842713421994,0.75037157288280731),(0.98277126816303517,0.75888759251251636,0.75043200262053056),(0.93678124856104106,0.76000000000192203,0.75320000000000131),(0.92485937613562885,0.75890451171079809,0.75044976151343334),(0.89871401691346198,0.75886913751914442,0.75041287784493416),(0.8740713764262058,0.75875983976666761,0.75030460978917857),(0.85187782719844474,0.75906787930776465,0.75063326733671476),(0.88909375719473316,0.76000000000192214,0.75320000000000131),(0.47438664981510031,0.75866327261425437,0.75021554376939525),(0.50759373417156362,0.76000000000192269,0.75320000000000153),(0.51951562970318821,0.75898153896104381,0.7505334619006595),(0.54405590656934233,0.75895501299409651,0.75050409602988621),(0.44928078087421025,0.7589131057477192,0.75045886612625357),(0.5552812485610481,0.76000000000192269,0.75320000000000153),(0.49678381683657485,0.75905136075516366,0.75061365169523275),(0.45990624280525572,0.7600000000019228,0.75320000000000153),(0.42561400058120696,0.75893719041796659,0.75048468925168932),(0.41221875143894787,0.7600000000019228,0.75320000000000153),(0.40029688044100231,0.75893659404068448,0.75048404428395799),(0.37352488436923309,0.75883365344315545,0.75037680886672853),(0.602968739927356,0.76000000000192258,0.75320000000000153),(0.59104687908800657,0.75887521662776192,0.75041914952676558),(0.56748595565300541,0.75853494438619251,0.7501058026939692),(0.34939769268777282,0.75881374247785638,0.75035696407354391),(0.36453126007263997,0.76000000000192303,0.75320000000000153),(0.31378436481149136,0.75872479892656597,0.75027160951711436),(0.68773949154829173,0.75876441956745466,0.75030898210560826),(0.66307406401569591,0.75887439595992701,0.75041830126063258),(0.65065625431684049,0.76000000000192258,0.75320000000000153),(0.63873437867412852,0.75897055943158398,0.75052123598000109),(0.61487591392070784,0.75899015030003103,0.75054312190819517),(0.71206039478058192,0.75885066319701056,0.75039398514826439),(0.73497567571820777,0.75903711528233841,0.75059693819254036),(0.6983437456831485,0.76000000000192247,0.75320000000000153),(0.95965831989325112,0.7587498133452063,0.75029508578834314),(0.68749999894494651,0.67400000000192672,0.74920000000000131),(0.68949999999999267,0.67000000000192661,0.74520000000000142),(0.49124999999999708,0.67000000000192694,0.74520000000000142),(0.48824999841742789,0.67400000000192695,0.74920000000000131),(0.42866817888348652,0.67400000000192706,0.74920000000000131),(0.39212499999999922,0.67000000000192705,0.74520000000000142),(0.35883408838669795,0.67400000000192728,0.74920000000000131),(0.44168749999999812,0.67000000000192705,0.74520000000000142),(0.34256250000000038,0.67000000000192717,0.74520000000000142),(0.80666364195318829,0.6700000000019265,0.74520000000000142),(0.88674999947246513,0.67400000000192639,0.74920000000000131),(0.78712499920870593,0.67400000000192661,0.74920000000000131),(0.73731249907682628,0.67400000000192661,0.74920000000000131),(0.94633182097658619,0.67000000000192628,0.74520000000000142),(0.87649773146488719,0.67000000000192639,0.74520000000000142),(0.74808182097659037,0.6700000000019265,0.74520000000000142),(0.98637499973622456,0.67400000000192617,0.74920000000000131),(0.9365624996043449,0.67400000000192628,0.74920000000000131),(1.0161659104882848,0.67000000000192617,0.74520000000000142),(1.0361874998681042,0.67400000000192617,0.74920000000000142),(0.5878749986811872,0.67400000000192684,0.74920000000000131),(0.59037499999999488,0.67000000000192683,0.74520000000000142),(0.63993749999999383,0.67000000000192661,0.74520000000000142),(0.63768749881306686,0.67400000000192684,0.74920000000000142),(1.0510829552441345,0.67000000000192617,0.74520000000000142),(0.32391704313830366,0.67400000000192728,0.74920000000000131),(0.32791704475585087,0.67000000000192717,0.74520000000000142),(0.33523977203288663,0.67125566768279277,0.74811009280301544),(1.0510829547515894,0.67400000000192617,0.74920000000000131),(1.0436352225811962,0.67117157282661877,0.7480284270741866),(0.54081249999999592,0.67000000000192694,0.74520000000000142),(0.53806249854930754,0.67400000000192695,0.74920000000000131),(0.51315624742832167,0.67400000000192695,0.74920000000000131),(1.0112812487471181,0.67400000000192617,0.74920000000000131),(0.98124886573243542,0.67000000000192628,0.74520000000000142),(0.99882812023160672,0.67101455083466144,0.74786215951244206),(0.3673437499999998,0.67000000000192705,0.74520000000000142),(0.39375113363509223,0.67400000000192706,0.74920000000000131),(0.5160312499999965,0.67000000000192694,0.74520000000000142),(0.37973437439212498,0.67121970003628062,0.7480757489634936),(0.83693749934058559,0.67400000000192639,0.74920000000000142),(0.50070312352028257,0.67124554929488967,0.74810051741979078),(0.45845908865045726,0.67400000000192706,0.74920000000000131),(0.46646874999999766,0.67000000000192694,0.74520000000000142),(0.52842187351376113,0.67110504401150173,0.7479602952402794),(0.56296874967029353,0.67400000000192684,0.74920000000000131),(0.56559374999999545,0.67000000000192683,0.74520000000000142),(0.57798437321922036,0.67111034549242243,0.74796584468394545),(0.61278124769208109,0.67400000000192684,0.74920000000000131),(0.6151562499999943,0.67000000000192683,0.74520000000000142),(0.62754687292468592,0.67111579374098063,0.74797152561675462),(0.66259374993405284,0.67400000000192672,0.74920000000000131),(0.66471874999999314,0.67000000000192661,0.74520000000000142),(0.67710937263016413,0.6711213895731527,0.74797733721383663),(0.7124062479558404,0.67400000000192672,0.74920000000000142),(0.71879091048829158,0.67000000000192661,0.74520000000000142),(0.70226919622208828,0.67110536216557537,0.74796062887697201),(0.47577538772855138,0.6712492941218472,0.74810406906965077),(0.55320338846304307,0.67108443939053863,0.74793852265306116),(0.60276595663829313,0.67108450885519033,0.74793859660653228),(0.40525831831366971,0.67112739186483072,0.74798354495036368),(0.65232852932492713,0.67108459387177655,0.74793868711179101),(0.41690624999999876,0.67000000000192705,0.74520000000000142),(0.3125829447051901,0.67144695498480123,0.74827927932161675),(1.068541477622059,0.67000000000192617,0.74520000000000142),(1.0685414773757866,0.67400000000192617,0.74920000000000131),(0.97466500389181532,0.67127769520913683,0.74813070923415548),(0.96146875072533089,0.67400000000192628,0.74920000000000142),(0.9490156205610889,0.67134060904284409,0.74818791561573639),(0.91141477622073674,0.67000000000192628,0.74520000000000142),(0.92339312191179013,0.67120505690816334,0.74806151936960685),(0.89784447227969544,0.67110452374665075,0.74795974949137467),(0.91165624848335891,0.67400000000192628,0.74920000000000131),(0.86184375046157136,0.67400000000192639,0.74920000000000131),(0.84158068670903774,0.67000000000192639,0.74520000000000142),(0.84939062121677,0.6712780504759891,0.74813103919766655),(0.82242392522442487,0.67112993708877644,0.74798616921140271),(0.87331289917806654,0.67130966446061358,0.74816008355881347),(0.81203124821959971,0.67400000000192661,0.74920000000000131),(0.7980151714045215,0.67122066972014749,0.74807668614638356),(0.7773727314648895,0.6700000000019265,0.74520000000000142),(0.76221875019781216,0.67400000000192661,0.74920000000000142),(0.74976562187740481,0.67134574094298205,0.74819247537133038),(0.77372801989184969,0.67130708458121713,0.74815773672542274),(0.72597136241958493,0.67131763846613857,0.74816731134047876),(0.35746424098417767,0.67096034650402869,0.74780009742369802),(0.45186745414759411,0.67110548235172374,0.74796075489181302),(0.42855540972043826,0.67096986924920055,0.74781118892870457),(1.0211288954769675,0.67137883029135803,0.74822150117464969),(1.0648176085019982,0.67103114170969058,0.74788064925729425),(0.29041811645728954,0.67094486050071167,0.75061811645729215),(0.68949999543983997,0.6700000000019265,0.75320000000000131),(0.80666363629848892,0.67000000000192639,0.75320000000000131),(0.94633181795097798,0.67400000000192628,0.74920000000000131),(0.94633181358908358,0.67000000000192617,0.75320000000000131),(0.87649772494378642,0.67000000000192628,0.75320000000000131),(0.84158068062113767,0.67000000000192639,0.75320000000000131),(0.56833636021457068,0.67400000000192684,0.74920000000000142),(0.49124999771992073,0.67000000000192683,0.75320000000000131),(0.4326681772905962,0.67000000000192694,0.75320000000000131),(0.59037499657988035,0.67000000000192661,0.75320000000000131),(0.49850227113178902,0.67400000000192695,0.74920000000000131),(0.53341931761490113,0.67400000000192695,0.74920000000000131),(0.62791818010728173,0.67400000000192684,0.74920000000000131),(0.54081249258974773,0.67000000000192683,0.75320000000000131),(0.63993750057001286,0.67000000000192661,0.75320000000000131),(1.016165902234381,0.67000000000192617,0.75320000000000131),(1.0161659109172023,0.67400000000192617,0.74920000000000131),(0.36283408864529881,0.67000000000192705,0.75320000000000131),(0.32791704432265018,0.67000000000192705,0.75320000000000131),(1.0510829556773353,0.67000000000192594,0.75320000000000131),(0.74808181586916445,0.6700000000019265,0.75320000000000153),(0.71879090565450221,0.6700000000019265,0.75320000000000131),(0.98124885791173233,0.67000000000192617,0.75320000000000131),(0.9812488644340901,0.67400000000192628,0.74920000000000131),(0.69995312281026245,0.67122294543109851,0.7503211168987548),(0.65770909005363709,0.67400000000192672,0.74920000000000131),(0.66471874800492636,0.67000000000192661,0.75320000000000131),(0.67482362908386406,0.67123742552163013,0.7503072189435066),(0.72485937268882028,0.67130600904646021,0.75024324286897648),(0.74865467715389811,0.67131772157678171,0.75023261353207982),(0.77737272608382668,0.67000000000192639,0.75320000000000131),(0.7746718724417081,0.67134050106156773,0.75021218049637828),(0.79918625675101573,0.67127284589187231,0.75027380273050381),(0.82412216033962415,0.67081261649419532,0.75078326948655061),(0.84765044219675045,0.67125949309819399,0.75028630442383071),(0.87429687196221362,0.67134337972514679,0.75020962064195928),(0.91141476926643494,0.67000000000192628,0.75320000000000131),(0.91654090800462229,0.67400000000192628,0.74920000000000131),(0.89980803879315452,0.67121163599945133,0.75033206935409968),(0.9247162775104627,0.67105189663960396,0.75049654173972369),(0.51603124515483423,0.67000000000192683,0.75320000000000131),(0.50364062357970851,0.67103387000498205,0.75051633220364045),(0.46358522464867685,0.67400000000192706,0.74920000000000131),(0.46195908750525844,0.67000000000192694,0.75320000000000131),(0.47739097037159345,0.67116993505276423,0.75037321164861726),(0.52785909864166847,0.67105307757071953,0.75049525450653121),(0.55407143096805911,0.67120251362053662,0.75034096695613206),(0.59812727016092615,0.67400000000192684,0.74920000000000131),(0.61515624401479385,0.67000000000192661,0.75320000000000131),(0.60276562287779956,0.67102872046971562,0.75052203473856427),(0.57839847678781897,0.67106153446241112,0.75048606922102423),(0.56559374914496674,0.67000000000192683,0.75320000000000131),(0.62660113766236325,0.67103162901213298,0.75051881114672159),(0.65072841321495589,0.671096758645637,0.75044842052138738),(0.44731363337630986,0.67122799830154856,0.75031625129855406),(0.39775113296794751,0.67000000000192705,0.75320000000000131),(0.42389113526143735,0.67111196182706101,0.7504324676152736),(1.0336244284371989,0.67117157275893191,0.7503715729935031),(0.96379033868268615,0.67117157266592009,0.75037157308651492),(0.99870738476003473,0.67117157279988604,0.75037157295254908),(1.0566642691337547,0.67117157286871476,0.75037157288372025),(0.37629261128289154,0.67131230567409506,0.75023751806754335),(0.3524012902030092,0.67109759600461905,0.75044753727792668),(0.39893545019513965,0.671200027110743,0.75034340205688177),(0.31524599465892195,0.67107830132952428,0.7504680269277183),(0.68749999750136714,0.67400000000192617,0.33999999999999986),(0.68950001242961978,0.67000000000192816,0.33599999999999969),(0.80666364030357118,0.67400000000192661,0.33999999999999986),(0.88775000621480171,0.67000000000192772,0.33599999999999958),(0.94633180885181878,0.67000000000192761,0.33599999999999958),(0.78862499689258359,0.67000000000192783,0.33599999999999963),(0.94633182265040283,0.67400000000192706,0.33999999999999986),(0.87649773147698706,0.67400000000192684,0.33999999999999986),(0.84158068589027923,0.67400000000192672,0.33999999999999986),(0.83818748912406549,0.67000000000192783,0.33599999999999963),(0.49124999378518347,0.67000000000192839,0.33599999999999974),(0.4882499987506842,0.6740000000019255,0.33999999999999986),(0.42866818234683302,0.67400000000192539,0.33999999999999986),(0.39212500932221961,0.67000000000192861,0.3359999999999998),(0.35883409117341714,0.67400000000192506,0.33999999999999986),(0.44168750155370151,0.67000000000192839,0.3359999999999998),(0.34256251709073782,0.67000000000192872,0.3359999999999998),(1.0161659138238188,0.67400000000192728,0.33999999999999986),(1.0161659044259013,0.67000000000192761,0.33599999999999958),(1.0510829397833152,0.6700000000019275,0.33599999999999958),(0.58787499562740031,0.67400000000192584,0.33999999999999986),(0.59037500310740165,0.67000000000192828,0.33599999999999969),(0.63993752019813799,0.67000000000192816,0.33599999999999969),(0.63768749656438373,0.67400000000192606,0.33999999999999986),(1.0510829544132758,0.67400000000192739,0.33999999999999986),(0.32391704558670925,0.67400000000192495,0.33999999999999986),(0.32791706021666994,0.67000000000192872,0.3359999999999998),(0.33523977541931765,0.67125566788532076,0.33891009299400432),(0.74708181890246916,0.67400000000192639,0.33999999999999986),(0.73906250466110179,0.67000000000192805,0.33599999999999969),(0.76384375077684263,0.67000000000192805,0.33599999999999969),(0.77687272960302023,0.67400000000192639,0.33999999999999986),(0.54081248601666532,0.67000000000192828,0.33599999999999974),(0.53806249968766762,0.67400000000192573,0.33999999999999986),(0.51315625171780133,0.67400000000192561,0.33999999999999986),(0.36734376320647871,0.67000000000192861,0.3359999999999998),(0.39375113676012508,0.67400000000192517,0.33999999999999986),(0.51603123990092448,0.67000000000192839,0.33599999999999974),(0.37973438028502188,0.6712197000585588,0.33887574898502931),(0.50070312914227977,0.67124554923530888,0.33890051736320748),(0.46646874766944246,0.67000000000192839,0.33599999999999974),(0.45845909304738403,0.6740000000019255,0.33999999999999986),(0.52842187971460008,0.6711050439267352,0.33876029515137451),(0.56296874765753391,0.67400000000192573,0.33999999999999986),(0.56559373213240627,0.67000000000192828,0.33599999999999974),(0.57798437930792501,0.67111034540825598,0.33876584459600811),(0.61278124359726649,0.67400000000192584,0.33999999999999986),(0.61515627408239693,0.67000000000192816,0.33599999999999969),(0.62754687889227445,0.67111579366140606,0.33877152553394169),(0.66259374953150085,0.67400000000192617,0.33999999999999986),(0.66471876631387894,0.67000000000192816,0.33599999999999969),(0.67710937847236297,0.67112138950054845,0.33877733713858182),(0.7172909082019181,0.67400000000192628,0.33999999999999986),(0.70342528438223206,0.67116973089992382,0.33882658394714177),(0.47577539332851332,0.67124929407114031,0.33890406902161874),(0.55320339461114232,0.67108443926100314,0.33873852251514847),(0.60276596266920324,0.67108450870401681,0.33873859644559068),(0.75145312784064022,0.67102618995543639,0.33867515491278261),(0.72742164392444364,0.67104263013910137,0.33869331830544464),(0.71428125854536073,0.67000000000192805,0.33599999999999969),(0.4052583246821449,0.67112739187497183,0.3387835449608263),(0.65232853523260503,0.67108459370209772,0.33873868693116033),(0.7752983607396845,0.67103217857940667,0.3386817971593733),(0.41690625543796062,0.67000000000192861,0.3359999999999998),(0.7994733204257124,0.67109919410173391,0.33875414689684463),(0.82412216594145904,0.67162406585987333,0.33921790878562741),(0.81340624300832465,0.67000000000192783,0.33599999999999963),(0.31258294606667053,0.6714469549796378,0.339079279317333),(0.8472216248263611,0.67111677415654258,0.33877254553154706),(0.86296873523980644,0.67000000000192772,0.33599999999999963),(0.87535937677983311,0.67100753857855555,0.33865427478412247),(0.91141477706369489,0.67400000000192695,0.33999999999999986),(0.91704089510368303,0.67000000000192772,0.33599999999999958),(0.90065510914471225,0.67111571091530053,0.33877143942108834),(0.92606639437588667,0.67132343282246942,0.33897253900459623),(0.98124886906848718,0.67000000000192761,0.33599999999999958),(0.98124886823711077,0.67400000000192728,0.33999999999999986),(0.35746424617834927,0.67096034663656101,0.33860009757863213),(0.45186745984697879,0.67110548231085898,0.33876075484896512),(0.42855541580573125,0.67096986918836088,0.33861118885810026),(1.0336244331454303,0.67117157286295148,0.33882842711051614),(0.96379034404743558,0.67117157284980278,0.33882842709736727),(0.99870738859647434,0.67117157285632612,0.33882842710389072),(1.0566642732877809,0.67117157287019713,0.33882842711776195),(0.68949999999999267,0.67000000000192816,0.34399999999999992),(0.56833635106059055,0.67400000000192828,0.33999999999999986),(0.49124999999999702,0.67000000000192839,0.34399999999999992),(0.43266817750430742,0.67000000000192861,0.34399999999999992),(0.59037500461784187,0.67000000000192828,0.34399999999999992),(0.49850225911486956,0.6740000000019285,0.33999999999999986),(0.62791817134971795,0.67400000000192817,0.33999999999999986),(0.53341929672658273,0.67400000000192828,0.33999999999999986),(0.63993750692676432,0.67000000000192816,0.34399999999999992),(0.54081250230891942,0.67000000000192828,0.34399999999999992),(0.88774999999998827,0.67000000000192772,0.34399999999999992),(0.78862499538214337,0.67000000000192783,0.34399999999999992),(0.73906249307322092,0.67000000000192805,0.34399999999999992),(0.98687500461783306,0.67000000000192761,0.34399999999999992),(0.93731250230891061,0.67000000000192772,0.34399999999999992),(1.0364375069267555,0.6700000000019275,0.34399999999999992),(0.36283408413430746,0.67000000000192861,0.34399999999999992),(0.32791704668500149,0.67000000000192872,0.34399999999999992),(1.0510829625506779,0.6700000000019275,0.34399999999999992),(1.0437602279734781,0.67117157288474527,0.34117157286768968),(1.0116562557722943,0.67000000000192761,0.34399999999999992),(0.99926562566637722,0.67132212667495617,0.34102863761134788),(0.83818749769106582,0.67000000000192783,0.34399999999999992),(1.0685414728329798,0.6740000000019275,0.33999999999999986),(1.0685414812753307,0.6700000000019275,0.34399999999999992),(0.97515131336149474,0.67106235998470753,0.34128517567249234),(0.96209375346337189,0.67000000000192761,0.34399999999999992),(0.94970312598485296,0.67101806480693604,0.34133390501053101),(0.92389803491937905,0.67114489698606705,0.34119850276301694),(0.89859366696175846,0.67122405817384401,0.34112004392965867),(0.86296874884552699,0.67000000000192772,0.34399999999999992),(0.85057812664633126,0.67109207368700596,0.3412533721498926),(0.82324325143819121,0.67122944640079496,0.34111486001323155),(0.91253125115444944,0.67000000000192772,0.34399999999999992),(0.87443628129632378,0.67103373326555793,0.34131648334294223),(0.81340624653660465,0.67000000000192783,0.34399999999999992),(0.51603125115445825,0.67000000000192839,0.34399999999999992),(0.50364062884978666,0.67103387013315308,0.34131633206197942),(0.46195908875215225,0.67000000000192839,0.34399999999999992),(0.46358522150315645,0.6740000000019285,0.33999999999999986),(0.47739097628558891,0.67116993519280155,0.34117321150841762),(0.52785910372072242,0.67105307774969014,0.34129525431153607),(0.55407143612809107,0.67120251385087804,0.34114096673074912),(0.59812725284400692,0.67400000000192828,0.33999999999999986),(0.61515625577230304,0.67000000000192816,0.34399999999999992),(0.60276562826218905,0.67102872064037289,0.34132203454921534),(0.5783984820599678,0.67106153467411922,0.34128606899180075),(0.5655937534633807,0.67000000000192828,0.34399999999999992),(0.62660114277686929,0.67103162920709214,0.34131881093088062),(0.65770908985542897,0.67400000000192817,0.33999999999999986),(0.65073406301991343,0.67109710698944336,0.34124805302411765),(0.66471875808122549,0.67000000000192816,0.34399999999999992),(0.67710937778983304,0.67112138967067347,0.34122266268508944),(0.70342528399729043,0.67116973105371713,0.34117341589886424),(0.728288788005508,0.6711770022657072,0.34116615388891836),(0.7638437442276822,0.67000000000192805,0.34399999999999992),(0.77623437713448262,0.67100661231002978,0.34134676986938678),(0.7522423829557715,0.67104065523579937,0.34130885181471038),(0.79978965485789466,0.67101599320944383,0.34133622383402629),(0.71428124191875975,0.67000000000192805,0.34399999999999992),(0.44731363845692673,0.67122799846367942,0.34111625114270583),(0.39775113081930746,0.67000000000192861,0.34399999999999992),(0.42389114065822647,0.67111196192114553,0.34123246751709252),(1.0214172903309959,0.67096693147024511,0.3413922240736369),(0.34537556949406262,0.67103751795808309,0.34131230579494365),(0.36926689081104236,0.6712475371474298,0.34109759612827489),(0.32273272948945342,0.6711434019139263,0.34120002725662868),(1.0648801139903339,0.67132444653871015,0.34102654852646513),(0.40088798298743894,0.67121761338514307,0.34112626989528699),(0.28500000000000164,0.7600000000019248,1.3555000146318863),(0.28500000000000164,0.7600000000019248,1.8632500219478296),(0.2850000000000017,0.7600000000019248,0.84775000731594308),(0.28500000000000159,0.7600000000019248,1.6093750182898581),(0.28500000000000164,0.7600000000019248,0.59387500365797152),(0.28500000000000164,0.7600000000019248,2.117124996342044),(0.28500000000000164,0.7600000000019248,1.1016250109739147),(0.2850000000000017,0.7600000000019248,1.4824375310927504),(0.28500000000000164,0.7600000000019248,0.7208124908550787),(0.28500000000000164,0.7600000000019248,1.9901875091449368),(0.28500000000000164,0.7600000000019248,1.2285624981710219),(0.2850000000000017,0.7600000000019248,1.545906289323183),(0.2850000000000017,0.7600000000019248,0.784281249085511),(0.28500000000000159,0.7600000000019248,1.1650937399405896),(0.28900000000000153,0.7560000000019248,1.3630000400765323),(0.28900000000000159,0.75600000000192469,1.2607000601147944),(0.28900000000000153,0.7560000000019248,1.4653000200382702),(0.28900000000000153,0.7560000000019248,1.8744998812645262),(0.28900000000000159,0.75600000000192469,1.0561000000000047),(0.28900000000000159,0.75600000000192469,1.2095500701339255),(0.28900000000000159,0.75600000000192469,0.69805000192267952),(0.28900000000000159,0.75600000000192469,1.1072499861332448),(0.28500000000000164,0.7600000000019248,1.7363125054869653),(0.28500000000000159,0.7600000000019248,1.2920312564014542),(0.28500000000000164,0.7600000000019248,2.2440625128029086),(0.28500000000000164,0.7600000000019248,1.7997812637173973),(0.2850000000000017,0.7600000000019248,0.65734373262464652),(0.28500000000000164,0.7600000000019248,1.672843747256533),(0.28500000000000164,0.7600000000019248,0.97468752377680745),(0.28500000000000164,0.7600000000019248,2.0536562381116119),(0.28500000000000164,0.7600000000019248,0.46693751646086423),(0.28500000000000164,0.7600000000019248,2.1805937545724761),(0.2850000000000017,0.7600000000019248,0.91121876554637515),(0.2850000000000017,0.7600000000019248,1.0381562820072396),(0.28500000000000164,0.7600000000019248,0.53040627469129642),(0.28900000000000159,0.75600000000192469,1.3118500500956631),(0.28900000000000153,0.7560000000019248,1.823349901053773),(0.28500000000000164,0.7600000000019248,0.40346875823043199),(0.28500000000000164,0.7600000000019248,2.3075312710333407),(0.28900000000000148,0.7560000000019248,2.3217250000000154),(0.28500000000000164,0.7600000000019248,0.37491704681574384),(0.28500000000000164,0.7600000000019248,2.3360829824480289),(0.28500000000000164,0.7600000000019248,1.9267187801782617),(0.28900000000000153,0.7560000000019248,1.9256498614752791),(0.28900000000000153,0.7560000000019248,1.9000748713699027),(0.28900000000000159,0.7560000000019248,1.414150030057401),(0.28500000000000164,0.7600000000019248,1.4189687728623186),(0.2850000000000017,0.7600000000019248,1.4507031519775346),(0.28782842700959804,0.75882842724182076,0.38303352431703724),(0.28900000000000148,0.7560000000019248,2.3535414777257468),(0.28500000000000164,0.7600000000019248,1.8949844010630459),(0.28500000000000164,0.7600000000019248,0.43520313734564808),(0.28900000000000159,0.75600000000192469,1.0049500138667646),(0.28900000000000159,0.7560000000019248,1.5164500100191389),(0.2877966023017996,0.75885989782624952,1.9128625000037671),(0.28500000000000164,0.7600000000019248,1.958453159293478),(0.28785701039896378,0.75879955203398664,1.9382776720738799),(0.28900000000000153,0.7560000000019248,1.9512248515806558),(0.28794191798194746,0.75871018792668254,1.8872875000036193),(0.28797035702859303,0.75867898845331794,0.42951250193937923),(0.28784971309227875,0.75880697974743483,0.45500890612271339),(0.28500000000000164,0.7600000000019248,0.49867189557608033),(0.28778019261791732,0.75887585274629243,0.48100538370996332),(0.28794405028403547,0.75870787147691754,0.50623750159850889),(0.28797191099249636,0.7586772644738603,1.9640125000033555),(0.28795274327800235,0.75869838973178605,1.9877688339694399),(0.28500000000000164,0.7600000000019248,2.0219218589963956),(0.28900000000000153,0.7560000000019248,2.0014375000000122),(0.28792138275780066,0.75873231088878113,2.0137562500025417),(0.28783713319342874,0.7588196941773192,2.040007847919846),(0.28795707653818148,0.75869364035418896,1.8636058578902892),(0.28500000000000164,0.7600000000019248,1.8315156428326134),(0.28900000000000153,0.7560000000019248,1.8489248911591496),(0.28795699844625228,0.75869372608095942,0.52992076735762894),(0.28500000000000164,0.7600000000019248,0.56214065380651246),(0.28798193156488039,0.7586660990515437,1.8361375000036919),(0.28786379636309994,0.75879260996228526,1.8108862147794134),(0.28500000000000164,0.7600000000019248,1.7680468846021811),(0.28774178372902737,0.7589124941192148,1.7845982007645682),(0.28900000000000153,0.7560000000019248,1.7977749109483965),(0.28798104126913526,0.75866709447938929,0.40624628423956355),(0.28500000000000164,0.7600000000019248,2.0853906172268277),(0.28781136569007565,0.75884538625982956,2.0648558766174263),(0.2879676125369256,0.75868202830727327,2.1123062500023955),(0.28500000000000164,0.7600000000019248,2.1488593754572602),(0.28788179649178564,0.75877403118054199,2.1377424946392525),(0.28771292919904101,0.7589393902722017,2.1634144992849502),(0.28797650625386828,0.75867215466075189,2.0885505898410557),(0.28500000000000164,0.7600000000019248,2.2123281336876923),(0.28798969943151281,0.75865738542922379,2.2108562500022639),(0.28791964509059159,0.75873416761657331,2.2356165058405959),(0.28500000000000164,0.7600000000019248,2.2757968919181244),(0.28900000000000153,0.7560000000019248,2.297087500000015),(0.28790650496019332,0.7587481318976641,2.2847687500022569),(0.28751642388178583,0.75910927818941221,2.2601819316318243),(0.28797430782298433,0.75867460146273036,2.1870617405925961),(0.28798829015297511,0.75865897009608541,2.3094062500021457),(0.28796644352613338,0.75868332122873861,2.3333413184121441),(0.28784957223735408,0.75880712273955309,0.55391468351914286),(0.28787738225627096,0.75877860960949939,0.58296250116941239),(0.28500000000000164,0.7600000000019248,0.62560935350943037),(0.28777224707480564,0.75888351281726663,0.6098414498372775),(0.28792555966174027,0.75872783809565525,1.7594125000039775),(0.28799783994895761,0.758648198567071,1.7338375000039137),(0.28500000000000164,0.7600000000019248,1.7045781263717492),(0.2879362665623455,0.75871630975503845,1.709809620583929),(0.28790149347686111,0.75875342252739031,1.6826875000041939),(0.28500000000000164,0.7600000000019248,1.6411093681413167),(0.28778915144347778,0.75886716484290517,1.6561142122781787),(0.28788625921044919,0.75876938761836743,1.6311055061764193),(0.28900000000000153,0.7560000000019248,1.5931749901053842),(0.2850000000000017,0.7600000000019248,1.577640668438399),(0.28796695662210342,0.75868275388600848,1.6072406872543008),(0.28799636213386043,0.75864987055777777,1.580387500004212),(0.28788675440282607,0.7587688714358799,1.5555307401565497),(0.2850000000000017,0.7600000000019248,1.5141719102079667),(0.28900000000000153,0.7560000000019248,1.5420250050095732),(0.28760085317495515,0.75903900687298209,1.5300390627920479),(0.28787565721072911,0.75878039486711757,1.5059045140298217),(0.28900000000000153,0.7560000000019248,1.4908750150287045),(0.28798448560177514,0.75866323970063876,1.4780875000069871),(0.2879476109604277,0.7587039951250667,1.4542463030782633),(0.28900000000000159,0.7560000000019248,1.4397250250478355),(0.28793737807199932,0.75871510774603856,1.4269375000075382),(0.28500000000000164,0.7600000000019248,1.3872343937471026),(0.28781755985294299,0.75883925280417619,1.4008734773223008),(0.28900000000000159,0.75600000000192469,1.3885750350669666),(0.28784607391048672,0.75881066954779031,1.3754458038229769),(0.28900000000000159,0.75600000000192469,1.3374250450860976),(0.2850000000000017,0.7600000000019248,1.3237656355166703),(0.28797501137790699,0.75867381886290486,1.3502125000079741),(0.28795174880149371,0.75869947754635614,1.3264396430101013),(0.28782480350818085,0.75883204610680677,1.3020228251033252),(0.28500000000000159,0.7600000000019248,1.2602968772862382),(0.28763826109481899,0.75900658916500852,1.276164062885814),(0.28826611318282119,0.75830922166235759,0.36151676229334623),(0.28790426803416341,0.75875049580918319,0.63462987490255762),(0.28900000000000159,0.75600000000192469,0.67247500178534536),(0.2850000000000017,0.7600000000019248,0.68907811173986266),(0.28797227021183242,0.75867686566681403,0.65848716927754125),(0.28798904763562821,0.7586581185530723,0.68526250055046833),(0.28787395400133359,0.75878215535312776,0.71033843604206437),(0.2850000000000017,0.7600000000019248,0.75254686997029474),(0.28900000000000159,0.75600000000192469,0.77477499306662168),(0.28770075187067623,0.75895058288214479,0.73667968807727724),(0.28900000000000159,0.75600000000192469,0.72362499986266737),(0.28790989099827136,0.75874454629925492,0.76198750003117821),(0.28799300550375084,0.75865366125659284,0.78756250002997752),(0.28500000000000164,0.7600000000019248,0.81601562820072693),(0.28794162281068886,0.75871050830105313,0.81150221967252179),(0.28791791197629396,0.75873601712515504,0.83871250002997),(0.28500000000000164,0.7600000000019248,0.87948438643115923),(0.28780156807863705,0.75885503350449002,0.86506243131426797),(0.28787038987778857,0.75878583236398423,0.89024610869487586),(0.2850000000000017,0.7600000000019248,0.94295314466159141),(0.28796230959598795,0.75868788427352707,0.9141410885622322),(0.28800029402886124,0.75864541787825146,0.94101250002596259),(0.28789587523256155,0.75875933083338476,0.96571433445631272),(0.2850000000000017,0.7600000000019248,1.0064219028920236),(0.28900000000000159,0.75600000000192469,0.97937499306662368),(0.28900000000000159,0.75600000000192469,1.0305250069333847),(0.28752535252485517,0.75910203072795168,0.9905546879918038),(0.28786758074803259,0.75878872384151907,1.0177375000240336),(0.28797645113969744,0.75867221605101265,1.0433125000219812),(0.28500000000000164,0.7600000000019248,1.0698906611224559),(0.28795123500886122,0.7587000392465435,1.0670938721638996),(0.28900000000000159,0.75600000000192469,1.081674993066625),(0.28795035992028828,0.75870099543708669,1.0944625000198558),(0.28500000000000164,0.7600000000019248,1.1333593608253736),(0.28782925237412266,0.75882760163644292,1.1203189102266362),(0.2878250634818178,0.75883178677421337,1.1459400809910389),(0.28900000000000159,0.75600000000192469,1.1328250069333856),(0.28900000000000159,0.75600000000192469,1.1839749949904401),(0.28500000000000159,0.7600000000019248,1.1968281190558059),(0.28796535095357023,0.75868452858664304,1.1711875000089595),(0.28795441734033589,0.75869655672840608,1.1949158252132486),(0.28783344585961418,0.75882339947076449,1.2191751102854684),(0.28900000000000159,0.75600000000192469,1.2351250651243597),(0.28756546898714119,0.75906893611661097,1.2444296878983507),(0.28900000000000159,0.75600000000192469,1.2862750551052289),(0.29041811645728088,0.75905513950313053,1.1598181164573149),(0.29041811645727689,0.7590551395031272,1.5661818835426913),(0.29300000000000154,0.7600000000019248,1.2842636436115238),(0.28900000000000153,0.75600000000192469,1.4279318218059776),(0.29300000000000154,0.7600000000019248,1.4239318218057657),(0.29300000000000154,0.7600000000019248,1.3540977327086448),(0.29300000000000159,0.7600000000019248,1.2233318218057647),(0.29300000000000154,0.7600000000019248,1.3191806881600843),(0.29300000000000154,0.7600000000019248,1.4937659109028867),(0.28900000000000159,0.7560000000019248,1.4977659109029928),(0.28900000000000153,0.7560000000019248,1.5326829554515002),(0.29300000000000159,0.7600000000019248,1.1973170445485666),(0.29300000000000154,0.7600000000019248,1.5286829554514474),(0.28900000000000159,0.75600000000192469,1.1933170445485133),(0.29011771499455868,0.75877352359969685,1.2014335222761885),(0.29300000000000159,0.7600000000019248,1.2537977327086443),(0.2900320155117036,0.75868161669288237,1.2479125000018556),(0.29013576360066545,0.7587921586379478,1.273169888313884),(0.29025887932260563,0.75891311816498508,1.2994594885656983),(0.2900180976055215,0.75866613167717889,1.2246615598125481),(0.29300000000000159,0.7600000000019248,1.1798585222742861),(0.28971599500763406,0.75828370558936486,1.1802047819291961),(0.29002690064329206,0.75867594473512345,1.3246375000017798),(0.29006491668262213,0.75871758825624902,1.348696375666897),(0.29300000000000154,0.7600000000019248,1.3890147772572055),(0.28900000000000153,0.75600000000192469,1.3954659109029923),(0.29025761125137817,0.75891192444315314,1.3745412809165503),(0.29025269178041674,0.75890728353584469,1.3978190651695035),(0.29300000000000159,0.7600000000019248,1.4588488663543262),(0.28900000000000159,0.75600000000192469,1.4628488663544852),(0.29031230569681199,0.75896248195673932,1.5112244331800335),(0.29009759602733204,0.75875246274997998,1.4873331120761755),(0.29020002714655202,0.75885659798203065,1.5338672721886726),(0.29012639306316529,0.75878251382445394,1.4208090602687069),(0.28975591756065067,0.75834007032708495,1.4453903440817264),(0.29002241176844962,0.75867094895750642,1.4662601085323188),(0.6724999921883198,0.75600000000189882,1.1584000000000059),(0.67449999999999444,0.76000000000189893,1.1544000000000056),(0.42866817344051367,0.75600000000189926,1.1584000000000059),(0.48374999999999807,0.76000000000189927,1.1544000000000056),(0.38837499559191063,0.76000000000189949,1.1544000000000056),(0.32791704744546074,0.7600000000018996,1.1544000000000056),(0.43606249779595435,0.76000000000189927,1.1544000000000056),(0.55058408281441673,0.75600000000189915,1.1584000000000059),(0.35883408672025713,0.75600000000189937,1.1584000000000059),(0.48962613593913934,0.75600000000189915,1.1584000000000059),(0.57912500440808545,0.76000000000189905,1.1544000000000056),(0.61154202968969407,0.75600000000189904,1.1584000000000059),(0.62681250661212917,0.76000000000189905,1.1544000000000056),(0.91633181093612603,0.7560000000018986,1.1584000000000059),(0.86524999999999097,0.7600000000018986,1.1544000000000056),(0.96062500440807819,0.76000000000189849,1.1544000000000059),(0.76987499559190353,0.76000000000189871,1.1544000000000056),(0.91293750220403458,0.76000000000189849,1.1544000000000056),(0.79441590156222297,0.75600000000189871,1.1584000000000059),(0.98616589765638252,0.75600000000189849,1.1584000000000059),(0.85537384843750019,0.7560000000018986,1.1584000000000059),(0.73345795468694563,0.75600000000189882,1.1584000000000059),(0.88585282968681323,0.7560000000018986,1.1584000000000059),(0.72218749338785981,0.76000000000189893,1.1544000000000059),(1.0210829566398592,0.75600000000189826,1.1584000000000059),(1.0083125066121219,0.76000000000189838,1.1544000000000056),(0.98446875551010016,0.76000000000189849,1.1544000000000056),(0.32391704336012894,0.75600000000189937,1.1584000000000059),(1.0385414806853468,0.76000000000189838,1.1544000000000056),(0.95124885429625428,0.75600000000189849,1.1584000000000059),(0.97254687566062814,0.75877984217973093,1.1572761914863889),(0.99749183755228521,0.75881596310700083,1.1572408364596953),(1.0217851035772307,0.7590222931795797,1.1570202564661061),(0.81756249779594725,0.76000000000189871,1.1544000000000056),(0.94859066798397118,0.75897731826050274,1.1570712498922813),(0.93678125330605644,0.76000000000189849,1.1544000000000056),(0.53143750220404173,0.76000000000189916,1.1544000000000056),(0.52010510156510381,0.75600000000189915,1.1584000000000059),(0.50759375110201987,0.76000000000189916,1.1544000000000056),(0.49567187880530439,0.75894330398923249,1.1571086826388817),(0.45914715468982648,0.75600000000189926,1.1584000000000056),(0.47011560844962658,0.75890037790064202,1.1571545976193478),(0.44486045009328823,0.75868415566620062,1.1573656885153087),(0.39375113008038537,0.75600000000189937,1.1584000000000059),(0.41221874669393249,0.76000000000189927,1.1544000000000056),(0.40029687897436117,0.75893659405743996,1.1571159556979072),(0.35814602151868563,0.76000000000189949,1.1544000000000056),(0.37352488330352285,0.75883365358508603,1.1572231909907986),(0.34303153585394558,0.75880468531405376,1.1572519713006655),(0.45990624889797621,0.76000000000189927,1.1544000000000059),(0.42272849826926251,0.75906460815513888,1.1569706374437339),(0.90109233309745995,0.75872442614451774,1.1573287373035914),(0.87650073235935133,0.75887156680717383,1.1571846191988984),(0.84140624889796911,0.7600000000018986,1.1544000000000059),(0.82489488281153589,0.75600000000189871,1.1584000000000059),(0.82948437663067442,0.75895973394725402,1.1570907201587572),(0.80423946117880551,0.75891700612414725,1.1571369828795219),(0.76393692031290994,0.75600000000189871,1.1584000000000059),(0.77917642383486729,0.75860017608863672,1.15743958620835),(0.74603124448988167,0.76000000000189893,1.1544000000000059),(0.73410937727703984,0.75898145829212316,1.1570666282949977),(0.70297897343763283,0.75600000000189882,1.1584000000000059),(0.70956003548524926,0.75895452103696004,1.1570964431114734),(0.88909375110201272,0.7600000000018986,1.1544000000000056),(0.85301176061215223,0.75900904377538636,1.1570354611682332),(0.6983437511020163,0.76000000000189893,1.1544000000000056),(0.79371874669392528,0.76000000000189871,1.1544000000000056),(0.75686557573895252,0.75905008540517249,1.1569878522045833),(0.92486341131625205,0.7588135932220792,1.1572431836365922),(0.31976848267504832,0.75888256483468264,1.1571732327678783),(0.53534460525629923,0.75857729168289401,1.1574590141534666),(0.55528125330606348,0.76000000000189916,1.1544000000000056),(0.58106306406372965,0.75600000000189904,1.1584000000000059),(0.56720312839290943,0.7587723509442813,1.1572834129520944),(0.6029687555101072,0.76000000000189905,1.1544000000000056),(0.61489062807317085,0.75897012668298069,1.1570792438295827),(0.64202101093900699,0.75600000000189904,1.1584000000000059),(0.63899143377301504,0.75897877551405168,1.1570696247766736),(0.65065624889797269,0.76000000000189905,1.1544000000000056),(0.5909974317893284,0.75898458820475623,1.1570631247172065),(0.68462899195774629,0.75877852071256302,1.1572774680989446),(0.66189355407754635,0.75905486406671174,1.1569822094309998),(0.67449999999999444,0.76000000000189893,1.1624000000000057),(0.86525001151158487,0.7600000000018986,1.1624000000000054),(0.96062499424419234,0.76000000000189849,1.1624000000000057),(1.0210829413507256,0.76000000000189838,1.1624000000000054),(0.91293750287788855,0.76000000000189849,1.1624000000000057),(0.7698750057557896,0.76000000000189871,1.1624000000000057),(0.72218751438948592,0.76000000000189893,1.1624000000000057),(0.48374998848840428,0.76000000000189916,1.1624000000000057),(0.38837500575579686,0.76000000000189949,1.1624000000000057),(0.57912499424419939,0.76000000000189905,1.1624000000000057),(0.43606249712210055,0.76000000000189927,1.1624000000000059),(0.62681248561050307,0.76000000000189905,1.1624000000000057),(0.34068749136630538,0.76000000000189949,1.1624000000000059),(0.31045852932463253,0.7600000000018996,1.1624000000000059),(0.81756249712209339,0.76000000000189871,1.1624000000000057),(0.84140625431683913,0.7600000000018986,1.1624000000000054),(0.82948437698517008,0.75895973403448702,1.1597092799372088),(0.80423946147719927,0.75891700622042468,1.1596630172230995),(0.74603124856104397,0.76000000000189871,1.1624000000000057),(0.75795312762010081,0.7589440969667639,1.1596921792781942),(0.78110266768345138,0.75902823193518354,1.1597866092220632),(0.79371876295053545,0.76000000000189871,1.1624000000000057),(0.53143750287789571,0.76000000000189916,1.1624000000000057),(0.99085397930905283,0.76000000000189838,1.1624000000000057),(1.0059684667670037,0.75882842713300225,1.1595715728816174),(1.0300556492100961,0.75882842713419629,1.1595715728828115),(0.98277126816303417,0.75888759251249283,1.1596320026205345),(0.93678126007263429,0.76000000000189849,1.1624000000000057),(0.92485937613562885,0.75890451171077455,1.1596497615134373),(0.89871401691346064,0.75886913751912077,1.1596128778449384),(0.87407137642620292,0.75875983976664374,1.1595046097891823),(0.8518778271984434,0.75906787930774111,1.1598332673367191),(0.8890937456831427,0.7600000000018986,1.1624000000000054),(0.47438664981509937,0.75866327261423039,1.1594155437693991),(0.50759374568314997,0.76000000000189916,1.1624000000000057),(0.51951562970318832,0.75898153896101983,1.1597334619006632),(0.54405590656934655,0.75895501299407286,1.1597040960298901),(0.44928078087420537,0.75891310574769477,1.159658866126257),(0.55528123704945376,0.76000000000189916,1.1624000000000057),(0.4967838168365743,0.75905136075514001,1.1598136516952369),(0.45990625431684623,0.76000000000189927,1.1624000000000059),(0.42561400058119364,0.75893719041794272,1.1596846892516932),(0.4122187399273548,0.76000000000189927,1.1624000000000057),(0.40029688044100242,0.75893659404066038,1.1596840442839615),(0.37352488436922826,0.75883365344313158,1.1595768088667326),(0.60296875143894513,0.76000000000189905,1.1624000000000057),(0.59104687908800668,0.75887521662773794,1.1596191495267694),(0.56748595565300741,0.7585349443861682,1.1593058026939727),(0.34939769268776311,0.75881374247783184,1.1595569640735472),(0.36453124856105107,0.76000000000189949,1.1624000000000057),(0.31378436481146449,0.75872479892654099,1.1594716095171174),(0.68773949154829084,0.75876441956743079,1.1595089821056122),(0.66307406401568991,0.75887439595990314,1.1596183012606365),(0.65065624280524881,0.76000000000189905,1.1624000000000057),(0.63873437867412863,0.75897055943156011,1.1597212359800049),(0.61487591392070784,0.75899015030000749,1.1597431219081993),(0.71206039478058381,0.75885066319698669,1.1595939851482682),(0.73497567571820854,0.75903711528231499,1.1597969381925446),(0.69834375719474029,0.76000000000189893,1.1624000000000057),(0.95965831989324946,0.75874981334518266,1.1594950857883473),(0.28500000000000142,0.67000000000192494,1.3044999076758788),(0.28500000000000142,0.67000000000192494,0.75625004616206992),(0.28500000000000142,0.67000000000192494,1.8527499538379479),(0.28500000000000142,0.67000000000192494,1.0303749769189743),(0.28500000000000147,0.67000000000192494,2.126874884594852),(0.28500000000000136,0.67000000000192494,0.4821249307569046),(0.28500000000000142,0.67000000000192494,1.5786250230810439),(0.28500000000000142,0.67000000000192494,1.1674373499732957),(0.28500000000000147,0.67000000000192494,1.9898123268922696),(0.28500000000000136,0.67000000000192494,0.34506237305432202),(0.28500000000000142,0.67000000000192494,1.4415624653784611),(0.28900000000000137,0.67400000000192706,0.95380000000000342),(0.28900000000000131,0.6740000000019255,0.44229999999999992),(0.28900000000000142,0.67400000000192606,1.6699000000000086),(0.28900000000000137,0.67400000000192661,1.2607000155891406),(0.28900000000000137,0.67400000000192684,1.0560999334630297),(0.28900000000000131,0.67400000000192573,0.49345000000000011),(0.28900000000000137,0.67400000000192661,1.311850023383708),(0.28500000000000142,0.67000000000192494,1.7156875807836265),(0.28500000000000131,0.67000000000192494,0.61918748845948701),(0.28500000000000147,0.67000000000192494,2.263937442297435),(0.28500000000000142,0.67000000000192494,1.0989062557702656),(0.28500000000000147,0.67000000000192494,1.9212812326892394),(0.28500000000000142,0.67000000000192494,1.2359686288245872),(0.28500000000000142,0.67000000000192494,0.8933126038646525),(0.28500000000000142,0.67000000000192494,1.3730311865271698),(0.28500000000000153,0.67000000000192494,2.0583436057435609),(0.28500000000000131,0.67000000000192494,0.41359365190561331),(0.28500000000000142,0.67000000000192494,1.5100937442297524),(0.28500000000000142,0.67000000000192494,1.6471563019323354),(0.28500000000000147,0.67000000000192494,1.7842186749866566),(0.28500000000000136,0.67000000000192494,0.55065620960819595),(0.28500000000000147,0.67000000000192494,2.1954061634461439),(0.28500000000000142,0.67000000000192494,0.96184369806768288),(0.28900000000000137,0.67400000000192684,1.1072499667315174),(0.28900000000000131,0.67400000000192517,0.39114999999999989),(0.28900000000000137,0.67400000000192728,0.85150006653697718),(0.28900000000000142,0.67400000000192584,1.7210500000000089),(0.28900000000000137,0.67400000000192706,0.90264996673151554),(0.28500000000000153,0.67000000000192494,2.3324687211487265),(0.28500000000000136,0.67000000000192494,0.68771876731077852),(0.28500000000000136,0.67000000000192494,0.82478132501336121),(0.28900000000000137,0.67400000000192728,0.8003500332684893),(0.28500000000000131,0.67000000000192494,0.27783397233307333),(0.28900000000000131,0.67400000000192484,0.27399999999999985),(0.28900000000000131,0.67400000000192484,0.30699999999999972),(0.28500000000000131,0.67000000000192494,0.24291698616653684),(0.28500000000000153,0.67000000000192494,2.3660830138334812),(0.28900000000000131,0.67400000000192473,0.24099999999999996),(0.28782842719127916,0.67117157294371022,2.3570289780977873),(0.28900000000000142,0.6740000000019255,2.0298250000000122),(0.28500000000000153,0.67000000000192494,2.2982029893989502),(0.28500000000000147,0.67000000000192494,1.6128905701825589),(0.28900000000000142,0.67400000000192606,1.6187500000000081),(0.28900000000000142,0.67400000000192606,1.6443249913001083),(0.28773764325214857,0.67108361363795088,1.6315374999652226),(0.28900000000000137,0.67400000000192672,1.2095500077945729),(0.28900000000000137,0.67400000000192695,1.0049500332684913),(0.28500000000000147,0.67000000000192494,1.6814220336821115),(0.28789908223970939,0.67124403879620909,1.6571124999645241),(0.2879112614865299,0.67125690748488209,2.3082062501819376),(0.28770566690232785,0.67105392352402149,2.2810703090910067),(0.28793635077884056,0.67128378128768051,2.2551812469089052),(0.28500000000000147,0.67000000000192494,2.2296718951959198),(0.2879566526467004,0.67130589437541954,1.6807883682167841),(0.28900000000000142,0.67400000000192584,1.6954750086999086),(0.28794629257257548,0.67129456841402713,1.7082624999601146),(0.28500000000000147,0.67000000000192494,1.7499531278851415),(0.28778572726872664,0.67112950813043648,1.7348418611761007),(0.28900000000000142,0.67400000000192584,1.7466249913001095),(0.28794049977773767,0.67128827341962838,2.2315975942064208),(0.2878895342539684,0.67123402968481161,1.7598271152456402),(0.28500000000000147,0.67000000000192494,1.8184842220881718),(0.28793817276568945,0.67128575226102705,1.810562499951138),(0.28777782292275,0.67112185827333448,1.8372824281342393),(0.28795216060326878,0.67130097281189582,1.7867952730470258),(0.28796933446730405,0.67131987820967576,2.202156246717653),(0.28500000000000147,0.67000000000192494,2.1611404316963676),(0.28777363154548102,0.67111781887473654,2.175899948292388),(0.28786322293213901,0.67120680211404049,2.1491312473445086),(0.28820563179786268,0.67160752747824959,2.3790144890455109),(0.28794291378343378,0.67129089342165082,2.3317453361691616),(0.28500000000000147,0.67000000000192494,1.8870156855877245),(0.28789815608540548,0.67124306487308427,1.8621643519806319),(0.28792949818645913,0.67127639203168743,1.9128624999452171),(0.28500000000000147,0.67000000000192494,1.9555467797907542),(0.28776982030711168,0.67111415602375835,1.9397254410913516),(0.28797027571736866,0.67132092139859523,1.8859936519239515),(0.28900000000000142,0.67400000000192561,1.9512249913001114),(0.28794170884457732,0.67128958507543413,2.1255926724234668),(0.28500000000000153,0.67000000000192494,2.0926093374933368),(0.2879060544748917,0.67125139173791737,1.9645068582301461),(0.28900000000000142,0.6740000000019255,2.0033124963644648),(0.28500000000000147,0.67000000000192494,2.024077873993785),(0.28797097497085206,0.67132169685952681,1.9883676876249221),(0.28779434782576718,0.6711378993348206,2.0129613826458828),(0.28768194047281848,0.6710323080872771,2.0381408090260273),(0.28900000000000148,0.67400000000192539,2.0563375036355596),(0.28788253973348421,0.67122674114547209,2.0695937485064593),(0.28800418473113493,0.67135900130801662,2.0961062481176973),(0.28793347606706982,0.67128067689424953,1.6075972002095045),(0.28900000000000137,0.67400000000192617,1.5931750086999077),(0.28800097966125449,0.6713553599370492,1.5803874999737282),(0.28500000000000147,0.67000000000192494,1.5443594759795285),(0.28786749397150119,0.67121118693479176,1.5552181407144128),(0.28772954608592838,0.67107603383166903,1.5288374421977255),(0.28900000000000142,0.67400000000192617,1.5420250272809923),(0.28500000000000142,0.67000000000192494,1.4758280124799763),(0.28796088779095702,0.6713105495953603,1.5036624999884056),(0.28794539611690695,0.67129359247264964,1.4797778459703883),(0.2877713833432638,0.67111565703260101,1.4545017237161431),(0.28500000000000142,0.67000000000192494,1.4072969182769459),(0.28777189387987456,0.67111614766195982,1.4269374999881934),(0.28794199928924985,0.67128990033917035,1.4031097889339477),(0.28799630842283824,0.67135006871314828,1.3757874999896418),(0.28500000000000142,0.67000000000192494,1.3387654547773937),(0.28785441523887695,0.67119780199962831,1.3503981384904804),(0.28776711625737161,0.67111156312046161,1.324293844980871),(0.28900000000000137,0.67400000000192639,1.3374249961027227),(0.28900000000000137,0.67400000000192661,1.2862750506646929),(0.28500000000000142,0.67000000000192494,1.2702343605743633),(0.28797332060352049,0.67132430110468533,1.2990624999903693),(0.28793940890513703,0.67128709099342321,1.275077646522307),(0.28776035986879911,0.67110510563515935,1.2495581108058011),(0.28900000000000137,0.67400000000192661,1.2351249805135878),(0.28500000000000142,0.67000000000192494,1.2017028970748109),(0.28780354445485717,0.67114690720819248,1.2223374999906569),(0.28794844492736832,0.6712969142633135,1.1985909547184475),(0.28900000000000137,0.67400000000192672,1.183975035075558),(0.28798956623782462,0.67134246473223091,1.1711874999919978),(0.28500000000000142,0.67000000000192494,1.1331718028717808),(0.28784074043842173,0.67118394003070214,1.1455658817686445),(0.2878002106848272,0.67114363515817899,1.1197236517490678),(0.28900000000000137,0.67400000000192684,1.1328250499027364),(0.28900000000000137,0.67400000000192684,1.0816748835602987),(0.28500000000000142,0.67000000000192494,1.0646407086687504),(0.28798362275249928,0.67133579369032359,1.0944624999950159),(0.28793232710351707,0.6712794379721253,1.0703608309661192),(0.28775006850663609,0.67109532735103705,1.0445895076274805),(0.28900000000000137,0.67400000000192695,1.0305249833657606),(0.28500000000000142,0.67000000000192494,0.99610924516919797),(0.28783266271125274,0.67117581481601973,1.0177374999949083),(0.28795297221343419,0.67130186080857446,0.99404364893823893),(0.28900000000000137,0.67400000000192695,0.97937508317122213),(0.28798073545004393,0.67133256374648043,0.9665874999953592),(0.28500000000000142,0.67000000000192494,0.9275781509661678),(0.28782651660646758,0.67116966364852604,0.94072182780562064),(0.28782920861453432,0.67117235458294944,0.9151281667971275),(0.28900000000000137,0.67400000000192706,0.92822491682878472),(0.28900000000000137,0.67400000000192706,0.87707501663424647),(0.28500000000000142,0.67000000000192494,0.85904705676313731),(0.28797552986403024,0.67132675814450304,0.86428749999568732),(0.28781921254852239,0.67116238822328755,0.83829552131482132),(0.28793809059728831,0.67128566331644635,0.88829419850311797),(0.28500000000000142,0.67000000000192494,0.790515593263585),(0.28900000000000137,0.67400000000192728,0.82592511643970823),(0.28784227841983434,0.67118549233909075,0.81282130814856035),(0.28900000000000137,0.67400000000192739,0.77477495009727049),(0.28796979311291893,0.67132038643529479,0.76198749999605242),(0.28500000000000142,0.67000000000192494,0.72198449906055484),(0.28781178726021306,0.67115503033542379,0.73586643990506162),(0.2879413350734028,0.67128917946452693,0.78594031970462486),(0.28900000000000137,0.67400000000192728,0.72362500000000129),(0.28785444787853814,0.67119783524789689,0.7105085531709967),(0.28500000000000136,0.67000000000192494,0.65345303556100243),(0.28796352151435306,0.67131345198746939,0.65968749999721321),(0.28780424558211232,0.67114759632866761,0.6334346429265757),(0.28794430044650104,0.67129240053362427,0.68359064910758638),(0.28500000000000131,0.67000000000192494,0.58492194135797226),(0.28786575368748085,0.67120939866839524,0.60819002945091327),(0.28795671106675325,0.67130595849004226,0.55738749999733428),(0.28500000000000136,0.67000000000192494,0.51639047785841974),(0.28779659209894182,0.67114009220058868,0.53100019041626445),(0.28794697739502839,0.67129531439483481,0.58124528351447657),(0.28900000000000137,0.67400000000192606,0.51902500000000029),(0.28787623061968481,0.67122019831432278,0.50586585874427514),(0.28900000000000137,0.67400000000192561,0.46787499999999982),(0.28500000000000131,0.67000000000192494,0.44785938365538941),(0.28794935745237338,0.67129790995565741,0.45508749999747228),(0.2877888311289884,0.67113252359679221,0.42856314315090177),(0.28794935633903901,0.67129790874044271,0.47890432632697982),(0.28900000000000131,0.67400000000192539,0.4167249999999999),(0.28500000000000136,0.67000000000192494,0.379327920155837),(0.28788591165713406,0.671230250210477,0.40353615757444133),(0.28900000000000131,0.67400000000192506,0.36557499999999987),(0.28794145604139421,0.6712893107249045,0.3527874999976241),(0.28500000000000136,0.67000000000192494,0.31144826501782813),(0.28779167417542312,0.67113529141320538,0.32629954384958526),(0.28795142741592233,0.67130017107983564,0.3765678883009288),(0.28768062012587431,0.67103111540653149,0.294641191717888),(0.28779370047309127,0.67113726744950974,0.27186700430372274),(0.28778718757119265,0.67113092603233171,0.23235004556623393),(0.29041811645729043,0.67094486050071078,1.1569818835427153),(0.29300000000000143,0.67000000000192494,1.032536397488601),(0.28900000000000137,0.67400000000192706,0.88886817819401986),(0.29300000000000137,0.67000000000192494,0.89286819874430134),(0.29300000000000143,0.67000000000192494,0.96270240470654589),(0.29300000000000143,0.67000000000192494,1.0934681987443031),(0.29300000000000143,0.67000000000192494,0.99761940109757352),(0.29300000000000137,0.67000000000192494,0.82303399278205658),(0.28900000000000137,0.67400000000192728,0.81903408909701059),(0.28900000000000137,0.67400000000192728,0.78411704454850595),(0.29300000000000143,0.67000000000192494,1.1194830036089778),(0.29300000000000137,0.67000000000192494,0.78811699639102895),(0.28900000000000137,0.67400000000192684,1.1234829554515009),(0.2901177149944843,0.67122647640422983,1.1153664777288639),(0.29300000000000143,0.67000000000192494,1.0630024047065469),(0.29003201551184865,0.67131838331080651,1.0688875000027978),(0.2901357635996864,0.67120784136690592,1.0436301116718094),(0.29025887932414463,0.67108688183741605,1.0173405114054495),(0.29001809760367186,0.6713338683287392,1.092138440192558),(0.29300000000000143,0.67000000000192494,1.136941395214397),(0.28971599500657391,0.67171629441600889,1.1365952180739449),(0.29002690064320291,0.6713240552688251,0.99216250000256689),(0.29006491668193923,0.67128241174833803,0.96810362431860475),(0.29300000000000143,0.67000000000192494,0.92778519513532876),(0.28900000000000137,0.67400000000192706,0.92133408909701142),(0.29025761124926319,0.67108807556268812,0.94225871905512515),(0.29025269178085272,0.67109271646759283,0.91898093477355158),(0.29300000000000143,0.67000000000192494,0.8579512023532736),(0.28900000000000137,0.67400000000192728,0.85395113364551523),(0.29031230569635247,0.67103751804752687,0.80557556681789777),(0.29009759602727431,0.67124753725393016,0.82946688793836676),(0.29020002714656651,0.67114340202180445,0.78293272779532153),(0.29012639306359833,0.67121748617894816,0.89599093967338783),(0.28975591755414609,0.67165992968578181,0.8714096559216824),(0.29002241176724697,0.67132905104768359,0.85053989148151377),(0.68750000105503895,0.67400000000192506,1.1584000000000054),(0.68949999999999267,0.67000000000192517,1.1544000000000054),(0.49124999999999708,0.6700000000019255,1.1544000000000054),(0.48825000052752021,0.6740000000019255,1.1584000000000054),(0.42866818085826475,0.6740000000019255,1.1584000000000054),(0.39212499999999922,0.67000000000192561,1.1544000000000054),(0.358834090429133,0.67400000000192561,1.1584000000000054),(0.44168749999999812,0.67000000000192561,1.1544000000000054),(0.34256250000000027,0.67000000000192572,1.1544000000000054),(0.80666364195318829,0.67000000000192494,1.1544000000000054),(0.88674999947246502,0.67400000000192484,1.1584000000000054),(0.78712500026375209,0.67400000000192495,1.1584000000000054),(0.73731250171444207,0.67400000000192506,1.1584000000000054),(0.94633182097658608,0.67000000000192461,1.1544000000000054),(0.87649773146488719,0.67000000000192472,1.1544000000000054),(0.74808182097659037,0.67000000000192506,1.1544000000000054),(0.98637500079127094,0.67400000000192473,1.1584000000000054),(0.93656250013186793,0.67400000000192473,1.1584000000000054),(1.016165910488285,0.6700000000019245,1.1544000000000054),(1.0361875014506738,0.6740000000019245,1.1584000000000056),(0.58787499973623314,0.67400000000192539,1.1584000000000054),(0.59037499999999477,0.67000000000192528,1.1544000000000054),(0.63993749999999372,0.67000000000192517,1.1544000000000054),(0.63768750039563604,0.67400000000192517,1.1584000000000054),(1.0510829552441343,0.6700000000019245,1.1544000000000054),(0.32391704626961371,0.67400000000192573,1.1584000000000054),(0.32791704475585082,0.67000000000192572,1.1544000000000054),(0.33523977203288641,0.67125566768279132,1.1573100928030196),(1.0510829558404644,0.6740000000019245,1.1584000000000054),(1.0436352225811962,0.67117157282661721,1.1572284270741906),(0.54081249999999592,0.67000000000192528,1.1544000000000056),(0.53806249907683024,0.67400000000192539,1.1584000000000054),(0.51315624874712873,0.67400000000192539,1.1584000000000054),(1.0112812511209723,0.67400000000192473,1.1584000000000054),(0.98124886573243564,0.67000000000192461,1.1544000000000054),(0.99882812023160672,0.67101455083465966,1.157062159512446),(0.3673437499999998,0.67000000000192572,1.1544000000000054),(0.39375113458865246,0.67400000000192561,1.1584000000000054),(0.5160312499999965,0.6700000000019255,1.1544000000000054),(0.37973437439212493,0.67121970003627895,1.1572757489634975),(0.83693749881306212,0.67400000000192495,1.1584000000000054),(0.50070312352028234,0.67124554929488811,1.1573005174197948),(0.45845908963784598,0.6740000000019255,1.1584000000000054),(0.4664687499999976,0.6700000000019255,1.1544000000000056),(0.52842187351376091,0.67110504401150006,1.1571602952402833),(0.56296874940653174,0.67400000000192539,1.1584000000000054),(0.56559374999999545,0.67000000000192528,1.1544000000000054),(0.57798437321922025,0.67111034549242088,1.1571658446839492),(0.61278125006593465,0.67400000000192517,1.1584000000000054),(0.61515624999999419,0.67000000000192517,1.1544000000000054),(0.62754687292468592,0.67111579374097907,1.1571715256167587),(0.66259375072533755,0.67400000000192517,1.1584000000000054),(0.66471874999999314,0.67000000000192517,1.1544000000000054),(0.67710937263016413,0.67112138957315115,1.1571773372138405),(0.71240625138474067,0.67400000000192506,1.1584000000000054),(0.71879091048829158,0.67000000000192506,1.1544000000000054),(0.70226919622208861,0.6711053621655737,1.157160628876976),(0.47577538772855116,0.67124929412184553,1.1573040690696548),(0.55320338846304307,0.67108443939053708,1.1571385226530653),(0.60276595663829291,0.67108450885518889,1.1571385966065362),(0.40525831831366937,0.67112739186482917,1.1571835449503678),(0.65232852932492702,0.67108459387177488,1.157138687111795),(0.4169062499999987,0.67000000000192561,1.1544000000000054),(0.31258294470519138,0.67144695498479967,1.1574792793216209),(1.0685414776220592,0.6700000000019245,1.1544000000000054),(1.0685414768651778,0.6740000000019245,1.1584000000000054),(0.97466500389181421,0.67127769520913527,1.1573307092341596),(0.96146875046156943,0.67400000000192473,1.1584000000000054),(0.94901562056108901,0.67134060904284243,1.1573879156157403),(0.91141477622073674,0.67000000000192472,1.1544000000000054),(0.92339312191178957,0.67120505690816179,1.157261519369611),(0.89784447227969422,0.67110452374664897,1.1571597494913786),(0.91165624980216653,0.67400000000192484,1.1584000000000054),(0.86184374914276352,0.67400000000192484,1.1584000000000054),(0.84158068670903774,0.67000000000192494,1.1544000000000054),(0.84939062121677,0.67127805047598743,1.1573310391976706),(0.82242392522442442,0.67112993708877478,1.1571861692114067),(0.8733128991780672,0.67130966446061191,1.1573600835588174),(0.81203124848336061,0.67400000000192495,1.1584000000000054),(0.79801517140452061,0.67122066972014593,1.1572766861463875),(0.77737273146488928,0.67000000000192494,1.1544000000000054),(0.76221875204414358,0.67400000000192506,1.1584000000000054),(0.74976562187740481,0.67134574094298038,1.1573924753713345),(0.77372801989185003,0.67130708458121546,1.1573577367254266),(0.72597136241958493,0.67131763846613712,1.1573673113404828),(0.35746424098417751,0.67096034650402714,1.157000097423702),(0.45186745414759422,0.67110548235172218,1.157160754891817),(0.42855540972043804,0.6709698692491991,1.1570111889287087),(1.0211288954769673,0.67137883029135637,1.1574215011746536),(1.0648176085019982,0.67103114170968881,1.1570806492572983),(0.68949999543983997,0.67000000000192506,1.1624000000000054),(0.80666363360348736,0.67000000000192494,1.1624000000000054),(0.94633182400057037,0.67400000000192473,1.1584000000000054),(0.94633181680173573,0.67000000000192461,1.1624000000000054),(0.87649772064245879,0.67000000000192472,1.1624000000000054),(0.84158067712297302,0.67000000000192472,1.1624000000000054),(0.5683363597657165,0.67400000000192539,1.1584000000000054),(0.49125000228007337,0.6700000000019255,1.1624000000000054),(0.43266818319824968,0.67000000000192561,1.1624000000000054),(0.5903749988599567,0.67000000000192528,1.1624000000000054),(0.49850226982428775,0.6740000000019255,1.1584000000000054),(0.53341931285328004,0.67400000000192539,1.1584000000000054),(0.62791818085371554,0.67400000000192517,1.1584000000000054),(0.54081249600986236,0.67000000000192528,1.1624000000000054),(0.63993750171005104,0.67000000000192517,1.1624000000000054),(1.0161659129610126,0.6700000000019245,1.1624000000000054),(1.0161659100585549,0.67400000000192473,1.1584000000000054),(0.36283409615927825,0.67000000000192572,1.1624000000000054),(0.32791704351948708,0.67000000000192572,1.1624000000000054),(1.0510829564804984,0.6700000000019245,1.1624000000000057),(0.74808181452166367,0.67000000000192506,1.1624000000000054),(0.71879090498075193,0.67000000000192506,1.1624000000000054),(0.98124886032122138,0.67000000000192461,1.1624000000000054),(0.9812488670295626,0.67400000000192473,1.1584000000000054),(0.69995312281026245,0.67122294543109695,1.1595211168987589),(0.65770909333943717,0.67400000000192517,1.1584000000000054),(0.66471874857494562,0.67000000000192517,1.1624000000000054),(0.67482362908386451,0.67123742552162868,1.1595072189435107),(0.72485937268882028,0.67130600904645876,1.1594432428689807),(0.74865467715389789,0.67131772157678027,1.159432613532084),(0.77737272406257552,0.67000000000192494,1.1624000000000057),(0.7746718724417081,0.67134050106156629,1.1594121804963824),(0.79918625675101551,0.67127284589187064,1.159473802730508),(0.82412216033962427,0.67081261649419377,1.1599832694865548),(0.84765044219675034,0.67125949309819255,1.159486304423835),(0.87429687196221362,0.67134337972514524,1.1594096206419635),(0.91141477328224996,0.67000000000192461,1.1624000000000054),(0.91654091151484873,0.67400000000192484,1.1584000000000054),(0.8998080387931543,0.67121163599944988,1.1595320693541038),(0.92471627751046204,0.6710518966396023,1.1596965417397278),(0.5160312491449679,0.6700000000019255,1.1624000000000054),(0.5036406235797084,0.6710338700049806,1.1597163322036448),(0.46358522679529535,0.6740000000019255,1.1584000000000054),(0.46195909273916147,0.6700000000019255,1.1624000000000054),(0.47739097037159384,0.67116993505276279,1.1595732116486215),(0.52785909864166769,0.67105307757071808,1.1596952545065353),(0.55407143096805811,0.67120251362053518,1.1595409669561363),(0.59812726836799412,0.67400000000192539,1.1584000000000054),(0.61515624572485128,0.67000000000192517,1.1624000000000054),(0.60276562287779945,0.67102872046971418,1.1597220347385684),(0.57839847678781842,0.67106153446240979,1.1596860692210282),(0.56559375199506223,0.67000000000192528,1.1624000000000057),(0.62660113766236247,0.67103162901213154,1.1597188111467258),(0.65072841321495556,0.67109675864563556,1.1596484205213915),(0.44731363337630958,0.67122799830154711,1.1595162512985582),(0.39775113967876397,0.67000000000192561,1.1624000000000054),(0.42389113526143785,0.67111196182705957,1.1596324676152778),(1.0336244284371991,0.67117157275893025,1.1595715729935072),(0.96379033868268615,0.67117157266591865,1.1595715730865193),(0.99870738476003484,0.67117157279988449,1.1595715729525533),(1.0566642691337547,0.6711715728687131,1.1595715728837244),(0.37629261128289154,0.67131230567409361,1.1594375180675476),(0.35240129020300998,0.67109759600461771,1.1596475372779309),(0.39893545019513899,0.67120002711074156,1.159543402056886),(0.31524599465892233,0.67107830132952284,1.1596680269277224),(0.68750000105503872,0.67400000000191573,1.5676000000000074),(0.68949999999999267,0.67000000000191562,1.5636000000000077),(0.49124999999999708,0.67000000000191584,1.5636000000000079),(0.48825000052751999,0.67400000000191596,1.5676000000000074),(0.42866817888348646,0.67400000000191618,1.5676000000000074),(0.39212499999999922,0.67000000000191595,1.5636000000000077),(0.35883409049679005,0.67400000000191629,1.5676000000000074),(0.44168749999999812,0.67000000000191595,1.5636000000000077),(0.34256250000000027,0.67000000000191606,1.5636000000000077),(0.80666364195318829,0.67000000000191529,1.5636000000000077),(0.88675000158255735,0.67400000000191529,1.5676000000000074),(0.78712500131879803,0.67400000000191562,1.5676000000000074),(0.73731250118691827,0.67400000000191562,1.5676000000000074),(0.94633182097658586,0.67000000000191517,1.5636000000000077),(0.87649773146488708,0.67000000000191529,1.5636000000000077),(0.74808182097659048,0.6700000000019154,1.5636000000000077),(0.98637500184631666,0.67400000000191518,1.5676000000000074),(0.936562501714437,0.67400000000191529,1.5676000000000074),(1.016165910488285,0.67000000000191506,1.5636000000000077),(1.0361874998681042,0.67400000000191518,1.5676000000000074),(0.58787500079127941,0.67400000000191584,1.5676000000000074),(0.59037499999999488,0.67000000000191573,1.5636000000000077),(0.63993749999999383,0.67000000000191562,1.5636000000000079),(0.63768750092315896,0.67400000000191573,1.5676000000000074),(1.0510829552441343,0.67000000000191506,1.5636000000000077),(0.32391704524839565,0.67400000000191629,1.5676000000000074),(0.32791704475585093,0.67000000000191606,1.5636000000000074),(0.33523977203288641,0.67125566768278166,1.5665100928030216),(1.0510829547515894,0.67400000000191507,1.5676000000000074),(1.0436352225811962,0.67117157282660778,1.5664284270741928),(0.54081249999999592,0.67000000000191573,1.5636000000000077),(0.53806250065939965,0.67400000000191584,1.5676000000000074),(0.51315624953841377,0.67400000000191596,1.5676000000000074),(1.0112812508572104,0.67400000000191518,1.5676000000000074),(0.98124886573243542,0.67000000000191517,1.5636000000000077),(0.99882812023160672,0.67101455083465034,1.5662621595124482),(0.3673437499999998,0.67000000000191595,1.5636000000000077),(0.39375113574518433,0.67400000000191618,1.5676000000000074),(0.5160312499999965,0.67000000000191584,1.5636000000000077),(0.37973437439212493,0.67121970003626952,1.5664757489634997),(0.83693750145067758,0.67400000000191551,1.5676000000000074),(0.50070312352028234,0.67124554929487856,1.566500517419797),(0.4584590907605493,0.67400000000191596,1.5676000000000074),(0.4664687499999976,0.67000000000191584,1.5636000000000077),(0.5284218735137608,0.67110504401149063,1.5663602952402855),(0.56296875178038552,0.67400000000191584,1.5676000000000074),(0.56559374999999545,0.67000000000191573,1.5636000000000077),(0.57798437321922014,0.67111034549241133,1.5663658446839517),(0.61278124980217297,0.67400000000191584,1.5676000000000074),(0.6151562499999943,0.67000000000191573,1.5636000000000077),(0.62754687292468592,0.67111579374096952,1.5663715256167607),(0.66259375204414483,0.67400000000191573,1.5676000000000074),(0.66471874999999314,0.67000000000191562,1.5636000000000077),(0.67710937263016413,0.6711213895731416,1.5663773372138428),(0.7124062500659325,0.67400000000191562,1.5676000000000074),(0.71879091048829158,0.6700000000019154,1.5636000000000077),(0.70226919622208894,0.67110536216556427,1.5663606288769782),(0.47577538772855077,0.67124929412183609,1.566504069069657),(0.55320338846304284,0.67108443939052742,1.5663385226530673),(0.60276595663829291,0.67108450885517923,1.5663385966065384),(0.40525831831367048,0.67112739186481962,1.5663835449503698),(0.65232852932492713,0.67108459387176533,1.5663386871117972),(0.4169062499999987,0.67000000000191595,1.5636000000000077),(0.31258294470520048,0.67144695498479079,1.5666792793216235),(1.068541477622059,0.67000000000191506,1.5636000000000077),(1.0685414773757866,0.67400000000191507,1.5676000000000074),(0.97466500389181454,0.67127769520912572,1.5665307092341616),(0.96146875283542288,0.67400000000191529,1.5676000000000074),(0.9490156205610889,0.67134060904283299,1.5665879156157425),(0.91141477622073674,0.67000000000191517,1.5636000000000077),(0.92339312191178957,0.67120505690815235,1.566461519369613),(0.89784447227969422,0.67110452374663954,1.5663597494913808),(0.91165625059345112,0.67400000000191529,1.5676000000000074),(0.86184375257166357,0.67400000000191551,1.5676000000000074),(0.84158068670903752,0.67000000000191529,1.5636000000000077),(0.84939062121677,0.67127805047597811,1.5665310391976728),(0.82242392522442431,0.67112993708876534,1.5663861692114089),(0.8733128991780672,0.67130966446060247,1.5665600835588196),(0.8120312503296917,0.67400000000191551,1.5676000000000074),(0.79801517140452038,0.67122066972013639,1.5664766861463897),(0.77737273146488928,0.6700000000019154,1.5636000000000077),(0.76221875230790426,0.67400000000191562,1.5676000000000074),(0.74976562187740481,0.67134574094297095,1.5665924753713365),(0.77372801989185036,0.67130708458120603,1.5665577367254289),(0.72597136241958515,0.67131763846612769,1.566567311340485),(0.35746424098417751,0.67096034650401759,1.5662000974237043),(0.45186745414759322,0.67110548235171263,1.5663607548918193),(0.42855540972043821,0.67096986924918944,1.5662111889287107),(1.0211288954769673,0.67137883029134704,1.5666215011746558),(1.0648176085019982,0.67103114170967937,1.5662806492573005),(0.68949999543983997,0.67000000000191562,1.5716000000000074),(0.80666364272379265,0.6700000000019154,1.5716000000000074),(0.94633181806971367,0.67400000000191529,1.5676000000000074),(0.9463318259220409,0.67000000000191517,1.5716000000000074),(0.87649773888306948,0.67000000000191529,1.5716000000000072),(0.84158068624327842,0.67000000000191529,1.5716000000000074),(0.56833635609365707,0.67400000000191584,1.5676000000000074),(0.49125000228007337,0.67000000000191584,1.5716000000000074),(0.43266818319824979,0.67000000000191595,1.5716000000000074),(0.5903749988599567,0.67000000000191573,1.5716000000000074),(0.49850226707024325,0.67400000000191596,1.5676000000000074),(0.5334193096402291,0.67400000000191584,1.5676000000000074),(0.62791817707596431,0.67400000000191573,1.5676000000000074),(0.54081249600986236,0.67000000000191584,1.5716000000000074),(0.63993750171005104,0.67000000000191573,1.5716000000000074),(1.0161659129610126,0.67000000000191506,1.5716000000000074),(1.0161659109765699,0.67400000000191518,1.5676000000000074),(0.36283409615927831,0.67000000000191606,1.5716000000000074),(0.32791704351948714,0.67000000000191606,1.5716000000000074),(1.0510829564804982,0.67000000000191506,1.5716000000000074),(0.74808181452166367,0.6700000000019154,1.5716000000000074),(0.71879090498075193,0.67000000000191562,1.5716000000000074),(0.98124886944152678,0.67000000000191517,1.5716000000000074),(0.98124886452314186,0.67400000000191518,1.5676000000000074),(0.69995312281026245,0.67122294543108751,1.5687211168987607),(0.65770908756711788,0.67400000000191573,1.5676000000000074),(0.66471874857494562,0.67000000000191562,1.5716000000000074),(0.67482362908386417,0.67123742552161925,1.5687072189435125),(0.72485937268882017,0.67130600904644933,1.5686432428689827),(0.74865467715389789,0.67131772157677083,1.5686326135320861),(0.7773727331828808,0.6700000000019154,1.5716000000000072),(0.7746718724417081,0.67134050106155663,1.5686121804963842),(0.79918625675101551,0.6712728458918612,1.5686738027305098),(0.82412216033962415,0.67081261649418433,1.5691832694865564),(0.84765044219675045,0.67125949309818311,1.5686863044238368),(0.8742968719622134,0.67134337972513569,1.5686096206419655),(0.91141478240255525,0.67000000000191529,1.5716000000000074),(0.9165409075785601,0.67400000000191529,1.5676000000000074),(0.8998080387931543,0.67121163599944034,1.5687320693541056),(0.92471627751046215,0.67105189663959297,1.5688965417397296),(0.5160312491449679,0.67000000000191584,1.5716000000000074),(0.5036406235797084,0.67103387000497106,1.5689163322036466),(0.46358522450025741,0.67400000000191596,1.5676000000000074),(0.46195909273916153,0.67000000000191595,1.5716000000000074),(0.4773909703715935,0.67116993505275313,1.5687732116486233),(0.52785909864166825,0.67105307757070864,1.5688952545065371),(0.55407143096805878,0.67120251362052552,1.5687409669561383),(0.59812726658481086,0.67400000000191584,1.5676000000000074),(0.61515624572485128,0.67000000000191573,1.5716000000000074),(0.60276562287779945,0.67102872046970474,1.5689220347385702),(0.57839847678781875,0.67106153446240024,1.5688860692210302),(0.56559375199506223,0.67000000000191573,1.5716000000000074),(0.62660113766236303,0.6710316290121221,1.5689188111467278),(0.65072841321495578,0.67109675864562601,1.5688484205213933),(0.44731363337630969,0.67122799830153768,1.56871625129856),(0.39775113967876402,0.67000000000191595,1.5716000000000074),(0.42389113526143724,0.67111196182705002,1.5688324676152796),(1.0336244284371989,0.67117157275892081,1.5687715729935092),(0.96379033868268615,0.67117157266590921,1.568771573086521),(0.99870738476003473,0.67117157279987494,1.5687715729525551),(1.0566642691337544,0.67117157286870366,1.5687715728837264),(0.37629261128289149,0.67131230567408418,1.5686375180675494),(0.35240129020300925,0.67109759600460817,1.5688475372779327),(0.39893545019513948,0.6712000271107319,1.568743402056888),(0.3152459946589285,0.6710783013295134,1.5688680269277242),(0.6724999921883198,0.75600000000188927,1.5676000000000077),(0.67449999999999444,0.76000000000188928,1.5636000000000079),(0.42866817344051367,0.7560000000018896,1.5676000000000077),(0.48374999999999807,0.76000000000188961,1.5636000000000079),(0.38837500440808903,0.76000000000188972,1.5636000000000079),(0.32791704744546074,0.76000000000188983,1.5636000000000079),(0.43606250661213269,0.76000000000188972,1.5636000000000079),(0.55058408281441673,0.75600000000188938,1.5676000000000077),(0.35883408672025713,0.7560000000018896,1.5676000000000077),(0.48962613593913934,0.75600000000188949,1.5676000000000077),(0.579124995591907,0.76000000000188939,1.5636000000000079),(0.61154202968969407,0.75600000000188938,1.5676000000000077),(0.62681249779595083,0.76000000000188928,1.5636000000000079),(0.91633181093612603,0.75600000000188883,1.5676000000000077),(0.86524999999999097,0.76000000000188905,1.5636000000000079),(0.96062499559190007,0.76000000000188872,1.5636000000000079),(0.76987500440808188,0.76000000000188916,1.5636000000000079),(0.91293749338785635,0.76000000000188883,1.5636000000000079),(0.79441590156222297,0.75600000000188894,1.5676000000000077),(0.98616589765638252,0.75600000000188872,1.5676000000000077),(0.85537384843750019,0.75600000000188894,1.5676000000000077),(0.73345795468694563,0.75600000000188916,1.5676000000000077),(0.88585282968681323,0.75600000000188883,1.5676000000000077),(0.72218750220403827,0.76000000000188916,1.5636000000000079),(1.0210829566398592,0.75600000000188872,1.5676000000000077),(1.0083124977959437,0.76000000000188872,1.5636000000000079),(0.98446874669392193,0.76000000000188872,1.5636000000000079),(0.32391704336012894,0.75600000000188983,1.5676000000000077),(1.0385414718691688,0.76000000000188861,1.5636000000000079),(0.95124885429625428,0.75600000000188883,1.5676000000000077),(0.97254687566062814,0.75877984217972116,1.5664761914863912),(0.99749183755228543,0.75881596310699106,1.5664408364596976),(1.0217851035772307,0.75902229317957004,1.5662202564661083),(0.81756250661212559,0.76000000000188905,1.5636000000000079),(0.9485906679839714,0.75897731826049297,1.5662712498922835),(0.9367812444898781,0.76000000000188883,1.5636000000000079),(0.53143749338786328,0.76000000000188961,1.5636000000000079),(0.52010510156510381,0.75600000000188949,1.5676000000000077),(0.50759375110201987,0.76000000000188961,1.5636000000000079),(0.49567187880530439,0.75894330398922272,1.5663086826388841),(0.45914715468982648,0.75600000000188949,1.5676000000000077),(0.47011560844962658,0.75890037790063225,1.5663545976193498),(0.44486045009328823,0.75868415566619085,1.5665656885153108),(0.39375113008038537,0.7560000000018896,1.5676000000000077),(0.41221875551011078,0.76000000000188972,1.5636000000000079),(0.40029687897436117,0.7589365940574303,1.5663159556979096),(0.35814602151868563,0.76000000000188983,1.5636000000000079),(0.37352488330352285,0.75883365358507637,1.5664231909908006),(0.34303153585394558,0.7588046853140441,1.5664519713006675),(0.45990624889797621,0.76000000000188961,1.5636000000000079),(0.42272849826926245,0.75906460815512922,1.5661706374437363),(0.90109233309745995,0.75872442614450797,1.5665287373035934),(0.87650073235935133,0.75887156680716428,1.5663846191989004),(0.84140624889796911,0.76000000000188905,1.5636000000000079),(0.82489488281153589,0.75600000000188894,1.5676000000000077),(0.82948437663067454,0.75895973394724436,1.5662907201587593),(0.80423946117880551,0.75891700612413748,1.5663369828795242),(0.76393692031290994,0.75600000000188916,1.5676000000000077),(0.77917642383486729,0.75860017608862718,1.566639586208352),(0.74603125330606013,0.76000000000188916,1.5636000000000079),(0.73410937727703984,0.7589814582921135,1.566266628295),(0.70297897343763283,0.75600000000188916,1.5676000000000077),(0.70956003548524926,0.75895452103695027,1.5662964431114756),(0.88909375110201272,0.76000000000188883,1.5636000000000079),(0.85301176061215256,0.7590090437753767,1.5662354611682354),(0.6983437511020163,0.76000000000188928,1.5636000000000079),(0.79371875551010374,0.76000000000188905,1.5636000000000079),(0.75686557573895252,0.75905008540516272,1.5661878522045856),(0.92486341131625205,0.75881359322206954,1.5664431836365944),(0.31976848267504826,0.75888256483467287,1.5663732327678805),(0.53534460525629923,0.75857729168288446,1.5666590141534689),(0.55528124448988525,0.76000000000188939,1.5636000000000079),(0.58106306406372965,0.75600000000188938,1.5676000000000081),(0.56720312839290954,0.75877235094427153,1.5664834129520964),(0.60296874669392897,0.76000000000188939,1.5636000000000079),(0.61489062807317085,0.75897012668297115,1.5662792438295849),(0.64202101093900699,0.75600000000188927,1.5676000000000081),(0.63899143377301504,0.75897877551404203,1.5662696247766756),(0.65065624889797269,0.76000000000188928,1.5636000000000079),(0.59099743178932851,0.75898458820474646,1.5662631247172087),(0.68462899195774629,0.75877852071255336,1.5664774680989466),(0.66189355407754635,0.7590548640667022,1.5661822094310021),(0.67449999999999444,0.76000000000188928,1.5716000000000077),(0.86525001151158487,0.76000000000188883,1.5716000000000077),(0.96062499424419234,0.76000000000188872,1.5716000000000074),(1.0210829413507256,0.76000000000188872,1.5716000000000074),(0.91293750287788855,0.76000000000188883,1.5716000000000074),(0.7698750057557896,0.76000000000188905,1.5716000000000077),(0.72218751438948592,0.76000000000188916,1.5716000000000077),(0.48374998848840417,0.76000000000188961,1.5716000000000077),(0.3883750057557967,0.76000000000188972,1.5716000000000077),(0.57912499424419928,0.76000000000188939,1.5716000000000077),(0.43606249712210038,0.76000000000188961,1.5716000000000077),(0.62681248561050307,0.76000000000188928,1.5716000000000077),(0.34068749136630522,0.76000000000188983,1.5716000000000077),(0.31045852932463242,0.76000000000188983,1.5716000000000077),(0.81756249712209339,0.76000000000188905,1.5716000000000077),(0.84140625431683913,0.76000000000188905,1.5716000000000074),(0.82948437698516986,0.75895973403447736,1.5689092799372109),(0.80423946147719916,0.75891700622041491,1.5688630172231015),(0.74603124856104397,0.76000000000188916,1.5716000000000074),(0.75795312762010081,0.75894409696675424,1.5688921792781962),(0.78110266768345138,0.75902823193517377,1.5689866092220652),(0.79371876295053534,0.76000000000188905,1.5716000000000074),(0.5314375028778956,0.76000000000188939,1.5716000000000077),(0.99085397930905283,0.76000000000188872,1.5716000000000074),(1.0059684667670037,0.75882842713299259,1.5687715728816192),(1.0300556492100961,0.75882842713418674,1.5687715728828131),(0.98277126816303417,0.75888759251248306,1.5688320026205365),(0.93678126007263429,0.76000000000188872,1.5716000000000074),(0.92485937613562885,0.7589045117107649,1.5688497615134394),(0.89871401691346064,0.75886913751911111,1.5688128778449402),(0.87407137642620292,0.75875983976663397,1.5687046097891844),(0.8518778271984434,0.75906787930773145,1.5690332673367209),(0.8890937456831427,0.76000000000188883,1.5716000000000074),(0.47438664981509937,0.75866327261422062,1.5686155437694009),(0.50759374568314986,0.76000000000188961,1.5716000000000077),(0.51951562970318821,0.75898153896101017,1.568933461900665),(0.54405590656934644,0.75895501299406309,1.5689040960298921),(0.44928078087420537,0.75891310574768522,1.568858866126259),(0.55528123704945365,0.76000000000188939,1.5716000000000077),(0.49678381683657413,0.75905136075513036,1.5690136516952387),(0.45990625431684612,0.76000000000188961,1.5716000000000077),(0.42561400058119364,0.75893719041793317,1.568884689251695),(0.41221873992735469,0.76000000000188972,1.5716000000000077),(0.40029688044100237,0.75893659404065072,1.5688840442839633),(0.37352488436922826,0.75883365344312204,1.5687768088667344),(0.60296875143894502,0.76000000000188928,1.5716000000000074),(0.59104687908800657,0.75887521662772817,1.5688191495267709),(0.56748595565300719,0.75853494438615843,1.5685058026939744),(0.34939769268776294,0.75881374247782207,1.568756964073549),(0.36453124856105096,0.76000000000188972,1.5716000000000077),(0.31378436481145183,0.758724798926531,1.5686716095171187),(0.68773949154829084,0.75876441956742113,1.5687089821056139),(0.66307406401568991,0.75887439595989359,1.5688183012606385),(0.65065624280524881,0.76000000000188928,1.5716000000000077),(0.63873437867412852,0.75897055943155034,1.5689212359800067),(0.61487591392070762,0.75899015029999795,1.5689431219082011),(0.71206039478058381,0.75885066319697692,1.5687939851482702),(0.73497567571820854,0.75903711528230522,1.5689969381925464),(0.69834375719474018,0.76000000000188916,1.5716000000000074),(0.95965831989324946,0.758749813345173,1.568695085788349),(0.68749999999999256,0.67400000000190685,1.9768000000000114),(0.68949999999999267,0.67000000000190674,1.9728000000000114),(0.49124999999999702,0.67000000000190707,1.9728000000000114),(0.48824999894495053,0.67400000000190707,1.9768000000000114),(0.42866817911794952,0.67400000000190718,1.9768000000000114),(0.39212499999999917,0.67000000000190729,1.9728000000000117),(0.35883408850392901,0.67400000000190718,1.9768000000000114),(0.44168749999999812,0.67000000000190718,1.9728000000000114),(0.34256250000000021,0.67000000000190729,1.9728000000000114),(0.8066636419531884,0.67000000000190651,1.9728000000000114),(0.88675000105503465,0.67400000000190641,1.9768000000000114),(0.78712499947246717,0.67400000000190652,1.9768000000000114),(0.73731249868118343,0.67400000000190663,1.9768000000000114),(0.94633182097658619,0.6700000000019064,1.9728000000000114),(0.87649773146488719,0.6700000000019064,1.9728000000000117),(0.74808182097659048,0.67000000000190663,1.9728000000000114),(0.98637500052750926,0.6740000000019063,1.9768000000000112),(0.93656250184631851,0.67400000000190641,1.9768000000000114),(1.0161659104882848,0.67000000000190618,1.9728000000000112),(1.0361874992087001,0.6740000000019063,1.9768000000000114),(0.58787500052751807,0.67400000000190696,1.9768000000000114),(0.59037499999999477,0.67000000000190685,1.9728000000000117),(0.63993749999999372,0.67000000000190674,1.9728000000000114),(0.63768750131880181,0.67400000000190685,1.9768000000000114),(1.0510829552441345,0.67000000000190607,1.9728000000000114),(0.32391704425196521,0.6740000000019073,1.9768000000000114),(0.32791704475585082,0.67000000000190729,1.9728000000000114),(0.33523977203288635,0.67125566768277289,1.9757100928030256),(1.0510829536379271,0.67400000000190607,1.9768000000000114),(1.0436352225811962,0.67117157282659889,1.9756284270741966),(0.54081249999999592,0.67000000000190707,1.9728000000000114),(0.53806249973623432,0.67400000000190696,1.9768000000000114),(0.51315624934059245,0.67400000000190707,1.9768000000000114),(1.0112812488130583,0.6740000000019063,1.9768000000000114),(0.98124886573243542,0.67000000000190618,1.9728000000000117),(0.99882812023160672,0.67101455083464134,1.9754621595124522),(0.36734374999999975,0.67000000000190729,1.9728000000000114),(0.39375113486598567,0.67400000000190718,1.9768000000000114),(0.5160312499999965,0.67000000000190707,1.9728000000000114),(0.37973437439212487,0.67121970003626075,1.9756757489635037),(0.83693750026375102,0.67400000000190652,1.9768000000000114),(0.50070312352028234,0.67124554929486979,1.9757005174198008),(0.45845909008649649,0.67400000000190707,1.9768000000000114),(0.46646874999999749,0.67000000000190718,1.9728000000000114),(0.5284218735137608,0.67110504401148174,1.9755602952402895),(0.56296875013187619,0.67400000000190696,1.9768000000000114),(0.56559374999999545,0.67000000000190685,1.9728000000000114),(0.57798437321922003,0.67111034549240245,1.9755658446839555),(0.61278125092315994,0.67400000000190696,1.9768000000000114),(0.61515624999999419,0.67000000000190685,1.9728000000000114),(0.62754687292468581,0.67111579374096064,1.9755715256167647),(0.66259375171444368,0.67400000000190685,1.9768000000000114),(0.66471874999999314,0.67000000000190674,1.9728000000000114),(0.67710937263016413,0.67112138957313283,1.9755773372138468),(0.71240624828554144,0.67400000000190663,1.9768000000000114),(0.71879091048829158,0.67000000000190674,1.9728000000000114),(0.70226919622208828,0.6711053621655555,1.975560628876982),(0.47577538772855149,0.67124929412182721,1.9757040690696608),(0.55320338846304284,0.67108443939051876,1.9755385226530711),(0.60276595663829291,0.67108450885517046,1.9755385966065424),(0.40525831831366904,0.67112739186481074,1.9755835449503738),(0.65232852932492702,0.67108459387175667,1.975538687111801),(0.41690624999999865,0.67000000000190718,1.9728000000000114),(0.31258294470520892,0.67144695498478235,1.9758792793216275),(1.0685414776220592,0.67000000000190607,1.9728000000000114),(1.0685414768189554,0.67400000000190607,1.9768000000000117),(0.97466500389181498,0.67127769520911684,1.9757307092341656),(0.96146875224196038,0.6740000000019063,1.9768000000000114),(0.9490156205610889,0.67134060904282422,1.9757879156157465),(0.91141477622073674,0.6700000000019064,1.9728000000000114),(0.92339312191179002,0.67120505690814336,1.975661519369617),(0.89784447227969499,0.67110452374663065,1.9755597494913848),(0.91165625145067664,0.67400000000190641,1.9768000000000114),(0.86184375065939278,0.67400000000190652,1.9768000000000114),(0.84158068670903774,0.67000000000190651,1.9728000000000117),(0.84939062121677,0.67127805047596911,1.9757310391976766),(0.82242392522442476,0.67112993708875646,1.9755861692114127),(0.87331289917806687,0.67130966446059359,1.9757600835588236),(0.81203124986810915,0.67400000000190652,1.9768000000000114),(0.79801517140452116,0.67122066972012762,1.9756766861463937),(0.7773727314648895,0.67000000000190663,1.9728000000000114),(0.7622187490768253,0.67400000000190663,1.9768000000000114),(0.7497656218774047,0.67134574094296218,1.9757924753713405),(0.77372801989184969,0.67130708458119714,1.9757577367254329),(0.72597136241958493,0.67131763846611869,1.9757673113404888),(0.35746424098417745,0.67096034650400893,1.975400097423708),(0.45186745414759455,0.67110548235170386,1.975560754891823),(0.42855540972043815,0.67096986924918078,1.9754111889287147),(1.0211288954769673,0.67137883029133816,1.9758215011746598),(1.0648176085019982,0.6710311417096706,1.9754806492573043),(0.68950000456014526,0.67000000000190674,1.9808000000000117),(0.80666364272379254,0.67000000000190651,1.9808000000000112),(0.9463318177945903,0.67400000000190641,1.9768000000000114),(0.94633181680173539,0.67000000000190618,1.9808000000000112),(0.87649772976276397,0.6700000000019064,1.9808000000000112),(0.8415806862432782,0.67000000000190651,1.9808000000000112),(0.56833635664390092,0.67400000000190696,1.9768000000000114),(0.49125000228007332,0.67000000000190707,1.9808000000000112),(0.43266818319824968,0.67000000000190718,1.9808000000000112),(0.59037499885995659,0.67000000000190685,1.9808000000000112),(0.49850226942464787,0.67400000000190707,1.9768000000000114),(0.53341931497599637,0.67400000000190696,1.9768000000000114),(0.6279181754093639,0.67400000000190685,1.9768000000000114),(0.54081250513016765,0.67000000000190707,1.9808000000000117),(0.63993750171005093,0.67000000000190674,1.9808000000000112),(1.0161659038407069,0.67000000000190607,1.9808000000000112),(1.016165908897287,0.6740000000019063,1.9768000000000114),(0.3628340870389728,0.67000000000190729,1.9808000000000112),(0.32791704351948708,0.67000000000190729,1.9808000000000112),(1.0510829564804982,0.67000000000190607,1.9808000000000112),(0.74808182364196885,0.67000000000190663,1.980800000000011),(0.71879091410105711,0.67000000000190663,1.9808000000000112),(0.98124886032122105,0.67000000000190618,1.9808000000000112),(0.98124886334593875,0.6740000000019063,1.9768000000000114),(0.69995312281026245,0.67122294543107874,1.9779211168987647),(0.65770908673381734,0.67400000000190685,1.9768000000000114),(0.66471874857494551,0.67000000000190674,1.9808000000000112),(0.67482362908386451,0.67123742552161025,1.9779072189435167),(0.72485937268882028,0.67130600904644033,1.9778432428689865),(0.74865467715389789,0.67131772157676184,1.9778326135320898),(0.77737273318288058,0.67000000000190651,1.9808000000000112),(0.7746718724417081,0.67134050106154786,1.977812180496388),(0.79918625675101551,0.67127284589185243,1.9778738027305138),(0.82412216033962404,0.67081261649417545,1.9783832694865604),(0.84765044219675001,0.67125949309817412,1.9778863044238408),(0.8742968719622134,0.67134337972512692,1.9778096206419693),(0.91141477328224973,0.6700000000019064,1.9808000000000112),(0.91654091035358065,0.67400000000190641,1.9768000000000114),(0.89980803879315419,0.67121163599943146,1.9779320693541096),(0.92471627751046193,0.67105189663958398,1.9780965417397336),(0.51603124914496779,0.67000000000190707,1.9808000000000112),(0.50364062357970829,0.67103387000496217,1.9781163322036506),(0.46358522387329959,0.67400000000190707,1.9768000000000114),(0.46195909273916141,0.67000000000190718,1.9808000000000112),(0.47739097037159373,0.67116993505274436,1.9779732116486273),(0.52785909864166758,0.67105307757069976,1.9780952545065409),(0.554071430968058,0.67120251362051675,1.9779409669561419),(0.59812726796835425,0.67400000000190696,1.9768000000000114),(0.61515625484515646,0.67000000000190685,1.9808000000000112),(0.60276562287779922,0.67102872046969586,1.9781220347385742),(0.57839847678781831,0.67106153446239136,1.978086069221034),(0.56559375199506212,0.67000000000190685,1.9808000000000112),(0.62660113766236247,0.67103162901211311,1.9781188111467316),(0.65072841321495556,0.67109675864561724,1.9780484205213973),(0.44731363337630958,0.67122799830152868,1.9779162512985637),(0.39775113967876391,0.67000000000190718,1.9808000000000112),(0.42389113526143785,0.67111196182704114,1.9780324676152836),(1.0336244284371989,0.67117157275891193,1.9779715729935132),(0.96379033868268604,0.67117157266590022,1.977971573086525),(0.99870738476003484,0.67117157279986606,1.9779715729525589),(1.0566642691337542,0.67117157286869467,1.9779715728837302),(0.37629261128289154,0.67131230567407529,1.9778375180675534),(0.35240129020301014,0.67109759600459928,1.9780475372779365),(0.39893545019513899,0.67120002711072313,1.9779434020568918),(0.31524599465893316,0.67107830132950452,1.9780680269277282),(0.6724999921883198,0.75600000000188095,1.9768000000000117),(0.67449999999999444,0.76000000000188106,1.9728000000000117),(0.42866817344051367,0.75600000000188128,1.9768000000000117),(0.48374999999999796,0.76000000000188128,1.9728000000000117),(0.38837500440808892,0.76000000000188139,1.9728000000000117),(0.32791703862928218,0.76000000000188161,1.9728000000000117),(0.43606250661213264,0.76000000000188139,1.9728000000000117),(0.55058408281441673,0.75600000000188117,1.9768000000000117),(0.35883408672025713,0.75600000000188139,1.9768000000000117),(0.48962613593913934,0.75600000000188128,1.9768000000000119),(0.579124995591907,0.76000000000188117,1.9728000000000117),(0.61154202968969407,0.75600000000188095,1.9768000000000117),(0.62681249779595072,0.76000000000188106,1.9728000000000117),(0.91633181093612603,0.75600000000188061,1.9768000000000117),(0.86524999999999097,0.76000000000188062,1.9728000000000117),(0.96062499559190007,0.7600000000018805,1.9728000000000117),(0.76987500440808188,0.76000000000188084,1.9728000000000117),(0.91293749338785624,0.76000000000188062,1.9728000000000117),(0.79441590156222297,0.75600000000188072,1.9768000000000117),(0.98616589765638252,0.7560000000018805,1.9768000000000117),(0.85537384843750019,0.75600000000188061,1.9768000000000117),(0.73345795468694563,0.75600000000188083,1.9768000000000117),(0.88585282968681323,0.75600000000188061,1.9768000000000117),(0.72218750220403816,0.76000000000188084,1.9728000000000117),(1.0210829566398592,0.7560000000018805,1.9768000000000117),(1.0083124977959437,0.7600000000018805,1.9728000000000117),(0.98446874669392193,0.7600000000018805,1.9728000000000121),(0.32391704336012894,0.7560000000018815,1.9768000000000117),(1.0385414718691688,0.76000000000188039,1.9728000000000117),(0.95124885429625428,0.7560000000018805,1.9768000000000117),(0.97254687566062814,0.75877984217971295,1.975676191486395),(0.99749183755228543,0.75881596310698285,1.9756408364597013),(1.0217851035772307,0.7590222931795616,1.9754202564661123),(0.81756250661212559,0.76000000000188073,1.9728000000000117),(0.9485906679839714,0.75897731826048465,1.9754712498922875),(0.9367812444898781,0.76000000000188062,1.9728000000000117),(0.53143749338786328,0.76000000000188117,1.9728000000000117),(0.52010510156510381,0.75600000000188117,1.9768000000000117),(0.50759375110201976,0.76000000000188128,1.9728000000000117),(0.49567187880530428,0.7589433039892145,1.9755086826388879),(0.45914715468982648,0.75600000000188128,1.9768000000000117),(0.47011560844962658,0.75890037790062403,1.9755545976193538),(0.44486045009328817,0.75868415566618252,1.9757656885153145),(0.39375113008038537,0.75600000000188139,1.9768000000000119),(0.41221875551011072,0.76000000000188139,1.9728000000000117),(0.40029687897436111,0.75893659405742186,1.9755159556979134),(0.35814602151868546,0.76000000000188139,1.9728000000000117),(0.37352488330352285,0.75883365358506805,1.9756231909908046),(0.34303153585394547,0.75880468531403567,1.9756519713006715),(0.45990624889797616,0.76000000000188128,1.9728000000000117),(0.4227284982692624,0.75906460815512078,1.9753706374437401),(0.90109233309745995,0.75872442614449975,1.9757287373035974),(0.87650073235935133,0.75887156680715595,1.9755846191989044),(0.84140624889796911,0.76000000000188073,1.9728000000000117),(0.82489488281153589,0.75600000000188072,1.9768000000000114),(0.82948437663067454,0.75895973394723604,1.975490720158763),(0.80423946117880551,0.75891700612412916,1.9755369828795279),(0.76393692031290994,0.75600000000188072,1.9768000000000117),(0.77917642383486729,0.75860017608861874,1.9758395862083558),(0.74603125330606013,0.76000000000188084,1.9728000000000117),(0.73410937727703984,0.75898145829210517,1.975466628295004),(0.70297897343763283,0.75600000000188083,1.9768000000000117),(0.70956003548524926,0.75895452103694205,1.9754964431114794),(0.88909375110201272,0.76000000000188062,1.9728000000000117),(0.85301176061215256,0.75900904377536826,1.9754354611682392),(0.6983437511020163,0.76000000000188084,1.9728000000000117),(0.79371875551010374,0.76000000000188073,1.9728000000000117),(0.75686557573895252,0.7590500854051544,1.9753878522045893),(0.92486341131625205,0.75881359322206132,1.9756431836365982),(0.31976848267504826,0.75888256483466454,1.9755732327678845),(0.53534460525629923,0.75857729168287602,1.9758590141534729),(0.55528124448988525,0.76000000000188117,1.9728000000000117),(0.58106306406372965,0.75600000000188117,1.9768000000000119),(0.56720312839290943,0.75877235094426332,1.9756834129521004),(0.60296874669392886,0.76000000000188117,1.9728000000000117),(0.61489062807317085,0.75897012668296282,1.9754792438295887),(0.64202101093900699,0.75600000000188095,1.9768000000000119),(0.63899143377301482,0.7589787755140337,1.9754696247766796),(0.65065624889797269,0.76000000000188106,1.9728000000000117),(0.5909974317893284,0.75898458820473824,1.9754631247172127),(0.68462899195774629,0.75877852071254515,1.9756774680989506),(0.66189355407754624,0.75905486406669387,1.9753822094310058),(0.67449999999999444,0.76000000000188084,1.9808000000000117),(0.86524999999999097,0.76000000000188062,1.9808000000000117),(0.96062499999998929,0.7600000000018805,1.9808000000000117),(1.0210829450966736,0.76000000000188039,1.9808000000000117),(0.91293748848837464,0.76000000000188062,1.9808000000000117),(0.76987499999999265,0.76000000000188073,1.9808000000000117),(0.7221874884883781,0.76000000000188084,1.9808000000000117),(0.4837499999999979,0.76000000000188128,1.9808000000000117),(0.38837499999999969,0.76000000000188139,1.9808000000000117),(0.57912499999999612,0.76000000000188117,1.9808000000000117),(0.43606251151161424,0.76000000000188128,1.9808000000000117),(0.62681251151161077,0.76000000000188106,1.9808000000000117),(0.34068748848838509,0.76000000000188139,1.9808000000000117),(0.31045851594004292,0.76000000000188161,1.9808000000000117),(0.81756251151160719,0.76000000000188073,1.9808000000000117),(0.84140624424418364,0.76000000000188062,1.9808000000000117),(0.82948437698516997,0.75895973403446915,1.9781092799372146),(0.8042394614771986,0.75891700622040681,1.9780630172231053),(0.74603124424418532,0.76000000000188084,1.9808000000000117),(0.75795312762010081,0.75894409696674603,1.9780921792782002),(0.78110266768345094,0.75902823193516566,1.9781866092220692),(0.79371875575579998,0.76000000000188073,1.9808000000000117),(0.53143748848838168,0.76000000000188117,1.9808000000000117),(0.9908539725483313,0.7600000000018805,1.9808000000000117),(1.0059684667670037,0.75882842713298437,1.9779715728816232),(1.0300556492100976,0.75882842713417842,1.9779715728828173),(0.98277126816303284,0.75888759251247495,1.9780320026205402),(0.93678124424418185,0.7600000000018805,1.9808000000000117),(0.92485937613562907,0.75890451171075657,1.9780497615134431),(0.89871401691345987,0.7588691375191029,1.9780128778449442),(0.87407137642620136,0.75875983976662575,1.9779046097891881),(0.85187782719844274,0.75906787930772335,1.9782332673367249),(0.88909375575579819,0.76000000000188062,1.9808000000000117),(0.47438664981509937,0.7586632726142124,1.9778155437694049),(0.50759375575580512,0.76000000000188117,1.9808000000000117),(0.51951562970318821,0.75898153896100196,1.978133461900669),(0.54405590656934688,0.75895501299405477,1.9781040960298959),(0.4492807808742052,0.7589131057476769,1.9780588661262628),(0.5552812442441889,0.76000000000188117,1.9808000000000117),(0.49678381683657413,0.75905136075512203,1.9782136516952424),(0.45990624424419069,0.76000000000188128,1.9808000000000117),(0.42561400058119314,0.75893719041792496,1.9780846892516988),(0.41221875575580691,0.76000000000188139,1.9808000000000119),(0.40029688044100226,0.75893659404064251,1.9780840442839673),(0.37352488436922809,0.75883365344311371,1.9779768088667384),(0.60296875575580344,0.76000000000188106,1.9808000000000117),(0.59104687908800657,0.75887521662771995,1.9780191495267752),(0.56748595565300741,0.75853494438615021,1.9777058026939784),(0.34939769268776277,0.75881374247781386,1.9779569640735528),(0.36453124424419242,0.76000000000188139,1.9808000000000117),(0.31378436481144095,0.75872479892652234,1.9778716095171223),(0.68773949154829117,0.75876441956741292,1.9779089821056179),(0.66307406401568947,0.75887439595988526,1.9780183012606425),(0.65065624424418711,0.76000000000188106,1.9808000000000117),(0.63873437867412852,0.75897055943154212,1.9781212359800107),(0.61487591392070773,0.75899015029998962,1.9781431219082053),(0.71206039478058436,0.7588506631969687,1.977993985148274),(0.73497567571820877,0.75903711528229711,1.9781969381925506),(0.69834375575580176,0.76000000000188084,1.9808000000000117),(0.95965831989324757,0.75874981334516489,1.9778950857883533)));
#3824=IFCPOLYGONALFACESET(#3823,.T.,(#546,#547,#548,#549,#550,#551,#552,#553,#554,#555,#556,#557,#558,#559,#560,#561,#562,#563,#564,#565,#566,#567,#568,#569,#570,#571,#572,#573,#574,#575,#576,#577,#578,#579,#580,#581,#582,#583,#584,#585,#586,#587,#588,#589,#590,#591,#592,#593,#594,#595,#596,#597,#598,#599,#600,#601,#602,#603,#604,#605,#606,#607,#608,#609,#610,#611,#612,#613,#614,#615,#616,#617,#618,#619,#620,#621,#622,#623,#624,#625,#626,#627,#628,#629,#630,#631,#632,#633,#634,#635,#636,#637,#638,#639,#640,#641,#642,#643,#644,#645,#646,#647,#648,#649,#650,#651,#652,#653,#654,#655,#656,#657,#658,#659,#660,#661,#662,#663,#664,#665,#666,#667,#668,#669,#670,#671,#672,#673,#674,#675,#676,#677,#678,#679,#680,#681,#682,#683,#684,#685,#686,#687,#688,#689,#690,#691,#692,#693,#694,#695,#696,#697,#698,#699,#700,#701,#702,#703,#704,#705,#706,#707,#708,#709,#710,#711,#712,#713,#714,#715,#716,#717,#718,#719,#720,#721,#722,#723,#724,#725,#726,#727,#728,#729,#730,#731,#732,#733,#734,#735,#736,#737,#738,#739,#740,#741,#742,#743,#744,#745,#746,#747,#748,#749,#750,#751,#752,#753,#754,#755,#756,#757,#758,#759,#760,#761,#762,#763,#764,#765,#766,#767,#768,#769,#770,#771,#772,#773,#774,#775,#776,#777,#778,#779,#780,#781,#782,#783,#784,#785,#786,#787,#788,#789,#790,#791,#792,#793,#794,#795,#796,#797,#798,#799,#800,#801,#802,#803,#804,#805,#806,#807,#808,#809,#810,#811,#812,#813,#814,#815,#816,#817,#818,#819,#820,#821,#822,#823,#824,#825,#826,#827,#828,#829,#830,#831,#832,#833,#834,#835,#836,#837,#838,#839,#840,#841,#842,#843,#844,#845,#846,#847,#848,#849,#850,#851,#852,#853,#854,#855,#856,#857,#858,#859,#860,#861,#862,#863,#864,#865,#866,#867,#868,#869,#870,#871,#872,#873,#874,#875,#876,#877,#878,#879,#880,#881,#882,#883,#884,#885,#886,#887,#888,#889,#890,#891,#892,#893,#894,#895,#896,#897,#898,#899,#900,#901,#902,#903,#904,#905,#906,#907,#908,#909,#910,#911,#912,#913,#914,#915,#916,#917,#918,#919,#920,#921,#922,#923,#924,#925,#926,#927,#928,#929,#930,#931,#932,#933,#934,#935,#936,#937,#938,#939,#940,#941,#942,#943,#944,#945,#946,#947,#948,#949,#950,#951,#952,#953,#954,#955,#956,#957,#958,#959,#960,#961,#962,#963,#964,#965,#966,#967,#968,#969,#970,#971,#972,#973,#974,#975,#976,#977,#978,#979,#980,#981,#982,#983,#984,#985,#986,#987,#988,#989,#990,#991,#992,#993,#994,#995,#996,#997,#998,#999,#1000,#1001,#1002,#1003,#1004,#1005,#1006,#1007,#1008,#1009,#1010,#1011,#1012,#1013,#1014,#1015,#1016,#1017,#1018,#1019,#1020,#1021,#1022,#1023,#1024,#1025,#1026,#1027,#1028,#1029,#1030,#1031,#1032,#1033,#1034,#1035,#1036,#1037,#1038,#1039,#1040,#1041,#1042,#1043,#1044,#1045,#1046,#1047,#1048,#1049,#1050,#1051,#1052,#1053,#1054,#1055,#1056,#1057,#1058,#1059,#1060,#1061,#1062,#1063,#1064,#1065,#1066,#1067,#1068,#1069,#1070,#1071,#1072,#1073,#1074,#1075,#1076,#1077,#1078,#1079,#1080,#1081,#1082,#1083,#1084,#1085,#1086,#1087,#1088,#1089,#1090,#1091,#1092,#1093,#1094,#1095,#1096,#1097,#1098,#1099,#1100,#1101,#1102,#1103,#1104,#1105,#1106,#1107,#1108,#1109,#1110,#1111,#1112,#1113,#1114,#1115,#1116,#1117,#1118,#1119,#1120,#1121,#1122,#1123,#1124,#1125,#1126,#1127,#1128,#1129,#1130,#1131,#1132,#1133,#1134,#1135,#1136,#1137,#1138,#1139,#1140,#1141,#1142,#1143,#1144,#1145,#1146,#1147,#1148,#1149,#1150,#1151,#1152,#1153,#1154,#1155,#1156,#1157,#1158,#1159,#1160,#1161,#1162,#1163,#1164,#1165,#1166,#1167,#1168,#1169,#1170,#1171,#1172,#1173,#1174,#1175,#1176,#1177,#1178,#1179,#1180,#1181,#1182,#1183,#1184,#1185,#1186,#1187,#1188,#1189,#1190,#1191,#1192,#1193,#1194,#1195,#1196,#1197,#1198,#1199,#1200,#1201,#1202,#1203,#1204,#1205,#1206,#1207,#1208,#1209,#1210,#1211,#1212,#1213,#1214,#1215,#1216,#1217,#1218,#1219,#1220,#1221,#1222,#1223,#1224,#1225,#1226,#1227,#1228,#1229,#1230,#1231,#1232,#1233,#1234,#1235,#1236,#1237,#1238,#1239,#1240,#1241,#1242,#1243,#1244,#1245,#1246,#1247,#1248,#1249,#1250,#1251,#1252,#1253,#1254,#1255,#1256,#1257,#1258,#1259,#1260,#1261,#1262,#1263,#1264,#1265,#1266,#1267,#1268,#1269,#1270,#1271,#1272,#1273,#1274,#1275,#1276,#1277,#1278,#1279,#1280,#1281,#1282,#1283,#1284,#1285,#1286,#1287,#1288,#1289,#1290,#1291,#1292,#1293,#1294,#1295,#1296,#1297,#1298,#1299,#1300,#1301,#1302,#1303,#1304,#1305,#1306,#1307,#1308,#1309,#1310,#1311,#1312,#1313,#1314,#1315,#1316,#1317,#1318,#1319,#1320,#1321,#1322,#1323,#1324,#1325,#1326,#1327,#1328,#1329,#1330,#1331,#1332,#1333,#1334,#1335,#1336,#1337,#1338,#1339,#1340,#1341,#1342,#1343,#1344,#1345,#1346,#1347,#1348,#1349,#1350,#1351,#1352,#1353,#1354,#1355,#1356,#1357,#1358,#1359,#1360,#1361,#1362,#1363,#1364,#1365,#1366,#1367,#1368,#1369,#1370,#1371,#1372,#1373,#1374,#1375,#1376,#1377,#1378,#1379,#1380,#1381,#1382,#1383,#1384,#1385,#1386,#1387,#1388,#1389,#1390,#1391,#1392,#1393,#1394,#1395,#1396,#1397,#1398,#1399,#1400,#1401,#1402,#1403,#1404,#1405,#1406,#1407,#1408,#1409,#1410,#1411,#1412,#1413,#1414,#1415,#1416,#1417,#1418,#1419,#1420,#1421,#1422,#1423,#1424,#1425,#1426,#1427,#1428,#1429,#1430,#1431,#1432,#1433,#1434,#1435,#1436,#1437,#1438,#1439,#1440,#1441,#1442,#1443,#1444,#1445,#1446,#1447,#1448,#1449,#1450,#1451,#1452,#1453,#1454,#1455,#1456,#1457,#1458,#1459,#1460,#1461,#1462,#1463,#1464,#1465,#1466,#1467,#1468,#1469,#1470,#1471,#1472,#1473,#1474,#1475,#1476,#1477,#1478,#1479,#1480,#1481,#1482,#1483,#1484,#1485,#1486,#1487,#1488,#1489,#1490,#1491,#1492,#1493,#1494,#1495,#1496,#1497,#1498,#1499,#1500,#1501,#1502,#1503,#1504,#1505,#1506,#1507,#1508,#1509,#1510,#1511,#1512,#1513,#1514,#1515,#1516,#1517,#1518,#1519,#1520,#1521,#1522,#1523,#1524,#1525,#1526,#1527,#1528,#1529,#1530,#1531,#1532,#1533,#1534,#1535,#1536,#1537,#1538,#1539,#1540,#1541,#1542,#1543,#1544,#1545,#1546,#1547,#1548,#1549,#1550,#1551,#1552,#1553,#1554,#1555,#1556,#1557,#1558,#1559,#1560,#1561,#1562,#1563,#1564,#1565,#1566,#1567,#1568,#1569,#1570,#1571,#1572,#1573,#1574,#1575,#1576,#1577,#1578,#1579,#1580,#1581,#1582,#1583,#1584,#1585,#1586,#1587,#1588,#1589,#1590,#1591,#1592,#1593,#1594,#1595,#1596,#1597,#1598,#1599,#1600,#1601,#1602,#1603,#1604,#1605,#1606,#1607,#1608,#1609,#1610,#1611,#1612,#1613,#1614,#1615,#1616,#1617,#1618,#1619,#1620,#1621,#1622,#1623,#1624,#1625,#1626,#1627,#1628,#1629,#1630,#1631,#1632,#1633,#1634,#1635,#1636,#1637,#1638,#1639,#1640,#1641,#1642,#1643,#1644,#1645,#1646,#1647,#1648,#1649,#1650,#1651,#1652,#1653,#1654,#1655,#1656,#1657,#1658,#1659,#1660,#1661,#1662,#1663,#1664,#1665,#1666,#1667,#1668,#1669,#1670,#1671,#1672,#1673,#1674,#1675,#1676,#1677,#1678,#1679,#1680,#1681,#1682,#1683,#1684,#1685,#1686,#1687,#1688,#1689,#1690,#1691,#1692,#1693,#1694,#1695,#1696,#1697,#1698,#1699,#1700,#1701,#1702,#1703,#1704,#1705,#1706,#1707,#1708,#1709,#1710,#1711,#1712,#1713,#1714,#1715,#1716,#1717,#1718,#1719,#1720,#1721,#1722,#1723,#1724,#1725,#1726,#1727,#1728,#1729,#1730,#1731,#1732,#1733,#1734,#1735,#1736,#1737,#1738,#1739,#1740,#1741,#1742,#1743,#1744,#1745,#1746,#1747,#1748,#1749,#1750,#1751,#1752,#1753,#1754,#1755,#1756,#1757,#1758,#1759,#1760,#1761,#1762,#1763,#1764,#1765,#1766,#1767,#1768,#1769,#1770,#1771,#1772,#1773,#1774,#1775,#1776,#1777,#1778,#1779,#1780,#1781,#1782,#1783,#1784,#1785,#1786,#1787,#1788,#1789,#1790,#1791,#1792,#1793,#1794,#1795,#1796,#1797,#1798,#1799,#1800,#1801,#1802,#1803,#1804,#1805,#1806,#1807,#1808,#1809,#1810,#1811,#1812,#1813,#1814,#1815,#1816,#1817,#1818,#1819,#1820,#1821,#1822,#1823,#1824,#1825,#1826,#1827,#1828,#1829,#1830,#1831,#1832,#1833,#1834,#1835,#1836,#1837,#1838,#1839,#1840,#1841,#1842,#1843,#1844,#1845,#1846,#1847,#1848,#1849,#1850,#1851,#1852,#1853,#1854,#1855,#1856,#1857,#1858,#1859,#1860,#1861,#1862,#1863,#1864,#1865,#1866,#1867,#1868,#1869,#1870,#1871,#1872,#1873,#1874,#1875,#1876,#1877,#1878,#1879,#1880,#1881,#1882,#1883,#1884,#1885,#1886,#1887,#1888,#1889,#1890,#1891,#1892,#1893,#1894,#1895,#1896,#1897,#1898,#1899,#1900,#1901,#1902,#1903,#1904,#1905,#1906,#1907,#1908,#1909,#1910,#1911,#1912,#1913,#1914,#1915,#1916,#1917,#1918,#1919,#1920,#1921,#1922,#1923,#1924,#1925,#1926,#1927,#1928,#1929,#1930,#1931,#1932,#1933,#1934,#1935,#1936,#1937,#1938,#1939,#1940,#1941,#1942,#1943,#1944,#1945,#1946,#1947,#1948,#1949,#1950,#1951,#1952,#1953,#1954,#1955,#1956,#1957,#1958,#1959,#1960,#1961,#1962,#1963,#1964,#1965,#1966,#1967,#1968,#1969,#1970,#1971,#1972,#1973,#1974,#1975,#1976,#1977,#1978,#1979,#1980,#1981,#1982,#1983,#1984,#1985,#1986,#1987,#1988,#1989,#1990,#1991,#1992,#1993,#1994,#1995,#1996,#1997,#1998,#1999,#2000,#2001,#2002,#2003,#2004,#2005,#2006,#2007,#2008,#2009,#2010,#2011,#2012,#2013,#2014,#2015,#2016,#2017,#2018,#2019,#2020,#2021,#2022,#2023,#2024,#2025,#2026,#2027,#2028,#2029,#2030,#2031,#2032,#2033,#2034,#2035,#2036,#2037,#2038,#2039,#2040,#2041,#2042,#2043,#2044,#2045,#2046,#2047,#2048,#2049,#2050,#2051,#2052,#2053,#2054,#2055,#2056,#2057,#2058,#2059,#2060,#2061,#2062,#2063,#2064,#2065,#2066,#2067,#2068,#2069,#2070,#2071,#2072,#2073,#2074,#2075,#2076,#2077,#2078,#2079,#2080,#2081,#2082,#2083,#2084,#2085,#2086,#2087,#2088,#2089,#2090,#2091,#2092,#2093,#2094,#2095,#2096,#2097,#2098,#2099,#2100,#2101,#2102,#2103,#2104,#2105,#2106,#2107,#2108,#2109,#2110,#2111,#2112,#2113,#2114,#2115,#2116,#2117,#2118,#2119,#2120,#2121,#2122,#2123,#2124,#2125,#2126,#2127,#2128,#2129,#2130,#2131,#2132,#2133,#2134,#2135,#2136,#2137,#2138,#2139,#2140,#2141,#2142,#2143,#2144,#2145,#2146,#2147,#2148,#2149,#2150,#2151,#2152,#2153,#2154,#2155,#2156,#2157,#2158,#2159,#2160,#2161,#2162,#2163,#2164,#2165,#2166,#2167,#2168,#2169,#2170,#2171,#2172,#2173,#2174,#2175,#2176,#2177,#2178,#2179,#2180,#2181,#2182,#2183,#2184,#2185,#2186,#2187,#2188,#2189,#2190,#2191,#2192,#2193,#2194,#2195,#2196,#2197,#2198,#2199,#2200,#2201,#2202,#2203,#2204,#2205,#2206,#2207,#2208,#2209,#2210,#2211,#2212,#2213,#2214,#2215,#2216,#2217,#2218,#2219,#2220,#2221,#2222,#2223,#2224,#2225,#2226,#2227,#2228,#2229,#2230,#2231,#2232,#2233,#2234,#2235,#2236,#2237,#2238,#2239,#2240,#2241,#2242,#2243,#2244,#2245,#2246,#2247,#2248,#2249,#2250,#2251,#2252,#2253,#2254,#2255,#2256,#2257,#2258,#2259,#2260,#2261,#2262,#2263,#2264,#2265,#2266,#2267,#2268,#2269,#2270,#2271,#2272,#2273,#2274,#2275,#2276,#2277,#2278,#2279,#2280,#2281,#2282,#2283,#2284,#2285,#2286,#2287,#2288,#2289,#2290,#2291,#2292,#2293,#2294,#2295,#2296,#2297,#2298,#2299,#2300,#2301,#2302,#2303,#2304,#2305,#2306,#2307,#2308,#2309,#2310,#2311,#2312,#2313,#2314,#2315,#2316,#2317,#2318,#2319,#2320,#2321,#2322,#2323,#2324,#2325,#2326,#2327,#2328,#2329,#2330,#2331,#2332,#2333,#2334,#2335,#2336,#2337,#2338,#2339,#2340,#2341,#2342,#2343,#2344,#2345,#2346,#2347,#2348,#2349,#2350,#2351,#2352,#2353,#2354,#2355,#2356,#2357,#2358,#2359,#2360,#2361,#2362,#2363,#2364,#2365,#2366,#2367,#2368,#2369,#2370,#2371,#2372,#2373,#2374,#2375,#2376,#2377,#2378,#2379,#2380,#2381,#2382,#2383,#2384,#2385,#2386,#2387,#2388,#2389,#2390,#2391,#2392,#2393,#2394,#2395,#2396,#2397,#2398,#2399,#2400,#2401,#2402,#2403,#2404,#2405,#2406,#2407,#2408,#2409,#2410,#2411,#2412,#2413,#2414,#2415,#2416,#2417,#2418,#2419,#2420,#2421,#2422,#2423,#2424,#2425,#2426,#2427,#2428,#2429,#2430,#2431,#2432,#2433,#2434,#2435,#2436,#2437,#2438,#2439,#2440,#2441,#2442,#2443,#2444,#2445,#2446,#2447,#2448,#2449,#2450,#2451,#2452,#2453,#2454,#2455,#2456,#2457,#2458,#2459,#2460,#2461,#2462,#2463,#2464,#2465,#2466,#2467,#2468,#2469,#2470,#2471,#2472,#2473,#2474,#2475,#2476,#2477,#2478,#2479,#2480,#2481,#2482,#2483,#2484,#2485,#2486,#2487,#2488,#2489,#2490,#2491,#2492,#2493,#2494,#2495,#2496,#2497,#2498,#2499,#2500,#2501,#2502,#2503,#2504,#2505,#2506,#2507,#2508,#2509,#2510,#2511,#2512,#2513,#2514,#2515,#2516,#2517,#2518,#2519,#2520,#2521,#2522,#2523,#2524,#2525,#2526,#2527,#2528,#2529,#2530,#2531,#2532,#2533,#2534,#2535,#2536,#2537,#2538,#2539,#2540,#2541,#2542,#2543,#2544,#2545,#2546,#2547,#2548,#2549,#2550,#2551,#2552,#2553,#2554,#2555,#2556,#2557,#2558,#2559,#2560,#2561,#2562,#2563,#2564,#2565,#2566,#2567,#2568,#2569,#2570,#2571,#2572,#2573,#2574,#2575,#2576,#2577,#2578,#2579,#2580,#2581,#2582,#2583,#2584,#2585,#2586,#2587,#2588,#2589,#2590,#2591,#2592,#2593,#2594,#2595,#2596,#2597,#2598,#2599,#2600,#2601,#2602,#2603,#2604,#2605,#2606,#2607,#2608,#2609,#2610,#2611,#2612,#2613,#2614,#2615,#2616,#2617,#2618,#2619,#2620,#2621,#2622,#2623,#2624,#2625,#2626,#2627,#2628,#2629,#2630,#2631,#2632,#2633,#2634,#2635,#2636,#2637,#2638,#2639,#2640,#2641,#2642,#2643,#2644,#2645,#2646,#2647,#2648,#2649,#2650,#2651,#2652,#2653,#2654,#2655,#2656,#2657,#2658,#2659,#2660,#2661,#2662,#2663,#2664,#2665,#2666,#2667,#2668,#2669,#2670,#2671,#2672,#2673,#2674,#2675,#2676,#2677,#2678,#2679,#2680,#2681,#2682,#2683,#2684,#2685,#2686,#2687,#2688,#2689,#2690,#2691,#2692,#2693,#2694,#2695,#2696,#2697,#2698,#2699,#2700,#2701,#2702,#2703,#2704,#2705,#2706,#2707,#2708,#2709,#2710,#2711,#2712,#2713,#2714,#2715,#2716,#2717,#2718,#2719,#2720,#2721,#2722,#2723,#2724,#2725,#2726,#2727,#2728,#2729,#2730,#2731,#2732,#2733,#2734,#2735,#2736,#2737,#2738,#2739,#2740,#2741,#2742,#2743,#2744,#2745,#2746,#2747,#2748,#2749,#2750,#2751,#2752,#2753,#2754,#2755,#2756,#2757,#2758,#2759,#2760,#2761,#2762,#2763,#2764,#2765,#2766,#2767,#2768,#2769,#2770,#2771,#2772,#2773,#2774,#2775,#2776,#2777,#2778,#2779,#2780,#2781,#2782,#2783,#2784,#2785,#2786,#2787,#2788,#2789,#2790,#2791,#2792,#2793,#2794,#2795,#2796,#2797,#2798,#2799,#2800,#2801,#2802,#2803,#2804,#2805,#2806,#2807,#2808,#2809,#2810,#2811,#2812,#2813,#2814,#2815,#2816,#2817,#2818,#2819,#2820,#2821,#2822,#2823,#2824,#2825,#2826,#2827,#2828,#2829,#2830,#2831,#2832,#2833,#2834,#2835,#2836,#2837,#2838,#2839,#2840,#2841,#2842,#2843,#2844,#2845,#2846,#2847,#2848,#2849,#2850,#2851,#2852,#2853,#2854,#2855,#2856,#2857,#2858,#2859,#2860,#2861,#2862,#2863,#2864,#2865,#2866,#2867,#2868,#2869,#2870,#2871,#2872,#2873,#2874,#2875,#2876,#2877,#2878,#2879,#2880,#2881,#2882,#2883,#2884,#2885,#2886,#2887,#2888,#2889,#2890,#2891,#2892,#2893,#2894,#2895,#2896,#2897,#2898,#2899,#2900,#2901,#2902,#2903,#2904,#2905,#2906,#2907,#2908,#2909,#2910,#2911,#2912,#2913,#2914,#2915,#2916,#2917,#2918,#2919,#2920,#2921,#2922,#2923,#2924,#2925,#2926,#2927,#2928,#2929,#2930,#2931,#2932,#2933,#2934,#2935,#2936,#2937,#2938,#2939,#2940,#2941,#2942,#2943,#2944,#2945,#2946,#2947,#2948,#2949,#2950,#2951,#2952,#2953,#2954,#2955,#2956,#2957,#2958,#2959,#2960,#2961,#2962,#2963,#2964,#2965,#2966,#2967,#2968,#2969,#2970,#2971,#2972,#2973,#2974,#2975,#2976,#2977,#2978,#2979,#2980,#2981,#2982,#2983,#2984,#2985,#2986,#2987,#2988,#2989,#2990,#2991,#2992,#2993,#2994,#2995,#2996,#2997,#2998,#2999,#3000,#3001,#3002,#3003,#3004,#3005,#3006,#3007,#3008,#3009,#3010,#3011,#3012,#3013,#3014,#3015,#3016,#3017,#3018,#3019,#3020,#3021,#3022,#3023,#3024,#3025,#3026,#3027,#3028,#3029,#3030,#3031,#3032,#3033,#3034,#3035,#3036,#3037,#3038,#3039,#3040,#3041,#3042,#3043,#3044,#3045,#3046,#3047,#3048,#3049,#3050,#3051,#3052,#3053,#3054,#3055,#3056,#3057,#3058,#3059,#3060,#3061,#3062,#3063,#3064,#3065,#3066,#3067,#3068,#3069,#3070,#3071,#3072,#3073,#3074,#3075,#3076,#3077,#3078,#3079,#3080,#3081,#3082,#3083,#3084,#3085,#3086,#3087,#3088,#3089,#3090,#3091,#3092,#3093,#3094,#3095,#3096,#3097,#3098,#3099,#3100,#3101,#3102,#3103,#3104,#3105,#3106,#3107,#3108,#3109,#3110,#3111,#3112,#3113,#3114,#3115,#3116,#3117,#3118,#3119,#3120,#3121,#3122,#3123,#3124,#3125,#3126,#3127,#3128,#3129,#3130,#3131,#3132,#3133,#3134,#3135,#3136,#3137,#3138,#3139,#3140,#3141,#3142,#3143,#3144,#3145,#3146,#3147,#3148,#3149,#3150,#3151,#3152,#3153,#3154,#3155,#3156,#3157,#3158,#3159,#3160,#3161,#3162,#3163,#3164,#3165,#3166,#3167,#3168,#3169,#3170,#3171,#3172,#3173,#3174,#3175,#3176,#3177,#3178,#3179,#3180,#3181,#3182,#3183,#3184,#3185,#3186,#3187,#3188,#3189,#3190,#3191,#3192,#3193,#3194,#3195,#3196,#3197,#3198,#3199,#3200,#3201,#3202,#3203,#3204,#3205,#3206,#3207,#3208,#3209,#3210,#3211,#3212,#3213,#3214,#3215,#3216,#3217,#3218,#3219,#3220,#3221,#3222,#3223,#3224,#3225,#3226,#3227,#3228,#3229,#3230,#3231,#3232,#3233,#3234,#3235,#3236,#3237,#3238,#3239,#3240,#3241,#3242,#3243,#3244,#3245,#3246,#3247,#3248,#3249,#3250,#3251,#3252,#3253,#3254,#3255,#3256,#3257,#3258,#3259,#3260,#3261,#3262,#3263,#3264,#3265,#3266,#3267,#3268,#3269,#3270,#3271,#3272,#3273,#3274,#3275,#3276,#3277,#3278,#3279,#3280,#3281,#3282,#3283,#3284,#3285,#3286,#3287,#3288,#3289,#3290,#3291,#3292,#3293,#3294,#3295,#3296,#3297,#3298,#3299,#3300,#3301,#3302,#3303,#3304,#3305,#3306,#3307,#3308,#3309,#3310,#3311,#3312,#3313,#3314,#3315,#3316,#3317,#3318,#3319,#3320,#3321,#3322,#3323,#3324,#3325,#3326,#3327,#3328,#3329,#3330,#3331,#3332,#3333,#3334,#3335,#3336,#3337,#3338,#3339,#3340,#3341,#3342,#3343,#3344,#3345,#3346,#3347,#3348,#3349,#3350,#3351,#3352,#3353,#3354,#3355,#3356,#3357,#3358,#3359,#3360,#3361,#3362,#3363,#3364,#3365,#3366,#3367,#3368,#3369,#3370,#3371,#3372,#3373,#3374,#3375,#3376,#3377,#3378,#3379,#3380,#3381,#3382,#3383,#3384,#3385,#3386,#3387,#3388,#3389,#3390,#3391,#3392,#3393,#3394,#3395,#3396,#3397,#3398,#3399,#3400,#3401,#3402,#3403,#3404,#3405,#3406,#3407,#3408,#3409,#3410,#3411,#3412,#3413,#3414,#3415,#3416,#3417,#3418,#3419,#3420,#3421,#3422,#3423,#3424,#3425,#3426,#3427,#3428,#3429,#3430,#3431,#3432,#3433,#3434,#3435,#3436,#3437,#3438,#3439,#3440,#3441,#3442,#3443,#3444,#3445,#3446,#3447,#3448,#3449,#3450,#3451,#3452,#3453,#3454,#3455,#3456,#3457,#3458,#3459,#3460,#3461,#3462,#3463,#3464,#3465,#3466,#3467,#3468,#3469,#3470,#3471,#3472,#3473,#3474,#3475,#3476,#3477,#3478,#3479,#3480,#3481,#3482,#3483,#3484,#3485,#3486,#3487,#3488,#3489,#3490,#3491,#3492,#3493,#3494,#3495,#3496,#3497,#3498,#3499,#3500,#3501,#3502,#3503,#3504,#3505,#3506,#3507,#3508,#3509,#3510,#3511,#3512,#3513,#3514,#3515,#3516,#3517,#3518,#3519,#3520,#3521,#3522,#3523,#3524,#3525,#3526,#3527,#3528,#3529,#3530,#3531,#3532,#3533,#3534,#3535,#3536,#3537,#3538,#3539,#3540,#3541,#3542,#3543,#3544,#3545,#3546,#3547,#3548,#3549,#3550,#3551,#3552,#3553,#3554,#3555,#3556,#3557,#3558,#3559,#3560,#3561,#3562,#3563,#3564,#3565,#3566,#3567,#3568,#3569,#3570,#3571,#3572,#3573,#3574,#3575,#3576,#3577,#3578,#3579,#3580,#3581,#3582,#3583,#3584,#3585,#3586,#3587,#3588,#3589,#3590,#3591,#3592,#3593,#3594,#3595,#3596,#3597,#3598,#3599,#3600,#3601,#3602,#3603,#3604,#3605,#3606,#3607,#3608,#3609,#3610,#3611,#3612,#3613,#3614,#3615,#3616,#3617,#3618,#3619,#3620,#3621,#3622,#3623,#3624,#3625,#3626,#3627,#3628,#3629,#3630,#3631,#3632,#3633,#3634,#3635,#3636,#3637,#3638,#3639,#3640,#3641,#3642,#3643,#3644,#3645,#3646,#3647,#3648,#3649,#3650,#3651,#3652,#3653,#3654,#3655,#3656,#3657,#3658,#3659,#3660,#3661,#3662,#3663,#3664,#3665,#3666,#3667,#3668,#3669,#3670,#3671,#3672,#3673,#3674,#3675,#3676,#3677,#3678,#3679,#3680,#3681,#3682,#3683,#3684,#3685,#3686,#3687,#3688,#3689,#3690,#3691,#3692,#3693,#3694,#3695,#3696,#3697,#3698,#3699,#3700,#3701,#3702,#3703,#3704,#3705,#3706,#3707,#3708,#3709,#3710,#3711,#3712,#3713,#3714,#3715,#3716,#3717,#3718,#3719,#3720,#3721,#3722,#3723,#3724,#3725,#3726,#3727,#3728,#3729,#3730,#3731,#3732,#3733,#3734,#3735,#3736,#3737,#3738,#3739,#3740,#3741,#3742,#3743,#3744,#3745,#3746,#3747,#3748,#3749,#3750,#3751,#3752,#3753,#3754,#3755,#3756,#3757,#3758,#3759,#3760,#3761,#3762,#3763,#3764,#3765,#3766,#3767,#3768,#3769,#3770,#3771,#3772,#3773,#3774,#3775,#3776,#3777,#3778,#3779,#3780,#3781,#3782,#3783,#3784,#3785,#3786,#3787,#3788,#3789,#3790,#3791,#3792,#3793,#3794,#3795,#3796,#3797,#3798,#3799,#3800,#3801,#3802,#3803,#3804,#3805,#3806,#3807,#3808,#3809,#3810,#3811,#3812,#3813,#3814,#3815,#3816,#3817,#3818,#3819,#3820,#3821,#3822),$);
#3825=IFCINDEXEDCOLOURMAP(#3824,1.,#545,(1,1,1,1,1,1,1,1,1,1,1,1,1,1,1,1,1,1,1,1,1,1,1,1,1,1,1,1,1,1,1,1,1,1,1,1,1,1,1,1,1,1,1,1,1,1,1,1,1,1,1,1,1,1,1,1,1,1,1,1,1,1,1,1,1,1,1,1,1,1,1,1,1,1,1,1,1,1,1,1,1,1,1,1,1,1,1,1,1,1,1,1,1,1,1,1,1,1,1,1,1,1,1,1,1,1,1,1,1,1,1,1,1,1,1,1,1,1,1,1,1,1,1,1,1,1,1,1,1,1,1,1,1,1,1,1,1,1,1,1,1,1,1,1,1,1,1,1,1,1,1,1,1,1,1,1,1,1,1,1,1,1,1,1,1,1,1,1,1,1,1,1,1,1,1,1,1,1,1,1,1,1,1,1,1,1,1,1,1,1,1,1,1,1,1,1,1,1,1,1,1,1,1,1,1,1,1,1,1,1,1,1,1,1,1,1,1,1,1,1,1,1,1,1,1,1,1,1,1,1,1,1,1,1,1,1,1,1,1,1,1,1,1,1,1,1,1,1,1,1,1,1,1,1,1,1,1,1,1,1,1,1,1,1,1,1,1,1,1,1,1,1,1,1,1,1,1,1,1,1,1,1,1,1,1,1,1,1,1,1,1,1,1,1,1,1,1,1,1,1,1,1,1,1,1,1,1,1,1,1,1,1,1,1,1,1,1,1,1,1,1,1,1,1,1,1,1,1,1,1,1,1,1,1,1,1,1,1,1,1,1,1,1,1,1,1,1,1,1,1,1,1,1,1,1,1,1,1,1,1,1,1,1,1,1,1,1,1,1,1,1,1,1,1,1,1,1,1,1,1,1,1,1,1,1,1,1,1,1,1,1,1,1,1,1,1,1,1,1,1,1,1,1,1,1,1,1,1,1,1,1,1,1,1,1,1,1,1,1,1,1,1,1,1,1,1,1,1,1,1,1,1,1,1,1,1,1,1,1,1,1,1,1,1,1,1,1,1,1,1,1,1,1,1,1,1,1,1,1,1,1,1,1,1,1,1,1,1,1,1,1,1,1,1,1,1,1,1,1,1,1,1,1,1,1,1,1,1,1,1,1,1,1,1,1,1,1,1,1,1,1,1,1,1,1,1,1,1,1,1,1,1,1,1,1,1,1,1,1,1,1,1,1,1,1,1,1,1,1,1,1,1,1,1,1,1,1,1,1,1,1,1,1,1,1,1,1,1,1,1,1,1,1,1,1,1,1,1,1,1,1,1,1,1,1,1,1,1,1,1,1,1,1,1,1,1,1,1,1,1,1,1,1,1,1,1,1,1,1,1,1,1,1,1,1,1,1,1,1,1,1,1,1,1,1,1,1,1,1,1,1,1,1,1,1,1,1,1,1,1,1,1,1,1,1,1,1,1,1,1,1,1,1,1,1,1,1,1,1,1,1,1,1,1,1,1,1,1,1,1,1,1,1,1,1,1,1,1,1,1,1,1,1,1,1,1,1,1,1,1,1,1,1,1,1,1,1,1,1,1,1,1,1,1,1,1,1,1,1,1,1,1,1,1,1,1,1,1,1,1,1,1,1,1,1,1,1,1,1,1,1,1,1,1,1,1,1,1,1,1,1,1,1,1,1,1,1,1,1,1,1,1,1,1,1,1,1,1,1,1,1,1,1,1,1,1,1,1,1,1,1,1,1,1,1,1,1,1,1,1,1,1,1,1,1,1,1,1,1,1,1,1,1,1,1,1,1,1,1,1,1,1,1,1,1,1,1,1,1,1,1,1,1,1,1,1,1,1,1,1,1,1,1,1,1,1,1,1,1,1,1,1,1,1,1,1,1,1,1,1,1,1,1,1,1,1,1,1,1,1,1,1,1,1,1,1,1,1,1,1,1,1,1,1,1,1,1,1,1,1,1,1,1,1,1,1,1,1,1,1,1,1,1,1,1,1,1,1,1,1,1,1,1,1,1,1,1,1,1,1,1,1,1,1,1,1,1,1,1,1,1,1,1,1,1,1,1,1,1,1,1,1,1,1,1,1,1,1,1,1,1,1,1,1,1,1,1,1,1,1,1,1,1,1,1,1,1,1,1,1,1,1,1,1,1,1,1,1,1,1,1,1,1,1,1,1,1,1,1,1,1,1,1,1,1,1,1,1,1,1,1,1,1,1,1,1,1,1,1,1,1,1,1,1,1,1,1,1,1,1,1,1,1,1,1,1,1,1,1,1,1,1,1,1,1,1,1,1,1,1,1,1,1,1,1,1,1,1,1,1,1,1,1,1,1,1,1,1,1,1,1,1,1,1,1,1,1,1,1,1,1,1,1,1,1,1,1,1,1,1,1,1,1,1,1,1,1,1,1,1,1,1,1,1,1,1,1,1,1,1,1,1,1,1,1,1,1,1,1,1,1,1,1,1,1,1,1,1,1,1,1,1,1,1,1,1,1,1,1,1,1,1,1,1,1,1,1,1,1,1,1,1,1,1,1,1,1,1,1,1,1,1,1,1,1,1,1,1,1,1,1,1,1,1,1,1,1,1,1,1,1,1,1,1,1,1,1,1,1,1,1,1,1,1,1,1,1,1,1,1,1,1,1,1,1,1,1,1,1,1,1,1,1,1,1,1,1,1,1,1,1,1,1,1,1,1,1,1,1,1,1,1,1,1,1,1,1,1,1,1,1,1,1,1,1,1,1,1,1,1,1,1,1,1,1,1,1,1,1,1,1,1,1,1,1,1,1,1,1,1,1,1,1,1,1,1,1,1,1,1,1,1,1,1,1,1,1,1,1,1,1,1,1,1,1,1,1,1,1,1,1,1,1,1,1,1,1,1,1,1,1,1,1,1,1,1,1,1,1,1,1,1,1,1,1,1,1,1,1,1,1,1,1,1,1,1,1,1,1,1,1,1,1,1,1,1,1,1,1,1,1,1,1,1,1,1,1,1,1,1,1,1,1,1,1,1,1,1,1,1,1,1,1,1,1,1,1,1,1,1,1,1,1,1,1,1,1,1,1,1,1,1,1,1,1,1,1,1,1,1,1,1,1,1,1,1,1,1,1,1,1,1,1,1,1,1,1,1,1,1,1,1,1,1,1,1,1,1,1,1,1,1,1,1,1,1,1,1,1,1,1,1,1,1,1,1,1,1,1,1,1,1,1,1,1,1,1,1,1,1,1,1,1,1,1,1,1,1,1,1,1,1,1,1,1,1,1,1,1,1,1,1,1,1,1,1,1,1,1,1,1,1,1,1,1,1,1,1,1,1,1,1,1,1,1,1,1,1,1,1,1,1,1,1,1,1,1,1,1,1,1,1,1,1,1,1,1,1,1,1,1,1,1,1,1,1,1,1,1,1,1,1,1,1,1,1,1,1,1,1,1,1,1,1,1,1,1,1,1,1,1,1,1,1,1,1,1,1,1,1,1,1,1,1,1,1,1,1,1,1,1,1,1,1,1,1,1,1,1,1,1,1,1,1,1,1,1,1,1,1,1,1,1,1,1,1,1,1,1,1,1,1,1,1,1,1,1,1,1,1,1,1,1,1,1,1,1,1,1,1,1,1,1,1,1,1,1,1,1,1,1,1,1,1,1,1,1,1,1,1,1,1,1,1,1,1,1,1,1,1,1,1,1,1,1,1,1,1,1,1,1,1,1,1,1,1,1,1,1,1,1,1,1,1,1,1,1,1,1,1,1,1,1,1,1,1,1,1,1,1,1,1,1,1,1,1,1,1,1,1,1,1,1,1,1,1,1,1,1,1,1,1,1,1,1,1,1,1,1,1,1,1,1,1,1,1,1,1,1,1,1,1,1,1,1,1,1,1,1,1,1,1,1,1,1,1,1,1,1,1,1,1,1,1,1,1,1,1,1,1,1,1,1,1,1,1,1,1,1,1,1,1,1,1,1,1,1,1,1,1,1,1,1,1,1,1,1,1,1,1,1,1,1,1,1,1,1,1,1,1,1,1,1,1,1,1,1,1,1,1,1,1,1,1,1,1,1,1,1,1,1,1,1,1,1,1,1,1,1,1,1,1,1,1,1,1,1,1,1,1,1,1,1,1,1,1,1,1,1,1,1,1,1,1,1,1,1,1,1,1,1,1,1,1,1,1,1,1,1,1,1,1,1,1,1,1,1,1,1,1,1,1,1,1,1,1,1,1,1,1,1,1,1,1,1,1,1,1,1,1,1,1,1,1,1,1,1,1,1,1,1,1,1,1,1,1,1,1,1,1,1,1,1,1,1,1,1,1,1,1,1,1,1,1,1,1,1,1,1,1,1,1,1,1,1,1,1,1,1,1,1,1,1,1,1,1,1,1,1,1,1,1,1,1,1,1,1,1,1,1,1,1,1,1,1,1,1,1,1,1,1,1,1,1,1,1,1,1,1,1,1,1,1,1,1,1,1,1,1,1,1,1,1,1,1,1,1,1,1,1,1,1,1,1,1,1,1,1,1,1,1,1,1,1,1,1,1,1,1,1,1,1,1,1,1,1,1,1,1,1,1,1,1,1,1,1,1,1,1,1,1,1,1,1,1,1,1,1,1,1,1,1,1,1,1,1,1,1,1,1,1,1,1,1,1,1,1,1,1,1,1,1,1,1,1,1,1,1,1,1,1,1,1,1,1,1,1,1,1,1,1,1,1,1,1,1,1,1,1,1,1,1,1,1,1,1,1,1,1,1,1,1,1,1,1,1,1,1,1,1,1,1,1,1,1,1,1,1,1,1,1,1,1,1,1,1,1,1,1,1,1,1,1,1,1,1,1,1,1,1,1,1,1,1,1,1,1,1,1,1,1,1,1,1,1,1,1,1,1,1,1,1,1,1,1,1,1,1,1,1,1,1,1,1,1,1,1,1,1,1,1,1,1,1,1,1,1,1,1,1,1,1,1,1,1,1,1,1,1,1,1,1,1,1,1,1,1,1,1,1,1,1,1,1,1,1,1,1,1,1,1,1,1,1,1,1,1,1,1,1,1,1,1,1,1,1,1,1,1,1,1,1,1,1,1,1,1,1,1,1,1,1,1,1,1,1,1,1,1,1,1,1,1,1,1,1,1,1,1,1,1,1,1,1,1,1,1,1,1,1,1,1,1,1,1,1,1,1,1,1,1,1,1,1,1,1,1,1,1,1,1,1,1,1,1,1,1,1,1,1,1,1,1,1,1,1,1,1,1,1,1,1,1,1,1,1,1,1,1,1,1,1,1,1,1,1,1,1,1,1,1,1,1,1,1,1,1,1,1,1,1,1,1,1,1,1,1,1,1,1,1,1,1,1,1,1,1,1,1,1,1,1,1,1,1,1,1,1,1,1,1,1,1,1,1,1,1,1,1,1,1,1,1,1,1,1,1,1,1,1,1,1,1,1,1,1,1,1,1,1,1,1,1,1,1,1,1,1,1,1,1,1,1,1,1,1,1,1,1,1,1,1,1,1,1,1,1,1,1,1,1,1,1,1,1,1,1,1,1,1,1,1,1,1,1,1,1,1,1,1,1,1,1,1,1,1,1,1,1,1,1,1,1,1,1,1,1,1,1,1,1,1,1,1,1,1,1,1,1,1,1,1,1,1,1,1,1,1,1,1,1,1,1,1,1,1,1,1,1,1,1,1,1,1,1,1,1,1,1,1,1,1,1,1,1,1,1,1,1,1,1,1,1,1,1,1,1,1,1,1,1,1,1,1,1,1,1,1,1,1,1,1,1,1,1,1,1,1,1,1,1,1,1,1,1,1,1,1,1,1,1,1,1,1,1,1,1,1,1,1,1,1,1,1,1,1,1,1,1,1,1,1,1,1,1,1,1,1,1,1,1,1,1,1,1,1,1,1,1,1,1,1,1,1,1,1,1,1,1,1,1,1,1,1,1,1,1,1,1,1,1,1,1,1,1,1,1,1,1,1,1,1,1,1,1,1,1,1,1,1,1,1,1,1,1,1,1,1,1,1,1,1,1,1,1,1,1,1,1,1,1,1,1,1,1,1,1,1,1,1,1,1,1,1,1,1,1,1,1,1,1,1,1,1,1,1,1,1,1,1,1,1,1,1,1,1,1,1,1,1,1,1,1,1,1,1,1,1,1,1,1,1,1,1,1,1,1,1,1,1,1,1,1,1,1,1,1,1,1,1,1,1,1,1,1,1,1,1,1,1,1,1,1,1,1,1,1,1,1,1,1,1,1,1,1,1,1,1,1,1,1,1,1,1,1,1,1,1,1,1,1,1,1,1,1,1,1,1,1,1,1,1,1,1,1,1,1,1,1,1,1,1,1,1,1,1,1,1,1,1,1,1,1,1,1,1,1,1,1,1,1,1,1,1,1,1,1,1,1,1,1,1,1,1,1,1,1,1,1,1,1,1,1,1,1,1,1,1,1,1,1,1,1,1,1,1,1,1,1,1,1,1,1,1,1,1,1,1,1,1,1,1,1,1,1,1,1,1,1,1,1,1,1,1,1,1,1,1,1,1,1,1,1,1,1,1,1,1,1,1,1,1,1,1,1,1,1,1,1,1,1,1,1,1,1,1,1,1,1,1,1,1,1,1,1,1,1,1,1,1,1,1,1,1,1,1,1,1,1,1,1,1,1,1,1,1,1,1,1,1,1,1,1,1,1,1,1,1,1,1,1,1,1,1,1,1,1,1,1,1,1,1,1,1,1,1,1,1,1,1,1,1,1,1,1,1,1,1,1,1,1,1,1,1,1,1,1,1,1,1,1,1,1,1,1,1,1,1,1,1,1,1,1,1,1,1,1,1,1,1,1,1,1,1,1,1,1,1,1,1,1,1,1,1,1,1,1,1,1,1,1,1,1,1,1,1,1,1,1,1,1,1,1,1,1,1,1,1,1,1,1,1,1,1,1,1,1,1,1,1,1,1,1,1,1,1,1,1,1,1,1,1,1,1,1,1,1,1,1,1,1,1,1,1,1,1,1,1,1,1,1,1,1,1,1,1,1,1,1,1,1,1,1,1,1,1,1,1,1,1,1,1,1,1,1,1,1,1,1,1,1,1,1,1,1,1,1,1,1,1,1,1,1,1,1,1,1,1,1,1,1,1,1,1,1,1,1,1,1,1,1,1,1,1,1,1,1,1,1,1,1,1,1,1,1,1,1,1,1,1,1,1,1,1,1,1,1,1,1,1,1,1,1,1,1,1,1,1,1,1,1,1,1,1,1,1,1,1,1,1,1,1,1,1,1,1,1,1,1,1,1,1,1,1,1,1,1,1,1,1,1,1,1,1,1,1,1,1,1,1,1,1,1,1,1,1,1,1,1,1,1,1,1,1,1,1,1,1,1,1,1,1,1,1,1,1,1,1,1,1,1,1,1,1,1,1,1,1,1,1,1,1,1,1,1,1,1,1,1,1,1,1,1,1,1,1,1));
#3826=IFCCOLOURRGB($,0.31372549019607843,0.31372549019607843,0.31372549019607843);
#3827=IFCSURFACESTYLERENDERING(#3826,0.,$,$,$,$,IFCNORMALISEDRATIOMEASURE(0.5),IFCSPECULAREXPONENT(64.),.NOTDEFINED.);
#3828=IFCSURFACESTYLE('Lack - grau 80-80-80',.BOTH.,(#3827));
#3829=IFCSTYLEDITEM(#3824,(#3828),$);
#3830=IFCCOLOURRGBLIST(((0.31372549019607843,0.31372549019607843,0.31372549019607843)));
#3831=IFCINDEXEDPOLYGONALFACE((1,2,3,4,5,6,7,8,9,10));
#3832=IFCINDEXEDPOLYGONALFACE((11,12,13,14,15,16,17,18,19,20));
#3833=IFCINDEXEDPOLYGONALFACE((11,2,1,12));
#3834=IFCINDEXEDPOLYGONALFACE((12,1,10,13));
#3835=IFCINDEXEDPOLYGONALFACE((17,6,5,18));
#3836=IFCINDEXEDPOLYGONALFACE((18,5,4,19));
#3837=IFCINDEXEDPOLYGONALFACE((19,4,3,20));
#3838=IFCINDEXEDPOLYGONALFACE((2,11,20,3));
#3839=IFCINDEXEDPOLYGONALFACE((13,10,9,14));
#3840=IFCINDEXEDPOLYGONALFACE((14,9,8,15));
#3841=IFCINDEXEDPOLYGONALFACE((15,8,7,16));
#3842=IFCINDEXEDPOLYGONALFACE((6,17,16,7));
#3843=IFCCARTESIANPOINTLIST3D(((0.079000000000002554,0.74000000000191801,0.22000000000000042),(0.079000000000002554,0.74000000000191823,0.34000000000000002),(0.079000000000002554,0.75600000000192435,0.33999999999999991),(0.079000000000002554,0.75600000000192435,0.33599999999999991),(0.079000000000002554,0.76000000000192425,0.33599999999999991),(0.079000000000002554,0.76000000000192425,0.22000000000000033),(0.079000000000002554,0.75596090363997204,0.22000000000000033),(0.079000000000002554,0.75596090363997204,0.22400000000000034),(0.079000000000002554,0.75196090363997203,0.22400000000000034),(0.079000000000002554,0.75196090363997203,0.22000000000000039),(1.0559999999999874,0.74000000000191823,0.34000000000000002),(1.0559999999999874,0.74000000000191801,0.22000000000000042),(1.0559999999999874,0.75196090363997203,0.22000000000000039),(1.0559999999999874,0.75196090363997203,0.22400000000000034),(1.0559999999999874,0.75596090363997204,0.22400000000000034),(1.0559999999999874,0.75596090363997204,0.22000000000000033),(1.0559999999999874,0.76000000000192425,0.22000000000000033),(1.0559999999999874,0.76000000000192425,0.33599999999999991),(1.0559999999999874,0.75600000000192435,0.33599999999999991),(1.0559999999999874,0.75600000000192435,0.33999999999999991)));
#3844=IFCPOLYGONALFACESET(#3843,.T.,(#3831,#3832,#3833,#3834,#3835,#3836,#3837,#3838,#3839,#3840,#3841,#3842),$);
#3845=IFCINDEXEDCOLOURMAP(#3844,1.,#3830,(1,1,1,1,1,1,1,1,1,1,1,1));
#3846=IFCSTYLEDITEM(#3844,(#3828),$);
#3847=IFCCOLOURRGBLIST(((0.79607843137254897,0.79607843137254897,0.79607843137254897)));
#3848=IFCINDEXEDPOLYGONALFACE((1,2,3,4));
#3849=IFCINDEXEDPOLYGONALFACE((5,6,7,8));
#3850=IFCINDEXEDPOLYGONALFACE((9,10,11,12,13,14));
#3851=IFCINDEXEDPOLYGONALFACE((6,5,15,16));
#3852=IFCINDEXEDPOLYGONALFACE((8,7,17,18,19,20));
#3853=IFCINDEXEDPOLYGONALFACE((19,12,11,20));
#3854=IFCINDEXEDPOLYGONALFACE((20,11,10,1,4,15,5,8));
#3855=IFCINDEXEDPOLYGONALFACE((15,4,3,16));
#3856=IFCINDEXEDPOLYGONALFACE((12,19,18,13));
#3857=IFCINDEXEDPOLYGONALFACE((16,3,2,9,14,17,7,6));
#3858=IFCINDEXEDPOLYGONALFACE((13,18,17,14));
#3859=IFCINDEXEDPOLYGONALFACE((2,1,10,9));
#3860=IFCCARTESIANPOINTLIST3D(((0.079000000000002416,0.74000000000192412,0.20000000000000021),(0.079000000000002416,0.74000000000192412,0.20900000000000035),(0.079000000000002554,0.76000000000192425,0.20700000000000035),(0.079000000000002554,0.76000000000192425,0.20000000000000015),(1.0559999999999874,0.74000000000191768,0.20000000000000021),(1.0559999999999874,0.74000000000191768,0.20900000000000099),(1.0709999999999875,0.74000000000192212,0.20900000000000046),(1.0709999999999875,0.74000000000192212,0.20000000000000021),(0.064000000000002444,0.74000000000192434,0.20900000000000035),(0.064000000000002444,0.74000000000192434,0.20000000000000021),(0.064000000000002305,0.69000000000192374,0.20000000000000015),(0.064000000000002305,0.69000000000192374,0.21500000000000033),(0.064000000000002444,0.71000000000192376,0.21500000000000033),(0.064000000000002444,0.71000000000192376,0.21200000000000033),(1.0559999999999874,0.76000000000192425,0.20000000000000015),(1.0559999999999874,0.76000000000192425,0.20700000000000035),(1.0709999999999875,0.71000000000192376,0.21200000000000033),(1.0709999999999875,0.71000000000192376,0.21500000000000033),(1.0709999999999875,0.69000000000192374,0.21500000000000033),(1.0709999999999875,0.69000000000192374,0.20000000000000015)));
#3861=IFCPOLYGONALFACESET(#3860,.T.,(#3848,#3849,#3850,#3851,#3852,#3853,#3854,#3855,#3856,#3857,#3858,#3859),$);
#3862=IFCINDEXEDCOLOURMAP(#3861,1.,#3847,(1,1,1,1,1,1,1,1,1,1,1,1));
#3863=IFCSTYLEDITEM(#3861,(#477),$);
#3864=IFCCOLOURRGBLIST(((0.79607843137254897,0.79607843137254897,0.79607843137254897)));
#3865=IFCINDEXEDPOLYGONALFACE((18,19,20,21,22,23,24,1,2,3,4,5,6,7,8,9,10,11,12,13,14,15,16,17));
#3866=IFCINDEXEDPOLYGONALFACEWITHVOIDS((41,42,43,44,45,46,47,48,25,26,27,28,29,30,31,32,33,34,35,36,37,38,39,40),((63,64,65,66,67,68,69,70,71,72,73,74,75,76,77,78,79,80,81,82,49,50,51,52,53,54,55,56,57,58,59,60,61,62)));
#3867=IFCINDEXEDPOLYGONALFACE((114,113,112,111,110,109,108,107,106,105,104,103,102,101,100,99,98,97,96,95,94,93,92,91,90,89,88,87,86,85,84,83,116,115));
#3868=IFCINDEXEDPOLYGONALFACE((25,1,24,26));
#3869=IFCINDEXEDPOLYGONALFACE((26,24,23,27));
#3870=IFCINDEXEDPOLYGONALFACE((29,28,22,21));
#3871=IFCINDEXEDPOLYGONALFACE((22,28,27,23));
#3872=IFCINDEXEDPOLYGONALFACE((30,29,21,20));
#3873=IFCINDEXEDPOLYGONALFACE((30,20,19,31));
#3874=IFCINDEXEDPOLYGONALFACE((31,19,18,32));
#3875=IFCINDEXEDPOLYGONALFACE((32,18,17,33));
#3876=IFCINDEXEDPOLYGONALFACE((35,34,16,15));
#3877=IFCINDEXEDPOLYGONALFACE((16,34,33,17));
#3878=IFCINDEXEDPOLYGONALFACE((36,35,15,14));
#3879=IFCINDEXEDPOLYGONALFACE((36,14,13,37));
#3880=IFCINDEXEDPOLYGONALFACE((37,13,12,38));
#3881=IFCINDEXEDPOLYGONALFACE((116,83,49,82));
#3882=IFCINDEXEDPOLYGONALFACE((38,12,11,39));
#3883=IFCINDEXEDPOLYGONALFACE((115,116,82,81));
#3884=IFCINDEXEDPOLYGONALFACE((41,40,10,9));
#3885=IFCINDEXEDPOLYGONALFACE((113,114,80,79));
#3886=IFCINDEXEDPOLYGONALFACE((10,40,39,11));
#3887=IFCINDEXEDPOLYGONALFACE((114,115,81,80));
#3888=IFCINDEXEDPOLYGONALFACE((42,41,9,8));
#3889=IFCINDEXEDPOLYGONALFACE((112,113,79,78));
#3890=IFCINDEXEDPOLYGONALFACE((42,8,7,43));
#3891=IFCINDEXEDPOLYGONALFACE((112,78,77,111));
#3892=IFCINDEXEDPOLYGONALFACE((43,7,6,44));
#3893=IFCINDEXEDPOLYGONALFACE((77,76,110,111));
#3894=IFCINDEXEDPOLYGONALFACE((44,6,5,45));
#3895=IFCINDEXEDPOLYGONALFACE((109,110,76,75));
#3896=IFCINDEXEDPOLYGONALFACE((47,46,4,3));
#3897=IFCINDEXEDPOLYGONALFACE((107,108,74,73));
#3898=IFCINDEXEDPOLYGONALFACE((4,46,45,5));
#3899=IFCINDEXEDPOLYGONALFACE((108,109,75,74));
#3900=IFCINDEXEDPOLYGONALFACE((48,47,3,2));
#3901=IFCINDEXEDPOLYGONALFACE((106,107,73,72));
#3902=IFCINDEXEDPOLYGONALFACE((48,2,1,25));
#3903=IFCINDEXEDPOLYGONALFACE((105,106,72,71));
#3904=IFCINDEXEDPOLYGONALFACE((49,83,84,50));
#3905=IFCINDEXEDPOLYGONALFACE((87,88,54,53));
#3906=IFCINDEXEDPOLYGONALFACE((85,86,52,51));
#3907=IFCINDEXEDPOLYGONALFACE((84,85,51,50));
#3908=IFCINDEXEDPOLYGONALFACE((87,53,52,86));
#3909=IFCINDEXEDPOLYGONALFACE((92,93,59,58));
#3910=IFCINDEXEDPOLYGONALFACE((90,91,57,56));
#3911=IFCINDEXEDPOLYGONALFACE((89,90,56,55));
#3912=IFCINDEXEDPOLYGONALFACE((92,58,57,91));
#3913=IFCINDEXEDPOLYGONALFACE((88,89,55,54));
#3914=IFCINDEXEDPOLYGONALFACE((59,93,94,60));
#3915=IFCINDEXEDPOLYGONALFACE((98,99,65,64));
#3916=IFCINDEXEDPOLYGONALFACE((96,97,63,62));
#3917=IFCINDEXEDPOLYGONALFACE((95,96,62,61));
#3918=IFCINDEXEDPOLYGONALFACE((98,64,63,97));
#3919=IFCINDEXEDPOLYGONALFACE((103,104,70,69));
#3920=IFCINDEXEDPOLYGONALFACE((101,102,68,67));
#3921=IFCINDEXEDPOLYGONALFACE((100,101,67,66));
#3922=IFCINDEXEDPOLYGONALFACE((103,69,68,102));
#3923=IFCINDEXEDPOLYGONALFACE((99,100,66,65));
#3924=IFCINDEXEDPOLYGONALFACE((95,61,60,94));
#3925=IFCINDEXEDPOLYGONALFACE((70,104,105,71));
#3926=IFCCARTESIANPOINTLIST3D(((0.10749999999996838,0.67000000000192439,1.1700000000000013),(0.10826666890846438,0.67000000000192439,1.1758234285148079),(0.11051442841481852,0.67000000000192439,1.181250000000001),(0.11409009742327113,0.67000000000192439,1.1859099025766984),(0.11874999999996841,0.67000000000192439,1.1894855715851511),(0.12417657148516167,0.67000000000192428,1.191733331091505),(0.12999999999996842,0.67000000000192428,1.1925000000000012),(0.13582342851477511,0.67000000000192428,1.191733331091505),(0.14124999999996843,0.67000000000192406,1.1894855715851509),(0.14590990257666572,0.67000000000192406,1.1859099025766984),(0.14948557158511824,0.67000000000192406,1.181250000000001),(0.15173333109147238,0.67000000000192406,1.1758234285148079),(0.15249999999996838,0.67000000000192406,1.170000000000001),(0.15173333109147238,0.67000000000192406,1.1641765714851942),(0.14948557158511819,0.67000000000192406,1.1587500000000008),(0.14590990257666558,0.67000000000192406,1.1540900974233037),(0.14124999999996829,0.67000000000192406,1.1505144284148512),(0.13582342851477497,0.67000000000192428,1.148266668908497),(0.12999999999996828,0.67000000000192428,1.1475000000000011),(0.12417657148516154,0.67000000000192428,1.148266668908497),(0.11874999999996827,0.67000000000192439,1.1505144284148512),(0.11409009742327099,0.67000000000192439,1.1540900974233037),(0.11051442841481846,0.67000000000192439,1.1587500000000013),(0.10826666890846431,0.67000000000192439,1.1641765714851944),(0.10749999999996832,0.66000000000192438,1.1700000000000013),(0.10826666890846424,0.66000000000192438,1.1641765714851944),(0.11051442841481839,0.66000000000192438,1.1587500000000013),(0.11409009742327092,0.66000000000192438,1.1540900974233037),(0.11874999999996827,0.66000000000192438,1.1505144284148512),(0.12417657148516147,0.66000000000192416,1.148266668908497),(0.12999999999996822,0.66000000000192416,1.1475000000000011),(0.13582342851477489,0.66000000000192416,1.148266668908497),(0.14124999999996823,0.66000000000192416,1.1505144284148512),(0.1459099025766655,0.66000000000192405,1.1540900974233037),(0.1494855715851181,0.66000000000192405,1.1587500000000008),(0.15173333109147233,0.66000000000192405,1.1641765714851942),(0.1524999999999683,0.66000000000192405,1.170000000000001),(0.15173333109147233,0.66000000000192405,1.1758234285148079),(0.14948557158511819,0.66000000000192405,1.181250000000001),(0.14590990257666564,0.66000000000192405,1.1859099025766984),(0.14124999999996829,0.66000000000192416,1.1894855715851509),(0.13582342851477502,0.66000000000192416,1.191733331091505),(0.12999999999996836,0.66000000000192416,1.1925000000000012),(0.1241765714851616,0.66000000000192416,1.191733331091505),(0.11874999999996834,0.66000000000192438,1.1894855715851511),(0.11409009742327099,0.66000000000192438,1.1859099025766984),(0.11051442841481846,0.66000000000192438,1.181250000000001),(0.10826666890846431,0.66000000000192438,1.1758234285148079),(0.1249999999999684,0.66000000000192416,1.1585000000000012),(0.12499999999996833,0.66000000000192416,1.1711261364575674),(0.12344792511338609,0.66000000000192416,1.172585176394322),(0.12230735988662153,0.66000000000192438,1.174384299779224),(0.12164993866705182,0.66000000000192438,1.1764105108567438),(0.12151695145625734,0.66000000000192438,1.1785365514001882),(0.12191675064990218,0.66000000000192438,1.1806288932927491),(0.1228242264571157,0.66000000000192438,1.1825561248953147),(0.12418238394618775,0.66000000000192416,1.1841972044867672),(0.12590592266863734,0.66000000000192416,1.1854490624111427),(0.12788659403975891,0.66000000000192416,1.186233074471142),(0.12999999999996814,0.66000000000192416,1.1865000000000012),(0.13211340596017745,0.66000000000192416,1.186233074471142),(0.13409407733129902,0.66000000000192416,1.1854490624111427),(0.13581761605374867,0.66000000000192416,1.1841972044867675),(0.13717577354282079,0.66000000000192416,1.1825561248953149),(0.13808324935003433,0.66000000000192416,1.1806288932927496),(0.13848304854367929,0.66000000000192416,1.1785365514001884),(0.1383500613328848,0.66000000000192416,1.176410510856744),(0.13769264011331517,0.66000000000192416,1.174384299779224),(0.13655207488655069,0.66000000000192416,1.1725851763943222),(0.13499999999996842,0.66000000000192416,1.1711261364575676),(0.13499999999996837,0.66000000000192416,1.1585000000000012),(0.13482962913141378,0.66000000000192416,1.1572059047744885),(0.1343301270188906,0.66000000000192416,1.1560000000000012),(0.13353553390590112,0.66000000000192416,1.1549644660940683),(0.13249999999996839,0.66000000000192416,1.154169872981079),(0.13129409522548099,0.66000000000192416,1.1536703708685556),(0.12999999999996842,0.66000000000192416,1.1535000000000011),(0.12870590477445584,0.66000000000192416,1.1536703708685556),(0.12749999999996844,0.66000000000192416,1.154169872981079),(0.12646446609403572,0.66000000000192416,1.1549644660940683),(0.12566987298104623,0.66000000000192416,1.156000000000001),(0.12517037086852306,0.66000000000192416,1.1572059047744885),(0.12499999999996847,0.66800000000192428,1.1585000000000012),(0.1249999999999684,0.66800000000192428,1.1711261364575674),(0.12344792511338623,0.66800000000192428,1.172585176394322),(0.12230735988662167,0.66800000000192428,1.1743842997792238),(0.12164993866705195,0.66800000000192428,1.1764105108567438),(0.1215169514562574,0.66800000000192428,1.178536551400188),(0.12191675064990232,0.66800000000192428,1.1806288932927491),(0.12282422645711577,0.66800000000192428,1.1825561248953145),(0.12418238394618782,0.66800000000192428,1.1841972044867672),(0.12590592266863743,0.66800000000192428,1.1854490624111427),(0.12788659403975897,0.66800000000192428,1.1862330744711418),(0.12999999999996822,0.66800000000192428,1.186500000000001),(0.13211340596017745,0.66800000000192428,1.186233074471142),(0.13409407733129902,0.66800000000192428,1.1854490624111427),(0.13581761605374867,0.66800000000192428,1.1841972044867675),(0.13717577354282087,0.66800000000192428,1.1825561248953149),(0.13808324935003438,0.66800000000192428,1.1806288932927496),(0.13848304854367935,0.66800000000192428,1.1785365514001886),(0.13835006133288494,0.66800000000192428,1.176410510856744),(0.13769264011331531,0.66800000000192428,1.1743842997792242),(0.13655207488655088,0.66800000000192428,1.1725851763943222),(0.13499999999996856,0.66800000000192428,1.1711261364575674),(0.13499999999996851,0.66800000000192428,1.1585000000000012),(0.13482962913141383,0.66800000000192428,1.1572059047744885),(0.13433012701889069,0.66800000000192428,1.1560000000000012),(0.13353553390590125,0.66800000000192428,1.1549644660940683),(0.13249999999996853,0.66800000000192428,1.154169872981079),(0.13129409522548113,0.66800000000192428,1.1536703708685558),(0.12999999999996856,0.66800000000192428,1.1535000000000011),(0.12870590477445598,0.66800000000192428,1.1536703708685556),(0.12749999999996858,0.66800000000192428,1.154169872981079),(0.12646446609403578,0.66800000000192428,1.1549644660940683),(0.12566987298104629,0.66800000000192428,1.156000000000001),(0.12517037086852315,0.66800000000192428,1.1572059047744885)));
#3927=IFCPOLYGONALFACESET(#3926,.T.,(#3865,#3866,#3867,#3868,#3869,#3870,#3871,#3872,#3873,#3874,#3875,#3876,#3877,#3878,#3879,#3880,#3881,#3882,#3883,#3884,#3885,#3886,#3887,#3888,#3889,#3890,#3891,#3892,#3893,#3894,#3895,#3896,#3897,#3898,#3899,#3900,#3901,#3902,#3903,#3904,#3905,#3906,#3907,#3908,#3909,#3910,#3911,#3912,#3913,#3914,#3915,#3916,#3917,#3918,#3919,#3920,#3921,#3922,#3923,#3924,#3925),$);
#3928=IFCINDEXEDCOLOURMAP(#3927,1.,#3864,(1,1,1,1,1,1,1,1,1,1,1,1,1,1,1,1,1,1,1,1,1,1,1,1,1,1,1,1,1,1,1,1,1,1,1,1,1,1,1,1,1,1,1,1,1,1,1,1,1,1,1,1,1,1,1,1,1,1,1,1,1));
#3929=IFCSTYLEDITEM(#3927,(#477),$);
#3930=IFCCOLOURRGBLIST(((0.79607843137254897,0.79607843137254897,0.79607843137254897)));
#3931=IFCINDEXEDPOLYGONALFACE((7,8,9,10,11,12,13,14,15,16,17,18,19,20,21,22,23,24,1,2,3,4,5,6));
#3932=IFCINDEXEDPOLYGONALFACE((21,34,35));
#3933=IFCINDEXEDPOLYGONALFACE((23,35,36,24));
#3934=IFCINDEXEDPOLYGONALFACE((32,33,19));
#3935=IFCINDEXEDPOLYGONALFACE((19,33,20));
#3936=IFCINDEXEDPOLYGONALFACE((20,33,34));
#3937=IFCINDEXEDPOLYGONALFACE((1,24,36,37));
#3938=IFCINDEXEDPOLYGONALFACE((22,35,23));
#3939=IFCINDEXEDPOLYGONALFACE((35,22,21));
#3940=IFCINDEXEDPOLYGONALFACE((21,20,34));
#3941=IFCINDEXEDPOLYGONALFACE((17,31,32));
#3942=IFCINDEXEDPOLYGONALFACE((30,15,29));
#3943=IFCINDEXEDPOLYGONALFACE((29,14,28));
#3944=IFCINDEXEDPOLYGONALFACE((26,27,13));
#3945=IFCINDEXEDPOLYGONALFACE((14,27,28));
#3946=IFCINDEXEDPOLYGONALFACE((25,26,13));
#3947=IFCINDEXEDPOLYGONALFACE((32,18,17));
#3948=IFCINDEXEDPOLYGONALFACE((18,32,19));
#3949=IFCINDEXEDPOLYGONALFACE((29,15,14));
#3950=IFCINDEXEDPOLYGONALFACE((15,30,16));
#3951=IFCINDEXEDPOLYGONALFACE((16,31,17));
#3952=IFCINDEXEDPOLYGONALFACE((27,14,13));
#3953=IFCINDEXEDPOLYGONALFACE((31,16,30));
#3954=IFCINDEXEDPOLYGONALFACE((48,25,13));
#3955=IFCINDEXEDPOLYGONALFACE((48,13,47));
#3956=IFCINDEXEDPOLYGONALFACE((45,46,12));
#3957=IFCINDEXEDPOLYGONALFACE((12,46,47));
#3958=IFCINDEXEDPOLYGONALFACE((44,45,11));
#3959=IFCINDEXEDPOLYGONALFACE((12,11,45));
#3960=IFCINDEXEDPOLYGONALFACE((47,13,12));
#3961=IFCINDEXEDPOLYGONALFACE((43,9,42));
#3962=IFCINDEXEDPOLYGONALFACE((8,42,9));
#3963=IFCINDEXEDPOLYGONALFACE((43,10,9));
#3964=IFCINDEXEDPOLYGONALFACE((44,11,10));
#3965=IFCINDEXEDPOLYGONALFACE((43,44,10));
#3966=IFCINDEXEDPOLYGONALFACE((6,40,41));
#3967=IFCINDEXEDPOLYGONALFACE((7,41,42));
#3968=IFCINDEXEDPOLYGONALFACE((2,1,37,38));
#3969=IFCINDEXEDPOLYGONALFACE((3,2,38,39));
#3970=IFCINDEXEDPOLYGONALFACE((5,39,40));
#3971=IFCINDEXEDPOLYGONALFACE((6,5,40));
#3972=IFCINDEXEDPOLYGONALFACE((41,7,6));
#3973=IFCINDEXEDPOLYGONALFACE((3,39,4));
#3974=IFCINDEXEDPOLYGONALFACE((39,5,4));
#3975=IFCINDEXEDPOLYGONALFACE((8,7,42));
#3976=IFCINDEXEDPOLYGONALFACE((67,68,69,70,71,72,49,50,51,52,53,54,55,56,57,58,59,60,61,62,63,64,65,66));
#3977=IFCINDEXEDPOLYGONALFACE((50,49,37,36));
#3978=IFCINDEXEDPOLYGONALFACE((50,36,35,51));
#3979=IFCINDEXEDPOLYGONALFACE((33,32,54,53));
#3980=IFCINDEXEDPOLYGONALFACE((52,51,35,34));
#3981=IFCINDEXEDPOLYGONALFACE((53,52,34,33));
#3982=IFCINDEXEDPOLYGONALFACE((32,56,55));
#3983=IFCINDEXEDPOLYGONALFACE((54,32,55));
#3984=IFCINDEXEDPOLYGONALFACE((30,58,57));
#3985=IFCINDEXEDPOLYGONALFACE((31,57,56));
#3986=IFCINDEXEDPOLYGONALFACE((26,25,61,60));
#3987=IFCINDEXEDPOLYGONALFACE((27,26,60,59));
#3988=IFCINDEXEDPOLYGONALFACE((28,27,59,58));
#3989=IFCINDEXEDPOLYGONALFACE((30,29,58));
#3990=IFCINDEXEDPOLYGONALFACE((57,31,30));
#3991=IFCINDEXEDPOLYGONALFACE((28,58,29));
#3992=IFCINDEXEDPOLYGONALFACE((32,31,56));
#3993=IFCINDEXEDPOLYGONALFACE((47,63,62,48));
#3994=IFCINDEXEDPOLYGONALFACE((48,62,61,25));
#3995=IFCINDEXEDPOLYGONALFACE((43,65,44));
#3996=IFCINDEXEDPOLYGONALFACE((44,65,64));
#3997=IFCINDEXEDPOLYGONALFACE((46,64,63,47));
#3998=IFCINDEXEDPOLYGONALFACE((67,66,42));
#3999=IFCINDEXEDPOLYGONALFACE((64,45,44));
#4000=IFCINDEXEDPOLYGONALFACE((45,64,46));
#4001=IFCINDEXEDPOLYGONALFACE((43,66,65));
#4002=IFCINDEXEDPOLYGONALFACE((40,70,69,41));
#4003=IFCINDEXEDPOLYGONALFACE((41,69,68,42));
#4004=IFCINDEXEDPOLYGONALFACE((37,49,72,38));
#4005=IFCINDEXEDPOLYGONALFACE((38,72,71,39));
#4006=IFCINDEXEDPOLYGONALFACE((39,71,70,40));
#4007=IFCINDEXEDPOLYGONALFACE((42,66,43));
#4008=IFCINDEXEDPOLYGONALFACE((68,67,42));
#4009=IFCCARTESIANPOINTLIST3D(((0.13999999999997054,0.66000000000192416,1.2500000000000011),(0.13965925826286127,0.66000000000192416,1.2474118095489761),(0.13866025403781496,0.66000000000192416,1.2450000000000012),(0.13707106781183606,0.66000000000192416,1.2429289321881358),(0.13499999999997059,0.66000000000192416,1.2413397459621569),(0.13258819045099587,0.66000000000192416,1.2403407417371106),(0.12999999999997064,0.66000000000192416,1.2400000000000013),(0.12741180954894549,0.66000000000192416,1.2403407417371106),(0.12499999999997077,0.66000000000192416,1.2413397459621569),(0.12292893218810531,0.66000000000192416,1.2429289321881358),(0.12133974596212641,0.66000000000192416,1.2450000000000012),(0.12034074173708016,0.66000000000192416,1.2474118095489761),(0.11999999999997082,0.66000000000192416,1.2500000000000016),(0.12034074173708016,0.66000000000192416,1.2525881904510265),(0.12133974596212647,0.66000000000192416,1.2550000000000014),(0.12292893218810538,0.66000000000192416,1.2570710678118668),(0.12499999999997084,0.66000000000192416,1.2586602540378458),(0.12741180954894563,0.66000000000192416,1.2596592582628918),(0.12999999999997078,0.66000000000192416,1.2600000000000011),(0.13258819045099596,0.66000000000192416,1.2596592582628918),(0.13499999999997073,0.66000000000192416,1.2586602540378455),(0.1370710678118362,0.66000000000192416,1.2570710678118666),(0.13866025403781504,0.66000000000192416,1.2550000000000012),(0.13965925826286127,0.66000000000192416,1.2525881904510263),(0.11999999999997076,0.61000000000192545,1.2500000000000016),(0.12034074173708016,0.61034074173903485,1.2525881904510265),(0.12133974596212647,0.61133974596408125,1.2550000000000014),(0.12292893218810538,0.61292893219006006,1.2570710678118668),(0.12499999999997084,0.61500000000192545,1.2586602540378458),(0.12741180954894557,0.61741180955090025,1.2596592582628918),(0.12999999999997072,0.62000000000192546,1.2600000000000011),(0.13258819045099596,0.62258819045295055,1.2596592582628918),(0.13499999999997067,0.62500000000192535,1.2586602540378455),(0.13707106781183612,0.62707106781379085,1.2570710678118666),(0.13866025403781504,0.62866025403976966,1.2550000000000012),(0.13965925826286127,0.62965925826481606,1.2525881904510263),(0.13999999999997054,0.63000000000192535,1.2500000000000011),(0.13965925826286121,0.62965925826481606,1.2474118095489761),(0.1386602540378149,0.62866025403976966,1.2450000000000012),(0.13707106781183606,0.62707106781379074,1.2429289321881358),(0.13499999999997059,0.62500000000192524,1.2413397459621569),(0.13258819045099582,0.62258819045295055,1.2403407417371106),(0.12999999999997064,0.62000000000192534,1.2400000000000013),(0.12741180954894549,0.61741180955090014,1.2403407417371106),(0.1249999999999707,0.61500000000192534,1.2413397459621569),(0.12292893218810524,0.61292893219005995,1.2429289321881358),(0.12133974596212634,0.61133974596408103,1.2450000000000012),(0.12034074173708009,0.61034074173903474,1.2474118095489761),(0.24999999999997058,0.63000000000192558,1.2500000000000011),(0.24999999999997058,0.62965925826481628,1.2525881904510263),(0.24999999999997058,0.62866025403977011,1.2550000000000012),(0.24999999999997058,0.62707106781379129,1.2570710678118666),(0.24999999999997058,0.62500000000192579,1.2586602540378455),(0.24999999999997058,0.622588190452951,1.2596592582628918),(0.24999999999997058,0.6200000000019259,1.2600000000000011),(0.24999999999997058,0.61741180955090069,1.2596592582628918),(0.24999999999997058,0.61500000000192589,1.2586602540378458),(0.24999999999997058,0.61292893219006039,1.2570710678118668),(0.24999999999997058,0.61133974596408147,1.2550000000000014),(0.24999999999997058,0.61034074173903519,1.2525881904510265),(0.24999999999997058,0.61000000000192578,1.2500000000000011),(0.24999999999997058,0.61034074173903519,1.2474118095489761),(0.24999999999997058,0.61133974596408147,1.2450000000000012),(0.24999999999997058,0.61292893219006028,1.2429289321881358),(0.24999999999997058,0.61500000000192578,1.2413397459621569),(0.24999999999997058,0.61741180955090058,1.2403407417371106),(0.24999999999997058,0.62000000000192568,1.2400000000000013),(0.24999999999997058,0.62258819045295088,1.2403407417371106),(0.24999999999997058,0.62500000000192568,1.2413397459621569),(0.24999999999997058,0.62707106781379107,1.2429289321881358),(0.24999999999997058,0.62866025403976999,1.2450000000000012),(0.24999999999997058,0.62965925826481628,1.2474118095489761)));
#4010=IFCPOLYGONALFACESET(#4009,.T.,(#3931,#3932,#3933,#3934,#3935,#3936,#3937,#3938,#3939,#3940,#3941,#3942,#3943,#3944,#3945,#3946,#3947,#3948,#3949,#3950,#3951,#3952,#3953,#3954,#3955,#3956,#3957,#3958,#3959,#3960,#3961,#3962,#3963,#3964,#3965,#3966,#3967,#3968,#3969,#3970,#3971,#3972,#3973,#3974,#3975,#3976,#3977,#3978,#3979,#3980,#3981,#3982,#3983,#3984,#3985,#3986,#3987,#3988,#3989,#3990,#3991,#3992,#3993,#3994,#3995,#3996,#3997,#3998,#3999,#4000,#4001,#4002,#4003,#4004,#4005,#4006,#4007,#4008),$);
#4011=IFCINDEXEDCOLOURMAP(#4010,1.,#3930,(1,1,1,1,1,1,1,1,1,1,1,1,1,1,1,1,1,1,1,1,1,1,1,1,1,1,1,1,1,1,1,1,1,1,1,1,1,1,1,1,1,1,1,1,1,1,1,1,1,1,1,1,1,1,1,1,1,1,1,1,1,1,1,1,1,1,1,1,1,1,1,1,1,1,1,1,1,1));
#4012=IFCSTYLEDITEM(#4010,(#477),$);
#4013=IFCCOLOURRGBLIST(((0.79607843137254897,0.79607843137254897,0.79607843137254897)));
#4014=IFCINDEXEDPOLYGONALFACE((7,8,9,10,11,12,13,14,15,16,17,18,19,20,21,22,23,24,1,2,3,4,5,6));
#4015=IFCINDEXEDPOLYGONALFACE((21,34,35));
#4016=IFCINDEXEDPOLYGONALFACE((23,35,36,24));
#4017=IFCINDEXEDPOLYGONALFACE((32,33,19));
#4018=IFCINDEXEDPOLYGONALFACE((19,33,20));
#4019=IFCINDEXEDPOLYGONALFACE((20,33,34));
#4020=IFCINDEXEDPOLYGONALFACE((1,24,36,37));
#4021=IFCINDEXEDPOLYGONALFACE((22,35,23));
#4022=IFCINDEXEDPOLYGONALFACE((35,22,21));
#4023=IFCINDEXEDPOLYGONALFACE((21,20,34));
#4024=IFCINDEXEDPOLYGONALFACE((17,31,32));
#4025=IFCINDEXEDPOLYGONALFACE((30,15,29));
#4026=IFCINDEXEDPOLYGONALFACE((29,14,28));
#4027=IFCINDEXEDPOLYGONALFACE((26,27,13));
#4028=IFCINDEXEDPOLYGONALFACE((14,27,28));
#4029=IFCINDEXEDPOLYGONALFACE((25,26,13));
#4030=IFCINDEXEDPOLYGONALFACE((32,18,17));
#4031=IFCINDEXEDPOLYGONALFACE((18,32,19));
#4032=IFCINDEXEDPOLYGONALFACE((29,15,14));
#4033=IFCINDEXEDPOLYGONALFACE((15,30,16));
#4034=IFCINDEXEDPOLYGONALFACE((16,31,17));
#4035=IFCINDEXEDPOLYGONALFACE((27,14,13));
#4036=IFCINDEXEDPOLYGONALFACE((31,16,30));
#4037=IFCINDEXEDPOLYGONALFACE((48,25,13));
#4038=IFCINDEXEDPOLYGONALFACE((48,13,47));
#4039=IFCINDEXEDPOLYGONALFACE((45,46,12));
#4040=IFCINDEXEDPOLYGONALFACE((12,46,47));
#4041=IFCINDEXEDPOLYGONALFACE((44,45,11));
#4042=IFCINDEXEDPOLYGONALFACE((12,11,45));
#4043=IFCINDEXEDPOLYGONALFACE((47,13,12));
#4044=IFCINDEXEDPOLYGONALFACE((43,9,42));
#4045=IFCINDEXEDPOLYGONALFACE((8,42,9));
#4046=IFCINDEXEDPOLYGONALFACE((43,10,9));
#4047=IFCINDEXEDPOLYGONALFACE((44,11,10));
#4048=IFCINDEXEDPOLYGONALFACE((43,44,10));
#4049=IFCINDEXEDPOLYGONALFACE((6,40,41));
#4050=IFCINDEXEDPOLYGONALFACE((7,41,42));
#4051=IFCINDEXEDPOLYGONALFACE((2,1,37,38));
#4052=IFCINDEXEDPOLYGONALFACE((3,2,38,39));
#4053=IFCINDEXEDPOLYGONALFACE((5,39,40));
#4054=IFCINDEXEDPOLYGONALFACE((6,5,40));
#4055=IFCINDEXEDPOLYGONALFACE((41,7,6));
#4056=IFCINDEXEDPOLYGONALFACE((3,39,4));
#4057=IFCINDEXEDPOLYGONALFACE((39,5,4));
#4058=IFCINDEXEDPOLYGONALFACE((8,7,42));
#4059=IFCINDEXEDPOLYGONALFACE((65,66,67,68,69,70,71,72,49,50,51,52,53,54,55,56,57,58,59,60,61,62,63,64));
#4060=IFCINDEXEDPOLYGONALFACE((50,49,37,36));
#4061=IFCINDEXEDPOLYGONALFACE((50,36,35,51));
#4062=IFCINDEXEDPOLYGONALFACE((33,32,54,53));
#4063=IFCINDEXEDPOLYGONALFACE((52,51,35,34));
#4064=IFCINDEXEDPOLYGONALFACE((53,52,34,33));
#4065=IFCINDEXEDPOLYGONALFACE((32,56,55));
#4066=IFCINDEXEDPOLYGONALFACE((54,32,55));
#4067=IFCINDEXEDPOLYGONALFACE((30,58,57));
#4068=IFCINDEXEDPOLYGONALFACE((31,57,56));
#4069=IFCINDEXEDPOLYGONALFACE((26,25,61,60));
#4070=IFCINDEXEDPOLYGONALFACE((27,26,60,59));
#4071=IFCINDEXEDPOLYGONALFACE((28,27,59,58));
#4072=IFCINDEXEDPOLYGONALFACE((30,29,58));
#4073=IFCINDEXEDPOLYGONALFACE((57,31,30));
#4074=IFCINDEXEDPOLYGONALFACE((28,58,29));
#4075=IFCINDEXEDPOLYGONALFACE((32,31,56));
#4076=IFCINDEXEDPOLYGONALFACE((47,63,62,48));
#4077=IFCINDEXEDPOLYGONALFACE((48,62,61,25));
#4078=IFCINDEXEDPOLYGONALFACE((43,65,44));
#4079=IFCINDEXEDPOLYGONALFACE((44,65,64));
#4080=IFCINDEXEDPOLYGONALFACE((46,64,63,47));
#4081=IFCINDEXEDPOLYGONALFACE((67,66,42));
#4082=IFCINDEXEDPOLYGONALFACE((64,45,44));
#4083=IFCINDEXEDPOLYGONALFACE((45,64,46));
#4084=IFCINDEXEDPOLYGONALFACE((43,66,65));
#4085=IFCINDEXEDPOLYGONALFACE((40,70,69,41));
#4086=IFCINDEXEDPOLYGONALFACE((41,69,68,42));
#4087=IFCINDEXEDPOLYGONALFACE((37,49,72,38));
#4088=IFCINDEXEDPOLYGONALFACE((38,72,71,39));
#4089=IFCINDEXEDPOLYGONALFACE((39,71,70,40));
#4090=IFCINDEXEDPOLYGONALFACE((42,66,43));
#4091=IFCINDEXEDPOLYGONALFACE((68,67,42));
#4092=IFCCARTESIANPOINTLIST3D(((0.13999999999996851,0.66000000000192416,1.2500000000000011),(0.13965925826285919,0.66000000000192416,1.2474118095489761),(0.13866025403781287,0.66000000000192416,1.2450000000000012),(0.13707106781183404,0.66000000000192416,1.2429289321881358),(0.13499999999996856,0.66000000000192416,1.2413397459621569),(0.13258819045099379,0.66000000000192416,1.2403407417371106),(0.12999999999996861,0.66000000000192416,1.2400000000000013),(0.12741180954894346,0.66000000000192416,1.2403407417371106),(0.12499999999996868,0.66000000000192416,1.2413397459621569),(0.12292893218810322,0.66000000000192416,1.2429289321881358),(0.12133974596212431,0.66000000000192416,1.2450000000000012),(0.12034074173707805,0.66000000000192416,1.2474118095489761),(0.11999999999996873,0.66000000000192416,1.2500000000000016),(0.12034074173707805,0.66000000000192416,1.2525881904510265),(0.12133974596212438,0.66000000000192416,1.2550000000000014),(0.12292893218810329,0.66000000000192416,1.2570710678118668),(0.12499999999996882,0.66000000000192416,1.2586602540378458),(0.12741180954894352,0.66000000000192416,1.2596592582628918),(0.12999999999996875,0.66000000000192416,1.2600000000000011),(0.1325881904509939,0.66000000000192416,1.2596592582628918),(0.13499999999996865,0.66000000000192416,1.2586602540378455),(0.13707106781183409,0.66000000000192416,1.2570710678118666),(0.13866025403781293,0.66000000000192416,1.2550000000000012),(0.13965925826285924,0.66000000000192416,1.2525881904510263),(0.1199999999999688,0.61000000000192234,1.2500000000000016),(0.12034074173707819,0.61034074173903163,1.2525881904510265),(0.1213397459621245,0.61133974596407792,1.2550000000000014),(0.12292893218810343,0.61292893219005695,1.2570710678118668),(0.12499999999996887,0.61500000000192234,1.2586602540378458),(0.1274118095489436,0.61741180955089714,1.2596592582628918),(0.12999999999996883,0.62000000000192235,1.2600000000000011),(0.13258819045099399,0.62258819045294744,1.2596592582628918),(0.1349999999999687,0.62500000000192224,1.2586602540378455),(0.13707106781183415,0.62707106781378774,1.2570710678118666),(0.13866025403781301,0.62866025403976655,1.2550000000000012),(0.13965925826285924,0.62965925826481284,1.2525881904510263),(0.13999999999996859,0.63000000000192224,1.2500000000000011),(0.13965925826285924,0.62965925826481284,1.2474118095489761),(0.13866025403781293,0.62866025403976655,1.2450000000000012),(0.13707106781183404,0.62707106781378763,1.2429289321881358),(0.13499999999996856,0.62500000000192213,1.2413397459621569),(0.13258819045099385,0.62258819045294744,1.2403407417371106),(0.1299999999999687,0.62000000000192224,1.2400000000000013),(0.12741180954894352,0.61741180955089703,1.2403407417371106),(0.12499999999996875,0.61500000000192223,1.2413397459621569),(0.12292893218810329,0.61292893219005684,1.2429289321881358),(0.12133974596212445,0.61133974596407792,1.2450000000000012),(0.12034074173707812,0.61034074173903163,1.2474118095489761),(0.24999999999997063,0.63000000000192247,1.2500000000000011),(0.24999999999997063,0.62965925826481317,1.2525881904510263),(0.24999999999997063,0.628660254039767,1.2550000000000012),(0.24999999999997063,0.62707106781378819,1.2570710678118666),(0.24999999999997063,0.62500000000192268,1.2586602540378455),(0.24999999999997063,0.62258819045294789,1.2596592582628918),(0.24999999999997063,0.62000000000192268,1.2600000000000011),(0.24999999999997063,0.61741180955089758,1.2596592582628918),(0.24999999999997063,0.61500000000192279,1.2586602540378458),(0.24999999999997063,0.61292893219005729,1.2570710678118668),(0.24999999999997063,0.61133974596407836,1.2550000000000014),(0.24999999999997063,0.61034074173903219,1.2525881904510265),(0.24999999999997063,0.61000000000192267,1.2500000000000011),(0.24999999999997063,0.61034074173903208,1.2474118095489761),(0.24999999999997063,0.61133974596407836,1.2450000000000012),(0.24999999999997063,0.61292893219005717,1.2429289321881358),(0.24999999999997063,0.61500000000192268,1.2413397459621569),(0.24999999999997063,0.61741180955089747,1.2403407417371106),(0.24999999999997063,0.62000000000192257,1.2400000000000013),(0.24999999999997063,0.62258819045294778,1.2403407417371106),(0.24999999999997063,0.62500000000192257,1.2413397459621569),(0.24999999999997063,0.62707106781378796,1.2429289321881358),(0.24999999999997063,0.62866025403976689,1.2450000000000012),(0.24999999999997063,0.62965925826481317,1.2474118095489761)));
#4093=IFCPOLYGONALFACESET(#4092,.T.,(#4014,#4015,#4016,#4017,#4018,#4019,#4020,#4021,#4022,#4023,#4024,#4025,#4026,#4027,#4028,#4029,#4030,#4031,#4032,#4033,#4034,#4035,#4036,#4037,#4038,#4039,#4040,#4041,#4042,#4043,#4044,#4045,#4046,#4047,#4048,#4049,#4050,#4051,#4052,#4053,#4054,#4055,#4056,#4057,#4058,#4059,#4060,#4061,#4062,#4063,#4064,#4065,#4066,#4067,#4068,#4069,#4070,#4071,#4072,#4073,#4074,#4075,#4076,#4077,#4078,#4079,#4080,#4081,#4082,#4083,#4084,#4085,#4086,#4087,#4088,#4089,#4090,#4091),$);
#4094=IFCINDEXEDCOLOURMAP(#4093,1.,#4013,(1,1,1,1,1,1,1,1,1,1,1,1,1,1,1,1,1,1,1,1,1,1,1,1,1,1,1,1,1,1,1,1,1,1,1,1,1,1,1,1,1,1,1,1,1,1,1,1,1,1,1,1,1,1,1,1,1,1,1,1,1,1,1,1,1,1,1,1,1,1,1,1,1,1,1,1,1,1));
#4095=IFCSTYLEDITEM(#4093,(#477),$);
#4096=IFCCOLOURRGBLIST(((0.79607843137254897,0.79607843137254897,0.79607843137254897)));
#4097=IFCINDEXEDPOLYGONALFACE((18,19,20,21,22,23,24,1,2,3,4,5,6,7,8,9,10,11,12,13,14,15,16,17));
#4098=IFCINDEXEDPOLYGONALFACE((41,42,43,44,45,46,47,48,25,26,27,28,29,30,31,32,33,34,35,36,37,38,39,40));
#4099=IFCINDEXEDPOLYGONALFACE((25,1,24,26));
#4100=IFCINDEXEDPOLYGONALFACE((26,24,23,27));
#4101=IFCINDEXEDPOLYGONALFACE((29,28,22,21));
#4102=IFCINDEXEDPOLYGONALFACE((22,28,27,23));
#4103=IFCINDEXEDPOLYGONALFACE((30,29,21,20));
#4104=IFCINDEXEDPOLYGONALFACE((30,20,19,31));
#4105=IFCINDEXEDPOLYGONALFACE((31,19,18,32));
#4106=IFCINDEXEDPOLYGONALFACE((32,18,17,33));
#4107=IFCINDEXEDPOLYGONALFACE((35,34,16,15));
#4108=IFCINDEXEDPOLYGONALFACE((16,34,33,17));
#4109=IFCINDEXEDPOLYGONALFACE((36,35,15,14));
#4110=IFCINDEXEDPOLYGONALFACE((36,14,13,37));
#4111=IFCINDEXEDPOLYGONALFACE((37,13,12,38));
#4112=IFCINDEXEDPOLYGONALFACE((38,12,11,39));
#4113=IFCINDEXEDPOLYGONALFACE((41,40,10,9));
#4114=IFCINDEXEDPOLYGONALFACE((10,40,39,11));
#4115=IFCINDEXEDPOLYGONALFACE((42,41,9,8));
#4116=IFCINDEXEDPOLYGONALFACE((42,8,7,43));
#4117=IFCINDEXEDPOLYGONALFACE((43,7,6,44));
#4118=IFCINDEXEDPOLYGONALFACE((44,6,5,45));
#4119=IFCINDEXEDPOLYGONALFACE((47,46,4,3));
#4120=IFCINDEXEDPOLYGONALFACE((4,46,45,5));
#4121=IFCINDEXEDPOLYGONALFACE((48,47,3,2));
#4122=IFCINDEXEDPOLYGONALFACE((48,2,1,25));
#4123=IFCCARTESIANPOINTLIST3D(((0.10749999999996852,0.67000000000192428,1.2500000000000011),(0.10826666890846451,0.67000000000192428,1.255823428514808),(0.11051442841481866,0.67000000000192428,1.2612500000000013),(0.11409009742327127,0.67000000000192428,1.2659099025766987),(0.11874999999996853,0.67000000000192428,1.2694855715851512),(0.12417657148516181,0.67000000000192428,1.2717333310915055),(0.12999999999996856,0.67000000000192428,1.2725000000000015),(0.13582342851477522,0.67000000000192428,1.2717333310915055),(0.14124999999996857,0.67000000000192428,1.269485571585151),(0.14590990257666583,0.67000000000192428,1.2659099025766987),(0.14948557158511838,0.67000000000192428,1.2612500000000013),(0.15173333109147252,0.67000000000192428,1.255823428514808),(0.15249999999996852,0.67000000000192428,1.2500000000000011),(0.15173333109147252,0.67000000000192428,1.2441765714851944),(0.1494855715851183,0.67000000000192428,1.2387500000000011),(0.14590990257666572,0.67000000000192428,1.2340900974233038),(0.14124999999996843,0.67000000000192428,1.2305144284148513),(0.13582342851477511,0.67000000000192428,1.2282666689084973),(0.12999999999996842,0.67000000000192428,1.2275000000000014),(0.12417657148516167,0.67000000000192428,1.2282666689084973),(0.11874999999996841,0.67000000000192428,1.2305144284148513),(0.11409009742327113,0.67000000000192428,1.2340900974233042),(0.11051442841481859,0.67000000000192428,1.2387500000000016),(0.10826666890846445,0.67000000000192428,1.2441765714851947),(0.10749999999996852,0.66000000000192416,1.2500000000000016),(0.10826666890846445,0.66000000000192416,1.2441765714851947),(0.11051442841481859,0.66000000000192416,1.2387500000000016),(0.11409009742327113,0.66000000000192416,1.2340900974233042),(0.11874999999996841,0.66000000000192416,1.2305144284148513),(0.12417657148516167,0.66000000000192416,1.2282666689084973),(0.12999999999996842,0.66000000000192416,1.2275000000000014),(0.13582342851477511,0.66000000000192416,1.2282666689084973),(0.14124999999996843,0.66000000000192416,1.2305144284148513),(0.14590990257666572,0.66000000000192416,1.2340900974233038),(0.1494855715851183,0.66000000000192416,1.2387500000000011),(0.15173333109147252,0.66000000000192416,1.2441765714851944),(0.15249999999996852,0.66000000000192416,1.2500000000000011),(0.15173333109147252,0.66000000000192416,1.255823428514808),(0.14948557158511838,0.66000000000192416,1.2612500000000013),(0.14590990257666583,0.66000000000192416,1.2659099025766987),(0.14124999999996857,0.66000000000192416,1.269485571585151),(0.13582342851477522,0.66000000000192416,1.2717333310915055),(0.12999999999996856,0.66000000000192416,1.2725000000000015),(0.12417657148516181,0.66000000000192416,1.2717333310915055),(0.11874999999996853,0.66000000000192416,1.2694855715851512),(0.11409009742327127,0.66000000000192416,1.2659099025766987),(0.11051442841481866,0.66000000000192416,1.2612500000000013),(0.10826666890846451,0.66000000000192416,1.255823428514808)));
#4124=IFCPOLYGONALFACESET(#4123,.T.,(#4097,#4098,#4099,#4100,#4101,#4102,#4103,#4104,#4105,#4106,#4107,#4108,#4109,#4110,#4111,#4112,#4113,#4114,#4115,#4116,#4117,#4118,#4119,#4120,#4121,#4122),$);
#4125=IFCINDEXEDCOLOURMAP(#4124,1.,#4096,(1,1,1,1,1,1,1,1,1,1,1,1,1,1,1,1,1,1,1,1,1,1,1,1,1,1));
#4126=IFCSTYLEDITEM(#4124,(#477),$);
#4127=IFCCOLOURRGBLIST(((0.31372549019607843,0.31372549019607843,0.31372549019607843)));
#4128=IFCINDEXEDPOLYGONALFACE((1,2,3,4,5,6,7,8));
#4129=IFCINDEXEDPOLYGONALFACE((8,9,10,1));
#4130=IFCINDEXEDPOLYGONALFACE((9,8,7,11,12,13,14,15));
#4131=IFCINDEXEDPOLYGONALFACE((11,7,6,16));
#4132=IFCINDEXEDPOLYGONALFACE((17,5,4,18));
#4133=IFCINDEXEDPOLYGONALFACE((19,20,21,22,18,4,3,23));
#4134=IFCINDEXEDPOLYGONALFACE((2,24,23,3));
#4135=IFCINDEXEDPOLYGONALFACE((10,9,15,25,26,19,23,24));
#4136=IFCINDEXEDPOLYGONALFACE((26,27,20,19));
#4137=IFCINDEXEDPOLYGONALFACE((15,14,28,25));
#4138=IFCINDEXEDPOLYGONALFACE((16,17,18,22,29,30,12,11));
#4139=IFCINDEXEDPOLYGONALFACE((22,21,31,29));
#4140=IFCINDEXEDPOLYGONALFACE((32,31,21,20,27,28,14,13));
#4141=IFCINDEXEDPOLYGONALFACE((30,32,13,12));
#4142=IFCINDEXEDPOLYGONALFACE((1,10,24,2));
#4143=IFCINDEXEDPOLYGONALFACE((25,28,27,26));
#4144=IFCINDEXEDPOLYGONALFACE((6,5,17,16));
#4145=IFCINDEXEDPOLYGONALFACE((29,31,32,30));
#4146=IFCCARTESIANPOINTLIST3D(((1.1350000000000147,0.67000000000192783,2.4499999999999944),(1.6581402917381638E-014,0.67000000000192406,2.4499999999999944),(1.6581402917381638E-014,0.67000000000192406,0.20000000000000001),(0.044999999999973526,0.67000000000192439,0.20000000000000001),(0.044999999999973325,0.67000000000192428,2.4049999999999656),(1.0899999999999725,0.67000000000192761,2.4049999999999656),(1.0899999999999723,0.67000000000192761,0.20000000000000001),(1.1350000000000147,0.67000000000192783,0.20000000000000001),(1.1350000000000142,0.76000000000192769,0.20000000000000001),(1.1350000000000142,0.76000000000192769,2.4499999999999944),(1.0899999999999723,0.69000000000192763,0.20000000000000001),(1.0749999999999724,0.69000000000192752,0.20000000000000001),(1.0749999999999722,0.74000000000192756,0.20000000000000001),(1.0599999999999721,0.74000000000192745,0.20000000000000001),(1.0599999999999721,0.76000000000192747,0.20000000000000001),(1.0899999999999725,0.69000000000192763,2.4049999999999656),(0.044999999999973797,0.6900000000019243,2.4049999999999656),(0.044999999999973728,0.6900000000019243,0.20000000000000001),(0.074999999999973546,0.76000000000192436,0.20000000000000001),(0.074999999999973546,0.7400000000019209,0.20000000000000001),(0.059999999999973568,0.7400000000019209,0.20000000000000001),(0.059999999999973908,0.6900000000019243,0.20000000000000001),(1.631068613505704E-014,0.76000000000192403,0.20000000000000001),(1.631068613505704E-014,0.76000000000192403,2.4499999999999944),(1.0599999999999721,0.76000000000192747,2.3749999999999654),(0.074999999999973546,0.76000000000192436,2.3749999999999654),(0.074999999999973546,0.7400000000019209,2.3749999999999654),(1.0599999999999723,0.74000000000192745,2.3749999999999654),(0.059999999999973977,0.6900000000019243,2.389999999999965),(1.0749999999999724,0.69000000000192752,2.389999999999965),(0.059999999999973637,0.74000000000192201,2.3899999999999655),(1.0749999999999722,0.74000000000192756,2.3899999999999655)));
#4147=IFCPOLYGONALFACESET(#4146,.T.,(#4128,#4129,#4130,#4131,#4132,#4133,#4134,#4135,#4136,#4137,#4138,#4139,#4140,#4141,#4142,#4143,#4144,#4145),$);
#4148=IFCINDEXEDCOLOURMAP(#4147,1.,#4127,(1,1,1,1,1,1,1,1,1,1,1,1,1,1,1,1,1,1));
#4149=IFCSTYLEDITEM(#4147,(#3828),$);
#4150=IFCCOLOURRGBLIST(((0.31372549019607843,0.31372549019607843,0.31372549019607843)));
#4151=IFCINDEXEDPOLYGONALFACE((1,2,3,4));
#4152=IFCINDEXEDPOLYGONALFACE((5,6,7,8));
#4153=IFCINDEXEDPOLYGONALFACE((4,6,5,1));
#4154=IFCINDEXEDPOLYGONALFACE((3,7,6,4));
#4155=IFCINDEXEDPOLYGONALFACE((2,8,7,3));
#4156=IFCINDEXEDPOLYGONALFACE((1,5,8,2));
#4157=IFCCARTESIANPOINTLIST3D(((1.5972290157151292E-014,0.6900000000019294,0.20000000000000001),(1.5972290157151292E-014,0.76000000000192791,0.20000000000000001),(1.5972290157151292E-014,0.76000000000192791,4.6360248973087441E-015),(1.5972290157151292E-014,0.6900000000019294,4.6360248973087441E-015),(1.1350000000000149,0.6900000000019294,0.20000000000000001),(1.1350000000000149,0.6900000000019294,4.6360248973087441E-015),(1.1350000000000149,0.76000000000192769,4.6360248973087441E-015),(1.1350000000000149,0.76000000000192769,0.20000000000000001)));
#4158=IFCPOLYGONALFACESET(#4157,.T.,(#4151,#4152,#4153,#4154,#4155,#4156),$);
#4159=IFCINDEXEDCOLOURMAP(#4158,1.,#4150,(1,1,1,1,1,1));
#4160=IFCSTYLEDITEM(#4158,(#3828),$);
#4161=IFCSHAPEREPRESENTATION(#26,'Body','Tessellation',(#473,#542,#3824,#3844,#3861,#3927,#4010,#4093,#4124,#4147,#4158));
#4162=IFCAXIS2PLACEMENT3D(#3,$,$);
#4163=IFCREPRESENTATIONMAP(#4162,#4161);
#4164=IFCDOORLININGPROPERTIES('0AxoDzgpLB4PtOPgRP6Ajl',#18,'TU DF 1 - Haust\X\FCre:ML - 1135 x 2250:2536546',$,$,$,$,$,$,$,$,$,$,$,$,$,$);
#4165=IFCDOORPANELPROPERTIES('0AxoDzgpLB4PtOPgNP6Ajl',#18,'TU DF 1 - Haust\X\FCre:ML - 1135 x 2250:2536546:1',$,$,.SWINGING.,$,.NOTDEFINED.,$);
#4166=IFCDOORTYPE('1F1Kj_37vZaMJ7xnGBagbK',#18,'TU DF 1 - Haust\X\FCre:ML - 1135 x 2250',$,$,(#4164,#4165),(#4163),'2125215',$,.DOOR.,.SINGLE_SWING_LEFT.,$,$);
#4167=IFCMATERIAL('Metall - Edelstahl geb\X\FCrstet',$,'Metall');
#4168=IFCMATERIAL('Lack - grau 80-80-80',$,'Metall');
#4169=IFCMATERIALCONSTITUENT('Sichtbeschl\X\E4ge',$,#4167,0.0039254357792740373,'Metall');
#4170=IFCSHAPEREPRESENTATION(#26,'Body','Tessellation',(#473,#542,#3927,#4010,#4093,#4124));
#4171=IFCSHAPEASPECT((#4170),'Sichtbeschl\X\E4ge',$,.U.,#4163);
#4172=IFCMATERIALCONSTITUENT('Element',$,#4168,0.49607456422072593,'Metall');
#4173=IFCSHAPEREPRESENTATION(#26,'Body','Tessellation',(#3824,#3844));
#4174=IFCSHAPEASPECT((#4173),'Element',$,.U.,#4163);
#4175=IFCMATERIALCONSTITUENT('Element',$,#4167,0.0039254357792740373,'Metall');
#4176=IFCSHAPEREPRESENTATION(#26,'Body','Tessellation',(#3861));
#4177=IFCSHAPEASPECT((#4176),'Element',$,.U.,#4163);
#4178=IFCMATERIALCONSTITUENT('Rahmen/Pfosten',$,#4168,0.49607456422072593,'Metall');
#4179=IFCSHAPEREPRESENTATION(#26,'Body','Tessellation',(#4147,#4158));
#4180=IFCSHAPEASPECT((#4179),'Rahmen/Pfosten',$,.U.,#4163);
#4181=IFCMATERIALCONSTITUENTSET($,$,(#4169,#4172,#4175,#4178));
#4182=IFCCARTESIANTRANSFORMATIONOPERATOR3D($,$,#3,1.,$);
#4183=IFCMAPPEDITEM(#4163,#4182);
#4184=IFCSHAPEREPRESENTATION(#26,'Body','MappedRepresentation',(#4183));
#4185=IFCPRODUCTDEFINITIONSHAPE($,$,(#4184));
#4186=IFCCARTESIANPOINT((9.3523326763510166,12.407426723078604,-0.20000000000001911));
#4187=IFCAXIS2PLACEMENT3D(#4186,#9,#7);
#4189=IFCDOOR('0AxoDzgpLB4PtOPgVP6Ajl',#18,'TU DF 1 - Haust\X\FCre:ML - 1135 x 2250:2536546',$,'TU DF 1 - Haust\X\FCre:ML - 1135 x 2250',#8260,#4185,'2536546',2.4499999999999895,1.1350000000000084,.DOOR.,$,$);
#4190=IFCMATERIALCONSTITUENT('Metall - Edelstahl geb\X\FCrstet',$,#4167,0.0078508715585480782,'Metall');
#4191=IFCMATERIALCONSTITUENT('Lack - grau 80-80-80',$,#4168,0.99214912844145187,'Metall');
#4192=IFCMATERIALCONSTITUENTSET($,$,(#4190,#4191));
#4193=IFCPROPERTYSINGLEVALUE('Reference',$,IFCIDENTIFIER('ML - 1135 x 2250'),$);
#4194=IFCPROPERTYSET('14AeKHQfwc_76lH0iJaXh_',#18,'Pset_DoorCommon',$,(#119,#4193));
#4195=IFCPROPERTYSET('1ekhD_bMgfYEM4sMZBsj8n',#18,'Pset_EnvironmentalImpactIndicators',$,(#4193));
#4196=IFCRELDEFINESBYPROPERTIES('115zFzHsHPQM_zm3Tfyk8o',#18,$,$,(#4189),#4194);
#4197=IFCRELDEFINESBYPROPERTIES('1PLL9r_1KErEa65IhxEAvw',#18,$,$,(#4189),#4195);
#4198=IFCQUANTITYLENGTH('Width','',$,1.135,$);
#4199=IFCQUANTITYLENGTH('Height','',$,2.25,$);
#4200=IFCQUANTITYAREA('Area','',$,2.5537499999999995,$);
#4201=IFCELEMENTQUANTITY('3a3BaV3POdjqpkWto09Xve',#18,'Qto_DoorBaseQuantities',$,$,(#4198,#4199,#4200));
#4202=IFCRELDEFINESBYPROPERTIES('1U4JERZhAXZZvB_1PZyK9K',#18,$,$,(#4189),#4201);
#4203=IFCCOLOURRGBLIST(((0.79607843137254897,0.79607843137254897,0.79607843137254897)));
#4204=IFCINDEXEDPOLYGONALFACE((11,12,13,14,15,16,17,18,19,20,21,22,23,24,1,2,3,4,5,6,7,8,9,10));
#4205=IFCINDEXEDPOLYGONALFACE((41,42,43,44,45,46,47,48,25,26,27,28,29,30,31,32,33,34,35,36,37,38,39,40));
#4206=IFCINDEXEDPOLYGONALFACE((37,52,38));
#4207=IFCINDEXEDPOLYGONALFACE((38,54,39));
#4208=IFCINDEXEDPOLYGONALFACE((40,55,56));
#4209=IFCINDEXEDPOLYGONALFACE((55,40,39));
#4210=IFCINDEXEDPOLYGONALFACE((40,56,41));
#4211=IFCINDEXEDPOLYGONALFACE((50,51,37));
#4212=IFCINDEXEDPOLYGONALFACE((2,1,74,119));
#4213=IFCINDEXEDPOLYGONALFACE((51,52,37));
#4214=IFCINDEXEDPOLYGONALFACE((43,42,57));
#4215=IFCINDEXEDPOLYGONALFACE((39,54,55));
#4216=IFCINDEXEDPOLYGONALFACE((54,38,53));
#4217=IFCINDEXEDPOLYGONALFACE((38,52,53));
#4218=IFCINDEXEDPOLYGONALFACE((42,41,57));
#4219=IFCINDEXEDPOLYGONALFACE((44,59,45));
#4220=IFCINDEXEDPOLYGONALFACE((45,60,46));
#4221=IFCINDEXEDPOLYGONALFACE((48,47,60,61));
#4222=IFCINDEXEDPOLYGONALFACE((60,47,46));
#4223=IFCINDEXEDPOLYGONALFACE((25,48,61,49));
#4224=IFCINDEXEDPOLYGONALFACE((109,73,13));
#4225=IFCINDEXEDPOLYGONALFACE((57,41,56));
#4226=IFCINDEXEDPOLYGONALFACE((58,43,57));
#4227=IFCINDEXEDPOLYGONALFACE((45,59,60));
#4228=IFCINDEXEDPOLYGONALFACE((59,44,58));
#4229=IFCINDEXEDPOLYGONALFACE((58,44,43));
#4230=IFCINDEXEDPOLYGONALFACE((25,49,62,26));
#4231=IFCINDEXEDPOLYGONALFACE((73,85,13));
#4232=IFCINDEXEDPOLYGONALFACE((26,62,63,27));
#4233=IFCINDEXEDPOLYGONALFACE((29,28,63));
#4234=IFCINDEXEDPOLYGONALFACE((63,28,27));
#4235=IFCINDEXEDPOLYGONALFACE((30,29,64));
#4236=IFCINDEXEDPOLYGONALFACE((64,65,30));
#4237=IFCINDEXEDPOLYGONALFACE((29,63,64));
#4238=IFCINDEXEDPOLYGONALFACE((31,65,66));
#4239=IFCINDEXEDPOLYGONALFACE((66,32,31));
#4240=IFCINDEXEDPOLYGONALFACE((65,31,30));
#4241=IFCINDEXEDPOLYGONALFACE((33,66,67));
#4242=IFCINDEXEDPOLYGONALFACE((33,67,34));
#4243=IFCINDEXEDPOLYGONALFACE((36,35,69));
#4244=IFCINDEXEDPOLYGONALFACE((68,35,34));
#4245=IFCINDEXEDPOLYGONALFACE((37,36,71));
#4246=IFCINDEXEDPOLYGONALFACE((68,69,35));
#4247=IFCINDEXEDPOLYGONALFACE((34,67,68));
#4248=IFCINDEXEDPOLYGONALFACE((71,36,70));
#4249=IFCINDEXEDPOLYGONALFACE((37,71,72));
#4250=IFCINDEXEDPOLYGONALFACE((70,36,69));
#4251=IFCINDEXEDPOLYGONALFACE((37,72,50));
#4252=IFCINDEXEDPOLYGONALFACE((1,24,75,74));
#4253=IFCINDEXEDPOLYGONALFACE((32,66,33));
#4254=IFCINDEXEDPOLYGONALFACE((82,83,99));
#4255=IFCINDEXEDPOLYGONALFACE((108,104,90));
#4256=IFCINDEXEDPOLYGONALFACE((70,69,98));
#4257=IFCINDEXEDPOLYGONALFACE((68,98,69));
#4258=IFCINDEXEDPOLYGONALFACE((66,98,67));
#4259=IFCINDEXEDPOLYGONALFACE((107,93,120,92));
#4260=IFCINDEXEDPOLYGONALFACE((66,65,98));
#4261=IFCINDEXEDPOLYGONALFACE((64,63,98));
#4262=IFCINDEXEDPOLYGONALFACE((65,64,98));
#4263=IFCINDEXEDPOLYGONALFACE((49,98,62));
#4264=IFCINDEXEDPOLYGONALFACE((99,76,77));
#4265=IFCINDEXEDPOLYGONALFACE((98,68,67));
#4266=IFCINDEXEDPOLYGONALFACE((106,105,86,90,104));
#4267=IFCINDEXEDPOLYGONALFACE((84,99,83));
#4268=IFCINDEXEDPOLYGONALFACE((85,96,84));
#4269=IFCINDEXEDPOLYGONALFACE((99,78,79));
#4270=IFCINDEXEDPOLYGONALFACE((63,62,98));
#4271=IFCINDEXEDPOLYGONALFACE((99,96,100));
#4272=IFCINDEXEDPOLYGONALFACE((100,92,97));
#4273=IFCINDEXEDPOLYGONALFACE((88,102,101));
#4274=IFCINDEXEDPOLYGONALFACE((71,70,98));
#4275=IFCINDEXEDPOLYGONALFACE((95,71,98));
#4276=IFCINDEXEDPOLYGONALFACE((92,100,107));
#4277=IFCINDEXEDPOLYGONALFACE((95,72,71));
#4278=IFCINDEXEDPOLYGONALFACE((95,98,101));
#4279=IFCINDEXEDPOLYGONALFACE((84,96,99));
#4280=IFCINDEXEDPOLYGONALFACE((95,50,72));
#4281=IFCINDEXEDPOLYGONALFACE((85,73,96));
#4282=IFCINDEXEDPOLYGONALFACE((88,101,94));
#4283=IFCINDEXEDPOLYGONALFACE((88,108,102));
#4284=IFCINDEXEDPOLYGONALFACE((103,87,128,93,106,104));
#4285=IFCINDEXEDPOLYGONALFACE((103,104,108));
#4286=IFCINDEXEDPOLYGONALFACE((101,98,94));
#4287=IFCINDEXEDPOLYGONALFACE((75,99,74));
#4288=IFCINDEXEDPOLYGONALFACE((75,76,99));
#4289=IFCINDEXEDPOLYGONALFACE((79,80,99));
#4290=IFCINDEXEDPOLYGONALFACE((94,98,49));
#4291=IFCINDEXEDPOLYGONALFACE((99,97,74));
#4292=IFCINDEXEDPOLYGONALFACE((101,89,95));
#4293=IFCINDEXEDPOLYGONALFACE((102,90,89));
#4294=IFCINDEXEDPOLYGONALFACE((81,99,80));
#4295=IFCINDEXEDPOLYGONALFACE((77,78,99));
#4296=IFCINDEXEDPOLYGONALFACE((102,89,101));
#4297=IFCINDEXEDPOLYGONALFACE((99,81,82));
#4298=IFCINDEXEDPOLYGONALFACE((97,99,100));
#4299=IFCINDEXEDPOLYGONALFACE((107,91,122,105));
#4300=IFCINDEXEDPOLYGONALFACE((100,96,121,91));
#4301=IFCINDEXEDPOLYGONALFACE((107,105,106));
#4302=IFCINDEXEDPOLYGONALFACE((100,91,107));
#4303=IFCINDEXEDPOLYGONALFACE((93,107,106));
#4304=IFCINDEXEDPOLYGONALFACE((103,108,88));
#4305=IFCINDEXEDPOLYGONALFACE((102,108,90));
#4306=IFCINDEXEDPOLYGONALFACE((54,53,123));
#4307=IFCINDEXEDPOLYGONALFACE((130,90,86,105,122,129));
#4308=IFCINDEXEDPOLYGONALFACE((123,56,55));
#4309=IFCINDEXEDPOLYGONALFACE((60,59,123));
#4310=IFCINDEXEDPOLYGONALFACE((88,94,133));
#4311=IFCINDEXEDPOLYGONALFACE((115,124,114));
#4312=IFCINDEXEDPOLYGONALFACE((57,56,123));
#4313=IFCINDEXEDPOLYGONALFACE((120,132,127));
#4314=IFCINDEXEDPOLYGONALFACE((123,61,60));
#4315=IFCINDEXEDPOLYGONALFACE((128,129,132));
#4316=IFCINDEXEDPOLYGONALFACE((96,73,109));
#4317=IFCINDEXEDPOLYGONALFACE((95,51,50));
#4318=IFCINDEXEDPOLYGONALFACE((127,121,126));
#4319=IFCINDEXEDPOLYGONALFACE((126,121,96));
#4320=IFCINDEXEDPOLYGONALFACE((125,95,89));
#4321=IFCINDEXEDPOLYGONALFACE((116,117,124));
#4322=IFCINDEXEDPOLYGONALFACE((53,52,123));
#4323=IFCINDEXEDPOLYGONALFACE((96,124,126));
#4324=IFCINDEXEDPOLYGONALFACE((126,97,92,120));
#4325=IFCINDEXEDPOLYGONALFACE((52,95,123));
#4326=IFCINDEXEDPOLYGONALFACE((110,96,109));
#4327=IFCINDEXEDPOLYGONALFACE((97,124,74));
#4328=IFCINDEXEDPOLYGONALFACE((123,94,49));
#4329=IFCINDEXEDPOLYGONALFACE((130,129,128,87,103));
#4330=IFCINDEXEDPOLYGONALFACE((118,119,124));
#4331=IFCINDEXEDPOLYGONALFACE((74,124,119));
#4332=IFCINDEXEDPOLYGONALFACE((120,127,126));
#4333=IFCINDEXEDPOLYGONALFACE((96,110,124));
#4334=IFCINDEXEDPOLYGONALFACE((58,57,123));
#4335=IFCINDEXEDPOLYGONALFACE((131,88,133));
#4336=IFCINDEXEDPOLYGONALFACE((127,122,91,121));
#4337=IFCINDEXEDPOLYGONALFACE((123,59,58));
#4338=IFCINDEXEDPOLYGONALFACE((90,130,131));
#4339=IFCINDEXEDPOLYGONALFACE((132,129,122));
#4340=IFCINDEXEDPOLYGONALFACE((124,115,116));
#4341=IFCINDEXEDPOLYGONALFACE((118,124,117));
#4342=IFCINDEXEDPOLYGONALFACE((51,95,52));
#4343=IFCINDEXEDPOLYGONALFACE((124,112,113));
#4344=IFCINDEXEDPOLYGONALFACE((126,124,97));
#4345=IFCINDEXEDPOLYGONALFACE((124,111,112));
#4346=IFCINDEXEDPOLYGONALFACE((123,55,54));
#4347=IFCINDEXEDPOLYGONALFACE((94,123,125));
#4348=IFCINDEXEDPOLYGONALFACE((124,113,114));
#4349=IFCINDEXEDPOLYGONALFACE((123,95,125));
#4350=IFCINDEXEDPOLYGONALFACE((110,111,124));
#4351=IFCINDEXEDPOLYGONALFACE((61,123,49));
#4352=IFCINDEXEDPOLYGONALFACE((125,89,133));
#4353=IFCINDEXEDPOLYGONALFACE((103,131,130));
#4354=IFCINDEXEDPOLYGONALFACE((88,131,103));
#4355=IFCINDEXEDPOLYGONALFACE((90,131,89));
#4356=IFCINDEXEDPOLYGONALFACE((132,120,93,128));
#4357=IFCINDEXEDPOLYGONALFACE((127,132,122));
#4358=IFCINDEXEDPOLYGONALFACE((131,133,89));
#4359=IFCINDEXEDPOLYGONALFACE((125,133,94));
#4360=IFCINDEXEDPOLYGONALFACE((21,77,76));
#4361=IFCINDEXEDPOLYGONALFACE((23,76,75,24));
#4362=IFCINDEXEDPOLYGONALFACE((79,78,19));
#4363=IFCINDEXEDPOLYGONALFACE((19,78,20));
#4364=IFCINDEXEDPOLYGONALFACE((20,78,77));
#4365=IFCINDEXEDPOLYGONALFACE((22,76,23));
#4366=IFCINDEXEDPOLYGONALFACE((76,22,21));
#4367=IFCINDEXEDPOLYGONALFACE((21,20,77));
#4368=IFCINDEXEDPOLYGONALFACE((17,80,79));
#4369=IFCINDEXEDPOLYGONALFACE((81,15,82));
#4370=IFCINDEXEDPOLYGONALFACE((82,14,83));
#4371=IFCINDEXEDPOLYGONALFACE((85,84,13));
#4372=IFCINDEXEDPOLYGONALFACE((14,84,83));
#4373=IFCINDEXEDPOLYGONALFACE((79,18,17));
#4374=IFCINDEXEDPOLYGONALFACE((18,79,19));
#4375=IFCINDEXEDPOLYGONALFACE((82,15,14));
#4376=IFCINDEXEDPOLYGONALFACE((15,81,16));
#4377=IFCINDEXEDPOLYGONALFACE((16,80,17));
#4378=IFCINDEXEDPOLYGONALFACE((84,14,13));
#4379=IFCINDEXEDPOLYGONALFACE((80,16,81));
#4380=IFCINDEXEDPOLYGONALFACE((109,13,110));
#4381=IFCINDEXEDPOLYGONALFACE((112,111,12));
#4382=IFCINDEXEDPOLYGONALFACE((12,111,110));
#4383=IFCINDEXEDPOLYGONALFACE((113,112,11));
#4384=IFCINDEXEDPOLYGONALFACE((12,11,112));
#4385=IFCINDEXEDPOLYGONALFACE((110,13,12));
#4386=IFCINDEXEDPOLYGONALFACE((114,9,115));
#4387=IFCINDEXEDPOLYGONALFACE((8,115,9));
#4388=IFCINDEXEDPOLYGONALFACE((114,10,9));
#4389=IFCINDEXEDPOLYGONALFACE((113,11,10));
#4390=IFCINDEXEDPOLYGONALFACE((114,113,10));
#4391=IFCINDEXEDPOLYGONALFACE((6,117,116));
#4392=IFCINDEXEDPOLYGONALFACE((7,116,115));
#4393=IFCINDEXEDPOLYGONALFACE((3,2,119,118));
#4394=IFCINDEXEDPOLYGONALFACE((5,118,117));
#4395=IFCINDEXEDPOLYGONALFACE((6,5,117));
#4396=IFCINDEXEDPOLYGONALFACE((116,7,6));
#4397=IFCINDEXEDPOLYGONALFACE((3,118,4));
#4398=IFCINDEXEDPOLYGONALFACE((118,5,4));
#4399=IFCINDEXEDPOLYGONALFACE((8,7,115));
#4400=IFCCARTESIANPOINTLIST3D(((0.95000000000004203,0.30000000000096078,2.075000000000002),(0.95323523806382349,0.30000000000096078,2.0754259271713886),(0.95625000000004201,0.30000000000096078,2.0766746824526963),(0.95883883476487364,0.30000000000096078,2.0786611652351699),(0.96082531754734735,0.30000000000096078,2.0812500000000016),(0.9620740728286552,0.30000000000096078,2.0842647619362205),(0.96250000000004188,0.30000000000096078,2.0875000000000021),(0.9620740728286552,0.30000000000096078,2.0907352380637834),(0.96082531754734735,0.30000000000096078,2.0937500000000018),(0.95883883476487364,0.30000000000096078,2.0963388347648335),(0.95625000000004201,0.30000000000096078,2.0983253175473071),(0.95323523806382338,0.30000000000096078,2.0995740728286152),(0.95000000000004181,0.30000000000096078,2.1000000000000019),(0.94676476193626014,0.30000000000096072,2.0995740728286152),(0.94375000000004183,0.30000000000096072,2.0983253175473071),(0.94116116523520987,0.30000000000096072,2.0963388347648335),(0.93917468245273628,0.30000000000096072,2.0937500000000018),(0.93792592717142853,0.30000000000096072,2.0907352380637829),(0.93750000000004186,0.30000000000096072,2.0875000000000017),(0.93792592717142853,0.30000000000096072,2.08426476193622),(0.9391746824527365,0.30000000000096072,2.0812500000000016),(0.9411611652352101,0.30000000000096072,2.0786611652351699),(0.94375000000004194,0.30000000000096072,2.0766746824526963),(0.94676476193626047,0.30000000000096072,2.0754259271713886),(0.95000000000004203,0.30000000000096089,0.42500000000000099),(0.94676476193626047,0.30000000000096089,0.42457407282861431),(0.94375000000004194,0.30000000000096089,0.42332531754730657),(0.9411611652352101,0.30000000000096089,0.42133883476483286),(0.9391746824527365,0.30000000000096089,0.41875000000000107),(0.93792592717142853,0.30000000000096089,0.41573523806378271),(0.93750000000004186,0.30000000000096089,0.41250000000000109),(0.93792592717142853,0.30000000000096089,0.40926476193621969),(0.93917468245273628,0.30000000000096089,0.40625000000000105),(0.94116116523520987,0.30000000000096089,0.40366116523516921),(0.94375000000004183,0.30000000000096089,0.40167468245269555),(0.94676476193626014,0.30000000000096089,0.40042592717138764),(0.95000000000004181,0.30000000000096089,0.40000000000000097),(0.95323523806382338,0.30000000000096089,0.40042592717138764),(0.95625000000004179,0.30000000000096089,0.40167468245269555),(0.95883883476487364,0.30000000000096089,0.40366116523516909),(0.96082531754734735,0.30000000000096089,0.40625000000000089),(0.9620740728286552,0.30000000000096089,0.40926476193621925),(0.96250000000004188,0.30000000000096089,0.41250000000000087),(0.9620740728286552,0.30000000000096089,0.41573523806378232),(0.96082531754734746,0.30000000000096089,0.4187500000000009),(0.95883883476487375,0.30000000000096089,0.42133883476483275),(0.95625000000004201,0.30000000000096089,0.4233253175473064),(0.95323523806382349,0.30000000000096089,0.42457407282861431),(0.95000000000004203,0.3350000000009597,0.42500000000000099),(0.95000000000004181,0.36000000000095966,0.40000000000000097),(0.95323523806382338,0.35957407282957304,0.40042592717138764),(0.95625000000004168,0.35832531754826513,0.40167468245269544),(0.95883883476487364,0.35633883476579159,0.40366116523516909),(0.96082531754734735,0.35375000000095974,0.40625000000000083),(0.9620740728286552,0.35073523806474127,0.4092647619362193),(0.96250000000004188,0.34750000000095965,0.41250000000000087),(0.9620740728286552,0.34426476193717825,0.41573523806378238),(0.96082531754734735,0.34125000000095973,0.41875000000000084),(0.95883883476487364,0.33866116523612777,0.42133883476483275),(0.95625000000004201,0.33667468245365423,0.4233253175473064),(0.95323523806382349,0.33542592717234626,0.42457407282861431),(0.94676476193626047,0.33542592717234626,0.42457407282861431),(0.94375000000004194,0.33667468245365417,0.42332531754730657),(0.9411611652352101,0.33866116523612771,0.42133883476483286),(0.9391746824527365,0.34125000000095956,0.41875000000000112),(0.93792592717142853,0.34426476193717803,0.41573523806378265),(0.93750000000004186,0.3475000000009596,0.41250000000000103),(0.93792592717142842,0.35073523806474105,0.40926476193621958),(0.93917468245273616,0.35375000000095952,0.40625000000000111),(0.94116116523520987,0.35633883476579137,0.40366116523516921),(0.94375000000004172,0.35832531754826508,0.40167468245269555),(0.94676476193626014,0.35957407282957293,0.40042592717138764),(0.95000000000004181,0.36000000000095955,2.1000000000000019),(0.95000000000004192,0.33500000000095953,2.075000000000002),(0.94676476193626047,0.33542592717234615,2.0754259271713886),(0.94375000000004194,0.33667468245365401,2.0766746824526963),(0.9411611652352101,0.3386611652361276,2.0786611652351699),(0.9391746824527365,0.3412500000009594,2.0812500000000016),(0.93792592717142853,0.34426476193717787,2.0842647619362205),(0.93750000000004186,0.34750000000095943,2.0875000000000021),(0.93792592717142842,0.35073523806474088,2.0907352380637834),(0.93917468245273616,0.35375000000095941,2.0937500000000018),(0.94116116523520987,0.3563388347657912,2.0963388347648335),(0.94375000000004172,0.35832531754826491,2.0983253175473071),(0.94676476193626014,0.35957407282957282,2.0995740728286152),(0.95000000000004159,0.36000000000095955,1.249999977416324),(0.95000000000004192,0.33500000000095953,1.2500000000000016),(0.95000000000004192,0.33500000000095953,0.91880150870768951),(0.95000000000004159,0.36000000000095955,0.82500001129183997),(0.95000000000004159,0.36000000000095955,1.0374999943540821),(0.95000000000004181,0.36000000000095955,1.6061984090835499),(0.95000000000004192,0.33500000000095953,1.662500104792539),(0.95000000000004192,0.33500000000095953,1.4562499476037327),(0.95000000000004181,0.33500000000095953,0.67190085914638276),(0.95000000000004148,0.36000000000095955,0.6469007954582271),(0.95000000000004181,0.36000000000095955,1.8530992045417758),(0.95000000000004192,0.33500000000095953,1.8280991408536202),(0.93766810562574932,0.34545686976984485,0.57422088994588238),(0.93766810550236346,0.34545687051457624,1.9257791048157276),(0.93755739581073849,0.3486964952948628,1.745299595512469),(0.93753148158589528,0.34838659379525888,0.72996822240070802),(0.93750267891890082,0.34775877750166378,0.87738611217686535),(0.95000000000004192,0.33500000000095953,1.0844007543538454),(0.93750000000004174,0.34750000000048642,1.1672003903229413),(0.95000000000004181,0.36000000000095955,1.4280991932499372),(0.93750000000004174,0.3474999999280472,1.3264683393661085),(0.93754504994655452,0.34856029201976213,1.5171488069712566),(0.93755671234717575,0.34631063362005138,1.0222335486710947),(0.95323523806382338,0.35957407282957288,2.0995740728286152),(0.95625000000004179,0.35832531754826508,2.0983253175473071),(0.95883883476487364,0.35633883476579142,2.0963388347648335),(0.96082531754734735,0.35375000000095952,2.0937500000000018),(0.9620740728286552,0.35073523806474105,2.0907352380637834),(0.96250000000004188,0.34750000000095954,2.0875000000000021),(0.9620740728286552,0.34426476193717809,2.0842647619362205),(0.96082531754734735,0.34125000000095962,2.0812500000000016),(0.95883883476487364,0.33866116523612771,2.0786611652351699),(0.95625000000004201,0.33667468245365412,2.0766746824526963),(0.95323523806382338,0.33542592717234621,2.0754259271713886),(0.95000000000004192,0.33500000000095953,1.5811984345721957),(0.95000000000004181,0.36000000000095955,1.6750000000000018),(0.95000000000004181,0.36000000000095955,1.4625000000000017),(0.96233189436987876,0.34545686974295292,0.57422088960158291),(0.96233189424371901,0.34545686898147904,1.9257791062943488),(0.96246851841345593,0.3483865938055567,0.7299682213567521),(0.9624685184279187,0.34838659360216334,1.7700317732478466),(0.96249732108935304,0.34775877710708775,1.6226138856960448),(0.95000000000004192,0.33500000000095953,1.4155992172860987),(0.96250000000004177,0.34750000004421266,1.3327995984794614),(0.96250000000004177,0.34749999999838038,1.1735316500285382),(0.96242167751030105,0.34610288589283578,1.0016011830836227),(0.96244328771027243,0.34631063422020836,1.4777664445232828),(0.96234295816035587,0.34552480789568585,0.86504835636170729)));
#4401=IFCPOLYGONALFACESET(#4400,.T.,(#4204,#4205,#4206,#4207,#4208,#4209,#4210,#4211,#4212,#4213,#4214,#4215,#4216,#4217,#4218,#4219,#4220,#4221,#4222,#4223,#4224,#4225,#4226,#4227,#4228,#4229,#4230,#4231,#4232,#4233,#4234,#4235,#4236,#4237,#4238,#4239,#4240,#4241,#4242,#4243,#4244,#4245,#4246,#4247,#4248,#4249,#4250,#4251,#4252,#4253,#4254,#4255,#4256,#4257,#4258,#4259,#4260,#4261,#4262,#4263,#4264,#4265,#4266,#4267,#4268,#4269,#4270,#4271,#4272,#4273,#4274,#4275,#4276,#4277,#4278,#4279,#4280,#4281,#4282,#4283,#4284,#4285,#4286,#4287,#4288,#4289,#4290,#4291,#4292,#4293,#4294,#4295,#4296,#4297,#4298,#4299,#4300,#4301,#4302,#4303,#4304,#4305,#4306,#4307,#4308,#4309,#4310,#4311,#4312,#4313,#4314,#4315,#4316,#4317,#4318,#4319,#4320,#4321,#4322,#4323,#4324,#4325,#4326,#4327,#4328,#4329,#4330,#4331,#4332,#4333,#4334,#4335,#4336,#4337,#4338,#4339,#4340,#4341,#4342,#4343,#4344,#4345,#4346,#4347,#4348,#4349,#4350,#4351,#4352,#4353,#4354,#4355,#4356,#4357,#4358,#4359,#4360,#4361,#4362,#4363,#4364,#4365,#4366,#4367,#4368,#4369,#4370,#4371,#4372,#4373,#4374,#4375,#4376,#4377,#4378,#4379,#4380,#4381,#4382,#4383,#4384,#4385,#4386,#4387,#4388,#4389,#4390,#4391,#4392,#4393,#4394,#4395,#4396,#4397,#4398,#4399),$);
#4402=IFCINDEXEDCOLOURMAP(#4401,1.,#4203,(1,1,1,1,1,1,1,1,1,1,1,1,1,1,1,1,1,1,1,1,1,1,1,1,1,1,1,1,1,1,1,1,1,1,1,1,1,1,1,1,1,1,1,1,1,1,1,1,1,1,1,1,1,1,1,1,1,1,1,1,1,1,1,1,1,1,1,1,1,1,1,1,1,1,1,1,1,1,1,1,1,1,1,1,1,1,1,1,1,1,1,1,1,1,1,1,1,1,1,1,1,1,1,1,1,1,1,1,1,1,1,1,1,1,1,1,1,1,1,1,1,1,1,1,1,1,1,1,1,1,1,1,1,1,1,1,1,1,1,1,1,1,1,1,1,1,1,1,1,1,1,1,1,1,1,1,1,1,1,1,1,1,1,1,1,1,1,1,1,1,1,1,1,1,1,1,1,1,1,1,1,1,1,1,1,1,1,1,1,1,1,1,1,1,1,1));
#4403=IFCSTYLEDITEM(#4401,(#477),$);
#4404=IFCCOLOURRGBLIST(((0.79607843137254897,0.79607843137254897,0.79607843137254897)));
#4405=IFCINDEXEDPOLYGONALFACE((18,19,20,21,22,23,24,1,2,3,4,5,6,7,8,9,10,11,12,13,14,15,16,17));
#4406=IFCINDEXEDPOLYGONALFACEWITHVOIDS((41,42,43,44,45,46,47,48,25,26,27,28,29,30,31,32,33,34,35,36,37,38,39,40),((63,64,65,66,67,68,69,70,71,72,73,74,75,76,77,78,79,80,81,82,49,50,51,52,53,54,55,56,57,58,59,60,61,62)));
#4407=IFCINDEXEDPOLYGONALFACE((97,96,95,94,93,92,91,90,89,88,87,86,85,84,83,116,115,114,113,112,111,110,109,108,107,106,105,104,103,102,101,100,99,98));
#4408=IFCINDEXEDPOLYGONALFACE((25,1,24,26));
#4409=IFCINDEXEDPOLYGONALFACE((26,24,23,27));
#4410=IFCINDEXEDPOLYGONALFACE((29,28,22,21));
#4411=IFCINDEXEDPOLYGONALFACE((22,28,27,23));
#4412=IFCINDEXEDPOLYGONALFACE((30,29,21,20));
#4413=IFCINDEXEDPOLYGONALFACE((30,20,19,31));
#4414=IFCINDEXEDPOLYGONALFACE((31,19,18,32));
#4415=IFCINDEXEDPOLYGONALFACE((32,18,17,33));
#4416=IFCINDEXEDPOLYGONALFACE((35,34,16,15));
#4417=IFCINDEXEDPOLYGONALFACE((16,34,33,17));
#4418=IFCINDEXEDPOLYGONALFACE((36,35,15,14));
#4419=IFCINDEXEDPOLYGONALFACE((36,14,13,37));
#4420=IFCINDEXEDPOLYGONALFACE((37,13,12,38));
#4421=IFCINDEXEDPOLYGONALFACE((116,83,49,82));
#4422=IFCINDEXEDPOLYGONALFACE((38,12,11,39));
#4423=IFCINDEXEDPOLYGONALFACE((115,116,82,81));
#4424=IFCINDEXEDPOLYGONALFACE((41,40,10,9));
#4425=IFCINDEXEDPOLYGONALFACE((113,114,80,79));
#4426=IFCINDEXEDPOLYGONALFACE((10,40,39,11));
#4427=IFCINDEXEDPOLYGONALFACE((114,115,81,80));
#4428=IFCINDEXEDPOLYGONALFACE((42,41,9,8));
#4429=IFCINDEXEDPOLYGONALFACE((112,113,79,78));
#4430=IFCINDEXEDPOLYGONALFACE((42,8,7,43));
#4431=IFCINDEXEDPOLYGONALFACE((112,78,77,111));
#4432=IFCINDEXEDPOLYGONALFACE((43,7,6,44));
#4433=IFCINDEXEDPOLYGONALFACE((77,76,110,111));
#4434=IFCINDEXEDPOLYGONALFACE((44,6,5,45));
#4435=IFCINDEXEDPOLYGONALFACE((109,110,76,75));
#4436=IFCINDEXEDPOLYGONALFACE((47,46,4,3));
#4437=IFCINDEXEDPOLYGONALFACE((107,108,74,73));
#4438=IFCINDEXEDPOLYGONALFACE((4,46,45,5));
#4439=IFCINDEXEDPOLYGONALFACE((108,109,75,74));
#4440=IFCINDEXEDPOLYGONALFACE((48,47,3,2));
#4441=IFCINDEXEDPOLYGONALFACE((106,107,73,72));
#4442=IFCINDEXEDPOLYGONALFACE((48,2,1,25));
#4443=IFCINDEXEDPOLYGONALFACE((105,106,72,71));
#4444=IFCINDEXEDPOLYGONALFACE((49,83,84,50));
#4445=IFCINDEXEDPOLYGONALFACE((87,88,54,53));
#4446=IFCINDEXEDPOLYGONALFACE((85,86,52,51));
#4447=IFCINDEXEDPOLYGONALFACE((84,85,51,50));
#4448=IFCINDEXEDPOLYGONALFACE((87,53,52,86));
#4449=IFCINDEXEDPOLYGONALFACE((92,93,59,58));
#4450=IFCINDEXEDPOLYGONALFACE((90,91,57,56));
#4451=IFCINDEXEDPOLYGONALFACE((89,90,56,55));
#4452=IFCINDEXEDPOLYGONALFACE((92,58,57,91));
#4453=IFCINDEXEDPOLYGONALFACE((88,89,55,54));
#4454=IFCINDEXEDPOLYGONALFACE((59,93,94,60));
#4455=IFCINDEXEDPOLYGONALFACE((98,99,65,64));
#4456=IFCINDEXEDPOLYGONALFACE((96,97,63,62));
#4457=IFCINDEXEDPOLYGONALFACE((95,96,62,61));
#4458=IFCINDEXEDPOLYGONALFACE((98,64,63,97));
#4459=IFCINDEXEDPOLYGONALFACE((103,104,70,69));
#4460=IFCINDEXEDPOLYGONALFACE((101,102,68,67));
#4461=IFCINDEXEDPOLYGONALFACE((100,101,67,66));
#4462=IFCINDEXEDPOLYGONALFACE((103,69,68,102));
#4463=IFCINDEXEDPOLYGONALFACE((99,100,66,65));
#4464=IFCINDEXEDPOLYGONALFACE((95,61,60,94));
#4465=IFCINDEXEDPOLYGONALFACE((70,104,105,71));
#4466=IFCCARTESIANPOINTLIST3D(((1.0275000000000467,0.30000000000096061,1.1700000000000013),(1.0267333310915507,0.30000000000096061,1.1758234285148079),(1.0244855715851964,0.30000000000096061,1.181250000000001),(1.0209099025767439,0.30000000000096066,1.1859099025766984),(1.0162500000000465,0.30000000000096072,1.1894855715851511),(1.0108234285148534,0.30000000000096072,1.191733331091505),(1.0050000000000465,0.30000000000096078,1.1925000000000012),(0.99917657148523986,0.30000000000096078,1.191733331091505),(0.99375000000004654,0.30000000000096083,1.1894855715851509),(0.9890900974233493,0.30000000000096089,1.1859099025766984),(0.98551442841489678,0.30000000000096089,1.181250000000001),(0.98326666890854253,0.30000000000096089,1.1758234285148079),(0.98250000000004656,0.30000000000096089,1.170000000000001),(0.98326666890854253,0.30000000000096089,1.1641765714851942),(0.98551442841489678,0.30000000000096089,1.1587500000000008),(0.98909009742334941,0.30000000000096089,1.1540900974233037),(0.99375000000004676,0.30000000000096083,1.1505144284148512),(0.99917657148524008,0.30000000000096078,1.148266668908497),(1.0050000000000467,0.30000000000096078,1.1475000000000011),(1.0108234285148534,0.30000000000096072,1.148266668908497),(1.0162500000000467,0.30000000000096072,1.1505144284148512),(1.0209099025767441,0.30000000000096066,1.1540900974233037),(1.0244855715851966,0.30000000000096061,1.1587500000000013),(1.0267333310915507,0.30000000000096061,1.1641765714851944),(1.0275000000000467,0.31000000000096062,1.1700000000000013),(1.0267333310915507,0.31000000000096062,1.1641765714851944),(1.0244855715851966,0.31000000000096062,1.1587500000000013),(1.0209099025767441,0.31000000000096067,1.1540900974233037),(1.0162500000000467,0.31000000000096067,1.1505144284148512),(1.0108234285148536,0.31000000000096067,1.148266668908497),(1.005000000000047,0.31000000000096078,1.1475000000000011),(0.99917657148524008,0.31000000000096084,1.148266668908497),(0.99375000000004676,0.31000000000096084,1.1505144284148512),(0.98909009742334952,0.31000000000096084,1.1540900974233037),(0.98551442841489689,0.3100000000009609,1.1587500000000008),(0.98326666890854264,0.3100000000009609,1.1641765714851942),(0.98250000000004667,0.3100000000009609,1.170000000000001),(0.98326666890854264,0.3100000000009609,1.1758234285148079),(0.98551442841489678,0.3100000000009609,1.181250000000001),(0.9890900974233493,0.31000000000096084,1.1859099025766984),(0.99375000000004676,0.31000000000096084,1.1894855715851509),(0.99917657148523997,0.31000000000096084,1.191733331091505),(1.0050000000000465,0.31000000000096078,1.1925000000000012),(1.0108234285148534,0.31000000000096067,1.191733331091505),(1.0162500000000467,0.31000000000096067,1.1894855715851511),(1.0209099025767441,0.31000000000096067,1.1859099025766984),(1.0244855715851966,0.31000000000096062,1.181250000000001),(1.0267333310915507,0.31000000000096062,1.1758234285148079),(1.0100000000000466,0.31000000000096067,1.1585000000000012),(1.0100000000000466,0.31000000000096067,1.1711261364575674),(1.0115520748866289,0.31000000000096067,1.172585176394322),(1.0126926401133933,0.31000000000096067,1.174384299779224),(1.0133500613329631,0.31000000000096067,1.1764105108567438),(1.0134830485437576,0.31000000000096067,1.1785365514001882),(1.0130832493501127,0.31000000000096067,1.1806288932927491),(1.0121757735428993,0.31000000000096067,1.1825561248953147),(1.0108176160538271,0.31000000000096067,1.1841972044867672),(1.0090940773313777,0.31000000000096078,1.1854490624111427),(1.007113405960256,0.31000000000096078,1.186233074471142),(1.005000000000047,0.31000000000096078,1.1865000000000012),(1.0028865940398375,0.31000000000096078,1.186233074471142),(1.000905922668716,0.31000000000096084,1.1854490624111427),(0.99918238394626635,0.31000000000096084,1.1841972044867675),(0.99782422645719415,0.31000000000096084,1.1825561248953149),(0.99691675064998064,0.31000000000096084,1.1806288932927496),(0.99651695145633568,0.31000000000096084,1.1785365514001884),(0.99664993866713014,0.31000000000096084,1.176410510856744),(0.99730735988669983,0.31000000000096084,1.174384299779224),(0.99844792511346436,0.31000000000096084,1.1725851763943222),(1.0000000000000466,0.31000000000096084,1.1711261364575676),(1.0000000000000466,0.31000000000096084,1.1585000000000012),(1.0001703708686014,0.31000000000096084,1.1572059047744885),(1.0006698729811245,0.31000000000096084,1.1560000000000012),(1.0014644660941139,0.31000000000096084,1.1549644660940683),(1.0025000000000466,0.31000000000096078,1.154169872981079),(1.003705904774534,0.31000000000096078,1.1536703708685556),(1.0050000000000465,0.31000000000096078,1.1535000000000011),(1.0062940952255592,0.31000000000096078,1.1536703708685556),(1.0075000000000465,0.31000000000096078,1.154169872981079),(1.0085355339059794,0.31000000000096078,1.1549644660940683),(1.0093301270189687,0.31000000000096078,1.156000000000001),(1.0098296291314919,0.31000000000096078,1.1572059047744885),(1.0100000000000466,0.30200000000096072,1.1585000000000012),(1.0100000000000466,0.30200000000096072,1.1711261364575674),(1.0115520748866287,0.30200000000096072,1.172585176394322),(1.0126926401133933,0.30200000000096072,1.1743842997792238),(1.0133500613329631,0.30200000000096072,1.1764105108567438),(1.0134830485437576,0.30200000000096072,1.1785365514001882),(1.0130832493501127,0.30200000000096072,1.1806288932927491),(1.0121757735428993,0.30200000000096072,1.1825561248953147),(1.0108176160538271,0.30200000000096072,1.1841972044867672),(1.0090940773313777,0.30200000000096072,1.1854490624111427),(1.007113405960256,0.30200000000096072,1.1862330744711418),(1.005000000000047,0.30200000000096072,1.186500000000001),(1.0028865940398375,0.30200000000096072,1.186233074471142),(1.000905922668716,0.30200000000096072,1.1854490624111427),(0.99918238394626635,0.30200000000096072,1.1841972044867675),(0.99782422645719415,0.30200000000096072,1.1825561248953149),(0.99691675064998064,0.30200000000096072,1.1806288932927496),(0.99651695145633556,0.30200000000096072,1.1785365514001884),(0.99664993866713003,0.30200000000096072,1.176410510856744),(0.99730735988669972,0.30200000000096072,1.174384299779224),(0.99844792511346414,0.30200000000096072,1.1725851763943222),(1.0000000000000464,0.30200000000096072,1.1711261364575674),(1.0000000000000464,0.30200000000096072,1.1585000000000012),(1.0001703708686012,0.30200000000096072,1.1572059047744885),(1.0006698729811243,0.30200000000096072,1.1560000000000012),(1.0014644660941137,0.30200000000096072,1.1549644660940683),(1.0025000000000466,0.30200000000096072,1.154169872981079),(1.0037059047745338,0.30200000000096072,1.1536703708685558),(1.0050000000000465,0.30200000000096072,1.1535000000000011),(1.006294095225559,0.30200000000096072,1.1536703708685556),(1.0075000000000465,0.30200000000096072,1.154169872981079),(1.0085355339059794,0.30200000000096072,1.1549644660940683),(1.0093301270189687,0.30200000000096072,1.156000000000001),(1.0098296291314919,0.30200000000096072,1.1572059047744885)));
#4467=IFCPOLYGONALFACESET(#4466,.T.,(#4405,#4406,#4407,#4408,#4409,#4410,#4411,#4412,#4413,#4414,#4415,#4416,#4417,#4418,#4419,#4420,#4421,#4422,#4423,#4424,#4425,#4426,#4427,#4428,#4429,#4430,#4431,#4432,#4433,#4434,#4435,#4436,#4437,#4438,#4439,#4440,#4441,#4442,#4443,#4444,#4445,#4446,#4447,#4448,#4449,#4450,#4451,#4452,#4453,#4454,#4455,#4456,#4457,#4458,#4459,#4460,#4461,#4462,#4463,#4464,#4465),$);
#4468=IFCINDEXEDCOLOURMAP(#4467,1.,#4404,(1,1,1,1,1,1,1,1,1,1,1,1,1,1,1,1,1,1,1,1,1,1,1,1,1,1,1,1,1,1,1,1,1,1,1,1,1,1,1,1,1,1,1,1,1,1,1,1,1,1,1,1,1,1,1,1,1,1,1,1,1));
#4469=IFCSTYLEDITEM(#4467,(#477),$);
#4470=IFCCOLOURRGBLIST(((0.31372549019607843,0.31372549019607843,0.31372549019607843)));
#4471=IFCINDEXEDPOLYGONALFACE((2,3,16));
#4472=IFCINDEXEDPOLYGONALFACE((16,14,12));
#4473=IFCINDEXEDPOLYGONALFACE((15,10,4));
#4474=IFCINDEXEDPOLYGONALFACE((9,8,14));
#4475=IFCINDEXEDPOLYGONALFACE((16,12,1323,1));
#4476=IFCINDEXEDPOLYGONALFACE((7,13,11));
#4477=IFCINDEXEDPOLYGONALFACE((1327,1483,1320));
#4478=IFCINDEXEDPOLYGONALFACE((13,7,14));
#4479=IFCINDEXEDPOLYGONALFACE((15,11,13));
#4480=IFCINDEXEDPOLYGONALFACE((15,5,6));
#4481=IFCINDEXEDPOLYGONALFACE((13,10,15));
#4482=IFCINDEXEDPOLYGONALFACE((13,8,10));
#4483=IFCINDEXEDPOLYGONALFACE((1483,1482,1479));
#4484=IFCINDEXEDPOLYGONALFACE((8,13,14));
#4485=IFCINDEXEDPOLYGONALFACE((9,14,16));
#4486=IFCINDEXEDPOLYGONALFACE((14,7,1322,12));
#4487=IFCINDEXEDPOLYGONALFACE((15,6,1326,11));
#4488=IFCINDEXEDPOLYGONALFACE((4,5,15));
#4489=IFCINDEXEDPOLYGONALFACE((9,16,3));
#4490=IFCINDEXEDPOLYGONALFACE((2,16,1));
#4491=IFCINDEXEDPOLYGONALFACE((39,30,45));
#4492=IFCINDEXEDPOLYGONALFACE((124,115,130));
#4493=IFCINDEXEDPOLYGONALFACE((168,159,174));
#4494=IFCINDEXEDPOLYGONALFACE((388,379,394));
#4495=IFCINDEXEDPOLYGONALFACE((53,23,50));
#4496=IFCINDEXEDPOLYGONALFACE((138,108,135));
#4497=IFCINDEXEDPOLYGONALFACE((182,152,179));
#4498=IFCINDEXEDPOLYGONALFACE((402,372,399));
#4499=IFCINDEXEDPOLYGONALFACE((53,54,52));
#4500=IFCINDEXEDPOLYGONALFACE((138,139,137));
#4501=IFCINDEXEDPOLYGONALFACE((182,183,181));
#4502=IFCINDEXEDPOLYGONALFACE((402,403,401));
#4503=IFCINDEXEDPOLYGONALFACE((50,48,49));
#4504=IFCINDEXEDPOLYGONALFACE((135,133,134));
#4505=IFCINDEXEDPOLYGONALFACE((179,177,178));
#4506=IFCINDEXEDPOLYGONALFACE((399,397,398));
#4507=IFCINDEXEDPOLYGONALFACE((22,42,40));
#4508=IFCINDEXEDPOLYGONALFACE((107,127,125));
#4509=IFCINDEXEDPOLYGONALFACE((151,171,169));
#4510=IFCINDEXEDPOLYGONALFACE((371,391,389));
#4511=IFCINDEXEDPOLYGONALFACE((37,47,38));
#4512=IFCINDEXEDPOLYGONALFACE((122,132,123));
#4513=IFCINDEXEDPOLYGONALFACE((166,176,167));
#4514=IFCINDEXEDPOLYGONALFACE((386,396,387));
#4515=IFCINDEXEDPOLYGONALFACE((59,21,1));
#4516=IFCINDEXEDPOLYGONALFACE((144,106,103));
#4517=IFCINDEXEDPOLYGONALFACE((188,150,17));
#4518=IFCINDEXEDPOLYGONALFACE((408,370,148));
#4519=IFCINDEXEDPOLYGONALFACE((59,57,36));
#4520=IFCINDEXEDPOLYGONALFACE((144,142,121));
#4521=IFCINDEXEDPOLYGONALFACE((188,186,165));
#4522=IFCINDEXEDPOLYGONALFACE((408,406,385));
#4523=IFCINDEXEDPOLYGONALFACE((59,34,57));
#4524=IFCINDEXEDPOLYGONALFACE((144,119,142));
#4525=IFCINDEXEDPOLYGONALFACE((188,163,186));
#4526=IFCINDEXEDPOLYGONALFACE((20,59,36));
#4527=IFCINDEXEDPOLYGONALFACE((83,144,121));
#4528=IFCINDEXEDPOLYGONALFACE((95,188,165));
#4529=IFCINDEXEDPOLYGONALFACE((87,408,385));
#4530=IFCINDEXEDPOLYGONALFACE((39,41,25));
#4531=IFCINDEXEDPOLYGONALFACE((124,126,110));
#4532=IFCINDEXEDPOLYGONALFACE((168,170,154));
#4533=IFCINDEXEDPOLYGONALFACE((388,390,374));
#4534=IFCINDEXEDPOLYGONALFACE((43,49,31));
#4535=IFCINDEXEDPOLYGONALFACE((128,134,116));
#4536=IFCINDEXEDPOLYGONALFACE((172,178,160));
#4537=IFCINDEXEDPOLYGONALFACE((392,398,380));
#4538=IFCINDEXEDPOLYGONALFACE((47,18,46));
#4539=IFCINDEXEDPOLYGONALFACE((396,369,395));
#4540=IFCINDEXEDPOLYGONALFACE((22,43,42));
#4541=IFCINDEXEDPOLYGONALFACE((107,128,127));
#4542=IFCINDEXEDPOLYGONALFACE((151,172,171));
#4543=IFCINDEXEDPOLYGONALFACE((371,392,391));
#4544=IFCINDEXEDPOLYGONALFACE((60,61,24));
#4545=IFCINDEXEDPOLYGONALFACE((145,146,109));
#4546=IFCINDEXEDPOLYGONALFACE((189,190,153));
#4547=IFCINDEXEDPOLYGONALFACE((409,410,373));
#4548=IFCINDEXEDPOLYGONALFACE((57,33,58));
#4549=IFCINDEXEDPOLYGONALFACE((142,118,143));
#4550=IFCINDEXEDPOLYGONALFACE((186,162,187));
#4551=IFCINDEXEDPOLYGONALFACE((406,382,407));
#4552=IFCINDEXEDPOLYGONALFACE((32,36,57));
#4553=IFCINDEXEDPOLYGONALFACE((117,121,142));
#4554=IFCINDEXEDPOLYGONALFACE((161,165,186));
#4555=IFCINDEXEDPOLYGONALFACE((381,385,406));
#4556=IFCINDEXEDPOLYGONALFACE((38,30,37));
#4557=IFCINDEXEDPOLYGONALFACE((123,115,122));
#4558=IFCINDEXEDPOLYGONALFACE((167,159,166));
#4559=IFCINDEXEDPOLYGONALFACE((387,379,386));
#4560=IFCINDEXEDPOLYGONALFACE((28,38,46,35));
#4561=IFCINDEXEDPOLYGONALFACE((113,123,131,120));
#4562=IFCINDEXEDPOLYGONALFACE((157,167,175,164));
#4563=IFCINDEXEDPOLYGONALFACE((377,387,395,384));
#4564=IFCINDEXEDPOLYGONALFACE((38,47,46));
#4565=IFCINDEXEDPOLYGONALFACE((123,132,131));
#4566=IFCINDEXEDPOLYGONALFACE((387,396,395));
#4567=IFCINDEXEDPOLYGONALFACE((42,41,40));
#4568=IFCINDEXEDPOLYGONALFACE((127,126,125));
#4569=IFCINDEXEDPOLYGONALFACE((171,170,169));
#4570=IFCINDEXEDPOLYGONALFACE((391,390,389));
#4571=IFCINDEXEDPOLYGONALFACE((45,41,39));
#4572=IFCINDEXEDPOLYGONALFACE((130,126,124));
#4573=IFCINDEXEDPOLYGONALFACE((174,170,168));
#4574=IFCINDEXEDPOLYGONALFACE((394,390,388));
#4575=IFCINDEXEDPOLYGONALFACE((42,25,41));
#4576=IFCINDEXEDPOLYGONALFACE((127,110,126));
#4577=IFCINDEXEDPOLYGONALFACE((171,154,170));
#4578=IFCINDEXEDPOLYGONALFACE((391,374,390));
#4579=IFCINDEXEDPOLYGONALFACE((45,38,28));
#4580=IFCINDEXEDPOLYGONALFACE((130,123,113));
#4581=IFCINDEXEDPOLYGONALFACE((174,167,157));
#4582=IFCINDEXEDPOLYGONALFACE((394,387,377));
#4583=IFCINDEXEDPOLYGONALFACE((40,41,28));
#4584=IFCINDEXEDPOLYGONALFACE((125,126,113));
#4585=IFCINDEXEDPOLYGONALFACE((169,170,157));
#4586=IFCINDEXEDPOLYGONALFACE((389,390,377));
#4587=IFCINDEXEDPOLYGONALFACE((31,44,43));
#4588=IFCINDEXEDPOLYGONALFACE((116,129,128));
#4589=IFCINDEXEDPOLYGONALFACE((160,173,172));
#4590=IFCINDEXEDPOLYGONALFACE((380,393,392));
#4591=IFCINDEXEDPOLYGONALFACE((42,43,44));
#4592=IFCINDEXEDPOLYGONALFACE((127,128,129));
#4593=IFCINDEXEDPOLYGONALFACE((171,172,173));
#4594=IFCINDEXEDPOLYGONALFACE((49,29,50));
#4595=IFCINDEXEDPOLYGONALFACE((134,114,135));
#4596=IFCINDEXEDPOLYGONALFACE((178,158,179));
#4597=IFCINDEXEDPOLYGONALFACE((398,378,399));
#4598=IFCINDEXEDPOLYGONALFACE((43,22,29));
#4599=IFCINDEXEDPOLYGONALFACE((128,107,114));
#4600=IFCINDEXEDPOLYGONALFACE((172,151,158));
#4601=IFCINDEXEDPOLYGONALFACE((392,371,378));
#4602=IFCINDEXEDPOLYGONALFACE((44,25,42));
#4603=IFCINDEXEDPOLYGONALFACE((129,110,127));
#4604=IFCINDEXEDPOLYGONALFACE((173,154,171));
#4605=IFCINDEXEDPOLYGONALFACE((393,374,391));
#4606=IFCINDEXEDPOLYGONALFACE((41,45,28));
#4607=IFCINDEXEDPOLYGONALFACE((126,130,113));
#4608=IFCINDEXEDPOLYGONALFACE((170,174,157));
#4609=IFCINDEXEDPOLYGONALFACE((390,394,377));
#4610=IFCINDEXEDPOLYGONALFACE((38,45,30));
#4611=IFCINDEXEDPOLYGONALFACE((123,130,115));
#4612=IFCINDEXEDPOLYGONALFACE((167,174,159));
#4613=IFCINDEXEDPOLYGONALFACE((387,394,379));
#4614=IFCINDEXEDPOLYGONALFACE((19,46,18));
#4615=IFCINDEXEDPOLYGONALFACE((84,131,105));
#4616=IFCINDEXEDPOLYGONALFACE((96,175,149));
#4617=IFCINDEXEDPOLYGONALFACE((88,395,369));
#4618=IFCINDEXEDPOLYGONALFACE((47,37,1442,17));
#4619=IFCINDEXEDPOLYGONALFACE((132,122,1370,104));
#4620=IFCINDEXEDPOLYGONALFACE((176,166,1416,148));
#4621=IFCINDEXEDPOLYGONALFACE((396,386,1389,103));
#4622=IFCINDEXEDPOLYGONALFACE((18,47,17));
#4623=IFCINDEXEDPOLYGONALFACE((105,132,104));
#4624=IFCINDEXEDPOLYGONALFACE((149,176,148));
#4625=IFCINDEXEDPOLYGONALFACE((369,396,103));
#4626=IFCINDEXEDPOLYGONALFACE((29,27,50));
#4627=IFCINDEXEDPOLYGONALFACE((114,112,135));
#4628=IFCINDEXEDPOLYGONALFACE((158,156,179));
#4629=IFCINDEXEDPOLYGONALFACE((378,376,399));
#4630=IFCINDEXEDPOLYGONALFACE((48,31,49));
#4631=IFCINDEXEDPOLYGONALFACE((133,116,134));
#4632=IFCINDEXEDPOLYGONALFACE((177,160,178));
#4633=IFCINDEXEDPOLYGONALFACE((397,380,398));
#4634=IFCINDEXEDPOLYGONALFACE((29,49,43));
#4635=IFCINDEXEDPOLYGONALFACE((114,134,128));
#4636=IFCINDEXEDPOLYGONALFACE((158,178,172));
#4637=IFCINDEXEDPOLYGONALFACE((378,398,392));
#4638=IFCINDEXEDPOLYGONALFACE((50,23,48));
#4639=IFCINDEXEDPOLYGONALFACE((135,108,133));
#4640=IFCINDEXEDPOLYGONALFACE((179,152,177));
#4641=IFCINDEXEDPOLYGONALFACE((399,372,397));
#4642=IFCINDEXEDPOLYGONALFACE((26,60,54));
#4643=IFCINDEXEDPOLYGONALFACE((155,189,183));
#4644=IFCINDEXEDPOLYGONALFACE((53,51,54));
#4645=IFCINDEXEDPOLYGONALFACE((138,136,139));
#4646=IFCINDEXEDPOLYGONALFACE((182,180,183));
#4647=IFCINDEXEDPOLYGONALFACE((402,400,403));
#4648=IFCINDEXEDPOLYGONALFACE((27,53,50));
#4649=IFCINDEXEDPOLYGONALFACE((112,138,135));
#4650=IFCINDEXEDPOLYGONALFACE((156,182,179));
#4651=IFCINDEXEDPOLYGONALFACE((376,402,399));
#4652=IFCINDEXEDPOLYGONALFACE((53,52,1454,23));
#4653=IFCINDEXEDPOLYGONALFACE((138,137,1349,108));
#4654=IFCINDEXEDPOLYGONALFACE((182,181,1428,152));
#4655=IFCINDEXEDPOLYGONALFACE((402,401,1401,372));
#4656=IFCINDEXEDPOLYGONALFACE((51,53,27));
#4657=IFCINDEXEDPOLYGONALFACE((136,138,112));
#4658=IFCINDEXEDPOLYGONALFACE((180,182,156));
#4659=IFCINDEXEDPOLYGONALFACE((400,402,376));
#4660=IFCINDEXEDPOLYGONALFACE((60,24,1293,52));
#4661=IFCINDEXEDPOLYGONALFACE((145,109,1312,137));
#4662=IFCINDEXEDPOLYGONALFACE((189,153,1315,181));
#4663=IFCINDEXEDPOLYGONALFACE((409,373,1292,401));
#4664=IFCINDEXEDPOLYGONALFACE((54,51,26));
#4665=IFCINDEXEDPOLYGONALFACE((139,136,111));
#4666=IFCINDEXEDPOLYGONALFACE((183,180,155));
#4667=IFCINDEXEDPOLYGONALFACE((403,400,375));
#4668=IFCINDEXEDPOLYGONALFACE((62,56,61));
#4669=IFCINDEXEDPOLYGONALFACE((147,141,146));
#4670=IFCINDEXEDPOLYGONALFACE((191,185,190));
#4671=IFCINDEXEDPOLYGONALFACE((26,61,60));
#4672=IFCINDEXEDPOLYGONALFACE((155,190,189));
#4673=IFCINDEXEDPOLYGONALFACE((32,57,58));
#4674=IFCINDEXEDPOLYGONALFACE((117,142,143));
#4675=IFCINDEXEDPOLYGONALFACE((161,186,187));
#4676=IFCINDEXEDPOLYGONALFACE((381,406,407));
#4677=IFCINDEXEDPOLYGONALFACE((57,34,1311,33));
#4678=IFCINDEXEDPOLYGONALFACE((142,119,1333,118));
#4679=IFCINDEXEDPOLYGONALFACE((186,163,1319,162));
#4680=IFCINDEXEDPOLYGONALFACE((406,383,1336,382));
#4681=IFCINDEXEDPOLYGONALFACE((32,58,55));
#4682=IFCINDEXEDPOLYGONALFACE((117,143,140));
#4683=IFCINDEXEDPOLYGONALFACE((161,187,184));
#4684=IFCINDEXEDPOLYGONALFACE((381,407,404));
#4685=IFCINDEXEDPOLYGONALFACE((58,33,1461,1290,56));
#4686=IFCINDEXEDPOLYGONALFACE((143,118,1334,1289,141));
#4687=IFCINDEXEDPOLYGONALFACE((187,162,1435,1313,185));
#4688=IFCINDEXEDPOLYGONALFACE((407,382,1407,1288,405));
#4689=IFCINDEXEDPOLYGONALFACE((59,1,1464,34));
#4690=IFCINDEXEDPOLYGONALFACE((144,103,1384,119));
#4691=IFCINDEXEDPOLYGONALFACE((188,17,1437,163));
#4692=IFCINDEXEDPOLYGONALFACE((408,148,1411,383));
#4693=IFCINDEXEDPOLYGONALFACE((21,59,20));
#4694=IFCINDEXEDPOLYGONALFACE((106,144,83));
#4695=IFCINDEXEDPOLYGONALFACE((150,188,95));
#4696=IFCINDEXEDPOLYGONALFACE((370,408,87));
#4697=IFCINDEXEDPOLYGONALFACE((54,60,52));
#4698=IFCINDEXEDPOLYGONALFACE((139,145,137));
#4699=IFCINDEXEDPOLYGONALFACE((183,189,181));
#4700=IFCINDEXEDPOLYGONALFACE((403,409,401));
#4701=IFCINDEXEDPOLYGONALFACE((61,56,1456,24));
#4702=IFCINDEXEDPOLYGONALFACE((146,141,1345,109));
#4703=IFCINDEXEDPOLYGONALFACE((190,185,1429,153));
#4704=IFCINDEXEDPOLYGONALFACE((410,405,1402,373));
#4705=IFCINDEXEDPOLYGONALFACE((58,56,62));
#4706=IFCINDEXEDPOLYGONALFACE((143,141,147));
#4707=IFCINDEXEDPOLYGONALFACE((187,185,191));
#4708=IFCINDEXEDPOLYGONALFACE((407,405,411));
#4709=IFCINDEXEDPOLYGONALFACE((55,61,26));
#4710=IFCINDEXEDPOLYGONALFACE((140,146,111));
#4711=IFCINDEXEDPOLYGONALFACE((184,190,155));
#4712=IFCINDEXEDPOLYGONALFACE((404,410,375));
#4713=IFCINDEXEDPOLYGONALFACE((62,55,58));
#4714=IFCINDEXEDPOLYGONALFACE((147,140,143));
#4715=IFCINDEXEDPOLYGONALFACE((191,184,187));
#4716=IFCINDEXEDPOLYGONALFACE((411,404,407));
#4717=IFCINDEXEDPOLYGONALFACE((62,61,55));
#4718=IFCINDEXEDPOLYGONALFACE((63,875,869,866,871,864,877,865,884,861,881,873,886,862,906,863,910,851,902,859,895,855,898,860,887,853,889,854,912,867,868,20,36,32,55,26,51,27,29,22,40,28,35,46,19,638,620,648,617,674,619,655,614,650,642,658,633,661,634,664,613,667,627,692,621,686,626,681,625,646,630,636,676,64));
#4719=IFCINDEXEDPOLYGONALFACE((793,783,802,780,830,782,807,777,804,799,811,788,814,789,817,768,826,796,797,772,833,776,836,770,839,771,842,785,786,66,65,4,10,8,9,3));
#4720=IFCINDEXEDPOLYGONALFACE((80,2063,2059,2066,2047,2080,2048,2049,2045,2074,2064,2065,2044,2070,2058,2092,2053,2095,2057,2084,2051,2087,2052,2099,2061,2062,81,1480,1476,1477,1473,1492,1478,1489,1475,1484,1479,1482,82,79));
#4721=IFCINDEXEDPOLYGONALFACE((1980,1962,1990,1959,2016,1961,1997,1956,1992,1984,2000,1975,2003,1976,2006,1955,2009,1969,2034,1963,2028,1968,2023,1967,1988,1972,1978,2018,85,86,1766,1762,1769,1750,1783,1751,1752,1748,1777,1767,1768,1747,1773,1761,1795,1756,1798,1760,1787,1754,1790,1755,1802,1764,1765,83,121,117,140,111,136,112,114,107,125,113,120,131,84));
#4722=IFCINDEXEDPOLYGONALFACE((90,1611,1607,1614,1595,1628,1596,1597,1593,1622,1612,1613,1592,1618,1606,1640,1601,1643,1605,1632,1599,1635,1600,1647,1609,1610,87,385,381,404,375,400,376,378,371,389,377,384,395,88,1683,1665,1693,1662,1719,1664,1700,1659,1695,1687,1703,1678,1706,1679,1709,1658,1712,1672,1737,1666,1731,1671,1726,1670,1691,1675,1681,1721,89));
#4723=IFCINDEXEDPOLYGONALFACE((98,721,717,724,705,738,706,707,703,732,722,723,702,728,716,750,711,753,715,742,709,745,710,757,719,720,95,165,161,184,155,180,156,158,151,169,157,164,175,96,1528,1510,1538,1507,1564,1509,1545,1504,1540,1532,1548,1523,1551,1524,1554,1503,1557,1517,1582,1511,1576,1516,1571,1515,1536,1520,1526,1566,97));
#4724=IFCINDEXEDPOLYGONALFACE((415,412,413,1325,1316,1331,1296,1343,1308,1358,1279,1372,1302,1376,1283,1367,1298,1364,1277,1353,1306,1347,1294,1337,1305,1332,1281,1386,1304,1390,1285,1394,1301,1398,1275,1403,1300,1408,1282,1413,1297,1417,1278,1421,1309,1425,1299,1430,1318,1434,1276,1439,1317,1444,1295,1448,1307,1451,1280,1457,1303,1462,1284,1466,1321,1324,414));
#4725=IFCINDEXEDPOLYGONALFACE((67,68,1161,1158,1159,1148,1168,1150,1196,1147,1186,1166,1199,1149,1192,1156,1198,1134,1211,1145,1207,1143,1204,1169,1171,1136,1182,1139,1177,1137,1179,1138,69,299,295,318,289,314,290,292,285,303,291,298,309,70,565,564,601,560,594,562,592,559,586,574,590,561,597,563,605,552,610,558,570,557,573,566,567,553,584,556,579,554,575,555));
#4726=IFCINDEXEDPOLYGONALFACE((71,72,1840,1837,1838,1827,1847,1829,1875,1826,1865,1845,1878,1828,1871,1835,1877,1813,1890,1824,1886,1822,1883,1848,1850,1815,1861,1818,1856,1816,1858,1817,73,342,338,361,332,357,333,335,328,346,334,341,352,74,1228,1227,1264,1223,1257,1225,1255,1222,1249,1237,1253,1224,1260,1226,1268,1215,1273,1221,1233,1220,1236,1229,1230,1216,1247,1219,1242,1217,1238,1218));
#4727=IFCINDEXEDPOLYGONALFACE((75,76,961,957,974,950,985,954,1000,924,1027,946,1065,928,1069,932,1075,922,1078,952,1081,948,1085,953,1091,926,1095,933,1100,930,1060,943,1056,920,1052,967,968,927,1043,931,1039,923,1035,947,1032,942,1003,945,997,921,972,963,979,929,992,949,1007,925,1010,951,1014,944,1017,958,962,77,78));
#4728=IFCINDEXEDPOLYGONALFACE((94,91,498,495,496,485,505,487,533,484,523,503,536,486,529,493,535,471,548,482,544,480,541,506,508,473,519,476,514,474,516,475,92,1112,1108,1109,1105,1125,1110,1121,1107,1116,1111,1114,93));
#4729=IFCINDEXEDPOLYGONALFACE((99,100,2137,2134,2135,2124,2144,2126,2172,2123,2162,2142,2175,2125,2168,2132,2174,2110,2187,2121,2183,2119,2180,2145,2147,2112,2158,2115,2153,2113,2155,2114,101,210,206,229,200,225,201,203,196,214,202,209,220,102,1907,1906,1943,1902,1936,1904,1934,1901,1928,1916,1932,1903,1939,1905,1947,1894,1952,1900,1912,1899,1915,1908,1909,1895,1926,1898,1921,1896,1917,1897));
#4730=IFCINDEXEDPOLYGONALFACEWITHVOIDS((418,419,417,416),((422,423,420,421)));
#4731=IFCINDEXEDPOLYGONALFACEWITHVOIDS((426,427,425,424),((430,431,428,429)));
#4732=IFCINDEXEDPOLYGONALFACE((432,433,240,255,248,261,242,265,249,270,247,273,252,254,239,2204,2203,2240,2199,2233,2201,2231,2198,2225,2213,2229,2200,2236,2202,2244,2191,2249,2197,2209,2196,2212,2205,2206,2192,2223,2195,2218,2193,2214,2194));
#4733=IFCINDEXEDPOLYGONALFACE((132,105,131));
#4734=IFCINDEXEDPOLYGONALFACE((111,145,139));
#4735=IFCINDEXEDPOLYGONALFACE((375,409,403));
#4736=IFCINDEXEDPOLYGONALFACE((111,146,145));
#4737=IFCINDEXEDPOLYGONALFACE((375,410,409));
#4738=IFCINDEXEDPOLYGONALFACE((147,146,140));
#4739=IFCINDEXEDPOLYGONALFACE((191,190,184));
#4740=IFCINDEXEDPOLYGONALFACE((411,410,404));
#4741=IFCINDEXEDPOLYGONALFACE((176,149,175));
#4742=IFCINDEXEDPOLYGONALFACE((167,176,175));
#4743=IFCINDEXEDPOLYGONALFACE((213,204,219));
#4744=IFCINDEXEDPOLYGONALFACE((302,293,308));
#4745=IFCINDEXEDPOLYGONALFACE((345,336,351));
#4746=IFCINDEXEDPOLYGONALFACE((227,197,224));
#4747=IFCINDEXEDPOLYGONALFACE((316,286,313));
#4748=IFCINDEXEDPOLYGONALFACE((359,329,356));
#4749=IFCINDEXEDPOLYGONALFACE((227,228,226));
#4750=IFCINDEXEDPOLYGONALFACE((316,317,315));
#4751=IFCINDEXEDPOLYGONALFACE((359,360,358));
#4752=IFCINDEXEDPOLYGONALFACE((224,222,223));
#4753=IFCINDEXEDPOLYGONALFACE((313,311,312));
#4754=IFCINDEXEDPOLYGONALFACE((356,354,355));
#4755=IFCINDEXEDPOLYGONALFACE((196,216,214));
#4756=IFCINDEXEDPOLYGONALFACE((285,305,303));
#4757=IFCINDEXEDPOLYGONALFACE((328,348,346));
#4758=IFCINDEXEDPOLYGONALFACE((211,221,212));
#4759=IFCINDEXEDPOLYGONALFACE((300,310,301));
#4760=IFCINDEXEDPOLYGONALFACE((343,353,344));
#4761=IFCINDEXEDPOLYGONALFACE((233,192,193));
#4762=IFCINDEXEDPOLYGONALFACE((322,281,282));
#4763=IFCINDEXEDPOLYGONALFACE((365,326,194));
#4764=IFCINDEXEDPOLYGONALFACE((233,231,210));
#4765=IFCINDEXEDPOLYGONALFACE((322,320,299));
#4766=IFCINDEXEDPOLYGONALFACE((365,363,342));
#4767=IFCINDEXEDPOLYGONALFACE((233,208,231));
#4768=IFCINDEXEDPOLYGONALFACE((322,297,320));
#4769=IFCINDEXEDPOLYGONALFACE((365,340,363));
#4770=IFCINDEXEDPOLYGONALFACE((101,233,210));
#4771=IFCINDEXEDPOLYGONALFACE((69,322,299));
#4772=IFCINDEXEDPOLYGONALFACE((73,365,342));
#4773=IFCINDEXEDPOLYGONALFACE((213,215,199));
#4774=IFCINDEXEDPOLYGONALFACE((302,304,288));
#4775=IFCINDEXEDPOLYGONALFACE((345,347,331));
#4776=IFCINDEXEDPOLYGONALFACE((217,223,205));
#4777=IFCINDEXEDPOLYGONALFACE((306,312,294));
#4778=IFCINDEXEDPOLYGONALFACE((349,355,337));
#4779=IFCINDEXEDPOLYGONALFACE((221,195,220));
#4780=IFCINDEXEDPOLYGONALFACE((310,284,309));
#4781=IFCINDEXEDPOLYGONALFACE((353,327,352));
#4782=IFCINDEXEDPOLYGONALFACE((196,217,216));
#4783=IFCINDEXEDPOLYGONALFACE((285,306,305));
#4784=IFCINDEXEDPOLYGONALFACE((328,349,348));
#4785=IFCINDEXEDPOLYGONALFACE((234,235,198));
#4786=IFCINDEXEDPOLYGONALFACE((323,324,287));
#4787=IFCINDEXEDPOLYGONALFACE((366,367,330));
#4788=IFCINDEXEDPOLYGONALFACE((231,207,232));
#4789=IFCINDEXEDPOLYGONALFACE((320,296,321));
#4790=IFCINDEXEDPOLYGONALFACE((363,339,364));
#4791=IFCINDEXEDPOLYGONALFACE((206,210,231));
#4792=IFCINDEXEDPOLYGONALFACE((295,299,320));
#4793=IFCINDEXEDPOLYGONALFACE((338,342,363));
#4794=IFCINDEXEDPOLYGONALFACE((212,204,211));
#4795=IFCINDEXEDPOLYGONALFACE((301,293,300));
#4796=IFCINDEXEDPOLYGONALFACE((344,336,343));
#4797=IFCINDEXEDPOLYGONALFACE((202,212,220,209));
#4798=IFCINDEXEDPOLYGONALFACE((291,301,309,298));
#4799=IFCINDEXEDPOLYGONALFACE((334,344,352,341));
#4800=IFCINDEXEDPOLYGONALFACE((212,221,220));
#4801=IFCINDEXEDPOLYGONALFACE((301,310,309));
#4802=IFCINDEXEDPOLYGONALFACE((344,353,352));
#4803=IFCINDEXEDPOLYGONALFACE((216,215,214));
#4804=IFCINDEXEDPOLYGONALFACE((305,304,303));
#4805=IFCINDEXEDPOLYGONALFACE((348,347,346));
#4806=IFCINDEXEDPOLYGONALFACE((219,215,213));
#4807=IFCINDEXEDPOLYGONALFACE((308,304,302));
#4808=IFCINDEXEDPOLYGONALFACE((351,347,345));
#4809=IFCINDEXEDPOLYGONALFACE((216,199,215));
#4810=IFCINDEXEDPOLYGONALFACE((305,288,304));
#4811=IFCINDEXEDPOLYGONALFACE((348,331,347));
#4812=IFCINDEXEDPOLYGONALFACE((219,212,202));
#4813=IFCINDEXEDPOLYGONALFACE((308,301,291));
#4814=IFCINDEXEDPOLYGONALFACE((351,344,334));
#4815=IFCINDEXEDPOLYGONALFACE((214,215,202));
#4816=IFCINDEXEDPOLYGONALFACE((303,304,291));
#4817=IFCINDEXEDPOLYGONALFACE((346,347,334));
#4818=IFCINDEXEDPOLYGONALFACE((205,218,217));
#4819=IFCINDEXEDPOLYGONALFACE((294,307,306));
#4820=IFCINDEXEDPOLYGONALFACE((337,350,349));
#4821=IFCINDEXEDPOLYGONALFACE((216,217,218));
#4822=IFCINDEXEDPOLYGONALFACE((305,306,307));
#4823=IFCINDEXEDPOLYGONALFACE((348,349,350));
#4824=IFCINDEXEDPOLYGONALFACE((223,203,224));
#4825=IFCINDEXEDPOLYGONALFACE((312,292,313));
#4826=IFCINDEXEDPOLYGONALFACE((355,335,356));
#4827=IFCINDEXEDPOLYGONALFACE((217,196,203));
#4828=IFCINDEXEDPOLYGONALFACE((306,285,292));
#4829=IFCINDEXEDPOLYGONALFACE((349,328,335));
#4830=IFCINDEXEDPOLYGONALFACE((218,199,216));
#4831=IFCINDEXEDPOLYGONALFACE((307,288,305));
#4832=IFCINDEXEDPOLYGONALFACE((350,331,348));
#4833=IFCINDEXEDPOLYGONALFACE((215,219,202));
#4834=IFCINDEXEDPOLYGONALFACE((304,308,291));
#4835=IFCINDEXEDPOLYGONALFACE((347,351,334));
#4836=IFCINDEXEDPOLYGONALFACE((212,219,204));
#4837=IFCINDEXEDPOLYGONALFACE((301,308,293));
#4838=IFCINDEXEDPOLYGONALFACE((344,351,336));
#4839=IFCINDEXEDPOLYGONALFACE((102,220,195));
#4840=IFCINDEXEDPOLYGONALFACE((254,238,239));
#4841=IFCINDEXEDPOLYGONALFACE((70,309,284));
#4842=IFCINDEXEDPOLYGONALFACE((74,352,327));
#4843=IFCINDEXEDPOLYGONALFACE((221,211,1038,194));
#4844=IFCINDEXEDPOLYGONALFACE((310,300,1070,283));
#4845=IFCINDEXEDPOLYGONALFACE((353,343,1099,282));
#4846=IFCINDEXEDPOLYGONALFACE((195,221,194));
#4847=IFCINDEXEDPOLYGONALFACE((284,310,283));
#4848=IFCINDEXEDPOLYGONALFACE((327,353,282));
#4849=IFCINDEXEDPOLYGONALFACE((203,201,224));
#4850=IFCINDEXEDPOLYGONALFACE((292,290,313));
#4851=IFCINDEXEDPOLYGONALFACE((335,333,356));
#4852=IFCINDEXEDPOLYGONALFACE((222,205,223));
#4853=IFCINDEXEDPOLYGONALFACE((311,294,312));
#4854=IFCINDEXEDPOLYGONALFACE((354,337,355));
#4855=IFCINDEXEDPOLYGONALFACE((203,223,217));
#4856=IFCINDEXEDPOLYGONALFACE((292,312,306));
#4857=IFCINDEXEDPOLYGONALFACE((335,355,349));
#4858=IFCINDEXEDPOLYGONALFACE((224,197,222));
#4859=IFCINDEXEDPOLYGONALFACE((313,286,311));
#4860=IFCINDEXEDPOLYGONALFACE((356,329,354));
#4861=IFCINDEXEDPOLYGONALFACE((200,234,228));
#4862=IFCINDEXEDPOLYGONALFACE((289,323,317));
#4863=IFCINDEXEDPOLYGONALFACE((332,366,360));
#4864=IFCINDEXEDPOLYGONALFACE((227,225,228));
#4865=IFCINDEXEDPOLYGONALFACE((316,314,317));
#4866=IFCINDEXEDPOLYGONALFACE((359,357,360));
#4867=IFCINDEXEDPOLYGONALFACE((201,227,224));
#4868=IFCINDEXEDPOLYGONALFACE((290,316,313));
#4869=IFCINDEXEDPOLYGONALFACE((333,359,356));
#4870=IFCINDEXEDPOLYGONALFACE((227,226,1005,197));
#4871=IFCINDEXEDPOLYGONALFACE((316,315,1086,286));
#4872=IFCINDEXEDPOLYGONALFACE((359,358,1054,329));
#4873=IFCINDEXEDPOLYGONALFACE((225,227,201));
#4874=IFCINDEXEDPOLYGONALFACE((314,316,290));
#4875=IFCINDEXEDPOLYGONALFACE((357,359,333));
#4876=IFCINDEXEDPOLYGONALFACE((234,198,955,226));
#4877=IFCINDEXEDPOLYGONALFACE((323,287,975,315));
#4878=IFCINDEXEDPOLYGONALFACE((366,330,966,358));
#4879=IFCINDEXEDPOLYGONALFACE((228,225,200));
#4880=IFCINDEXEDPOLYGONALFACE((317,314,289));
#4881=IFCINDEXEDPOLYGONALFACE((360,357,332));
#4882=IFCINDEXEDPOLYGONALFACE((236,230,235));
#4883=IFCINDEXEDPOLYGONALFACE((325,319,324));
#4884=IFCINDEXEDPOLYGONALFACE((368,362,367));
#4885=IFCINDEXEDPOLYGONALFACE((200,235,234));
#4886=IFCINDEXEDPOLYGONALFACE((289,324,323));
#4887=IFCINDEXEDPOLYGONALFACE((332,367,366));
#4888=IFCINDEXEDPOLYGONALFACE((206,231,232));
#4889=IFCINDEXEDPOLYGONALFACE((295,320,321));
#4890=IFCINDEXEDPOLYGONALFACE((338,363,364));
#4891=IFCINDEXEDPOLYGONALFACE((231,208,964,207));
#4892=IFCINDEXEDPOLYGONALFACE((320,297,940,296));
#4893=IFCINDEXEDPOLYGONALFACE((363,340,976,339));
#4894=IFCINDEXEDPOLYGONALFACE((206,232,229));
#4895=IFCINDEXEDPOLYGONALFACE((295,321,318));
#4896=IFCINDEXEDPOLYGONALFACE((338,364,361));
#4897=IFCINDEXEDPOLYGONALFACE((232,207,965,935,230));
#4898=IFCINDEXEDPOLYGONALFACE((321,296,1093,937,319));
#4899=IFCINDEXEDPOLYGONALFACE((364,339,1047,936,362));
#4900=IFCINDEXEDPOLYGONALFACE((233,193,981,208));
#4901=IFCINDEXEDPOLYGONALFACE((322,282,1098,297));
#4902=IFCINDEXEDPOLYGONALFACE((365,194,1044,340));
#4903=IFCINDEXEDPOLYGONALFACE((192,233,101));
#4904=IFCINDEXEDPOLYGONALFACE((281,322,69));
#4905=IFCINDEXEDPOLYGONALFACE((326,365,73));
#4906=IFCINDEXEDPOLYGONALFACE((228,234,226));
#4907=IFCINDEXEDPOLYGONALFACE((317,323,315));
#4908=IFCINDEXEDPOLYGONALFACE((360,366,358));
#4909=IFCINDEXEDPOLYGONALFACE((235,230,998,198));
#4910=IFCINDEXEDPOLYGONALFACE((324,319,1087,287));
#4911=IFCINDEXEDPOLYGONALFACE((367,362,1050,330));
#4912=IFCINDEXEDPOLYGONALFACE((232,230,236));
#4913=IFCINDEXEDPOLYGONALFACE((321,319,325));
#4914=IFCINDEXEDPOLYGONALFACE((364,362,368));
#4915=IFCINDEXEDPOLYGONALFACE((229,235,200));
#4916=IFCINDEXEDPOLYGONALFACE((318,324,289));
#4917=IFCINDEXEDPOLYGONALFACE((361,367,332));
#4918=IFCINDEXEDPOLYGONALFACE((236,229,232));
#4919=IFCINDEXEDPOLYGONALFACE((325,318,321));
#4920=IFCINDEXEDPOLYGONALFACE((368,361,364));
#4921=IFCINDEXEDPOLYGONALFACE((236,235,229));
#4922=IFCINDEXEDPOLYGONALFACE((325,324,318));
#4923=IFCINDEXEDPOLYGONALFACE((368,367,361));
#4924=IFCINDEXEDPOLYGONALFACE((277,279,252));
#4925=IFCINDEXEDPOLYGONALFACE((275,269,271));
#4926=IFCINDEXEDPOLYGONALFACE((242,266,265));
#4927=IFCINDEXEDPOLYGONALFACE((241,237,971,245,959,257,258,259));
#4928=IFCINDEXEDPOLYGONALFACE((1115,960,969));
#4929=IFCINDEXEDPOLYGONALFACE((259,258,248,255,240,241));
#4930=IFCINDEXEDPOLYGONALFACE((1111,1115,1114));
#4931=IFCINDEXEDPOLYGONALFACE((279,280,254));
#4932=IFCINDEXEDPOLYGONALFACE((244,263,260));
#4933=IFCINDEXEDPOLYGONALFACE((260,263,261));
#4934=IFCINDEXEDPOLYGONALFACE((275,270,249));
#4935=IFCINDEXEDPOLYGONALFACE((266,264,246));
#4936=IFCINDEXEDPOLYGONALFACE((280,279,253));
#4937=IFCINDEXEDPOLYGONALFACE((271,251,272));
#4938=IFCINDEXEDPOLYGONALFACE((273,247,278));
#4939=IFCINDEXEDPOLYGONALFACE((280,256,238));
#4940=IFCINDEXEDPOLYGONALFACE((256,193,238));
#4941=IFCINDEXEDPOLYGONALFACE((258,257,260));
#4942=IFCINDEXEDPOLYGONALFACE((248,258,260));
#4943=IFCINDEXEDPOLYGONALFACE((263,262,264));
#4944=IFCINDEXEDPOLYGONALFACE((260,257,1018,244));
#4945=IFCINDEXEDPOLYGONALFACE((261,248,260));
#4946=IFCINDEXEDPOLYGONALFACE((242,263,264));
#4947=IFCINDEXEDPOLYGONALFACE((262,263,244));
#4948=IFCINDEXEDPOLYGONALFACE((261,263,242));
#4949=IFCINDEXEDPOLYGONALFACE((275,271,270));
#4950=IFCINDEXEDPOLYGONALFACE((264,262,246));
#4951=IFCINDEXEDPOLYGONALFACE((242,264,266));
#4952=IFCINDEXEDPOLYGONALFACE((265,266,267));
#4953=IFCINDEXEDPOLYGONALFACE((266,268,267));
#4954=IFCINDEXEDPOLYGONALFACE((267,249,265));
#4955=IFCINDEXEDPOLYGONALFACE((269,251,271));
#4956=IFCINDEXEDPOLYGONALFACE((243,267,268));
#4957=IFCINDEXEDPOLYGONALFACE((266,246,268));
#4958=IFCINDEXEDPOLYGONALFACE((243,275,267));
#4959=IFCINDEXEDPOLYGONALFACE((271,272,270));
#4960=IFCINDEXEDPOLYGONALFACE((247,270,272));
#4961=IFCINDEXEDPOLYGONALFACE((273,278,277));
#4962=IFCINDEXEDPOLYGONALFACE((272,274,278));
#4963=IFCINDEXEDPOLYGONALFACE((269,275,243));
#4964=IFCINDEXEDPOLYGONALFACE((276,253,279));
#4965=IFCINDEXEDPOLYGONALFACE((272,251,274));
#4966=IFCINDEXEDPOLYGONALFACE((267,275,249));
#4967=IFCINDEXEDPOLYGONALFACE((278,274,250));
#4968=IFCINDEXEDPOLYGONALFACE((276,277,250));
#4969=IFCINDEXEDPOLYGONALFACE((273,277,252));
#4970=IFCINDEXEDPOLYGONALFACE((247,272,278));
#4971=IFCINDEXEDPOLYGONALFACE((277,278,250));
#4972=IFCINDEXEDPOLYGONALFACE((276,279,277));
#4973=IFCINDEXEDPOLYGONALFACE((252,279,254));
#4974=IFCINDEXEDPOLYGONALFACE((254,280,238));
#4975=IFCINDEXEDPOLYGONALFACE((280,253,993,256));
#4976=IFCINDEXEDPOLYGONALFACE((408,383,406));
#4977=IFCINDEXEDPOLYGONALFACE((391,392,393));
#4978=IFCINDEXEDPOLYGONALFACE((411,405,410));
#4979=IFCINDEXEDPOLYGONALFACE((415,416,417,412));
#4980=IFCINDEXEDPOLYGONALFACE((422,424,425,423));
#4981=IFCINDEXEDPOLYGONALFACE((430,75,78,431));
#4982=IFCINDEXEDPOLYGONALFACE((428,433,432,434,435,436,100,99,437,438,439,72,71,440,441,442,68,67,443,444,445,91,94,429));
#4983=IFCINDEXEDPOLYGONALFACE((420,427,426,421));
#4984=IFCINDEXEDPOLYGONALFACE((80,79,419,418,65,66,446,447,448,63,64,449,450,451,98,97,452,453,454,90,89,455,456,457,86,85,458,459,460));
#4985=IFCINDEXEDPOLYGONALFACE((461,462,463,413,412,417,419,79,82));
#4986=IFCINDEXEDPOLYGONALFACE((78,77,464,237,241,240,433,428,431));
#4987=IFCINDEXEDPOLYGONALFACE((423,425,427,420));
#4988=IFCINDEXEDPOLYGONALFACE((421,426,424,422));
#4989=IFCINDEXEDPOLYGONALFACE((4,65,418,416,415,414,465,6,5));
#4990=IFCINDEXEDPOLYGONALFACE((94,93,466,467,468,76,75,430,429));
#4991=IFCINDEXEDPOLYGONALFACE((549,481,542));
#4992=IFCINDEXEDPOLYGONALFACE((1212,1144,1205));
#4993=IFCINDEXEDPOLYGONALFACE((1891,1823,1884));
#4994=IFCINDEXEDPOLYGONALFACE((2188,2120,2181));
#4995=IFCINDEXEDPOLYGONALFACE((539,518,497));
#4996=IFCINDEXEDPOLYGONALFACE((1202,1181,1160));
#4997=IFCINDEXEDPOLYGONALFACE((1881,1860,1839));
#4998=IFCINDEXEDPOLYGONALFACE((2178,2157,2136));
#4999=IFCINDEXEDPOLYGONALFACE((514,476,520));
#5000=IFCINDEXEDPOLYGONALFACE((1177,1139,1183));
#5001=IFCINDEXEDPOLYGONALFACE((1856,1818,1862));
#5002=IFCINDEXEDPOLYGONALFACE((2153,2115,2159));
#5003=IFCINDEXEDPOLYGONALFACE((477,507,540));
#5004=IFCINDEXEDPOLYGONALFACE((1140,1170,1203));
#5005=IFCINDEXEDPOLYGONALFACE((1819,1849,1882));
#5006=IFCINDEXEDPOLYGONALFACE((2116,2146,2179));
#5007=IFCINDEXEDPOLYGONALFACE((530,491,532));
#5008=IFCINDEXEDPOLYGONALFACE((1193,1154,1195));
#5009=IFCINDEXEDPOLYGONALFACE((1872,1833,1874));
#5010=IFCINDEXEDPOLYGONALFACE((2169,2130,2171));
#5011=IFCINDEXEDPOLYGONALFACE((502,501,495));
#5012=IFCINDEXEDPOLYGONALFACE((1165,1164,1158));
#5013=IFCINDEXEDPOLYGONALFACE((1844,1843,1837));
#5014=IFCINDEXEDPOLYGONALFACE((2141,2140,2134));
#5015=IFCINDEXEDPOLYGONALFACE((472,520,512));
#5016=IFCINDEXEDPOLYGONALFACE((1135,1183,1175));
#5017=IFCINDEXEDPOLYGONALFACE((1814,1862,1854));
#5018=IFCINDEXEDPOLYGONALFACE((2111,2159,2151));
#5019=IFCINDEXEDPOLYGONALFACE((497,283,539));
#5020=IFCINDEXEDPOLYGONALFACE((1160,282,1202));
#5021=IFCINDEXEDPOLYGONALFACE((1839,194,1881));
#5022=IFCINDEXEDPOLYGONALFACE((2136,193,2178));
#5023=IFCINDEXEDPOLYGONALFACE((92,539,469));
#5024=IFCINDEXEDPOLYGONALFACE((69,1202,281));
#5025=IFCINDEXEDPOLYGONALFACE((73,1881,326));
#5026=IFCINDEXEDPOLYGONALFACE((101,2178,192));
#5027=IFCINDEXEDPOLYGONALFACE((521,492,522));
#5028=IFCINDEXEDPOLYGONALFACE((1184,1155,1185));
#5029=IFCINDEXEDPOLYGONALFACE((1863,1834,1864));
#5030=IFCINDEXEDPOLYGONALFACE((2160,2131,2161));
#5031=IFCINDEXEDPOLYGONALFACE((509,511,473));
#5032=IFCINDEXEDPOLYGONALFACE((1172,1174,1136));
#5033=IFCINDEXEDPOLYGONALFACE((1851,1853,1815));
#5034=IFCINDEXEDPOLYGONALFACE((2148,2150,2112));
#5035=IFCINDEXEDPOLYGONALFACE((541,540,508,506));
#5036=IFCINDEXEDPOLYGONALFACE((1204,1203,1171,1169));
#5037=IFCINDEXEDPOLYGONALFACE((1883,1882,1850,1848));
#5038=IFCINDEXEDPOLYGONALFACE((2180,2179,2147,2145));
#5039=IFCINDEXEDPOLYGONALFACE((515,513,517));
#5040=IFCINDEXEDPOLYGONALFACE((1178,1176,1180));
#5041=IFCINDEXEDPOLYGONALFACE((1857,1855,1859));
#5042=IFCINDEXEDPOLYGONALFACE((2154,2152,2156));
#5043=IFCINDEXEDPOLYGONALFACE((511,510,512));
#5044=IFCINDEXEDPOLYGONALFACE((1174,1173,1175));
#5045=IFCINDEXEDPOLYGONALFACE((1853,1852,1854));
#5046=IFCINDEXEDPOLYGONALFACE((2150,2149,2151));
#5047=IFCINDEXEDPOLYGONALFACE((547,545,482));
#5048=IFCINDEXEDPOLYGONALFACE((1210,1208,1145));
#5049=IFCINDEXEDPOLYGONALFACE((1889,1887,1824));
#5050=IFCINDEXEDPOLYGONALFACE((2186,2184,2121));
#5051=IFCINDEXEDPOLYGONALFACE((541,480,543));
#5052=IFCINDEXEDPOLYGONALFACE((1204,1143,1206));
#5053=IFCINDEXEDPOLYGONALFACE((1883,1822,1885));
#5054=IFCINDEXEDPOLYGONALFACE((2180,2119,2182));
#5055=IFCINDEXEDPOLYGONALFACE((546,545,547));
#5056=IFCINDEXEDPOLYGONALFACE((1209,1208,1210));
#5057=IFCINDEXEDPOLYGONALFACE((1888,1887,1889));
#5058=IFCINDEXEDPOLYGONALFACE((2185,2184,2186));
#5059=IFCINDEXEDPOLYGONALFACE((525,503,523));
#5060=IFCINDEXEDPOLYGONALFACE((1188,1166,1186));
#5061=IFCINDEXEDPOLYGONALFACE((1867,1845,1865));
#5062=IFCINDEXEDPOLYGONALFACE((2164,2142,2162));
#5063=IFCINDEXEDPOLYGONALFACE((494,445,444));
#5064=IFCINDEXEDPOLYGONALFACE((1157,442,441));
#5065=IFCINDEXEDPOLYGONALFACE((1836,439,438));
#5066=IFCINDEXEDPOLYGONALFACE((2133,436,435));
#5067=IFCINDEXEDPOLYGONALFACE((504,500,499));
#5068=IFCINDEXEDPOLYGONALFACE((1167,1163,1162));
#5069=IFCINDEXEDPOLYGONALFACE((1846,1842,1841));
#5070=IFCINDEXEDPOLYGONALFACE((2143,2139,2138));
#5071=IFCINDEXEDPOLYGONALFACE((521,483,492));
#5072=IFCINDEXEDPOLYGONALFACE((1184,1146,1155));
#5073=IFCINDEXEDPOLYGONALFACE((1863,1825,1834));
#5074=IFCINDEXEDPOLYGONALFACE((2160,2122,2131));
#5075=IFCINDEXEDPOLYGONALFACE((504,499,538));
#5076=IFCINDEXEDPOLYGONALFACE((1167,1162,1201));
#5077=IFCINDEXEDPOLYGONALFACE((1846,1841,1880));
#5078=IFCINDEXEDPOLYGONALFACE((2143,2138,2177));
#5079=IFCINDEXEDPOLYGONALFACE((488,527,528));
#5080=IFCINDEXEDPOLYGONALFACE((1151,1190,1191));
#5081=IFCINDEXEDPOLYGONALFACE((1830,1869,1870));
#5082=IFCINDEXEDPOLYGONALFACE((2127,2166,2167));
#5083=IFCINDEXEDPOLYGONALFACE((496,501,500));
#5084=IFCINDEXEDPOLYGONALFACE((1159,1164,1163));
#5085=IFCINDEXEDPOLYGONALFACE((1838,1843,1842));
#5086=IFCINDEXEDPOLYGONALFACE((2135,2140,2139));
#5087=IFCINDEXEDPOLYGONALFACE((505,485,504));
#5088=IFCINDEXEDPOLYGONALFACE((1168,1148,1167));
#5089=IFCINDEXEDPOLYGONALFACE((1847,1827,1846));
#5090=IFCINDEXEDPOLYGONALFACE((2144,2124,2143));
#5091=IFCINDEXEDPOLYGONALFACE((493,530,532));
#5092=IFCINDEXEDPOLYGONALFACE((1156,1193,1195));
#5093=IFCINDEXEDPOLYGONALFACE((1835,1872,1874));
#5094=IFCINDEXEDPOLYGONALFACE((2132,2169,2171));
#5095=IFCINDEXEDPOLYGONALFACE((522,492,490));
#5096=IFCINDEXEDPOLYGONALFACE((1185,1155,1153));
#5097=IFCINDEXEDPOLYGONALFACE((1864,1834,1832));
#5098=IFCINDEXEDPOLYGONALFACE((2161,2131,2129));
#5099=IFCINDEXEDPOLYGONALFACE((530,529,537));
#5100=IFCINDEXEDPOLYGONALFACE((1193,1192,1200));
#5101=IFCINDEXEDPOLYGONALFACE((1872,1871,1879));
#5102=IFCINDEXEDPOLYGONALFACE((2169,2168,2176));
#5103=IFCINDEXEDPOLYGONALFACE((502,498,445));
#5104=IFCINDEXEDPOLYGONALFACE((1165,1161,442));
#5105=IFCINDEXEDPOLYGONALFACE((1844,1840,439));
#5106=IFCINDEXEDPOLYGONALFACE((2141,2137,436));
#5107=IFCINDEXEDPOLYGONALFACE((495,501,496));
#5108=IFCINDEXEDPOLYGONALFACE((1158,1164,1159));
#5109=IFCINDEXEDPOLYGONALFACE((1837,1843,1838));
#5110=IFCINDEXEDPOLYGONALFACE((2134,2140,2135));
#5111=IFCINDEXEDPOLYGONALFACE((485,496,500));
#5112=IFCINDEXEDPOLYGONALFACE((1148,1159,1163));
#5113=IFCINDEXEDPOLYGONALFACE((1827,1838,1842));
#5114=IFCINDEXEDPOLYGONALFACE((2124,2135,2139));
#5115=IFCINDEXEDPOLYGONALFACE((498,91,445));
#5116=IFCINDEXEDPOLYGONALFACE((1161,68,442));
#5117=IFCINDEXEDPOLYGONALFACE((1840,72,439));
#5118=IFCINDEXEDPOLYGONALFACE((2137,100,436));
#5119=IFCINDEXEDPOLYGONALFACE((517,478,518));
#5120=IFCINDEXEDPOLYGONALFACE((1180,1141,1181));
#5121=IFCINDEXEDPOLYGONALFACE((1859,1820,1860));
#5122=IFCINDEXEDPOLYGONALFACE((2156,2117,2157));
#5123=IFCINDEXEDPOLYGONALFACE((485,500,504));
#5124=IFCINDEXEDPOLYGONALFACE((1148,1163,1167));
#5125=IFCINDEXEDPOLYGONALFACE((1827,1842,1846));
#5126=IFCINDEXEDPOLYGONALFACE((2124,2139,2143));
#5127=IFCINDEXEDPOLYGONALFACE((501,489,500));
#5128=IFCINDEXEDPOLYGONALFACE((1164,1152,1163));
#5129=IFCINDEXEDPOLYGONALFACE((1843,1831,1842));
#5130=IFCINDEXEDPOLYGONALFACE((2140,2128,2139));
#5131=IFCINDEXEDPOLYGONALFACE((500,489,499));
#5132=IFCINDEXEDPOLYGONALFACE((1163,1152,1162));
#5133=IFCINDEXEDPOLYGONALFACE((1842,1831,1841));
#5134=IFCINDEXEDPOLYGONALFACE((2139,2128,2138));
#5135=IFCINDEXEDPOLYGONALFACE((501,494,489));
#5136=IFCINDEXEDPOLYGONALFACE((1164,1157,1152));
#5137=IFCINDEXEDPOLYGONALFACE((1843,1836,1831));
#5138=IFCINDEXEDPOLYGONALFACE((2140,2133,2128));
#5139=IFCINDEXEDPOLYGONALFACE((494,501,502));
#5140=IFCINDEXEDPOLYGONALFACE((1157,1164,1165));
#5141=IFCINDEXEDPOLYGONALFACE((1836,1843,1844));
#5142=IFCINDEXEDPOLYGONALFACE((2133,2140,2141));
#5143=IFCINDEXEDPOLYGONALFACE((494,502,445));
#5144=IFCINDEXEDPOLYGONALFACE((1157,1165,442));
#5145=IFCINDEXEDPOLYGONALFACE((1836,1844,439));
#5146=IFCINDEXEDPOLYGONALFACE((2133,2141,436));
#5147=IFCINDEXEDPOLYGONALFACE((502,495,498));
#5148=IFCINDEXEDPOLYGONALFACE((1165,1158,1161));
#5149=IFCINDEXEDPOLYGONALFACE((1844,1837,1840));
#5150=IFCINDEXEDPOLYGONALFACE((2141,2134,2137));
#5151=IFCINDEXEDPOLYGONALFACE((484,534,523));
#5152=IFCINDEXEDPOLYGONALFACE((1147,1197,1186));
#5153=IFCINDEXEDPOLYGONALFACE((1826,1876,1865));
#5154=IFCINDEXEDPOLYGONALFACE((2123,2173,2162));
#5155=IFCINDEXEDPOLYGONALFACE((526,524,488));
#5156=IFCINDEXEDPOLYGONALFACE((1189,1187,1151));
#5157=IFCINDEXEDPOLYGONALFACE((1868,1866,1830));
#5158=IFCINDEXEDPOLYGONALFACE((2165,2163,2127));
#5159=IFCINDEXEDPOLYGONALFACE((538,521,487));
#5160=IFCINDEXEDPOLYGONALFACE((1201,1184,1150));
#5161=IFCINDEXEDPOLYGONALFACE((1880,1863,1829));
#5162=IFCINDEXEDPOLYGONALFACE((2177,2160,2126));
#5163=IFCINDEXEDPOLYGONALFACE((507,509,540));
#5164=IFCINDEXEDPOLYGONALFACE((1170,1172,1203));
#5165=IFCINDEXEDPOLYGONALFACE((1849,1851,1882));
#5166=IFCINDEXEDPOLYGONALFACE((2146,2148,2179));
#5167=IFCINDEXEDPOLYGONALFACE((487,505,538));
#5168=IFCINDEXEDPOLYGONALFACE((1150,1168,1201));
#5169=IFCINDEXEDPOLYGONALFACE((1829,1847,1880));
#5170=IFCINDEXEDPOLYGONALFACE((2126,2144,2177));
#5171=IFCINDEXEDPOLYGONALFACE((540,509,508));
#5172=IFCINDEXEDPOLYGONALFACE((1203,1172,1171));
#5173=IFCINDEXEDPOLYGONALFACE((1882,1851,1850));
#5174=IFCINDEXEDPOLYGONALFACE((2179,2148,2147));
#5175=IFCINDEXEDPOLYGONALFACE((510,511,479));
#5176=IFCINDEXEDPOLYGONALFACE((1173,1174,1142));
#5177=IFCINDEXEDPOLYGONALFACE((1852,1853,1821));
#5178=IFCINDEXEDPOLYGONALFACE((2149,2150,2118));
#5179=IFCINDEXEDPOLYGONALFACE((508,509,473));
#5180=IFCINDEXEDPOLYGONALFACE((1171,1172,1136));
#5181=IFCINDEXEDPOLYGONALFACE((1850,1851,1815));
#5182=IFCINDEXEDPOLYGONALFACE((2147,2148,2112));
#5183=IFCINDEXEDPOLYGONALFACE((479,509,507));
#5184=IFCINDEXEDPOLYGONALFACE((1142,1172,1170));
#5185=IFCINDEXEDPOLYGONALFACE((1821,1851,1849));
#5186=IFCINDEXEDPOLYGONALFACE((2118,2148,2146));
#5187=IFCINDEXEDPOLYGONALFACE((476,519,512));
#5188=IFCINDEXEDPOLYGONALFACE((1139,1182,1175));
#5189=IFCINDEXEDPOLYGONALFACE((1818,1861,1854));
#5190=IFCINDEXEDPOLYGONALFACE((2115,2158,2151));
#5191=IFCINDEXEDPOLYGONALFACE((509,479,511));
#5192=IFCINDEXEDPOLYGONALFACE((1172,1142,1174));
#5193=IFCINDEXEDPOLYGONALFACE((1851,1821,1853));
#5194=IFCINDEXEDPOLYGONALFACE((2148,2118,2150));
#5195=IFCINDEXEDPOLYGONALFACE((511,512,519));
#5196=IFCINDEXEDPOLYGONALFACE((1174,1175,1182));
#5197=IFCINDEXEDPOLYGONALFACE((1853,1854,1861));
#5198=IFCINDEXEDPOLYGONALFACE((2150,2151,2158));
#5199=IFCINDEXEDPOLYGONALFACE((514,515,474));
#5200=IFCINDEXEDPOLYGONALFACE((1177,1178,1137));
#5201=IFCINDEXEDPOLYGONALFACE((1856,1857,1816));
#5202=IFCINDEXEDPOLYGONALFACE((2153,2154,2113));
#5203=IFCINDEXEDPOLYGONALFACE((512,510,472));
#5204=IFCINDEXEDPOLYGONALFACE((1175,1173,1135));
#5205=IFCINDEXEDPOLYGONALFACE((1854,1852,1814));
#5206=IFCINDEXEDPOLYGONALFACE((2151,2149,2111));
#5207=IFCINDEXEDPOLYGONALFACE((474,515,517));
#5208=IFCINDEXEDPOLYGONALFACE((1137,1178,1180));
#5209=IFCINDEXEDPOLYGONALFACE((1816,1857,1859));
#5210=IFCINDEXEDPOLYGONALFACE((2113,2154,2156));
#5211=IFCINDEXEDPOLYGONALFACE((520,515,514));
#5212=IFCINDEXEDPOLYGONALFACE((1183,1178,1177));
#5213=IFCINDEXEDPOLYGONALFACE((1862,1857,1856));
#5214=IFCINDEXEDPOLYGONALFACE((2159,2154,2153));
#5215=IFCINDEXEDPOLYGONALFACE((513,478,517));
#5216=IFCINDEXEDPOLYGONALFACE((1176,1141,1180));
#5217=IFCINDEXEDPOLYGONALFACE((1855,1820,1859));
#5218=IFCINDEXEDPOLYGONALFACE((2152,2117,2156));
#5219=IFCINDEXEDPOLYGONALFACE((513,515,472));
#5220=IFCINDEXEDPOLYGONALFACE((1176,1178,1135));
#5221=IFCINDEXEDPOLYGONALFACE((1855,1857,1814));
#5222=IFCINDEXEDPOLYGONALFACE((2152,2154,2111));
#5223=IFCINDEXEDPOLYGONALFACE((517,516,474));
#5224=IFCINDEXEDPOLYGONALFACE((1180,1179,1137));
#5225=IFCINDEXEDPOLYGONALFACE((1859,1858,1816));
#5226=IFCINDEXEDPOLYGONALFACE((2156,2155,2113));
#5227=IFCINDEXEDPOLYGONALFACE((475,516,518));
#5228=IFCINDEXEDPOLYGONALFACE((1138,1179,1181));
#5229=IFCINDEXEDPOLYGONALFACE((1817,1858,1860));
#5230=IFCINDEXEDPOLYGONALFACE((2114,2155,2157));
#5231=IFCINDEXEDPOLYGONALFACE((516,517,518));
#5232=IFCINDEXEDPOLYGONALFACE((1179,1180,1181));
#5233=IFCINDEXEDPOLYGONALFACE((1858,1859,1860));
#5234=IFCINDEXEDPOLYGONALFACE((2155,2156,2157));
#5235=IFCINDEXEDPOLYGONALFACE((475,518,539));
#5236=IFCINDEXEDPOLYGONALFACE((1138,1181,1202));
#5237=IFCINDEXEDPOLYGONALFACE((1817,1860,1881));
#5238=IFCINDEXEDPOLYGONALFACE((2114,2157,2178));
#5239=IFCINDEXEDPOLYGONALFACE((518,478,497));
#5240=IFCINDEXEDPOLYGONALFACE((1181,1141,1160));
#5241=IFCINDEXEDPOLYGONALFACE((1860,1820,1839));
#5242=IFCINDEXEDPOLYGONALFACE((2157,2117,2136));
#5243=IFCINDEXEDPOLYGONALFACE((519,473,511));
#5244=IFCINDEXEDPOLYGONALFACE((1182,1136,1174));
#5245=IFCINDEXEDPOLYGONALFACE((1861,1815,1853));
#5246=IFCINDEXEDPOLYGONALFACE((2158,2112,2150));
#5247=IFCINDEXEDPOLYGONALFACE((515,520,472));
#5248=IFCINDEXEDPOLYGONALFACE((1178,1183,1135));
#5249=IFCINDEXEDPOLYGONALFACE((1857,1862,1814));
#5250=IFCINDEXEDPOLYGONALFACE((2154,2159,2111));
#5251=IFCINDEXEDPOLYGONALFACE((512,520,476));
#5252=IFCINDEXEDPOLYGONALFACE((1175,1183,1139));
#5253=IFCINDEXEDPOLYGONALFACE((1854,1862,1818));
#5254=IFCINDEXEDPOLYGONALFACE((2151,2159,2115));
#5255=IFCINDEXEDPOLYGONALFACE((483,521,538));
#5256=IFCINDEXEDPOLYGONALFACE((1146,1184,1201));
#5257=IFCINDEXEDPOLYGONALFACE((1825,1863,1880));
#5258=IFCINDEXEDPOLYGONALFACE((2122,2160,2177));
#5259=IFCINDEXEDPOLYGONALFACE((522,533,521));
#5260=IFCINDEXEDPOLYGONALFACE((1185,1196,1184));
#5261=IFCINDEXEDPOLYGONALFACE((1864,1875,1863));
#5262=IFCINDEXEDPOLYGONALFACE((2161,2172,2160));
#5263=IFCINDEXEDPOLYGONALFACE((525,534,490));
#5264=IFCINDEXEDPOLYGONALFACE((1188,1197,1153));
#5265=IFCINDEXEDPOLYGONALFACE((1867,1876,1832));
#5266=IFCINDEXEDPOLYGONALFACE((2164,2173,2129));
#5267=IFCINDEXEDPOLYGONALFACE((526,525,524));
#5268=IFCINDEXEDPOLYGONALFACE((1189,1188,1187));
#5269=IFCINDEXEDPOLYGONALFACE((1868,1867,1866));
#5270=IFCINDEXEDPOLYGONALFACE((2165,2164,2163));
#5271=IFCINDEXEDPOLYGONALFACE((534,525,523));
#5272=IFCINDEXEDPOLYGONALFACE((1197,1188,1186));
#5273=IFCINDEXEDPOLYGONALFACE((1876,1867,1865));
#5274=IFCINDEXEDPOLYGONALFACE((2173,2164,2162));
#5275=IFCINDEXEDPOLYGONALFACE((526,503,525));
#5276=IFCINDEXEDPOLYGONALFACE((1189,1166,1188));
#5277=IFCINDEXEDPOLYGONALFACE((1868,1845,1867));
#5278=IFCINDEXEDPOLYGONALFACE((2165,2142,2164));
#5279=IFCINDEXEDPOLYGONALFACE((534,522,490));
#5280=IFCINDEXEDPOLYGONALFACE((1197,1185,1153));
#5281=IFCINDEXEDPOLYGONALFACE((1876,1864,1832));
#5282=IFCINDEXEDPOLYGONALFACE((2173,2161,2129));
#5283=IFCINDEXEDPOLYGONALFACE((524,525,490));
#5284=IFCINDEXEDPOLYGONALFACE((1187,1188,1153));
#5285=IFCINDEXEDPOLYGONALFACE((1866,1867,1832));
#5286=IFCINDEXEDPOLYGONALFACE((2163,2164,2129));
#5287=IFCINDEXEDPOLYGONALFACE((486,536,528));
#5288=IFCINDEXEDPOLYGONALFACE((1149,1199,1191));
#5289=IFCINDEXEDPOLYGONALFACE((1828,1878,1870));
#5290=IFCINDEXEDPOLYGONALFACE((2125,2175,2167));
#5291=IFCINDEXEDPOLYGONALFACE((486,537,529));
#5292=IFCINDEXEDPOLYGONALFACE((1149,1200,1192));
#5293=IFCINDEXEDPOLYGONALFACE((1828,1879,1871));
#5294=IFCINDEXEDPOLYGONALFACE((2125,2176,2168));
#5295=IFCINDEXEDPOLYGONALFACE((536,526,528));
#5296=IFCINDEXEDPOLYGONALFACE((1199,1189,1191));
#5297=IFCINDEXEDPOLYGONALFACE((1878,1868,1870));
#5298=IFCINDEXEDPOLYGONALFACE((2175,2165,2167));
#5299=IFCINDEXEDPOLYGONALFACE((488,528,526));
#5300=IFCINDEXEDPOLYGONALFACE((1151,1191,1189));
#5301=IFCINDEXEDPOLYGONALFACE((1830,1870,1868));
#5302=IFCINDEXEDPOLYGONALFACE((2127,2167,2165));
#5303=IFCINDEXEDPOLYGONALFACE((537,528,527));
#5304=IFCINDEXEDPOLYGONALFACE((1200,1191,1190));
#5305=IFCINDEXEDPOLYGONALFACE((1879,1870,1869));
#5306=IFCINDEXEDPOLYGONALFACE((2176,2167,2166));
#5307=IFCINDEXEDPOLYGONALFACE((531,532,491));
#5308=IFCINDEXEDPOLYGONALFACE((1194,1195,1154));
#5309=IFCINDEXEDPOLYGONALFACE((1873,1874,1833));
#5310=IFCINDEXEDPOLYGONALFACE((2170,2171,2130));
#5311=IFCINDEXEDPOLYGONALFACE((529,530,493));
#5312=IFCINDEXEDPOLYGONALFACE((1192,1193,1156));
#5313=IFCINDEXEDPOLYGONALFACE((1871,1872,1835));
#5314=IFCINDEXEDPOLYGONALFACE((2168,2169,2132));
#5315=IFCINDEXEDPOLYGONALFACE((527,491,537));
#5316=IFCINDEXEDPOLYGONALFACE((1190,1154,1200));
#5317=IFCINDEXEDPOLYGONALFACE((1869,1833,1879));
#5318=IFCINDEXEDPOLYGONALFACE((2166,2130,2176));
#5319=IFCINDEXEDPOLYGONALFACE((532,531,550));
#5320=IFCINDEXEDPOLYGONALFACE((1195,1194,1213));
#5321=IFCINDEXEDPOLYGONALFACE((1874,1873,1892));
#5322=IFCINDEXEDPOLYGONALFACE((2171,2170,2189));
#5323=IFCINDEXEDPOLYGONALFACE((535,493,532));
#5324=IFCINDEXEDPOLYGONALFACE((1198,1156,1195));
#5325=IFCINDEXEDPOLYGONALFACE((1877,1835,1874));
#5326=IFCINDEXEDPOLYGONALFACE((2174,2132,2171));
#5327=IFCINDEXEDPOLYGONALFACE((550,535,532));
#5328=IFCINDEXEDPOLYGONALFACE((1213,1198,1195));
#5329=IFCINDEXEDPOLYGONALFACE((1892,1877,1874));
#5330=IFCINDEXEDPOLYGONALFACE((2189,2174,2171));
#5331=IFCINDEXEDPOLYGONALFACE((487,521,533));
#5332=IFCINDEXEDPOLYGONALFACE((1150,1184,1196));
#5333=IFCINDEXEDPOLYGONALFACE((1829,1863,1875));
#5334=IFCINDEXEDPOLYGONALFACE((2126,2160,2172));
#5335=IFCINDEXEDPOLYGONALFACE((522,484,533));
#5336=IFCINDEXEDPOLYGONALFACE((1185,1147,1196));
#5337=IFCINDEXEDPOLYGONALFACE((1864,1826,1875));
#5338=IFCINDEXEDPOLYGONALFACE((2161,2123,2172));
#5339=IFCINDEXEDPOLYGONALFACE((522,534,484));
#5340=IFCINDEXEDPOLYGONALFACE((1185,1197,1147));
#5341=IFCINDEXEDPOLYGONALFACE((1864,1876,1826));
#5342=IFCINDEXEDPOLYGONALFACE((2161,2173,2123));
#5343=IFCINDEXEDPOLYGONALFACE((536,503,526));
#5344=IFCINDEXEDPOLYGONALFACE((1199,1166,1189));
#5345=IFCINDEXEDPOLYGONALFACE((1878,1845,1868));
#5346=IFCINDEXEDPOLYGONALFACE((2175,2142,2165));
#5347=IFCINDEXEDPOLYGONALFACE((471,535,550));
#5348=IFCINDEXEDPOLYGONALFACE((1134,1198,1213));
#5349=IFCINDEXEDPOLYGONALFACE((1813,1877,1892));
#5350=IFCINDEXEDPOLYGONALFACE((2110,2174,2189));
#5351=IFCINDEXEDPOLYGONALFACE((491,530,537));
#5352=IFCINDEXEDPOLYGONALFACE((1154,1193,1200));
#5353=IFCINDEXEDPOLYGONALFACE((1833,1872,1879));
#5354=IFCINDEXEDPOLYGONALFACE((2130,2169,2176));
#5355=IFCINDEXEDPOLYGONALFACE((528,537,486));
#5356=IFCINDEXEDPOLYGONALFACE((1191,1200,1149));
#5357=IFCINDEXEDPOLYGONALFACE((1870,1879,1828));
#5358=IFCINDEXEDPOLYGONALFACE((2167,2176,2125));
#5359=IFCINDEXEDPOLYGONALFACE((483,538,499));
#5360=IFCINDEXEDPOLYGONALFACE((1146,1201,1162));
#5361=IFCINDEXEDPOLYGONALFACE((1825,1880,1841));
#5362=IFCINDEXEDPOLYGONALFACE((2122,2177,2138));
#5363=IFCINDEXEDPOLYGONALFACE((505,504,538));
#5364=IFCINDEXEDPOLYGONALFACE((1168,1167,1201));
#5365=IFCINDEXEDPOLYGONALFACE((1847,1846,1880));
#5366=IFCINDEXEDPOLYGONALFACE((2144,2143,2177));
#5367=IFCINDEXEDPOLYGONALFACE((475,539,92));
#5368=IFCINDEXEDPOLYGONALFACE((1138,1202,69));
#5369=IFCINDEXEDPOLYGONALFACE((1817,1881,73));
#5370=IFCINDEXEDPOLYGONALFACE((2114,2178,101));
#5371=IFCINDEXEDPOLYGONALFACE((469,539,283));
#5372=IFCINDEXEDPOLYGONALFACE((281,1202,282));
#5373=IFCINDEXEDPOLYGONALFACE((326,1881,194));
#5374=IFCINDEXEDPOLYGONALFACE((192,2178,193));
#5375=IFCINDEXEDPOLYGONALFACE((540,543,477));
#5376=IFCINDEXEDPOLYGONALFACE((1203,1206,1140));
#5377=IFCINDEXEDPOLYGONALFACE((1882,1885,1819));
#5378=IFCINDEXEDPOLYGONALFACE((2179,2182,2116));
#5379=IFCINDEXEDPOLYGONALFACE((549,545,481));
#5380=IFCINDEXEDPOLYGONALFACE((1212,1208,1144));
#5381=IFCINDEXEDPOLYGONALFACE((1891,1887,1823));
#5382=IFCINDEXEDPOLYGONALFACE((2188,2184,2120));
#5383=IFCINDEXEDPOLYGONALFACE((541,543,540));
#5384=IFCINDEXEDPOLYGONALFACE((1204,1206,1203));
#5385=IFCINDEXEDPOLYGONALFACE((1883,1885,1882));
#5386=IFCINDEXEDPOLYGONALFACE((2180,2182,2179));
#5387=IFCINDEXEDPOLYGONALFACE((544,482,545));
#5388=IFCINDEXEDPOLYGONALFACE((1207,1145,1208));
#5389=IFCINDEXEDPOLYGONALFACE((1886,1824,1887));
#5390=IFCINDEXEDPOLYGONALFACE((2183,2121,2184));
#5391=IFCINDEXEDPOLYGONALFACE((543,542,477));
#5392=IFCINDEXEDPOLYGONALFACE((1206,1205,1140));
#5393=IFCINDEXEDPOLYGONALFACE((1885,1884,1819));
#5394=IFCINDEXEDPOLYGONALFACE((2182,2181,2116));
#5395=IFCINDEXEDPOLYGONALFACE((544,549,480));
#5396=IFCINDEXEDPOLYGONALFACE((1207,1212,1143));
#5397=IFCINDEXEDPOLYGONALFACE((1886,1891,1822));
#5398=IFCINDEXEDPOLYGONALFACE((2183,2188,2119));
#5399=IFCINDEXEDPOLYGONALFACE((543,480,549));
#5400=IFCINDEXEDPOLYGONALFACE((1206,1143,1212));
#5401=IFCINDEXEDPOLYGONALFACE((1885,1822,1891));
#5402=IFCINDEXEDPOLYGONALFACE((2182,2119,2188));
#5403=IFCINDEXEDPOLYGONALFACE((546,481,545));
#5404=IFCINDEXEDPOLYGONALFACE((1209,1144,1208));
#5405=IFCINDEXEDPOLYGONALFACE((1888,1823,1887));
#5406=IFCINDEXEDPOLYGONALFACE((2185,2120,2184));
#5407=IFCINDEXEDPOLYGONALFACE((550,470,551));
#5408=IFCINDEXEDPOLYGONALFACE((1213,1133,1214));
#5409=IFCINDEXEDPOLYGONALFACE((1892,1812,1893));
#5410=IFCINDEXEDPOLYGONALFACE((2189,2109,2190));
#5411=IFCINDEXEDPOLYGONALFACE((470,546,551));
#5412=IFCINDEXEDPOLYGONALFACE((1133,1209,1214));
#5413=IFCINDEXEDPOLYGONALFACE((1812,1888,1893));
#5414=IFCINDEXEDPOLYGONALFACE((2109,2185,2190));
#5415=IFCINDEXEDPOLYGONALFACE((547,548,551));
#5416=IFCINDEXEDPOLYGONALFACE((1210,1211,1214));
#5417=IFCINDEXEDPOLYGONALFACE((1889,1890,1893));
#5418=IFCINDEXEDPOLYGONALFACE((2186,2187,2190));
#5419=IFCINDEXEDPOLYGONALFACE((543,549,542));
#5420=IFCINDEXEDPOLYGONALFACE((1206,1212,1205));
#5421=IFCINDEXEDPOLYGONALFACE((1885,1891,1884));
#5422=IFCINDEXEDPOLYGONALFACE((2182,2188,2181));
#5423=IFCINDEXEDPOLYGONALFACE((547,482,548));
#5424=IFCINDEXEDPOLYGONALFACE((1210,1145,1211));
#5425=IFCINDEXEDPOLYGONALFACE((1889,1824,1890));
#5426=IFCINDEXEDPOLYGONALFACE((2186,2121,2187));
#5427=IFCINDEXEDPOLYGONALFACE((545,549,544));
#5428=IFCINDEXEDPOLYGONALFACE((1208,1212,1207));
#5429=IFCINDEXEDPOLYGONALFACE((1887,1891,1886));
#5430=IFCINDEXEDPOLYGONALFACE((2184,2188,2183));
#5431=IFCINDEXEDPOLYGONALFACE((551,548,471));
#5432=IFCINDEXEDPOLYGONALFACE((1214,1211,1134));
#5433=IFCINDEXEDPOLYGONALFACE((1893,1890,1813));
#5434=IFCINDEXEDPOLYGONALFACE((2190,2187,2110));
#5435=IFCINDEXEDPOLYGONALFACE((470,550,531));
#5436=IFCINDEXEDPOLYGONALFACE((1133,1213,1194));
#5437=IFCINDEXEDPOLYGONALFACE((1812,1892,1873));
#5438=IFCINDEXEDPOLYGONALFACE((2109,2189,2170));
#5439=IFCINDEXEDPOLYGONALFACE((546,547,551));
#5440=IFCINDEXEDPOLYGONALFACE((1209,1210,1214));
#5441=IFCINDEXEDPOLYGONALFACE((1888,1889,1893));
#5442=IFCINDEXEDPOLYGONALFACE((2185,2186,2190));
#5443=IFCINDEXEDPOLYGONALFACE((550,551,471));
#5444=IFCINDEXEDPOLYGONALFACE((1213,1214,1134));
#5445=IFCINDEXEDPOLYGONALFACE((1892,1893,1813));
#5446=IFCINDEXEDPOLYGONALFACE((2189,2190,2110));
#5447=IFCINDEXEDPOLYGONALFACE((569,524,568));
#5448=IFCINDEXEDPOLYGONALFACE((1232,1187,1231));
#5449=IFCINDEXEDPOLYGONALFACE((1911,1866,1910));
#5450=IFCINDEXEDPOLYGONALFACE((2208,2163,2207));
#5451=IFCINDEXEDPOLYGONALFACE((577,576,489,494,444,443));
#5452=IFCINDEXEDPOLYGONALFACE((1240,1239,1152,1157,441,440));
#5453=IFCINDEXEDPOLYGONALFACE((1919,1918,1831,1836,438,437));
#5454=IFCINDEXEDPOLYGONALFACE((2216,2215,2128,2133,435,434));
#5455=IFCINDEXEDPOLYGONALFACE((602,284,283));
#5456=IFCINDEXEDPOLYGONALFACE((1265,327,282));
#5457=IFCINDEXEDPOLYGONALFACE((1944,195,194));
#5458=IFCINDEXEDPOLYGONALFACE((2241,238,193));
#5459=IFCINDEXEDPOLYGONALFACE((609,608,491));
#5460=IFCINDEXEDPOLYGONALFACE((1272,1271,1154));
#5461=IFCINDEXEDPOLYGONALFACE((1951,1950,1833));
#5462=IFCINDEXEDPOLYGONALFACE((2248,2247,2130));
#5463=IFCINDEXEDPOLYGONALFACE((483,499,580));
#5464=IFCINDEXEDPOLYGONALFACE((1146,1162,1243));
#5465=IFCINDEXEDPOLYGONALFACE((1825,1841,1922));
#5466=IFCINDEXEDPOLYGONALFACE((2122,2138,2219));
#5467=IFCINDEXEDPOLYGONALFACE((577,443,67,555,575,576));
#5468=IFCINDEXEDPOLYGONALFACE((1240,440,71,1218,1238,1239));
#5469=IFCINDEXEDPOLYGONALFACE((1919,437,99,1897,1917,1918));
#5470=IFCINDEXEDPOLYGONALFACE((2216,434,432,2194,2214,2215));
#5471=IFCINDEXEDPOLYGONALFACE((591,587,586));
#5472=IFCINDEXEDPOLYGONALFACE((1254,1250,1249));
#5473=IFCINDEXEDPOLYGONALFACE((1933,1929,1928));
#5474=IFCINDEXEDPOLYGONALFACE((2230,2226,2225));
#5475=IFCINDEXEDPOLYGONALFACE((579,556,580));
#5476=IFCINDEXEDPOLYGONALFACE((1242,1219,1243));
#5477=IFCINDEXEDPOLYGONALFACE((1921,1898,1922));
#5478=IFCINDEXEDPOLYGONALFACE((2218,2195,2219));
#5479=IFCINDEXEDPOLYGONALFACE((510,479,585));
#5480=IFCINDEXEDPOLYGONALFACE((1173,1142,1248));
#5481=IFCINDEXEDPOLYGONALFACE((1852,1821,1927));
#5482=IFCINDEXEDPOLYGONALFACE((2149,2118,2224));
#5483=IFCINDEXEDPOLYGONALFACE((581,492,483));
#5484=IFCINDEXEDPOLYGONALFACE((1244,1155,1146));
#5485=IFCINDEXEDPOLYGONALFACE((1923,1834,1825));
#5486=IFCINDEXEDPOLYGONALFACE((2220,2131,2122));
#5487=IFCINDEXEDPOLYGONALFACE((568,566,569));
#5488=IFCINDEXEDPOLYGONALFACE((1231,1229,1232));
#5489=IFCINDEXEDPOLYGONALFACE((1910,1908,1911));
#5490=IFCINDEXEDPOLYGONALFACE((2207,2205,2208));
#5491=IFCINDEXEDPOLYGONALFACE((492,581,582));
#5492=IFCINDEXEDPOLYGONALFACE((1155,1244,1245));
#5493=IFCINDEXEDPOLYGONALFACE((1834,1923,1924));
#5494=IFCINDEXEDPOLYGONALFACE((2131,2220,2221));
#5495=IFCINDEXEDPOLYGONALFACE((603,531,608));
#5496=IFCINDEXEDPOLYGONALFACE((1266,1194,1271));
#5497=IFCINDEXEDPOLYGONALFACE((1945,1873,1950));
#5498=IFCINDEXEDPOLYGONALFACE((2242,2170,2247));
#5499=IFCINDEXEDPOLYGONALFACE((571,527,572));
#5500=IFCINDEXEDPOLYGONALFACE((1234,1190,1235));
#5501=IFCINDEXEDPOLYGONALFACE((1913,1869,1914));
#5502=IFCINDEXEDPOLYGONALFACE((2210,2166,2211));
#5503=IFCINDEXEDPOLYGONALFACE((603,470,531));
#5504=IFCINDEXEDPOLYGONALFACE((1266,1133,1194));
#5505=IFCINDEXEDPOLYGONALFACE((1945,1812,1873));
#5506=IFCINDEXEDPOLYGONALFACE((2242,2109,2170));
#5507=IFCINDEXEDPOLYGONALFACE((605,606,604));
#5508=IFCINDEXEDPOLYGONALFACE((1268,1269,1267));
#5509=IFCINDEXEDPOLYGONALFACE((1947,1948,1946));
#5510=IFCINDEXEDPOLYGONALFACE((2244,2245,2243));
#5511=IFCINDEXEDPOLYGONALFACE((565,70,284));
#5512=IFCINDEXEDPOLYGONALFACE((1228,74,327));
#5513=IFCINDEXEDPOLYGONALFACE((1907,102,195));
#5514=IFCINDEXEDPOLYGONALFACE((2204,239,238));
#5515=IFCINDEXEDPOLYGONALFACE((596,595,560));
#5516=IFCINDEXEDPOLYGONALFACE((1259,1258,1223));
#5517=IFCINDEXEDPOLYGONALFACE((1938,1937,1902));
#5518=IFCINDEXEDPOLYGONALFACE((2235,2234,2199));
#5519=IFCINDEXEDPOLYGONALFACE((472,589,593));
#5520=IFCINDEXEDPOLYGONALFACE((1135,1252,1256));
#5521=IFCINDEXEDPOLYGONALFACE((1814,1931,1935));
#5522=IFCINDEXEDPOLYGONALFACE((2111,2228,2232));
#5523=IFCINDEXEDPOLYGONALFACE((589,562,593));
#5524=IFCINDEXEDPOLYGONALFACE((1252,1225,1256));
#5525=IFCINDEXEDPOLYGONALFACE((1931,1904,1935));
#5526=IFCINDEXEDPOLYGONALFACE((2228,2201,2232));
#5527=IFCINDEXEDPOLYGONALFACE((561,599,598));
#5528=IFCINDEXEDPOLYGONALFACE((1224,1262,1261));
#5529=IFCINDEXEDPOLYGONALFACE((1903,1941,1940));
#5530=IFCINDEXEDPOLYGONALFACE((2200,2238,2237));
#5531=IFCINDEXEDPOLYGONALFACE((594,595,593));
#5532=IFCINDEXEDPOLYGONALFACE((1257,1258,1256));
#5533=IFCINDEXEDPOLYGONALFACE((1936,1937,1935));
#5534=IFCINDEXEDPOLYGONALFACE((2233,2234,2232));
#5535=IFCINDEXEDPOLYGONALFACE((603,552,604));
#5536=IFCINDEXEDPOLYGONALFACE((1266,1215,1267));
#5537=IFCINDEXEDPOLYGONALFACE((1945,1894,1946));
#5538=IFCINDEXEDPOLYGONALFACE((2242,2191,2243));
#5539=IFCINDEXEDPOLYGONALFACE((592,589,585));
#5540=IFCINDEXEDPOLYGONALFACE((1255,1252,1248));
#5541=IFCINDEXEDPOLYGONALFACE((1934,1931,1927));
#5542=IFCINDEXEDPOLYGONALFACE((2231,2228,2224));
#5543=IFCINDEXEDPOLYGONALFACE((561,598,597));
#5544=IFCINDEXEDPOLYGONALFACE((1224,1261,1260));
#5545=IFCINDEXEDPOLYGONALFACE((1903,1940,1939));
#5546=IFCINDEXEDPOLYGONALFACE((2200,2237,2236));
#5547=IFCINDEXEDPOLYGONALFACE((602,600,564));
#5548=IFCINDEXEDPOLYGONALFACE((1265,1263,1227));
#5549=IFCINDEXEDPOLYGONALFACE((1944,1942,1906));
#5550=IFCINDEXEDPOLYGONALFACE((2241,2239,2203));
#5551=IFCINDEXEDPOLYGONALFACE((564,565,602));
#5552=IFCINDEXEDPOLYGONALFACE((1227,1228,1265));
#5553=IFCINDEXEDPOLYGONALFACE((1906,1907,1944));
#5554=IFCINDEXEDPOLYGONALFACE((2203,2204,2241));
#5555=IFCINDEXEDPOLYGONALFACE((524,490,568));
#5556=IFCINDEXEDPOLYGONALFACE((1187,1153,1231));
#5557=IFCINDEXEDPOLYGONALFACE((1866,1832,1910));
#5558=IFCINDEXEDPOLYGONALFACE((2163,2129,2207));
#5559=IFCINDEXEDPOLYGONALFACE((578,576,575));
#5560=IFCINDEXEDPOLYGONALFACE((1241,1239,1238));
#5561=IFCINDEXEDPOLYGONALFACE((1920,1918,1917));
#5562=IFCINDEXEDPOLYGONALFACE((2217,2215,2214));
#5563=IFCINDEXEDPOLYGONALFACE((602,565,284));
#5564=IFCINDEXEDPOLYGONALFACE((1265,1228,327));
#5565=IFCINDEXEDPOLYGONALFACE((1944,1907,195));
#5566=IFCINDEXEDPOLYGONALFACE((2241,2204,238));
#5567=IFCINDEXEDPOLYGONALFACE((568,567,566));
#5568=IFCINDEXEDPOLYGONALFACE((1231,1230,1229));
#5569=IFCINDEXEDPOLYGONALFACE((1910,1909,1908));
#5570=IFCINDEXEDPOLYGONALFACE((2207,2206,2205));
#5571=IFCINDEXEDPOLYGONALFACE((583,582,553));
#5572=IFCINDEXEDPOLYGONALFACE((1246,1245,1216));
#5573=IFCINDEXEDPOLYGONALFACE((1925,1924,1895));
#5574=IFCINDEXEDPOLYGONALFACE((2222,2221,2192));
#5575=IFCINDEXEDPOLYGONALFACE((568,583,567));
#5576=IFCINDEXEDPOLYGONALFACE((1231,1246,1230));
#5577=IFCINDEXEDPOLYGONALFACE((1910,1925,1909));
#5578=IFCINDEXEDPOLYGONALFACE((2207,2222,2206));
#5579=IFCINDEXEDPOLYGONALFACE((488,524,569));
#5580=IFCINDEXEDPOLYGONALFACE((1151,1187,1232));
#5581=IFCINDEXEDPOLYGONALFACE((1830,1866,1911));
#5582=IFCINDEXEDPOLYGONALFACE((2127,2163,2208));
#5583=IFCINDEXEDPOLYGONALFACE((572,527,488));
#5584=IFCINDEXEDPOLYGONALFACE((1235,1190,1151));
#5585=IFCINDEXEDPOLYGONALFACE((1914,1869,1830));
#5586=IFCINDEXEDPOLYGONALFACE((2211,2166,2127));
#5587=IFCINDEXEDPOLYGONALFACE((569,573,572));
#5588=IFCINDEXEDPOLYGONALFACE((1232,1236,1235));
#5589=IFCINDEXEDPOLYGONALFACE((1911,1915,1914));
#5590=IFCINDEXEDPOLYGONALFACE((2208,2212,2211));
#5591=IFCINDEXEDPOLYGONALFACE((557,571,572));
#5592=IFCINDEXEDPOLYGONALFACE((1220,1234,1235));
#5593=IFCINDEXEDPOLYGONALFACE((1899,1913,1914));
#5594=IFCINDEXEDPOLYGONALFACE((2196,2210,2211));
#5595=IFCINDEXEDPOLYGONALFACE((609,571,570));
#5596=IFCINDEXEDPOLYGONALFACE((1272,1234,1233));
#5597=IFCINDEXEDPOLYGONALFACE((1951,1913,1912));
#5598=IFCINDEXEDPOLYGONALFACE((2248,2210,2209));
#5599=IFCINDEXEDPOLYGONALFACE((570,571,557));
#5600=IFCINDEXEDPOLYGONALFACE((1233,1234,1220));
#5601=IFCINDEXEDPOLYGONALFACE((1912,1913,1899));
#5602=IFCINDEXEDPOLYGONALFACE((2209,2210,2196));
#5603=IFCINDEXEDPOLYGONALFACE((527,571,491));
#5604=IFCINDEXEDPOLYGONALFACE((1190,1234,1154));
#5605=IFCINDEXEDPOLYGONALFACE((1869,1913,1833));
#5606=IFCINDEXEDPOLYGONALFACE((2166,2210,2130));
#5607=IFCINDEXEDPOLYGONALFACE((569,566,573));
#5608=IFCINDEXEDPOLYGONALFACE((1232,1229,1236));
#5609=IFCINDEXEDPOLYGONALFACE((1911,1908,1915));
#5610=IFCINDEXEDPOLYGONALFACE((2208,2205,2212));
#5611=IFCINDEXEDPOLYGONALFACE((569,572,488));
#5612=IFCINDEXEDPOLYGONALFACE((1232,1235,1151));
#5613=IFCINDEXEDPOLYGONALFACE((1911,1914,1830));
#5614=IFCINDEXEDPOLYGONALFACE((2208,2211,2127));
#5615=IFCINDEXEDPOLYGONALFACE((573,557,572));
#5616=IFCINDEXEDPOLYGONALFACE((1236,1220,1235));
#5617=IFCINDEXEDPOLYGONALFACE((1915,1899,1914));
#5618=IFCINDEXEDPOLYGONALFACE((2212,2196,2211));
#5619=IFCINDEXEDPOLYGONALFACE((559,591,586));
#5620=IFCINDEXEDPOLYGONALFACE((1222,1254,1249));
#5621=IFCINDEXEDPOLYGONALFACE((1901,1933,1928));
#5622=IFCINDEXEDPOLYGONALFACE((2198,2230,2225));
#5623=IFCINDEXEDPOLYGONALFACE((588,507,477));
#5624=IFCINDEXEDPOLYGONALFACE((1251,1170,1140));
#5625=IFCINDEXEDPOLYGONALFACE((1930,1849,1819));
#5626=IFCINDEXEDPOLYGONALFACE((2227,2146,2116));
#5627=IFCINDEXEDPOLYGONALFACE((554,611,578));
#5628=IFCINDEXEDPOLYGONALFACE((1217,1274,1241));
#5629=IFCINDEXEDPOLYGONALFACE((1896,1953,1920));
#5630=IFCINDEXEDPOLYGONALFACE((2193,2250,2217));
#5631=IFCINDEXEDPOLYGONALFACE((489,576,578));
#5632=IFCINDEXEDPOLYGONALFACE((1152,1239,1241));
#5633=IFCINDEXEDPOLYGONALFACE((1831,1918,1920));
#5634=IFCINDEXEDPOLYGONALFACE((2128,2215,2217));
#5635=IFCINDEXEDPOLYGONALFACE((499,489,611));
#5636=IFCINDEXEDPOLYGONALFACE((1162,1152,1274));
#5637=IFCINDEXEDPOLYGONALFACE((1841,1831,1953));
#5638=IFCINDEXEDPOLYGONALFACE((2138,2128,2250));
#5639=IFCINDEXEDPOLYGONALFACE((578,575,554));
#5640=IFCINDEXEDPOLYGONALFACE((1241,1238,1217));
#5641=IFCINDEXEDPOLYGONALFACE((1920,1917,1896));
#5642=IFCINDEXEDPOLYGONALFACE((2217,2214,2193));
#5643=IFCINDEXEDPOLYGONALFACE((611,554,579));
#5644=IFCINDEXEDPOLYGONALFACE((1274,1217,1242));
#5645=IFCINDEXEDPOLYGONALFACE((1953,1896,1921));
#5646=IFCINDEXEDPOLYGONALFACE((2250,2193,2218));
#5647=IFCINDEXEDPOLYGONALFACE((580,611,579));
#5648=IFCINDEXEDPOLYGONALFACE((1243,1274,1242));
#5649=IFCINDEXEDPOLYGONALFACE((1922,1953,1921));
#5650=IFCINDEXEDPOLYGONALFACE((2219,2250,2218));
#5651=IFCINDEXEDPOLYGONALFACE((556,581,580));
#5652=IFCINDEXEDPOLYGONALFACE((1219,1244,1243));
#5653=IFCINDEXEDPOLYGONALFACE((1898,1923,1922));
#5654=IFCINDEXEDPOLYGONALFACE((2195,2220,2219));
#5655=IFCINDEXEDPOLYGONALFACE((510,585,589));
#5656=IFCINDEXEDPOLYGONALFACE((1173,1248,1252));
#5657=IFCINDEXEDPOLYGONALFACE((1852,1927,1931));
#5658=IFCINDEXEDPOLYGONALFACE((2149,2224,2228));
#5659=IFCINDEXEDPOLYGONALFACE((483,580,581));
#5660=IFCINDEXEDPOLYGONALFACE((1146,1243,1244));
#5661=IFCINDEXEDPOLYGONALFACE((1825,1922,1923));
#5662=IFCINDEXEDPOLYGONALFACE((2122,2219,2220));
#5663=IFCINDEXEDPOLYGONALFACE((581,584,582));
#5664=IFCINDEXEDPOLYGONALFACE((1244,1247,1245));
#5665=IFCINDEXEDPOLYGONALFACE((1923,1926,1924));
#5666=IFCINDEXEDPOLYGONALFACE((2220,2223,2221));
#5667=IFCINDEXEDPOLYGONALFACE((582,490,492));
#5668=IFCINDEXEDPOLYGONALFACE((1245,1153,1155));
#5669=IFCINDEXEDPOLYGONALFACE((1924,1832,1834));
#5670=IFCINDEXEDPOLYGONALFACE((2221,2129,2131));
#5671=IFCINDEXEDPOLYGONALFACE((568,490,583));
#5672=IFCINDEXEDPOLYGONALFACE((1231,1153,1246));
#5673=IFCINDEXEDPOLYGONALFACE((1910,1832,1925));
#5674=IFCINDEXEDPOLYGONALFACE((2207,2129,2222));
#5675=IFCINDEXEDPOLYGONALFACE((567,583,553));
#5676=IFCINDEXEDPOLYGONALFACE((1230,1246,1216));
#5677=IFCINDEXEDPOLYGONALFACE((1909,1925,1895));
#5678=IFCINDEXEDPOLYGONALFACE((2206,2222,2192));
#5679=IFCINDEXEDPOLYGONALFACE((582,583,490));
#5680=IFCINDEXEDPOLYGONALFACE((1245,1246,1153));
#5681=IFCINDEXEDPOLYGONALFACE((1924,1925,1832));
#5682=IFCINDEXEDPOLYGONALFACE((2221,2222,2129));
#5683=IFCINDEXEDPOLYGONALFACE((553,582,584));
#5684=IFCINDEXEDPOLYGONALFACE((1216,1245,1247));
#5685=IFCINDEXEDPOLYGONALFACE((1895,1924,1926));
#5686=IFCINDEXEDPOLYGONALFACE((2192,2221,2223));
#5687=IFCINDEXEDPOLYGONALFACE((581,556,584));
#5688=IFCINDEXEDPOLYGONALFACE((1244,1219,1247));
#5689=IFCINDEXEDPOLYGONALFACE((1923,1898,1926));
#5690=IFCINDEXEDPOLYGONALFACE((2220,2195,2223));
#5691=IFCINDEXEDPOLYGONALFACE((588,587,507));
#5692=IFCINDEXEDPOLYGONALFACE((1251,1250,1170));
#5693=IFCINDEXEDPOLYGONALFACE((1930,1929,1849));
#5694=IFCINDEXEDPOLYGONALFACE((2227,2226,2146));
#5695=IFCINDEXEDPOLYGONALFACE((587,574,586));
#5696=IFCINDEXEDPOLYGONALFACE((1250,1237,1249));
#5697=IFCINDEXEDPOLYGONALFACE((1929,1916,1928));
#5698=IFCINDEXEDPOLYGONALFACE((2226,2213,2225));
#5699=IFCINDEXEDPOLYGONALFACE((588,574,587));
#5700=IFCINDEXEDPOLYGONALFACE((1251,1237,1250));
#5701=IFCINDEXEDPOLYGONALFACE((1930,1916,1929));
#5702=IFCINDEXEDPOLYGONALFACE((2227,2213,2226));
#5703=IFCINDEXEDPOLYGONALFACE((591,585,479));
#5704=IFCINDEXEDPOLYGONALFACE((1254,1248,1142));
#5705=IFCINDEXEDPOLYGONALFACE((1933,1927,1821));
#5706=IFCINDEXEDPOLYGONALFACE((2230,2224,2118));
#5707=IFCINDEXEDPOLYGONALFACE((479,507,591));
#5708=IFCINDEXEDPOLYGONALFACE((1142,1170,1254));
#5709=IFCINDEXEDPOLYGONALFACE((1821,1849,1933));
#5710=IFCINDEXEDPOLYGONALFACE((2118,2146,2230));
#5711=IFCINDEXEDPOLYGONALFACE((590,574,588));
#5712=IFCINDEXEDPOLYGONALFACE((1253,1237,1251));
#5713=IFCINDEXEDPOLYGONALFACE((1932,1916,1930));
#5714=IFCINDEXEDPOLYGONALFACE((2229,2213,2227));
#5715=IFCINDEXEDPOLYGONALFACE((542,481,598));
#5716=IFCINDEXEDPOLYGONALFACE((1205,1144,1261));
#5717=IFCINDEXEDPOLYGONALFACE((1884,1823,1940));
#5718=IFCINDEXEDPOLYGONALFACE((2181,2120,2237));
#5719=IFCINDEXEDPOLYGONALFACE((510,589,472));
#5720=IFCINDEXEDPOLYGONALFACE((1173,1252,1135));
#5721=IFCINDEXEDPOLYGONALFACE((1852,1931,1814));
#5722=IFCINDEXEDPOLYGONALFACE((2149,2228,2111));
#5723=IFCINDEXEDPOLYGONALFACE((477,599,588));
#5724=IFCINDEXEDPOLYGONALFACE((1140,1262,1251));
#5725=IFCINDEXEDPOLYGONALFACE((1819,1941,1930));
#5726=IFCINDEXEDPOLYGONALFACE((2116,2238,2227));
#5727=IFCINDEXEDPOLYGONALFACE((585,559,592));
#5728=IFCINDEXEDPOLYGONALFACE((1248,1222,1255));
#5729=IFCINDEXEDPOLYGONALFACE((1927,1901,1934));
#5730=IFCINDEXEDPOLYGONALFACE((2224,2198,2231));
#5731=IFCINDEXEDPOLYGONALFACE((507,587,591));
#5732=IFCINDEXEDPOLYGONALFACE((1170,1250,1254));
#5733=IFCINDEXEDPOLYGONALFACE((1849,1929,1933));
#5734=IFCINDEXEDPOLYGONALFACE((2146,2226,2230));
#5735=IFCINDEXEDPOLYGONALFACE((561,590,599));
#5736=IFCINDEXEDPOLYGONALFACE((1224,1253,1262));
#5737=IFCINDEXEDPOLYGONALFACE((1903,1932,1941));
#5738=IFCINDEXEDPOLYGONALFACE((2200,2229,2238));
#5739=IFCINDEXEDPOLYGONALFACE((585,591,559));
#5740=IFCINDEXEDPOLYGONALFACE((1248,1254,1222));
#5741=IFCINDEXEDPOLYGONALFACE((1927,1933,1901));
#5742=IFCINDEXEDPOLYGONALFACE((2224,2230,2198));
#5743=IFCINDEXEDPOLYGONALFACE((592,562,589));
#5744=IFCINDEXEDPOLYGONALFACE((1255,1225,1252));
#5745=IFCINDEXEDPOLYGONALFACE((1934,1904,1931));
#5746=IFCINDEXEDPOLYGONALFACE((2231,2201,2228));
#5747=IFCINDEXEDPOLYGONALFACE((596,513,595));
#5748=IFCINDEXEDPOLYGONALFACE((1259,1176,1258));
#5749=IFCINDEXEDPOLYGONALFACE((1938,1855,1937));
#5750=IFCINDEXEDPOLYGONALFACE((2235,2152,2234));
#5751=IFCINDEXEDPOLYGONALFACE((595,472,593));
#5752=IFCINDEXEDPOLYGONALFACE((1258,1135,1256));
#5753=IFCINDEXEDPOLYGONALFACE((1937,1814,1935));
#5754=IFCINDEXEDPOLYGONALFACE((2234,2111,2232));
#5755=IFCINDEXEDPOLYGONALFACE((595,513,472));
#5756=IFCINDEXEDPOLYGONALFACE((1258,1176,1135));
#5757=IFCINDEXEDPOLYGONALFACE((1937,1855,1814));
#5758=IFCINDEXEDPOLYGONALFACE((2234,2152,2111));
#5759=IFCINDEXEDPOLYGONALFACE((560,595,594));
#5760=IFCINDEXEDPOLYGONALFACE((1223,1258,1257));
#5761=IFCINDEXEDPOLYGONALFACE((1902,1937,1936));
#5762=IFCINDEXEDPOLYGONALFACE((2199,2234,2233));
#5763=IFCINDEXEDPOLYGONALFACE((593,562,594));
#5764=IFCINDEXEDPOLYGONALFACE((1256,1225,1257));
#5765=IFCINDEXEDPOLYGONALFACE((1935,1904,1936));
#5766=IFCINDEXEDPOLYGONALFACE((2232,2201,2233));
#5767=IFCINDEXEDPOLYGONALFACE((478,513,596));
#5768=IFCINDEXEDPOLYGONALFACE((1141,1176,1259));
#5769=IFCINDEXEDPOLYGONALFACE((1820,1855,1938));
#5770=IFCINDEXEDPOLYGONALFACE((2117,2152,2235));
#5771=IFCINDEXEDPOLYGONALFACE((478,596,600));
#5772=IFCINDEXEDPOLYGONALFACE((1141,1259,1263));
#5773=IFCINDEXEDPOLYGONALFACE((1820,1938,1942));
#5774=IFCINDEXEDPOLYGONALFACE((2117,2235,2239));
#5775=IFCINDEXEDPOLYGONALFACE((596,601,600));
#5776=IFCINDEXEDPOLYGONALFACE((1259,1264,1263));
#5777=IFCINDEXEDPOLYGONALFACE((1938,1943,1942));
#5778=IFCINDEXEDPOLYGONALFACE((2235,2240,2239));
#5779=IFCINDEXEDPOLYGONALFACE((607,606,563));
#5780=IFCINDEXEDPOLYGONALFACE((1270,1269,1226));
#5781=IFCINDEXEDPOLYGONALFACE((1949,1948,1905));
#5782=IFCINDEXEDPOLYGONALFACE((2246,2245,2202));
#5783=IFCINDEXEDPOLYGONALFACE((598,607,597));
#5784=IFCINDEXEDPOLYGONALFACE((1261,1270,1260));
#5785=IFCINDEXEDPOLYGONALFACE((1940,1949,1939));
#5786=IFCINDEXEDPOLYGONALFACE((2237,2246,2236));
#5787=IFCINDEXEDPOLYGONALFACE((542,598,599));
#5788=IFCINDEXEDPOLYGONALFACE((1205,1261,1262));
#5789=IFCINDEXEDPOLYGONALFACE((1884,1940,1941));
#5790=IFCINDEXEDPOLYGONALFACE((2181,2237,2238));
#5791=IFCINDEXEDPOLYGONALFACE((542,599,477));
#5792=IFCINDEXEDPOLYGONALFACE((1205,1262,1140));
#5793=IFCINDEXEDPOLYGONALFACE((1884,1941,1819));
#5794=IFCINDEXEDPOLYGONALFACE((2181,2238,2116));
#5795=IFCINDEXEDPOLYGONALFACE((590,588,599));
#5796=IFCINDEXEDPOLYGONALFACE((1253,1251,1262));
#5797=IFCINDEXEDPOLYGONALFACE((1932,1930,1941));
#5798=IFCINDEXEDPOLYGONALFACE((2229,2227,2238));
#5799=IFCINDEXEDPOLYGONALFACE((600,497,478));
#5800=IFCINDEXEDPOLYGONALFACE((1263,1160,1141));
#5801=IFCINDEXEDPOLYGONALFACE((1942,1839,1820));
#5802=IFCINDEXEDPOLYGONALFACE((2239,2136,2117));
#5803=IFCINDEXEDPOLYGONALFACE((602,497,600));
#5804=IFCINDEXEDPOLYGONALFACE((1265,1160,1263));
#5805=IFCINDEXEDPOLYGONALFACE((1944,1839,1942));
#5806=IFCINDEXEDPOLYGONALFACE((2241,2136,2239));
#5807=IFCINDEXEDPOLYGONALFACE((564,600,601));
#5808=IFCINDEXEDPOLYGONALFACE((1227,1263,1264));
#5809=IFCINDEXEDPOLYGONALFACE((1906,1942,1943));
#5810=IFCINDEXEDPOLYGONALFACE((2203,2239,2240));
#5811=IFCINDEXEDPOLYGONALFACE((596,560,601));
#5812=IFCINDEXEDPOLYGONALFACE((1259,1223,1264));
#5813=IFCINDEXEDPOLYGONALFACE((1938,1902,1943));
#5814=IFCINDEXEDPOLYGONALFACE((2235,2199,2240));
#5815=IFCINDEXEDPOLYGONALFACE((497,602,283));
#5816=IFCINDEXEDPOLYGONALFACE((1160,1265,282));
#5817=IFCINDEXEDPOLYGONALFACE((1839,1944,194));
#5818=IFCINDEXEDPOLYGONALFACE((2136,2241,193));
#5819=IFCINDEXEDPOLYGONALFACE((608,531,491));
#5820=IFCINDEXEDPOLYGONALFACE((1271,1194,1154));
#5821=IFCINDEXEDPOLYGONALFACE((1950,1873,1833));
#5822=IFCINDEXEDPOLYGONALFACE((2247,2170,2130));
#5823=IFCINDEXEDPOLYGONALFACE((470,603,604));
#5824=IFCINDEXEDPOLYGONALFACE((1133,1266,1267));
#5825=IFCINDEXEDPOLYGONALFACE((1812,1945,1946));
#5826=IFCINDEXEDPOLYGONALFACE((2109,2242,2243));
#5827=IFCINDEXEDPOLYGONALFACE((608,558,610));
#5828=IFCINDEXEDPOLYGONALFACE((1271,1221,1273));
#5829=IFCINDEXEDPOLYGONALFACE((1950,1900,1952));
#5830=IFCINDEXEDPOLYGONALFACE((2247,2197,2249));
#5831=IFCINDEXEDPOLYGONALFACE((598,481,607));
#5832=IFCINDEXEDPOLYGONALFACE((1261,1144,1270));
#5833=IFCINDEXEDPOLYGONALFACE((1940,1823,1949));
#5834=IFCINDEXEDPOLYGONALFACE((2237,2120,2246));
#5835=IFCINDEXEDPOLYGONALFACE((546,604,606));
#5836=IFCINDEXEDPOLYGONALFACE((1209,1267,1269));
#5837=IFCINDEXEDPOLYGONALFACE((1888,1946,1948));
#5838=IFCINDEXEDPOLYGONALFACE((2185,2243,2245));
#5839=IFCINDEXEDPOLYGONALFACE((546,470,604));
#5840=IFCINDEXEDPOLYGONALFACE((1209,1133,1267));
#5841=IFCINDEXEDPOLYGONALFACE((1888,1812,1946));
#5842=IFCINDEXEDPOLYGONALFACE((2185,2109,2243));
#5843=IFCINDEXEDPOLYGONALFACE((563,606,605));
#5844=IFCINDEXEDPOLYGONALFACE((1226,1269,1268));
#5845=IFCINDEXEDPOLYGONALFACE((1905,1948,1947));
#5846=IFCINDEXEDPOLYGONALFACE((2202,2245,2244));
#5847=IFCINDEXEDPOLYGONALFACE((604,552,605));
#5848=IFCINDEXEDPOLYGONALFACE((1267,1215,1268));
#5849=IFCINDEXEDPOLYGONALFACE((1946,1894,1947));
#5850=IFCINDEXEDPOLYGONALFACE((2243,2191,2244));
#5851=IFCINDEXEDPOLYGONALFACE((546,606,481));
#5852=IFCINDEXEDPOLYGONALFACE((1209,1269,1144));
#5853=IFCINDEXEDPOLYGONALFACE((1888,1948,1823));
#5854=IFCINDEXEDPOLYGONALFACE((2185,2245,2120));
#5855=IFCINDEXEDPOLYGONALFACE((597,607,563));
#5856=IFCINDEXEDPOLYGONALFACE((1260,1270,1226));
#5857=IFCINDEXEDPOLYGONALFACE((1939,1949,1905));
#5858=IFCINDEXEDPOLYGONALFACE((2236,2246,2202));
#5859=IFCINDEXEDPOLYGONALFACE((606,607,481));
#5860=IFCINDEXEDPOLYGONALFACE((1269,1270,1144));
#5861=IFCINDEXEDPOLYGONALFACE((1948,1949,1823));
#5862=IFCINDEXEDPOLYGONALFACE((2245,2246,2120));
#5863=IFCINDEXEDPOLYGONALFACE((610,603,608));
#5864=IFCINDEXEDPOLYGONALFACE((1273,1266,1271));
#5865=IFCINDEXEDPOLYGONALFACE((1952,1945,1950));
#5866=IFCINDEXEDPOLYGONALFACE((2249,2242,2247));
#5867=IFCINDEXEDPOLYGONALFACE((558,609,570));
#5868=IFCINDEXEDPOLYGONALFACE((1221,1272,1233));
#5869=IFCINDEXEDPOLYGONALFACE((1900,1951,1912));
#5870=IFCINDEXEDPOLYGONALFACE((2197,2248,2209));
#5871=IFCINDEXEDPOLYGONALFACE((571,609,491));
#5872=IFCINDEXEDPOLYGONALFACE((1234,1272,1154));
#5873=IFCINDEXEDPOLYGONALFACE((1913,1951,1833));
#5874=IFCINDEXEDPOLYGONALFACE((2210,2248,2130));
#5875=IFCINDEXEDPOLYGONALFACE((608,609,558));
#5876=IFCINDEXEDPOLYGONALFACE((1271,1272,1221));
#5877=IFCINDEXEDPOLYGONALFACE((1950,1951,1900));
#5878=IFCINDEXEDPOLYGONALFACE((2247,2248,2197));
#5879=IFCINDEXEDPOLYGONALFACE((610,552,603));
#5880=IFCINDEXEDPOLYGONALFACE((1273,1215,1266));
#5881=IFCINDEXEDPOLYGONALFACE((1952,1894,1945));
#5882=IFCINDEXEDPOLYGONALFACE((2249,2191,2242));
#5883=IFCINDEXEDPOLYGONALFACE((578,611,489));
#5884=IFCINDEXEDPOLYGONALFACE((1241,1274,1152));
#5885=IFCINDEXEDPOLYGONALFACE((1920,1953,1831));
#5886=IFCINDEXEDPOLYGONALFACE((2217,2250,2128));
#5887=IFCINDEXEDPOLYGONALFACE((499,611,580));
#5888=IFCINDEXEDPOLYGONALFACE((1162,1274,1243));
#5889=IFCINDEXEDPOLYGONALFACE((1841,1953,1922));
#5890=IFCINDEXEDPOLYGONALFACE((2138,2250,2219));
#5891=IFCINDEXEDPOLYGONALFACE((664,634,673));
#5892=IFCINDEXEDPOLYGONALFACE((817,789,828));
#5893=IFCINDEXEDPOLYGONALFACE((1554,1524,1563));
#5894=IFCINDEXEDPOLYGONALFACE((1709,1679,1718));
#5895=IFCINDEXEDPOLYGONALFACE((2006,1976,2015));
#5896=IFCINDEXEDPOLYGONALFACE((638,639,620));
#5897=IFCINDEXEDPOLYGONALFACE((793,794,783));
#5898=IFCINDEXEDPOLYGONALFACE((1528,1529,1510));
#5899=IFCINDEXEDPOLYGONALFACE((1683,1684,1665));
#5900=IFCINDEXEDPOLYGONALFACE((1980,1981,1962));
#5901=IFCINDEXEDPOLYGONALFACE((449,676,701));
#5902=IFCINDEXEDPOLYGONALFACE((452,1566,1591));
#5903=IFCINDEXEDPOLYGONALFACE((455,1721,1746));
#5904=IFCINDEXEDPOLYGONALFACE((458,2018,2043));
#5905=IFCINDEXEDPOLYGONALFACE((637,639,675));
#5906=IFCINDEXEDPOLYGONALFACE((792,794,834));
#5907=IFCINDEXEDPOLYGONALFACE((1527,1529,1565));
#5908=IFCINDEXEDPOLYGONALFACE((1682,1684,1720));
#5909=IFCINDEXEDPOLYGONALFACE((1979,1981,2017));
#5910=IFCINDEXEDPOLYGONALFACE((698,669,655));
#5911=IFCINDEXEDPOLYGONALFACE((845,821,807));
#5912=IFCINDEXEDPOLYGONALFACE((1588,1559,1545));
#5913=IFCINDEXEDPOLYGONALFACE((1743,1714,1700));
#5914=IFCINDEXEDPOLYGONALFACE((2040,2011,1997));
#5915=IFCINDEXEDPOLYGONALFACE((682,681,683));
#5916=IFCINDEXEDPOLYGONALFACE((1572,1571,1573));
#5917=IFCINDEXEDPOLYGONALFACE((1727,1726,1728));
#5918=IFCINDEXEDPOLYGONALFACE((2024,2023,2025));
#5919=IFCINDEXEDPOLYGONALFACE((614,655,669));
#5920=IFCINDEXEDPOLYGONALFACE((777,807,821));
#5921=IFCINDEXEDPOLYGONALFACE((1504,1545,1559));
#5922=IFCINDEXEDPOLYGONALFACE((1659,1700,1714));
#5923=IFCINDEXEDPOLYGONALFACE((1956,1997,2011));
#5924=IFCINDEXEDPOLYGONALFACE((693,623,695));
#5925=IFCINDEXEDPOLYGONALFACE((1583,1513,1585));
#5926=IFCINDEXEDPOLYGONALFACE((1738,1668,1740));
#5927=IFCINDEXEDPOLYGONALFACE((2035,1965,2037));
#5928=IFCINDEXEDPOLYGONALFACE((648,620,697));
#5929=IFCINDEXEDPOLYGONALFACE((802,783,844));
#5930=IFCINDEXEDPOLYGONALFACE((1538,1510,1587));
#5931=IFCINDEXEDPOLYGONALFACE((1693,1665,1742));
#5932=IFCINDEXEDPOLYGONALFACE((1990,1962,2039));
#5933=IFCINDEXEDPOLYGONALFACE((671,632,749,660));
#5934=IFCINDEXEDPOLYGONALFACE((823,787,894,813));
#5935=IFCINDEXEDPOLYGONALFACE((1561,1522,1639,1550));
#5936=IFCINDEXEDPOLYGONALFACE((1716,1677,1794,1705));
#5937=IFCINDEXEDPOLYGONALFACE((2013,1974,2091,2002));
#5938=IFCINDEXEDPOLYGONALFACE((697,651,648));
#5939=IFCINDEXEDPOLYGONALFACE((844,805,802));
#5940=IFCINDEXEDPOLYGONALFACE((1587,1541,1538));
#5941=IFCINDEXEDPOLYGONALFACE((1742,1696,1693));
#5942=IFCINDEXEDPOLYGONALFACE((2039,1993,1990));
#5943=IFCINDEXEDPOLYGONALFACE((699,674,672));
#5944=IFCINDEXEDPOLYGONALFACE((846,830,827));
#5945=IFCINDEXEDPOLYGONALFACE((1589,1564,1562));
#5946=IFCINDEXEDPOLYGONALFACE((1744,1719,1717));
#5947=IFCINDEXEDPOLYGONALFACE((2041,2016,2014));
#5948=IFCINDEXEDPOLYGONALFACE((617,651,672));
#5949=IFCINDEXEDPOLYGONALFACE((780,805,827));
#5950=IFCINDEXEDPOLYGONALFACE((1507,1541,1562));
#5951=IFCINDEXEDPOLYGONALFACE((1662,1696,1717));
#5952=IFCINDEXEDPOLYGONALFACE((1959,1993,2014));
#5953=IFCINDEXEDPOLYGONALFACE((668,613,665));
#5954=IFCINDEXEDPOLYGONALFACE((1558,1503,1555));
#5955=IFCINDEXEDPOLYGONALFACE((1713,1658,1710));
#5956=IFCINDEXEDPOLYGONALFACE((2010,1955,2007));
#5957=IFCINDEXEDPOLYGONALFACE((700,645,718,631));
#5958=IFCINDEXEDPOLYGONALFACE((1590,1535,1608,1521));
#5959=IFCINDEXEDPOLYGONALFACE((1745,1690,1763,1676));
#5960=IFCINDEXEDPOLYGONALFACE((2042,1987,2060,1973));
#5961=IFCINDEXEDPOLYGONALFACE((687,652,685));
#5962=IFCINDEXEDPOLYGONALFACE((1577,1542,1575));
#5963=IFCINDEXEDPOLYGONALFACE((1732,1697,1730));
#5964=IFCINDEXEDPOLYGONALFACE((2029,1994,2027));
#5965=IFCINDEXEDPOLYGONALFACE((692,691,621));
#5966=IFCINDEXEDPOLYGONALFACE((1582,1581,1511));
#5967=IFCINDEXEDPOLYGONALFACE((1737,1736,1666));
#5968=IFCINDEXEDPOLYGONALFACE((2034,2033,1963));
#5969=IFCINDEXEDPOLYGONALFACE((629,680,682));
#5970=IFCINDEXEDPOLYGONALFACE((1519,1570,1572));
#5971=IFCINDEXEDPOLYGONALFACE((1674,1725,1727));
#5972=IFCINDEXEDPOLYGONALFACE((1971,2022,2024));
#5973=IFCINDEXEDPOLYGONALFACE((653,614,669));
#5974=IFCINDEXEDPOLYGONALFACE((777,821,806));
#5975=IFCINDEXEDPOLYGONALFACE((1543,1504,1559));
#5976=IFCINDEXEDPOLYGONALFACE((1698,1659,1714));
#5977=IFCINDEXEDPOLYGONALFACE((1995,1956,2011));
#5978=IFCINDEXEDPOLYGONALFACE((612,666,668));
#5979=IFCINDEXEDPOLYGONALFACE((1502,1556,1558));
#5980=IFCINDEXEDPOLYGONALFACE((1657,1711,1713));
#5981=IFCINDEXEDPOLYGONALFACE((1954,2008,2010));
#5982=IFCINDEXEDPOLYGONALFACE((640,677,701));
#5983=IFCINDEXEDPOLYGONALFACE((1530,1567,1591));
#5984=IFCINDEXEDPOLYGONALFACE((1685,1722,1746));
#5985=IFCINDEXEDPOLYGONALFACE((1982,2019,2043));
#5986=IFCINDEXEDPOLYGONALFACE((680,679,678));
#5987=IFCINDEXEDPOLYGONALFACE((1570,1569,1568));
#5988=IFCINDEXEDPOLYGONALFACE((1725,1724,1723));
#5989=IFCINDEXEDPOLYGONALFACE((2022,2021,2020));
#5990=IFCINDEXEDPOLYGONALFACE((700,647,645));
#5991=IFCINDEXEDPOLYGONALFACE((1590,1537,1535));
#5992=IFCINDEXEDPOLYGONALFACE((1745,1692,1690));
#5993=IFCINDEXEDPOLYGONALFACE((2042,1989,1987));
#5994=IFCINDEXEDPOLYGONALFACE((675,638,19));
#5995=IFCINDEXEDPOLYGONALFACE((834,793,3));
#5996=IFCINDEXEDPOLYGONALFACE((1565,1528,96));
#5997=IFCINDEXEDPOLYGONALFACE((1720,1683,88));
#5998=IFCINDEXEDPOLYGONALFACE((2017,1980,84));
#5999=IFCINDEXEDPOLYGONALFACE((653,615,712,644));
#6000=IFCINDEXEDPOLYGONALFACE((806,778,856,801));
#6001=IFCINDEXEDPOLYGONALFACE((1543,1505,1602,1534));
#6002=IFCINDEXEDPOLYGONALFACE((1698,1660,1757,1689));
#6003=IFCINDEXEDPOLYGONALFACE((1995,1957,2054,1986));
#6004=IFCINDEXEDPOLYGONALFACE((661,633,671));
#6005=IFCINDEXEDPOLYGONALFACE((814,788,823));
#6006=IFCINDEXEDPOLYGONALFACE((1551,1523,1561));
#6007=IFCINDEXEDPOLYGONALFACE((1706,1678,1716));
#6008=IFCINDEXEDPOLYGONALFACE((2003,1975,2013));
#6009=IFCINDEXEDPOLYGONALFACE((673,635,727,663));
#6010=IFCINDEXEDPOLYGONALFACE((828,790,900,816));
#6011=IFCINDEXEDPOLYGONALFACE((1563,1525,1617,1553));
#6012=IFCINDEXEDPOLYGONALFACE((1718,1680,1772,1708));
#6013=IFCINDEXEDPOLYGONALFACE((2015,1977,2069,2005));
#6014=IFCINDEXEDPOLYGONALFACE((696,694,627));
#6015=IFCINDEXEDPOLYGONALFACE((1586,1584,1517));
#6016=IFCINDEXEDPOLYGONALFACE((1741,1739,1672));
#6017=IFCINDEXEDPOLYGONALFACE((2038,2036,1969));
#6018=IFCINDEXEDPOLYGONALFACE((631,640,641));
#6019=IFCINDEXEDPOLYGONALFACE((677,450,449));
#6020=IFCINDEXEDPOLYGONALFACE((850,847,849,848,773,843,784,791,874,447,446));
#6021=IFCINDEXEDPOLYGONALFACE((1521,1530,1531));
#6022=IFCINDEXEDPOLYGONALFACE((1567,453,452));
#6023=IFCINDEXEDPOLYGONALFACE((1676,1685,1686));
#6024=IFCINDEXEDPOLYGONALFACE((1722,456,455));
#6025=IFCINDEXEDPOLYGONALFACE((1973,1982,1983));
#6026=IFCINDEXEDPOLYGONALFACE((2019,459,458));
#6027=IFCINDEXEDPOLYGONALFACE((675,18,17));
#6028=IFCINDEXEDPOLYGONALFACE((834,2,1));
#6029=IFCINDEXEDPOLYGONALFACE((1565,149,148));
#6030=IFCINDEXEDPOLYGONALFACE((1720,369,103));
#6031=IFCINDEXEDPOLYGONALFACE((2017,105,104));
#6032=IFCINDEXEDPOLYGONALFACE((638,675,639));
#6033=IFCINDEXEDPOLYGONALFACE((793,834,794));
#6034=IFCINDEXEDPOLYGONALFACE((1528,1565,1529));
#6035=IFCINDEXEDPOLYGONALFACE((1683,1720,1684));
#6036=IFCINDEXEDPOLYGONALFACE((1980,2017,1981));
#6037=IFCINDEXEDPOLYGONALFACE((639,637,618));
#6038=IFCINDEXEDPOLYGONALFACE((794,792,781));
#6039=IFCINDEXEDPOLYGONALFACE((1529,1527,1508));
#6040=IFCINDEXEDPOLYGONALFACE((1684,1682,1663));
#6041=IFCINDEXEDPOLYGONALFACE((1981,1979,1960));
#6042=IFCINDEXEDPOLYGONALFACE((701,676,636));
#6043=IFCINDEXEDPOLYGONALFACE((1591,1566,1526));
#6044=IFCINDEXEDPOLYGONALFACE((1746,1721,1681));
#6045=IFCINDEXEDPOLYGONALFACE((2043,2018,1978));
#6046=IFCINDEXEDPOLYGONALFACE((647,628,645));
#6047=IFCINDEXEDPOLYGONALFACE((1537,1518,1535));
#6048=IFCINDEXEDPOLYGONALFACE((1692,1673,1690));
#6049=IFCINDEXEDPOLYGONALFACE((1989,1970,1987));
#6050=IFCINDEXEDPOLYGONALFACE((641,636,630));
#6051=IFCINDEXEDPOLYGONALFACE((64,676,449));
#6052=IFCINDEXEDPOLYGONALFACE((847,850,446,66,786,785,842,771,848,849));
#6053=IFCINDEXEDPOLYGONALFACE((1531,1526,1520));
#6054=IFCINDEXEDPOLYGONALFACE((97,1566,452));
#6055=IFCINDEXEDPOLYGONALFACE((1686,1681,1675));
#6056=IFCINDEXEDPOLYGONALFACE((89,1721,455));
#6057=IFCINDEXEDPOLYGONALFACE((1983,1978,1972));
#6058=IFCINDEXEDPOLYGONALFACE((85,2018,458));
#6059=IFCINDEXEDPOLYGONALFACE((658,642,670));
#6060=IFCINDEXEDPOLYGONALFACE((811,799,822));
#6061=IFCINDEXEDPOLYGONALFACE((1548,1532,1560));
#6062=IFCINDEXEDPOLYGONALFACE((1703,1687,1715));
#6063=IFCINDEXEDPOLYGONALFACE((2000,1984,2012));
#6064=IFCINDEXEDPOLYGONALFACE((650,653,656));
#6065=IFCINDEXEDPOLYGONALFACE((804,806,809));
#6066=IFCINDEXEDPOLYGONALFACE((1540,1543,1546));
#6067=IFCINDEXEDPOLYGONALFACE((1695,1698,1701));
#6068=IFCINDEXEDPOLYGONALFACE((1992,1995,1998));
#6069=IFCINDEXEDPOLYGONALFACE((656,653,644));
#6070=IFCINDEXEDPOLYGONALFACE((809,806,801));
#6071=IFCINDEXEDPOLYGONALFACE((1546,1543,1534));
#6072=IFCINDEXEDPOLYGONALFACE((1701,1698,1689));
#6073=IFCINDEXEDPOLYGONALFACE((1998,1995,1986));
#6074=IFCINDEXEDPOLYGONALFACE((628,647,678));
#6075=IFCINDEXEDPOLYGONALFACE((1518,1537,1568));
#6076=IFCINDEXEDPOLYGONALFACE((1673,1692,1723));
#6077=IFCINDEXEDPOLYGONALFACE((1970,1989,2020));
#6078=IFCINDEXEDPOLYGONALFACE((647,646,678));
#6079=IFCINDEXEDPOLYGONALFACE((1537,1536,1568));
#6080=IFCINDEXEDPOLYGONALFACE((1692,1691,1723));
#6081=IFCINDEXEDPOLYGONALFACE((1989,1988,2020));
#6082=IFCINDEXEDPOLYGONALFACE((641,630,700));
#6083=IFCINDEXEDPOLYGONALFACE((1531,1520,1590));
#6084=IFCINDEXEDPOLYGONALFACE((1686,1675,1745));
#6085=IFCINDEXEDPOLYGONALFACE((1983,1972,2042));
#6086=IFCINDEXEDPOLYGONALFACE((647,630,646));
#6087=IFCINDEXEDPOLYGONALFACE((1537,1520,1536));
#6088=IFCINDEXEDPOLYGONALFACE((1692,1675,1691));
#6089=IFCINDEXEDPOLYGONALFACE((1989,1972,1988));
#6090=IFCINDEXEDPOLYGONALFACE((651,618,649));
#6091=IFCINDEXEDPOLYGONALFACE((805,781,803));
#6092=IFCINDEXEDPOLYGONALFACE((1541,1508,1539));
#6093=IFCINDEXEDPOLYGONALFACE((1696,1663,1694));
#6094=IFCINDEXEDPOLYGONALFACE((1993,1960,1991));
#6095=IFCINDEXEDPOLYGONALFACE((651,649,672));
#6096=IFCINDEXEDPOLYGONALFACE((805,803,827));
#6097=IFCINDEXEDPOLYGONALFACE((1541,1539,1562));
#6098=IFCINDEXEDPOLYGONALFACE((1696,1694,1717));
#6099=IFCINDEXEDPOLYGONALFACE((1993,1991,2014));
#6100=IFCINDEXEDPOLYGONALFACE((651,617,648));
#6101=IFCINDEXEDPOLYGONALFACE((805,780,802));
#6102=IFCINDEXEDPOLYGONALFACE((1541,1507,1538));
#6103=IFCINDEXEDPOLYGONALFACE((1696,1662,1693));
#6104=IFCINDEXEDPOLYGONALFACE((1993,1959,1990));
#6105=IFCINDEXEDPOLYGONALFACE((650,656,642));
#6106=IFCINDEXEDPOLYGONALFACE((804,809,799));
#6107=IFCINDEXEDPOLYGONALFACE((1540,1546,1532));
#6108=IFCINDEXEDPOLYGONALFACE((1695,1701,1687));
#6109=IFCINDEXEDPOLYGONALFACE((1992,1998,1984));
#6110=IFCINDEXEDPOLYGONALFACE((639,618,697));
#6111=IFCINDEXEDPOLYGONALFACE((794,781,844));
#6112=IFCINDEXEDPOLYGONALFACE((1529,1508,1587));
#6113=IFCINDEXEDPOLYGONALFACE((1684,1663,1742));
#6114=IFCINDEXEDPOLYGONALFACE((1981,1960,2039));
#6115=IFCINDEXEDPOLYGONALFACE((622,689,685));
#6116=IFCINDEXEDPOLYGONALFACE((1512,1579,1575));
#6117=IFCINDEXEDPOLYGONALFACE((1667,1734,1730));
#6118=IFCINDEXEDPOLYGONALFACE((1964,2031,2027));
#6119=IFCINDEXEDPOLYGONALFACE((688,621,691));
#6120=IFCINDEXEDPOLYGONALFACE((1578,1511,1581));
#6121=IFCINDEXEDPOLYGONALFACE((1733,1666,1736));
#6122=IFCINDEXEDPOLYGONALFACE((2030,1963,2033));
#6123=IFCINDEXEDPOLYGONALFACE((614,653,650));
#6124=IFCINDEXEDPOLYGONALFACE((777,806,804));
#6125=IFCINDEXEDPOLYGONALFACE((1504,1543,1540));
#6126=IFCINDEXEDPOLYGONALFACE((1659,1698,1695));
#6127=IFCINDEXEDPOLYGONALFACE((1956,1995,1992));
#6128=IFCINDEXEDPOLYGONALFACE((616,699,672));
#6129=IFCINDEXEDPOLYGONALFACE((779,846,827));
#6130=IFCINDEXEDPOLYGONALFACE((1506,1589,1562));
#6131=IFCINDEXEDPOLYGONALFACE((1661,1744,1717));
#6132=IFCINDEXEDPOLYGONALFACE((1958,2041,2014));
#6133=IFCINDEXEDPOLYGONALFACE((669,615,653));
#6134=IFCINDEXEDPOLYGONALFACE((778,806,821));
#6135=IFCINDEXEDPOLYGONALFACE((1559,1505,1543));
#6136=IFCINDEXEDPOLYGONALFACE((1714,1660,1698));
#6137=IFCINDEXEDPOLYGONALFACE((2011,1957,1995));
#6138=IFCINDEXEDPOLYGONALFACE((643,657,670));
#6139=IFCINDEXEDPOLYGONALFACE((800,810,822));
#6140=IFCINDEXEDPOLYGONALFACE((1533,1547,1560));
#6141=IFCINDEXEDPOLYGONALFACE((1688,1702,1715));
#6142=IFCINDEXEDPOLYGONALFACE((1985,1999,2012));
#6143=IFCINDEXEDPOLYGONALFACE((656,644,713,643));
#6144=IFCINDEXEDPOLYGONALFACE((809,801,858,800));
#6145=IFCINDEXEDPOLYGONALFACE((1546,1534,1603,1533));
#6146=IFCINDEXEDPOLYGONALFACE((1701,1689,1758,1688));
#6147=IFCINDEXEDPOLYGONALFACE((1998,1986,2055,1985));
#6148=IFCINDEXEDPOLYGONALFACE((670,659,658));
#6149=IFCINDEXEDPOLYGONALFACE((822,812,811));
#6150=IFCINDEXEDPOLYGONALFACE((1560,1549,1548));
#6151=IFCINDEXEDPOLYGONALFACE((1715,1704,1703));
#6152=IFCINDEXEDPOLYGONALFACE((2012,2001,2000));
#6153=IFCINDEXEDPOLYGONALFACE((643,670,656));
#6154=IFCINDEXEDPOLYGONALFACE((800,822,809));
#6155=IFCINDEXEDPOLYGONALFACE((1533,1560,1546));
#6156=IFCINDEXEDPOLYGONALFACE((1688,1715,1701));
#6157=IFCINDEXEDPOLYGONALFACE((1985,2012,1998));
#6158=IFCINDEXEDPOLYGONALFACE((658,659,633));
#6159=IFCINDEXEDPOLYGONALFACE((811,812,788));
#6160=IFCINDEXEDPOLYGONALFACE((1548,1549,1523));
#6161=IFCINDEXEDPOLYGONALFACE((1703,1704,1678));
#6162=IFCINDEXEDPOLYGONALFACE((2000,2001,1975));
#6163=IFCINDEXEDPOLYGONALFACE((659,657,708,632));
#6164=IFCINDEXEDPOLYGONALFACE((812,810,852,787));
#6165=IFCINDEXEDPOLYGONALFACE((1549,1547,1598,1522));
#6166=IFCINDEXEDPOLYGONALFACE((1704,1702,1753,1677));
#6167=IFCINDEXEDPOLYGONALFACE((2001,1999,2050,1974));
#6168=IFCINDEXEDPOLYGONALFACE((671,662,661));
#6169=IFCINDEXEDPOLYGONALFACE((823,815,814));
#6170=IFCINDEXEDPOLYGONALFACE((1561,1552,1551));
#6171=IFCINDEXEDPOLYGONALFACE((1716,1707,1706));
#6172=IFCINDEXEDPOLYGONALFACE((2013,2004,2003));
#6173=IFCINDEXEDPOLYGONALFACE((632,671,659));
#6174=IFCINDEXEDPOLYGONALFACE((787,823,812));
#6175=IFCINDEXEDPOLYGONALFACE((1522,1561,1549));
#6176=IFCINDEXEDPOLYGONALFACE((1677,1716,1704));
#6177=IFCINDEXEDPOLYGONALFACE((1974,2013,2001));
#6178=IFCINDEXEDPOLYGONALFACE((661,662,634));
#6179=IFCINDEXEDPOLYGONALFACE((814,815,789));
#6180=IFCINDEXEDPOLYGONALFACE((1551,1552,1524));
#6181=IFCINDEXEDPOLYGONALFACE((1706,1707,1679));
#6182=IFCINDEXEDPOLYGONALFACE((2003,2004,1976));
#6183=IFCINDEXEDPOLYGONALFACE((662,660,714,635));
#6184=IFCINDEXEDPOLYGONALFACE((815,813,857,790));
#6185=IFCINDEXEDPOLYGONALFACE((1552,1550,1604,1525));
#6186=IFCINDEXEDPOLYGONALFACE((1707,1705,1759,1680));
#6187=IFCINDEXEDPOLYGONALFACE((2004,2002,2056,1977));
#6188=IFCINDEXEDPOLYGONALFACE((673,665,664));
#6189=IFCINDEXEDPOLYGONALFACE((828,818,817));
#6190=IFCINDEXEDPOLYGONALFACE((1563,1555,1554));
#6191=IFCINDEXEDPOLYGONALFACE((1718,1710,1709));
#6192=IFCINDEXEDPOLYGONALFACE((2015,2007,2006));
#6193=IFCINDEXEDPOLYGONALFACE((635,673,662));
#6194=IFCINDEXEDPOLYGONALFACE((790,828,815));
#6195=IFCINDEXEDPOLYGONALFACE((1525,1563,1552));
#6196=IFCINDEXEDPOLYGONALFACE((1680,1718,1707));
#6197=IFCINDEXEDPOLYGONALFACE((1977,2015,2004));
#6198=IFCINDEXEDPOLYGONALFACE((664,665,613));
#6199=IFCINDEXEDPOLYGONALFACE((817,818,768));
#6200=IFCINDEXEDPOLYGONALFACE((1554,1555,1503));
#6201=IFCINDEXEDPOLYGONALFACE((1709,1710,1658));
#6202=IFCINDEXEDPOLYGONALFACE((2006,2007,1955));
#6203=IFCINDEXEDPOLYGONALFACE((612,665,663));
#6204=IFCINDEXEDPOLYGONALFACE((767,818,816));
#6205=IFCINDEXEDPOLYGONALFACE((1502,1555,1553));
#6206=IFCINDEXEDPOLYGONALFACE((1657,1710,1708));
#6207=IFCINDEXEDPOLYGONALFACE((1954,2007,2005));
#6208=IFCINDEXEDPOLYGONALFACE((696,668,666));
#6209=IFCINDEXEDPOLYGONALFACE((1586,1558,1556));
#6210=IFCINDEXEDPOLYGONALFACE((1741,1713,1711));
#6211=IFCINDEXEDPOLYGONALFACE((2038,2010,2008));
#6212=IFCINDEXEDPOLYGONALFACE((612,668,665));
#6213=IFCINDEXEDPOLYGONALFACE((1502,1558,1555));
#6214=IFCINDEXEDPOLYGONALFACE((1657,1713,1710));
#6215=IFCINDEXEDPOLYGONALFACE((1954,2010,2007));
#6216=IFCINDEXEDPOLYGONALFACE((668,667,613));
#6217=IFCINDEXEDPOLYGONALFACE((1558,1557,1503));
#6218=IFCINDEXEDPOLYGONALFACE((1713,1712,1658));
#6219=IFCINDEXEDPOLYGONALFACE((2010,2009,1955));
#6220=IFCINDEXEDPOLYGONALFACE((667,696,627));
#6221=IFCINDEXEDPOLYGONALFACE((1557,1586,1517));
#6222=IFCINDEXEDPOLYGONALFACE((1712,1741,1672));
#6223=IFCINDEXEDPOLYGONALFACE((2009,2038,1969));
#6224=IFCINDEXEDPOLYGONALFACE((669,654,744,615));
#6225=IFCINDEXEDPOLYGONALFACE((821,808,890,778));
#6226=IFCINDEXEDPOLYGONALFACE((1559,1544,1634,1505));
#6227=IFCINDEXEDPOLYGONALFACE((1714,1699,1789,1660));
#6228=IFCINDEXEDPOLYGONALFACE((2011,1996,2086,1957));
#6229=IFCINDEXEDPOLYGONALFACE((654,669,698));
#6230=IFCINDEXEDPOLYGONALFACE((808,821,845));
#6231=IFCINDEXEDPOLYGONALFACE((1544,1559,1588));
#6232=IFCINDEXEDPOLYGONALFACE((1699,1714,1743));
#6233=IFCINDEXEDPOLYGONALFACE((1996,2011,2040));
#6234=IFCINDEXEDPOLYGONALFACE((659,670,657));
#6235=IFCINDEXEDPOLYGONALFACE((812,822,810));
#6236=IFCINDEXEDPOLYGONALFACE((1549,1560,1547));
#6237=IFCINDEXEDPOLYGONALFACE((1704,1715,1702));
#6238=IFCINDEXEDPOLYGONALFACE((2001,2012,1999));
#6239=IFCINDEXEDPOLYGONALFACE((656,670,642));
#6240=IFCINDEXEDPOLYGONALFACE((809,822,799));
#6241=IFCINDEXEDPOLYGONALFACE((1546,1560,1532));
#6242=IFCINDEXEDPOLYGONALFACE((1701,1715,1687));
#6243=IFCINDEXEDPOLYGONALFACE((1998,2012,1984));
#6244=IFCINDEXEDPOLYGONALFACE((662,671,660));
#6245=IFCINDEXEDPOLYGONALFACE((815,823,813));
#6246=IFCINDEXEDPOLYGONALFACE((1552,1561,1550));
#6247=IFCINDEXEDPOLYGONALFACE((1707,1716,1705));
#6248=IFCINDEXEDPOLYGONALFACE((2004,2013,2002));
#6249=IFCINDEXEDPOLYGONALFACE((659,671,633));
#6250=IFCINDEXEDPOLYGONALFACE((812,823,788));
#6251=IFCINDEXEDPOLYGONALFACE((1549,1561,1523));
#6252=IFCINDEXEDPOLYGONALFACE((1704,1716,1678));
#6253=IFCINDEXEDPOLYGONALFACE((2001,2013,1975));
#6254=IFCINDEXEDPOLYGONALFACE((699,698,619));
#6255=IFCINDEXEDPOLYGONALFACE((846,845,782));
#6256=IFCINDEXEDPOLYGONALFACE((1589,1588,1509));
#6257=IFCINDEXEDPOLYGONALFACE((1744,1743,1664));
#6258=IFCINDEXEDPOLYGONALFACE((2041,2040,1961));
#6259=IFCINDEXEDPOLYGONALFACE((672,649,616));
#6260=IFCINDEXEDPOLYGONALFACE((827,803,779));
#6261=IFCINDEXEDPOLYGONALFACE((1562,1539,1506));
#6262=IFCINDEXEDPOLYGONALFACE((1717,1694,1661));
#6263=IFCINDEXEDPOLYGONALFACE((2014,1991,1958));
#6264=IFCINDEXEDPOLYGONALFACE((665,673,663));
#6265=IFCINDEXEDPOLYGONALFACE((818,828,816));
#6266=IFCINDEXEDPOLYGONALFACE((1555,1563,1553));
#6267=IFCINDEXEDPOLYGONALFACE((1710,1718,1708));
#6268=IFCINDEXEDPOLYGONALFACE((2007,2015,2005));
#6269=IFCINDEXEDPOLYGONALFACE((662,673,634));
#6270=IFCINDEXEDPOLYGONALFACE((815,828,789));
#6271=IFCINDEXEDPOLYGONALFACE((1552,1563,1524));
#6272=IFCINDEXEDPOLYGONALFACE((1707,1718,1679));
#6273=IFCINDEXEDPOLYGONALFACE((2004,2015,1976));
#6274=IFCINDEXEDPOLYGONALFACE((674,617,672));
#6275=IFCINDEXEDPOLYGONALFACE((830,780,827));
#6276=IFCINDEXEDPOLYGONALFACE((1564,1507,1562));
#6277=IFCINDEXEDPOLYGONALFACE((1719,1662,1717));
#6278=IFCINDEXEDPOLYGONALFACE((2016,1959,2014));
#6279=IFCINDEXEDPOLYGONALFACE((637,675,17));
#6280=IFCINDEXEDPOLYGONALFACE((792,834,1));
#6281=IFCINDEXEDPOLYGONALFACE((1527,1565,148));
#6282=IFCINDEXEDPOLYGONALFACE((1682,1720,103));
#6283=IFCINDEXEDPOLYGONALFACE((1979,2017,104));
#6284=IFCINDEXEDPOLYGONALFACE((19,18,675));
#6285=IFCINDEXEDPOLYGONALFACE((3,2,834));
#6286=IFCINDEXEDPOLYGONALFACE((96,149,1565));
#6287=IFCINDEXEDPOLYGONALFACE((88,369,1720));
#6288=IFCINDEXEDPOLYGONALFACE((84,105,2017));
#6289=IFCINDEXEDPOLYGONALFACE((640,701,641));
#6290=IFCINDEXEDPOLYGONALFACE((1530,1591,1531));
#6291=IFCINDEXEDPOLYGONALFACE((1685,1746,1686));
#6292=IFCINDEXEDPOLYGONALFACE((1982,2043,1983));
#6293=IFCINDEXEDPOLYGONALFACE((680,629,704,679));
#6294=IFCINDEXEDPOLYGONALFACE((1570,1519,1594,1569));
#6295=IFCINDEXEDPOLYGONALFACE((1725,1674,1749,1724));
#6296=IFCINDEXEDPOLYGONALFACE((2022,1971,2046,2021));
#6297=IFCINDEXEDPOLYGONALFACE((678,646,625));
#6298=IFCINDEXEDPOLYGONALFACE((1568,1536,1515));
#6299=IFCINDEXEDPOLYGONALFACE((1723,1691,1670));
#6300=IFCINDEXEDPOLYGONALFACE((2020,1988,1967));
#6301=IFCINDEXEDPOLYGONALFACE((678,679,725,628));
#6302=IFCINDEXEDPOLYGONALFACE((1568,1569,1615,1518));
#6303=IFCINDEXEDPOLYGONALFACE((1723,1724,1770,1673));
#6304=IFCINDEXEDPOLYGONALFACE((2020,2021,2067,1970));
#6305=IFCINDEXEDPOLYGONALFACE((681,682,625));
#6306=IFCINDEXEDPOLYGONALFACE((1571,1572,1515));
#6307=IFCINDEXEDPOLYGONALFACE((1726,1727,1670));
#6308=IFCINDEXEDPOLYGONALFACE((2023,2024,1967));
#6309=IFCINDEXEDPOLYGONALFACE((625,680,678));
#6310=IFCINDEXEDPOLYGONALFACE((1515,1570,1568));
#6311=IFCINDEXEDPOLYGONALFACE((1670,1725,1723));
#6312=IFCINDEXEDPOLYGONALFACE((1967,2022,2020));
#6313=IFCINDEXEDPOLYGONALFACE((622,684,683));
#6314=IFCINDEXEDPOLYGONALFACE((1512,1574,1573));
#6315=IFCINDEXEDPOLYGONALFACE((1667,1729,1728));
#6316=IFCINDEXEDPOLYGONALFACE((1964,2026,2025));
#6317=IFCINDEXEDPOLYGONALFACE((680,625,682));
#6318=IFCINDEXEDPOLYGONALFACE((1570,1515,1572));
#6319=IFCINDEXEDPOLYGONALFACE((1725,1670,1727));
#6320=IFCINDEXEDPOLYGONALFACE((2022,1967,2024));
#6321=IFCINDEXEDPOLYGONALFACE((682,683,684));
#6322=IFCINDEXEDPOLYGONALFACE((1572,1573,1574));
#6323=IFCINDEXEDPOLYGONALFACE((1727,1728,1729));
#6324=IFCINDEXEDPOLYGONALFACE((2024,2025,2026));
#6325=IFCINDEXEDPOLYGONALFACE((688,687,686));
#6326=IFCINDEXEDPOLYGONALFACE((1578,1577,1576));
#6327=IFCINDEXEDPOLYGONALFACE((1733,1732,1731));
#6328=IFCINDEXEDPOLYGONALFACE((2030,2029,2028));
#6329=IFCINDEXEDPOLYGONALFACE((683,681,626));
#6330=IFCINDEXEDPOLYGONALFACE((1573,1571,1516));
#6331=IFCINDEXEDPOLYGONALFACE((1728,1726,1671));
#6332=IFCINDEXEDPOLYGONALFACE((2025,2023,1968));
#6333=IFCINDEXEDPOLYGONALFACE((682,684,739,629));
#6334=IFCINDEXEDPOLYGONALFACE((1572,1574,1629,1519));
#6335=IFCINDEXEDPOLYGONALFACE((1727,1729,1784,1674));
#6336=IFCINDEXEDPOLYGONALFACE((2024,2026,2081,1971));
#6337=IFCINDEXEDPOLYGONALFACE((689,687,685));
#6338=IFCINDEXEDPOLYGONALFACE((1579,1577,1575));
#6339=IFCINDEXEDPOLYGONALFACE((1734,1732,1730));
#6340=IFCINDEXEDPOLYGONALFACE((2031,2029,2027));
#6341=IFCINDEXEDPOLYGONALFACE((652,687,688));
#6342=IFCINDEXEDPOLYGONALFACE((1542,1577,1578));
#6343=IFCINDEXEDPOLYGONALFACE((1697,1732,1733));
#6344=IFCINDEXEDPOLYGONALFACE((1994,2029,2030));
#6345=IFCINDEXEDPOLYGONALFACE((689,626,687));
#6346=IFCINDEXEDPOLYGONALFACE((1579,1516,1577));
#6347=IFCINDEXEDPOLYGONALFACE((1734,1671,1732));
#6348=IFCINDEXEDPOLYGONALFACE((2031,1968,2029));
#6349=IFCINDEXEDPOLYGONALFACE((686,687,626));
#6350=IFCINDEXEDPOLYGONALFACE((1576,1577,1516));
#6351=IFCINDEXEDPOLYGONALFACE((1731,1732,1671));
#6352=IFCINDEXEDPOLYGONALFACE((2028,2029,1968));
#6353=IFCINDEXEDPOLYGONALFACE((690,652,688));
#6354=IFCINDEXEDPOLYGONALFACE((1580,1542,1578));
#6355=IFCINDEXEDPOLYGONALFACE((1735,1697,1733));
#6356=IFCINDEXEDPOLYGONALFACE((2032,1994,2030));
#6357=IFCINDEXEDPOLYGONALFACE((621,688,686));
#6358=IFCINDEXEDPOLYGONALFACE((1511,1578,1576));
#6359=IFCINDEXEDPOLYGONALFACE((1666,1733,1731));
#6360=IFCINDEXEDPOLYGONALFACE((1963,2030,2028));
#6361=IFCINDEXEDPOLYGONALFACE((689,683,626));
#6362=IFCINDEXEDPOLYGONALFACE((1579,1573,1516));
#6363=IFCINDEXEDPOLYGONALFACE((1734,1728,1671));
#6364=IFCINDEXEDPOLYGONALFACE((2031,2025,1968));
#6365=IFCINDEXEDPOLYGONALFACE((683,689,622));
#6366=IFCINDEXEDPOLYGONALFACE((1573,1579,1512));
#6367=IFCINDEXEDPOLYGONALFACE((1728,1734,1667));
#6368=IFCINDEXEDPOLYGONALFACE((2025,2031,1964));
#6369=IFCINDEXEDPOLYGONALFACE((688,691,690));
#6370=IFCINDEXEDPOLYGONALFACE((1578,1581,1580));
#6371=IFCINDEXEDPOLYGONALFACE((1733,1736,1735));
#6372=IFCINDEXEDPOLYGONALFACE((2030,2033,2032));
#6373=IFCINDEXEDPOLYGONALFACE((623,690,691));
#6374=IFCINDEXEDPOLYGONALFACE((1513,1580,1581));
#6375=IFCINDEXEDPOLYGONALFACE((1668,1735,1736));
#6376=IFCINDEXEDPOLYGONALFACE((1965,2032,2033));
#6377=IFCINDEXEDPOLYGONALFACE((694,693,695));
#6378=IFCINDEXEDPOLYGONALFACE((1584,1583,1585));
#6379=IFCINDEXEDPOLYGONALFACE((1739,1738,1740));
#6380=IFCINDEXEDPOLYGONALFACE((2036,2035,2037));
#6381=IFCINDEXEDPOLYGONALFACE((624,693,694));
#6382=IFCINDEXEDPOLYGONALFACE((1514,1583,1584));
#6383=IFCINDEXEDPOLYGONALFACE((1669,1738,1739));
#6384=IFCINDEXEDPOLYGONALFACE((1966,2035,2036));
#6385=IFCINDEXEDPOLYGONALFACE((694,695,627));
#6386=IFCINDEXEDPOLYGONALFACE((1584,1585,1517));
#6387=IFCINDEXEDPOLYGONALFACE((1739,1740,1672));
#6388=IFCINDEXEDPOLYGONALFACE((2036,2037,1969));
#6389=IFCINDEXEDPOLYGONALFACE((696,624,694));
#6390=IFCINDEXEDPOLYGONALFACE((1586,1514,1584));
#6391=IFCINDEXEDPOLYGONALFACE((1741,1669,1739));
#6392=IFCINDEXEDPOLYGONALFACE((2038,1966,2036));
#6393=IFCINDEXEDPOLYGONALFACE((692,627,695));
#6394=IFCINDEXEDPOLYGONALFACE((1582,1517,1585));
#6395=IFCINDEXEDPOLYGONALFACE((1737,1672,1740));
#6396=IFCINDEXEDPOLYGONALFACE((2034,1969,2037));
#6397=IFCINDEXEDPOLYGONALFACE((695,691,692));
#6398=IFCINDEXEDPOLYGONALFACE((1585,1581,1582));
#6399=IFCINDEXEDPOLYGONALFACE((1740,1736,1737));
#6400=IFCINDEXEDPOLYGONALFACE((2037,2033,2034));
#6401=IFCINDEXEDPOLYGONALFACE((691,695,623));
#6402=IFCINDEXEDPOLYGONALFACE((1581,1585,1513));
#6403=IFCINDEXEDPOLYGONALFACE((1736,1740,1668));
#6404=IFCINDEXEDPOLYGONALFACE((2033,2037,1965));
#6405=IFCINDEXEDPOLYGONALFACE((624,696,666));
#6406=IFCINDEXEDPOLYGONALFACE((1514,1586,1556));
#6407=IFCINDEXEDPOLYGONALFACE((1669,1741,1711));
#6408=IFCINDEXEDPOLYGONALFACE((1966,2038,2008));
#6409=IFCINDEXEDPOLYGONALFACE((668,696,667));
#6410=IFCINDEXEDPOLYGONALFACE((1558,1586,1557));
#6411=IFCINDEXEDPOLYGONALFACE((1713,1741,1712));
#6412=IFCINDEXEDPOLYGONALFACE((2010,2038,2009));
#6413=IFCINDEXEDPOLYGONALFACE((651,697,618));
#6414=IFCINDEXEDPOLYGONALFACE((805,844,781));
#6415=IFCINDEXEDPOLYGONALFACE((1541,1587,1508));
#6416=IFCINDEXEDPOLYGONALFACE((1696,1742,1663));
#6417=IFCINDEXEDPOLYGONALFACE((1993,2039,1960));
#6418=IFCINDEXEDPOLYGONALFACE((639,697,620));
#6419=IFCINDEXEDPOLYGONALFACE((794,844,783));
#6420=IFCINDEXEDPOLYGONALFACE((1529,1587,1510));
#6421=IFCINDEXEDPOLYGONALFACE((1684,1742,1665));
#6422=IFCINDEXEDPOLYGONALFACE((1981,2039,1962));
#6423=IFCINDEXEDPOLYGONALFACE((654,698,616));
#6424=IFCINDEXEDPOLYGONALFACE((808,845,779));
#6425=IFCINDEXEDPOLYGONALFACE((1544,1588,1506));
#6426=IFCINDEXEDPOLYGONALFACE((1699,1743,1661));
#6427=IFCINDEXEDPOLYGONALFACE((1996,2040,1958));
#6428=IFCINDEXEDPOLYGONALFACE((619,698,655));
#6429=IFCINDEXEDPOLYGONALFACE((782,845,807));
#6430=IFCINDEXEDPOLYGONALFACE((1509,1588,1545));
#6431=IFCINDEXEDPOLYGONALFACE((1664,1743,1700));
#6432=IFCINDEXEDPOLYGONALFACE((1961,2040,1997));
#6433=IFCINDEXEDPOLYGONALFACE((674,699,619));
#6434=IFCINDEXEDPOLYGONALFACE((830,846,782));
#6435=IFCINDEXEDPOLYGONALFACE((1564,1589,1509));
#6436=IFCINDEXEDPOLYGONALFACE((1719,1744,1664));
#6437=IFCINDEXEDPOLYGONALFACE((2016,2041,1961));
#6438=IFCINDEXEDPOLYGONALFACE((698,699,616));
#6439=IFCINDEXEDPOLYGONALFACE((845,846,779));
#6440=IFCINDEXEDPOLYGONALFACE((1588,1589,1506));
#6441=IFCINDEXEDPOLYGONALFACE((1743,1744,1661));
#6442=IFCINDEXEDPOLYGONALFACE((2040,2041,1958));
#6443=IFCINDEXEDPOLYGONALFACE((647,700,630));
#6444=IFCINDEXEDPOLYGONALFACE((1537,1590,1520));
#6445=IFCINDEXEDPOLYGONALFACE((1692,1745,1675));
#6446=IFCINDEXEDPOLYGONALFACE((1989,2042,1972));
#6447=IFCINDEXEDPOLYGONALFACE((641,700,631));
#6448=IFCINDEXEDPOLYGONALFACE((1531,1590,1521));
#6449=IFCINDEXEDPOLYGONALFACE((1686,1745,1676));
#6450=IFCINDEXEDPOLYGONALFACE((1983,2042,1973));
#6451=IFCINDEXEDPOLYGONALFACE((449,701,677));
#6452=IFCINDEXEDPOLYGONALFACE((452,1591,1567));
#6453=IFCINDEXEDPOLYGONALFACE((455,1746,1722));
#6454=IFCINDEXEDPOLYGONALFACE((458,2043,2019));
#6455=IFCINDEXEDPOLYGONALFACE((641,701,636));
#6456=IFCINDEXEDPOLYGONALFACE((1531,1591,1526));
#6457=IFCINDEXEDPOLYGONALFACE((1686,1746,1681));
#6458=IFCINDEXEDPOLYGONALFACE((1983,2043,1978));
#6459=IFCINDEXEDPOLYGONALFACE((622,737,740));
#6460=IFCINDEXEDPOLYGONALFACE((1512,1627,1630));
#6461=IFCINDEXEDPOLYGONALFACE((1667,1782,1785));
#6462=IFCINDEXEDPOLYGONALFACE((1964,2079,2082));
#6463=IFCINDEXEDPOLYGONALFACE((702,723,726));
#6464=IFCINDEXEDPOLYGONALFACE((1592,1613,1616));
#6465=IFCINDEXEDPOLYGONALFACE((1747,1768,1771));
#6466=IFCINDEXEDPOLYGONALFACE((2044,2065,2068));
#6467=IFCINDEXEDPOLYGONALFACE((451,450,677,640,631,718,645,628,725,679,704,760,761,759,762));
#6468=IFCINDEXEDPOLYGONALFACE((870,791,784));
#6469=IFCINDEXEDPOLYGONALFACE((447,874,448));
#6470=IFCINDEXEDPOLYGONALFACE((454,453,1567,1530,1521,1608,1535,1518,1615,1569,1594,1650,1651,1649,1652));
#6471=IFCINDEXEDPOLYGONALFACE((457,456,1722,1685,1676,1763,1690,1673,1770,1724,1749,1805,1806,1804,1807));
#6472=IFCINDEXEDPOLYGONALFACE((460,459,2019,1982,1973,2060,1987,1970,2067,2021,2046,2102,2103,2101,2104));
#6473=IFCINDEXEDPOLYGONALFACE((762,759,761,760,705,724,717,721,98,451));
#6474=IFCINDEXEDPOLYGONALFACE((870,866,869));
#6475=IFCINDEXEDPOLYGONALFACE((875,63,448));
#6476=IFCINDEXEDPOLYGONALFACE((1652,1649,1651,1650,1595,1614,1607,1611,90,454));
#6477=IFCINDEXEDPOLYGONALFACE((1807,1804,1806,1805,1750,1769,1762,1766,86,457));
#6478=IFCINDEXEDPOLYGONALFACE((2104,2101,2103,2102,2047,2066,2059,2063,80,460));
#6479=IFCINDEXEDPOLYGONALFACE((751,754,714));
#6480=IFCINDEXEDPOLYGONALFACE((1641,1644,1604));
#6481=IFCINDEXEDPOLYGONALFACE((1796,1799,1759));
#6482=IFCINDEXEDPOLYGONALFACE((2093,2096,2056));
#6483=IFCINDEXEDPOLYGONALFACE((743,747,712));
#6484=IFCINDEXEDPOLYGONALFACE((888,892,856));
#6485=IFCINDEXEDPOLYGONALFACE((1633,1637,1602));
#6486=IFCINDEXEDPOLYGONALFACE((1788,1792,1757));
#6487=IFCINDEXEDPOLYGONALFACE((2085,2089,2054));
#6488=IFCINDEXEDPOLYGONALFACE((731,733,693));
#6489=IFCINDEXEDPOLYGONALFACE((1621,1623,1583));
#6490=IFCINDEXEDPOLYGONALFACE((1776,1778,1738));
#6491=IFCINDEXEDPOLYGONALFACE((2073,2075,2035));
#6492=IFCINDEXEDPOLYGONALFACE((685,736,737));
#6493=IFCINDEXEDPOLYGONALFACE((1575,1626,1627));
#6494=IFCINDEXEDPOLYGONALFACE((1730,1781,1782));
#6495=IFCINDEXEDPOLYGONALFACE((2027,2078,2079));
#6496=IFCINDEXEDPOLYGONALFACE((734,732,703));
#6497=IFCINDEXEDPOLYGONALFACE((1624,1622,1593));
#6498=IFCINDEXEDPOLYGONALFACE((1779,1777,1748));
#6499=IFCINDEXEDPOLYGONALFACE((2076,2074,2045));
#6500=IFCINDEXEDPOLYGONALFACE((752,748,753));
#6501=IFCINDEXEDPOLYGONALFACE((897,893,898));
#6502=IFCINDEXEDPOLYGONALFACE((1642,1638,1643));
#6503=IFCINDEXEDPOLYGONALFACE((1797,1793,1798));
#6504=IFCINDEXEDPOLYGONALFACE((2094,2090,2095));
#6505=IFCINDEXEDPOLYGONALFACE((706,740,737));
#6506=IFCINDEXEDPOLYGONALFACE((1596,1630,1627));
#6507=IFCINDEXEDPOLYGONALFACE((1751,1785,1782));
#6508=IFCINDEXEDPOLYGONALFACE((2048,2082,2079));
#6509=IFCINDEXEDPOLYGONALFACE((736,735,707));
#6510=IFCINDEXEDPOLYGONALFACE((1626,1625,1597));
#6511=IFCINDEXEDPOLYGONALFACE((1781,1780,1752));
#6512=IFCINDEXEDPOLYGONALFACE((2078,2077,2049));
#6513=IFCINDEXEDPOLYGONALFACE((734,703,735));
#6514=IFCINDEXEDPOLYGONALFACE((1624,1593,1625));
#6515=IFCINDEXEDPOLYGONALFACE((2076,2045,2077));
#6516=IFCINDEXEDPOLYGONALFACE((746,712,615,744));
#6517=IFCINDEXEDPOLYGONALFACE((891,856,778,890));
#6518=IFCINDEXEDPOLYGONALFACE((1636,1602,1505,1634));
#6519=IFCINDEXEDPOLYGONALFACE((1791,1757,1660,1789));
#6520=IFCINDEXEDPOLYGONALFACE((2088,2054,1957,2086));
#6521=IFCINDEXEDPOLYGONALFACE((710,756,758));
#6522=IFCINDEXEDPOLYGONALFACE((854,911,913));
#6523=IFCINDEXEDPOLYGONALFACE((1600,1646,1648));
#6524=IFCINDEXEDPOLYGONALFACE((1755,1801,1803));
#6525=IFCINDEXEDPOLYGONALFACE((2052,2098,2100));
#6526=IFCINDEXEDPOLYGONALFACE((758,757,710));
#6527=IFCINDEXEDPOLYGONALFACE((913,912,854));
#6528=IFCINDEXEDPOLYGONALFACE((1648,1647,1600));
#6529=IFCINDEXEDPOLYGONALFACE((1803,1802,1755));
#6530=IFCINDEXEDPOLYGONALFACE((2100,2099,2052));
#6531=IFCINDEXEDPOLYGONALFACE((150,766,17));
#6532=IFCINDEXEDPOLYGONALFACE((370,1656,148));
#6533=IFCINDEXEDPOLYGONALFACE((106,1811,103));
#6534=IFCINDEXEDPOLYGONALFACE((1472,2108,104));
#6535=IFCINDEXEDPOLYGONALFACE((728,702,729));
#6536=IFCINDEXEDPOLYGONALFACE((1618,1592,1619));
#6537=IFCINDEXEDPOLYGONALFACE((1773,1747,1774));
#6538=IFCINDEXEDPOLYGONALFACE((2070,2044,2071));
#6539=IFCINDEXEDPOLYGONALFACE((743,746,709));
#6540=IFCINDEXEDPOLYGONALFACE((891,853,888));
#6541=IFCINDEXEDPOLYGONALFACE((1633,1636,1599));
#6542=IFCINDEXEDPOLYGONALFACE((1788,1791,1754));
#6543=IFCINDEXEDPOLYGONALFACE((2085,2088,2051));
#6544=IFCINDEXEDPOLYGONALFACE((743,742,747));
#6545=IFCINDEXEDPOLYGONALFACE((888,887,892));
#6546=IFCINDEXEDPOLYGONALFACE((1633,1632,1637));
#6547=IFCINDEXEDPOLYGONALFACE((1788,1787,1792));
#6548=IFCINDEXEDPOLYGONALFACE((2085,2084,2089));
#6549=IFCINDEXEDPOLYGONALFACE((752,711,751));
#6550=IFCINDEXEDPOLYGONALFACE((897,855,896));
#6551=IFCINDEXEDPOLYGONALFACE((1642,1601,1641));
#6552=IFCINDEXEDPOLYGONALFACE((1797,1756,1796));
#6553=IFCINDEXEDPOLYGONALFACE((2094,2053,2093));
#6554=IFCINDEXEDPOLYGONALFACE((748,747,715));
#6555=IFCINDEXEDPOLYGONALFACE((893,892,860));
#6556=IFCINDEXEDPOLYGONALFACE((1638,1637,1605));
#6557=IFCINDEXEDPOLYGONALFACE((1793,1792,1760));
#6558=IFCINDEXEDPOLYGONALFACE((2090,2089,2057));
#6559=IFCINDEXEDPOLYGONALFACE((702,726,729));
#6560=IFCINDEXEDPOLYGONALFACE((1592,1616,1619));
#6561=IFCINDEXEDPOLYGONALFACE((1747,1771,1774));
#6562=IFCINDEXEDPOLYGONALFACE((2044,2068,2071));
#6563=IFCINDEXEDPOLYGONALFACE((766,150,95));
#6564=IFCINDEXEDPOLYGONALFACE((1656,370,87));
#6565=IFCINDEXEDPOLYGONALFACE((1811,106,83));
#6566=IFCINDEXEDPOLYGONALFACE((2108,1472,81));
#6567=IFCINDEXEDPOLYGONALFACE((766,637,17));
#6568=IFCINDEXEDPOLYGONALFACE((1656,1527,148));
#6569=IFCINDEXEDPOLYGONALFACE((1811,1682,103));
#6570=IFCINDEXEDPOLYGONALFACE((2108,1979,104));
#6571=IFCINDEXEDPOLYGONALFACE((649,618,763));
#6572=IFCINDEXEDPOLYGONALFACE((1539,1508,1653));
#6573=IFCINDEXEDPOLYGONALFACE((1694,1663,1808));
#6574=IFCINDEXEDPOLYGONALFACE((1991,1960,2105));
#6575=IFCINDEXEDPOLYGONALFACE((764,618,637));
#6576=IFCINDEXEDPOLYGONALFACE((1654,1508,1527));
#6577=IFCINDEXEDPOLYGONALFACE((1809,1663,1682));
#6578=IFCINDEXEDPOLYGONALFACE((2106,1960,1979));
#6579=IFCINDEXEDPOLYGONALFACE((763,618,764));
#6580=IFCINDEXEDPOLYGONALFACE((1653,1508,1654));
#6581=IFCINDEXEDPOLYGONALFACE((1808,1663,1809));
#6582=IFCINDEXEDPOLYGONALFACE((2105,1960,2106));
#6583=IFCINDEXEDPOLYGONALFACE((666,612,726));
#6584=IFCINDEXEDPOLYGONALFACE((1556,1502,1616));
#6585=IFCINDEXEDPOLYGONALFACE((1711,1657,1771));
#6586=IFCINDEXEDPOLYGONALFACE((2008,1954,2068));
#6587=IFCINDEXEDPOLYGONALFACE((731,730,722));
#6588=IFCINDEXEDPOLYGONALFACE((1621,1620,1612));
#6589=IFCINDEXEDPOLYGONALFACE((1776,1775,1767));
#6590=IFCINDEXEDPOLYGONALFACE((2073,2072,2064));
#6591=IFCINDEXEDPOLYGONALFACE((730,723,722));
#6592=IFCINDEXEDPOLYGONALFACE((1620,1613,1612));
#6593=IFCINDEXEDPOLYGONALFACE((1775,1768,1767));
#6594=IFCINDEXEDPOLYGONALFACE((2072,2065,2064));
#6595=IFCINDEXEDPOLYGONALFACE((730,666,726));
#6596=IFCINDEXEDPOLYGONALFACE((1620,1556,1616));
#6597=IFCINDEXEDPOLYGONALFACE((1775,1711,1771));
#6598=IFCINDEXEDPOLYGONALFACE((2072,2008,2068));
#6599=IFCINDEXEDPOLYGONALFACE((666,730,624));
#6600=IFCINDEXEDPOLYGONALFACE((1556,1620,1514));
#6601=IFCINDEXEDPOLYGONALFACE((1711,1775,1669));
#6602=IFCINDEXEDPOLYGONALFACE((2008,2072,1966));
#6603=IFCINDEXEDPOLYGONALFACE((754,716,755));
#6604=IFCINDEXEDPOLYGONALFACE((1644,1606,1645));
#6605=IFCINDEXEDPOLYGONALFACE((1799,1761,1800));
#6606=IFCINDEXEDPOLYGONALFACE((2096,2058,2097));
#6607=IFCINDEXEDPOLYGONALFACE((727,755,729));
#6608=IFCINDEXEDPOLYGONALFACE((1617,1645,1619));
#6609=IFCINDEXEDPOLYGONALFACE((1772,1800,1774));
#6610=IFCINDEXEDPOLYGONALFACE((2069,2097,2071));
#6611=IFCINDEXEDPOLYGONALFACE((726,612,729));
#6612=IFCINDEXEDPOLYGONALFACE((1616,1502,1619));
#6613=IFCINDEXEDPOLYGONALFACE((1771,1657,1774));
#6614=IFCINDEXEDPOLYGONALFACE((2068,1954,2071));
#6615=IFCINDEXEDPOLYGONALFACE((716,728,755));
#6616=IFCINDEXEDPOLYGONALFACE((1606,1618,1645));
#6617=IFCINDEXEDPOLYGONALFACE((1761,1773,1800));
#6618=IFCINDEXEDPOLYGONALFACE((2058,2070,2097));
#6619=IFCINDEXEDPOLYGONALFACE((729,612,663,727));
#6620=IFCINDEXEDPOLYGONALFACE((1619,1502,1553,1617));
#6621=IFCINDEXEDPOLYGONALFACE((1774,1657,1708,1772));
#6622=IFCINDEXEDPOLYGONALFACE((2071,1954,2005,2069));
#6623=IFCINDEXEDPOLYGONALFACE((731,624,730));
#6624=IFCINDEXEDPOLYGONALFACE((1621,1514,1620));
#6625=IFCINDEXEDPOLYGONALFACE((1776,1669,1775));
#6626=IFCINDEXEDPOLYGONALFACE((2073,1966,2072));
#6627=IFCINDEXEDPOLYGONALFACE((723,730,726));
#6628=IFCINDEXEDPOLYGONALFACE((1613,1620,1616));
#6629=IFCINDEXEDPOLYGONALFACE((1768,1775,1771));
#6630=IFCINDEXEDPOLYGONALFACE((2065,2072,2068));
#6631=IFCINDEXEDPOLYGONALFACE((623,693,733));
#6632=IFCINDEXEDPOLYGONALFACE((1513,1583,1623));
#6633=IFCINDEXEDPOLYGONALFACE((1668,1738,1778));
#6634=IFCINDEXEDPOLYGONALFACE((1965,2035,2075));
#6635=IFCINDEXEDPOLYGONALFACE((693,624,731));
#6636=IFCINDEXEDPOLYGONALFACE((1583,1514,1621));
#6637=IFCINDEXEDPOLYGONALFACE((1738,1669,1776));
#6638=IFCINDEXEDPOLYGONALFACE((2035,1966,2073));
#6639=IFCINDEXEDPOLYGONALFACE((733,732,734));
#6640=IFCINDEXEDPOLYGONALFACE((1623,1622,1624));
#6641=IFCINDEXEDPOLYGONALFACE((1778,1777,1779));
#6642=IFCINDEXEDPOLYGONALFACE((2075,2074,2076));
#6643=IFCINDEXEDPOLYGONALFACE((733,731,722));
#6644=IFCINDEXEDPOLYGONALFACE((2075,2073,2064));
#6645=IFCINDEXEDPOLYGONALFACE((734,623,733));
#6646=IFCINDEXEDPOLYGONALFACE((1624,1513,1623));
#6647=IFCINDEXEDPOLYGONALFACE((1779,1668,1778));
#6648=IFCINDEXEDPOLYGONALFACE((2076,1965,2075));
#6649=IFCINDEXEDPOLYGONALFACE((722,732,733));
#6650=IFCINDEXEDPOLYGONALFACE((1612,1622,1623));
#6651=IFCINDEXEDPOLYGONALFACE((1767,1777,1778));
#6652=IFCINDEXEDPOLYGONALFACE((2064,2074,2075));
#6653=IFCINDEXEDPOLYGONALFACE((652,690,735));
#6654=IFCINDEXEDPOLYGONALFACE((1542,1580,1625));
#6655=IFCINDEXEDPOLYGONALFACE((1697,1735,1780));
#6656=IFCINDEXEDPOLYGONALFACE((1994,2032,2077));
#6657=IFCINDEXEDPOLYGONALFACE((707,735,703));
#6658=IFCINDEXEDPOLYGONALFACE((1597,1625,1593));
#6659=IFCINDEXEDPOLYGONALFACE((1752,1780,1748));
#6660=IFCINDEXEDPOLYGONALFACE((2049,2077,2045));
#6661=IFCINDEXEDPOLYGONALFACE((690,734,735));
#6662=IFCINDEXEDPOLYGONALFACE((1580,1624,1625));
#6663=IFCINDEXEDPOLYGONALFACE((1735,1779,1780));
#6664=IFCINDEXEDPOLYGONALFACE((2032,2076,2077));
#6665=IFCINDEXEDPOLYGONALFACE((652,735,736));
#6666=IFCINDEXEDPOLYGONALFACE((1542,1625,1626));
#6667=IFCINDEXEDPOLYGONALFACE((1697,1780,1781));
#6668=IFCINDEXEDPOLYGONALFACE((1994,2077,2078));
#6669=IFCINDEXEDPOLYGONALFACE((690,623,734));
#6670=IFCINDEXEDPOLYGONALFACE((1580,1513,1624));
#6671=IFCINDEXEDPOLYGONALFACE((1735,1668,1779));
#6672=IFCINDEXEDPOLYGONALFACE((2032,1965,2076));
#6673=IFCINDEXEDPOLYGONALFACE((737,622,685));
#6674=IFCINDEXEDPOLYGONALFACE((1627,1512,1575));
#6675=IFCINDEXEDPOLYGONALFACE((1782,1667,1730));
#6676=IFCINDEXEDPOLYGONALFACE((2079,1964,2027));
#6677=IFCINDEXEDPOLYGONALFACE((736,707,706));
#6678=IFCINDEXEDPOLYGONALFACE((1626,1597,1596));
#6679=IFCINDEXEDPOLYGONALFACE((1781,1752,1751));
#6680=IFCINDEXEDPOLYGONALFACE((2078,2049,2048));
#6681=IFCINDEXEDPOLYGONALFACE((685,652,736));
#6682=IFCINDEXEDPOLYGONALFACE((1575,1542,1626));
#6683=IFCINDEXEDPOLYGONALFACE((1730,1697,1781));
#6684=IFCINDEXEDPOLYGONALFACE((2027,1994,2078));
#6685=IFCINDEXEDPOLYGONALFACE((741,760,704));
#6686=IFCINDEXEDPOLYGONALFACE((1631,1650,1594));
#6687=IFCINDEXEDPOLYGONALFACE((1786,1805,1749));
#6688=IFCINDEXEDPOLYGONALFACE((2083,2102,2046));
#6689=IFCINDEXEDPOLYGONALFACE((706,737,736));
#6690=IFCINDEXEDPOLYGONALFACE((1596,1627,1626));
#6691=IFCINDEXEDPOLYGONALFACE((1751,1782,1781));
#6692=IFCINDEXEDPOLYGONALFACE((2048,2079,2078));
#6693=IFCINDEXEDPOLYGONALFACE((740,738,741));
#6694=IFCINDEXEDPOLYGONALFACE((1630,1628,1631));
#6695=IFCINDEXEDPOLYGONALFACE((1785,1783,1786));
#6696=IFCINDEXEDPOLYGONALFACE((2082,2080,2083));
#6697=IFCINDEXEDPOLYGONALFACE((706,738,740));
#6698=IFCINDEXEDPOLYGONALFACE((1596,1628,1630));
#6699=IFCINDEXEDPOLYGONALFACE((1751,1783,1785));
#6700=IFCINDEXEDPOLYGONALFACE((2048,2080,2082));
#6701=IFCINDEXEDPOLYGONALFACE((740,739,684,622));
#6702=IFCINDEXEDPOLYGONALFACE((1630,1629,1574,1512));
#6703=IFCINDEXEDPOLYGONALFACE((1785,1784,1729,1667));
#6704=IFCINDEXEDPOLYGONALFACE((2082,2081,2026,1964));
#6705=IFCINDEXEDPOLYGONALFACE((739,740,741));
#6706=IFCINDEXEDPOLYGONALFACE((1629,1630,1631));
#6707=IFCINDEXEDPOLYGONALFACE((1784,1785,1786));
#6708=IFCINDEXEDPOLYGONALFACE((2081,2082,2083));
#6709=IFCINDEXEDPOLYGONALFACE((741,704,629,739));
#6710=IFCINDEXEDPOLYGONALFACE((1631,1594,1519,1629));
#6711=IFCINDEXEDPOLYGONALFACE((1786,1749,1674,1784));
#6712=IFCINDEXEDPOLYGONALFACE((2083,2046,1971,2081));
#6713=IFCINDEXEDPOLYGONALFACE((741,738,705));
#6714=IFCINDEXEDPOLYGONALFACE((1631,1628,1595));
#6715=IFCINDEXEDPOLYGONALFACE((1786,1783,1750));
#6716=IFCINDEXEDPOLYGONALFACE((2083,2080,2047));
#6717=IFCINDEXEDPOLYGONALFACE((710,745,756));
#6718=IFCINDEXEDPOLYGONALFACE((1600,1635,1646));
#6719=IFCINDEXEDPOLYGONALFACE((1755,1790,1801));
#6720=IFCINDEXEDPOLYGONALFACE((2052,2087,2098));
#6721=IFCINDEXEDPOLYGONALFACE((742,743,709));
#6722=IFCINDEXEDPOLYGONALFACE((887,888,853));
#6723=IFCINDEXEDPOLYGONALFACE((1632,1633,1599));
#6724=IFCINDEXEDPOLYGONALFACE((1787,1788,1754));
#6725=IFCINDEXEDPOLYGONALFACE((2084,2085,2051));
#6726=IFCINDEXEDPOLYGONALFACE((747,713,644,712));
#6727=IFCINDEXEDPOLYGONALFACE((892,858,801,856));
#6728=IFCINDEXEDPOLYGONALFACE((1637,1603,1534,1602));
#6729=IFCINDEXEDPOLYGONALFACE((1792,1758,1689,1757));
#6730=IFCINDEXEDPOLYGONALFACE((2089,2055,1986,2054));
#6731=IFCINDEXEDPOLYGONALFACE((746,744,756));
#6732=IFCINDEXEDPOLYGONALFACE((891,890,911));
#6733=IFCINDEXEDPOLYGONALFACE((1636,1634,1646));
#6734=IFCINDEXEDPOLYGONALFACE((1791,1789,1801));
#6735=IFCINDEXEDPOLYGONALFACE((2088,2086,2098));
#6736=IFCINDEXEDPOLYGONALFACE((712,746,743));
#6737=IFCINDEXEDPOLYGONALFACE((888,856,891));
#6738=IFCINDEXEDPOLYGONALFACE((1602,1636,1633));
#6739=IFCINDEXEDPOLYGONALFACE((1757,1791,1788));
#6740=IFCINDEXEDPOLYGONALFACE((2054,2088,2085));
#6741=IFCINDEXEDPOLYGONALFACE((746,745,709));
#6742=IFCINDEXEDPOLYGONALFACE((891,889,853));
#6743=IFCINDEXEDPOLYGONALFACE((1636,1635,1599));
#6744=IFCINDEXEDPOLYGONALFACE((1791,1790,1754));
#6745=IFCINDEXEDPOLYGONALFACE((2088,2087,2051));
#6746=IFCINDEXEDPOLYGONALFACE((745,746,756));
#6747=IFCINDEXEDPOLYGONALFACE((889,891,911));
#6748=IFCINDEXEDPOLYGONALFACE((1635,1636,1646));
#6749=IFCINDEXEDPOLYGONALFACE((1790,1791,1801));
#6750=IFCINDEXEDPOLYGONALFACE((2087,2088,2098));
#6751=IFCINDEXEDPOLYGONALFACE((748,708,657,643,713));
#6752=IFCINDEXEDPOLYGONALFACE((893,852,810,800,858));
#6753=IFCINDEXEDPOLYGONALFACE((1638,1598,1547,1533,1603));
#6754=IFCINDEXEDPOLYGONALFACE((1793,1753,1702,1688,1758));
#6755=IFCINDEXEDPOLYGONALFACE((2090,2050,1999,1985,2055));
#6756=IFCINDEXEDPOLYGONALFACE((747,742,715));
#6757=IFCINDEXEDPOLYGONALFACE((892,887,860));
#6758=IFCINDEXEDPOLYGONALFACE((1637,1632,1605));
#6759=IFCINDEXEDPOLYGONALFACE((1792,1787,1760));
#6760=IFCINDEXEDPOLYGONALFACE((2089,2084,2057));
#6761=IFCINDEXEDPOLYGONALFACE((747,748,713));
#6762=IFCINDEXEDPOLYGONALFACE((892,893,858));
#6763=IFCINDEXEDPOLYGONALFACE((1637,1638,1603));
#6764=IFCINDEXEDPOLYGONALFACE((1792,1793,1758));
#6765=IFCINDEXEDPOLYGONALFACE((2089,2090,2055));
#6766=IFCINDEXEDPOLYGONALFACE((752,751,749));
#6767=IFCINDEXEDPOLYGONALFACE((897,896,894));
#6768=IFCINDEXEDPOLYGONALFACE((1642,1641,1639));
#6769=IFCINDEXEDPOLYGONALFACE((1797,1796,1794));
#6770=IFCINDEXEDPOLYGONALFACE((2094,2093,2091));
#6771=IFCINDEXEDPOLYGONALFACE((751,750,754));
#6772=IFCINDEXEDPOLYGONALFACE((896,895,899));
#6773=IFCINDEXEDPOLYGONALFACE((1641,1640,1644));
#6774=IFCINDEXEDPOLYGONALFACE((1796,1795,1799));
#6775=IFCINDEXEDPOLYGONALFACE((2093,2092,2096));
#6776=IFCINDEXEDPOLYGONALFACE((752,749,632,708));
#6777=IFCINDEXEDPOLYGONALFACE((897,894,787,852));
#6778=IFCINDEXEDPOLYGONALFACE((1642,1639,1522,1598));
#6779=IFCINDEXEDPOLYGONALFACE((1797,1794,1677,1753));
#6780=IFCINDEXEDPOLYGONALFACE((2094,2091,1974,2050));
#6781=IFCINDEXEDPOLYGONALFACE((750,751,711));
#6782=IFCINDEXEDPOLYGONALFACE((895,896,855));
#6783=IFCINDEXEDPOLYGONALFACE((1640,1641,1601));
#6784=IFCINDEXEDPOLYGONALFACE((1795,1796,1756));
#6785=IFCINDEXEDPOLYGONALFACE((2092,2093,2053));
#6786=IFCINDEXEDPOLYGONALFACE((751,714,660,749));
#6787=IFCINDEXEDPOLYGONALFACE((896,857,813,894));
#6788=IFCINDEXEDPOLYGONALFACE((1641,1604,1550,1639));
#6789=IFCINDEXEDPOLYGONALFACE((1796,1759,1705,1794));
#6790=IFCINDEXEDPOLYGONALFACE((2093,2056,2002,2091));
#6791=IFCINDEXEDPOLYGONALFACE((748,715,753));
#6792=IFCINDEXEDPOLYGONALFACE((893,860,898));
#6793=IFCINDEXEDPOLYGONALFACE((1638,1605,1643));
#6794=IFCINDEXEDPOLYGONALFACE((1793,1760,1798));
#6795=IFCINDEXEDPOLYGONALFACE((2090,2057,2095));
#6796=IFCINDEXEDPOLYGONALFACE((748,752,708));
#6797=IFCINDEXEDPOLYGONALFACE((893,897,852));
#6798=IFCINDEXEDPOLYGONALFACE((1638,1642,1598));
#6799=IFCINDEXEDPOLYGONALFACE((1793,1797,1753));
#6800=IFCINDEXEDPOLYGONALFACE((2090,2094,2050));
#6801=IFCINDEXEDPOLYGONALFACE((753,711,752));
#6802=IFCINDEXEDPOLYGONALFACE((898,855,897));
#6803=IFCINDEXEDPOLYGONALFACE((1643,1601,1642));
#6804=IFCINDEXEDPOLYGONALFACE((1798,1756,1797));
#6805=IFCINDEXEDPOLYGONALFACE((2095,2053,2094));
#6806=IFCINDEXEDPOLYGONALFACE((755,727,635,714));
#6807=IFCINDEXEDPOLYGONALFACE((1645,1617,1525,1604));
#6808=IFCINDEXEDPOLYGONALFACE((1800,1772,1680,1759));
#6809=IFCINDEXEDPOLYGONALFACE((2097,2069,1977,2056));
#6810=IFCINDEXEDPOLYGONALFACE((754,750,716));
#6811=IFCINDEXEDPOLYGONALFACE((899,895,859));
#6812=IFCINDEXEDPOLYGONALFACE((1644,1640,1606));
#6813=IFCINDEXEDPOLYGONALFACE((1799,1795,1761));
#6814=IFCINDEXEDPOLYGONALFACE((2096,2092,2058));
#6815=IFCINDEXEDPOLYGONALFACE((714,754,755));
#6816=IFCINDEXEDPOLYGONALFACE((1604,1644,1645));
#6817=IFCINDEXEDPOLYGONALFACE((1759,1799,1800));
#6818=IFCINDEXEDPOLYGONALFACE((2056,2096,2097));
#6819=IFCINDEXEDPOLYGONALFACE((729,755,728));
#6820=IFCINDEXEDPOLYGONALFACE((1619,1645,1618));
#6821=IFCINDEXEDPOLYGONALFACE((1774,1800,1773));
#6822=IFCINDEXEDPOLYGONALFACE((2071,2097,2070));
#6823=IFCINDEXEDPOLYGONALFACE((758,616,765));
#6824=IFCINDEXEDPOLYGONALFACE((1648,1506,1655));
#6825=IFCINDEXEDPOLYGONALFACE((1803,1661,1810));
#6826=IFCINDEXEDPOLYGONALFACE((2100,1958,2107));
#6827=IFCINDEXEDPOLYGONALFACE((756,744,654,616));
#6828=IFCINDEXEDPOLYGONALFACE((911,890,808,779));
#6829=IFCINDEXEDPOLYGONALFACE((1646,1634,1544,1506));
#6830=IFCINDEXEDPOLYGONALFACE((1801,1789,1699,1661));
#6831=IFCINDEXEDPOLYGONALFACE((2098,2086,1996,1958));
#6832=IFCINDEXEDPOLYGONALFACE((763,719,757));
#6833=IFCINDEXEDPOLYGONALFACE((1653,1609,1647));
#6834=IFCINDEXEDPOLYGONALFACE((1808,1764,1802));
#6835=IFCINDEXEDPOLYGONALFACE((2105,2061,2099));
#6836=IFCINDEXEDPOLYGONALFACE((616,758,756));
#6837=IFCINDEXEDPOLYGONALFACE((779,913,911));
#6838=IFCINDEXEDPOLYGONALFACE((1506,1648,1646));
#6839=IFCINDEXEDPOLYGONALFACE((1661,1803,1801));
#6840=IFCINDEXEDPOLYGONALFACE((1958,2100,2098));
#6841=IFCINDEXEDPOLYGONALFACE((763,757,765));
#6842=IFCINDEXEDPOLYGONALFACE((1653,1647,1655));
#6843=IFCINDEXEDPOLYGONALFACE((1808,1802,1810));
#6844=IFCINDEXEDPOLYGONALFACE((2105,2099,2107));
#6845=IFCINDEXEDPOLYGONALFACE((705,760,741));
#6846=IFCINDEXEDPOLYGONALFACE((1595,1650,1631));
#6847=IFCINDEXEDPOLYGONALFACE((1750,1805,1786));
#6848=IFCINDEXEDPOLYGONALFACE((2047,2102,2083));
#6849=IFCINDEXEDPOLYGONALFACE((765,649,763));
#6850=IFCINDEXEDPOLYGONALFACE((1655,1539,1653));
#6851=IFCINDEXEDPOLYGONALFACE((1810,1694,1808));
#6852=IFCINDEXEDPOLYGONALFACE((2107,1991,2105));
#6853=IFCINDEXEDPOLYGONALFACE((719,763,764));
#6854=IFCINDEXEDPOLYGONALFACE((1609,1653,1654));
#6855=IFCINDEXEDPOLYGONALFACE((1764,1808,1809));
#6856=IFCINDEXEDPOLYGONALFACE((2061,2105,2106));
#6857=IFCINDEXEDPOLYGONALFACE((764,720,719));
#6858=IFCINDEXEDPOLYGONALFACE((1654,1610,1609));
#6859=IFCINDEXEDPOLYGONALFACE((1809,1765,1764));
#6860=IFCINDEXEDPOLYGONALFACE((2106,2062,2061));
#6861=IFCINDEXEDPOLYGONALFACE((766,720,764));
#6862=IFCINDEXEDPOLYGONALFACE((1656,1610,1654));
#6863=IFCINDEXEDPOLYGONALFACE((1811,1765,1809));
#6864=IFCINDEXEDPOLYGONALFACE((2108,2062,2106));
#6865=IFCINDEXEDPOLYGONALFACE((649,765,616));
#6866=IFCINDEXEDPOLYGONALFACE((1539,1655,1506));
#6867=IFCINDEXEDPOLYGONALFACE((1694,1810,1661));
#6868=IFCINDEXEDPOLYGONALFACE((1991,2107,1958));
#6869=IFCINDEXEDPOLYGONALFACE((765,757,758));
#6870=IFCINDEXEDPOLYGONALFACE((1655,1647,1648));
#6871=IFCINDEXEDPOLYGONALFACE((1810,1802,1803));
#6872=IFCINDEXEDPOLYGONALFACE((2107,2099,2100));
#6873=IFCINDEXEDPOLYGONALFACE((637,766,764));
#6874=IFCINDEXEDPOLYGONALFACE((1527,1656,1654));
#6875=IFCINDEXEDPOLYGONALFACE((1682,1811,1809));
#6876=IFCINDEXEDPOLYGONALFACE((1979,2108,2106));
#6877=IFCINDEXEDPOLYGONALFACE((720,766,95));
#6878=IFCINDEXEDPOLYGONALFACE((1610,1656,87));
#6879=IFCINDEXEDPOLYGONALFACE((1765,1811,83));
#6880=IFCINDEXEDPOLYGONALFACE((2062,2108,81));
#6881=IFCINDEXEDPOLYGONALFACE((831,829,798));
#6882=IFCINDEXEDPOLYGONALFACE((820,768,818));
#6883=IFCINDEXEDPOLYGONALFACE((769,831,798));
#6884=IFCINDEXEDPOLYGONALFACE((836,835,837));
#6885=IFCINDEXEDPOLYGONALFACE((770,837,840));
#6886=IFCINDEXEDPOLYGONALFACE((774,840,837));
#6887=IFCINDEXEDPOLYGONALFACE((835,832,775));
#6888=IFCINDEXEDPOLYGONALFACE((831,769,832));
#6889=IFCINDEXEDPOLYGONALFACE((819,820,767));
#6890=IFCINDEXEDPOLYGONALFACE((824,798,829));
#6891=IFCINDEXEDPOLYGONALFACE((767,820,818));
#6892=IFCINDEXEDPOLYGONALFACE((797,796,824));
#6893=IFCINDEXEDPOLYGONALFACE((795,798,824));
#6894=IFCINDEXEDPOLYGONALFACE((819,825,820));
#6895=IFCINDEXEDPOLYGONALFACE((825,826,820));
#6896=IFCINDEXEDPOLYGONALFACE((796,825,824));
#6897=IFCINDEXEDPOLYGONALFACE((829,797,824));
#6898=IFCINDEXEDPOLYGONALFACE((819,795,825));
#6899=IFCINDEXEDPOLYGONALFACE((795,824,825));
#6900=IFCINDEXEDPOLYGONALFACE((768,820,826));
#6901=IFCINDEXEDPOLYGONALFACE((825,796,826));
#6902=IFCINDEXEDPOLYGONALFACE((829,772,797));
#6903=IFCINDEXEDPOLYGONALFACE((831,772,829));
#6904=IFCINDEXEDPOLYGONALFACE((776,833,832));
#6905=IFCINDEXEDPOLYGONALFACE((775,832,769));
#6906=IFCINDEXEDPOLYGONALFACE((833,831,832));
#6907=IFCINDEXEDPOLYGONALFACE((776,832,835));
#6908=IFCINDEXEDPOLYGONALFACE((833,772,831));
#6909=IFCINDEXEDPOLYGONALFACE((837,770,836));
#6910=IFCINDEXEDPOLYGONALFACE((835,775,774));
#6911=IFCINDEXEDPOLYGONALFACE((836,776,835));
#6912=IFCINDEXEDPOLYGONALFACE((841,848,771));
#6913=IFCINDEXEDPOLYGONALFACE((774,837,835));
#6914=IFCINDEXEDPOLYGONALFACE((840,838,841));
#6915=IFCINDEXEDPOLYGONALFACE((774,838,840));
#6916=IFCINDEXEDPOLYGONALFACE((840,839,770));
#6917=IFCINDEXEDPOLYGONALFACE((839,840,841));
#6918=IFCINDEXEDPOLYGONALFACE((839,841,771));
#6919=IFCINDEXEDPOLYGONALFACE((841,838,773));
#6920=IFCINDEXEDPOLYGONALFACE((773,848,841));
#6921=IFCINDEXEDPOLYGONALFACE((903,767,816,900));
#6922=IFCINDEXEDPOLYGONALFACE((917,792,1));
#6923=IFCINDEXEDPOLYGONALFACE((896,899,857));
#6924=IFCINDEXEDPOLYGONALFACE((767,904,819));
#6925=IFCINDEXEDPOLYGONALFACE((871,866,914));
#6926=IFCINDEXEDPOLYGONALFACE((854,889,911));
#6927=IFCINDEXEDPOLYGONALFACE((916,915,867));
#6928=IFCINDEXEDPOLYGONALFACE((867,915,868));
#6929=IFCINDEXEDPOLYGONALFACE((902,903,901));
#6930=IFCINDEXEDPOLYGONALFACE((798,795,908));
#6931=IFCINDEXEDPOLYGONALFACE((879,838,880));
#6932=IFCINDEXEDPOLYGONALFACE((873,881,882));
#6933=IFCINDEXEDPOLYGONALFACE((908,906,907));
#6934=IFCINDEXEDPOLYGONALFACE((865,878,879));
#6935=IFCINDEXEDPOLYGONALFACE((819,904,905));
#6936=IFCINDEXEDPOLYGONALFACE((878,877,876));
#6937=IFCINDEXEDPOLYGONALFACE((914,872,871));
#6938=IFCINDEXEDPOLYGONALFACE((875,918,869));
#6939=IFCINDEXEDPOLYGONALFACE((779,919,913));
#6940=IFCINDEXEDPOLYGONALFACE((21,20,917));
#6941=IFCINDEXEDPOLYGONALFACE((781,792,915));
#6942=IFCINDEXEDPOLYGONALFACE((917,915,792));
#6943=IFCINDEXEDPOLYGONALFACE((918,874,791));
#6944=IFCINDEXEDPOLYGONALFACE((872,864,871));
#6945=IFCINDEXEDPOLYGONALFACE((448,874,918));
#6946=IFCINDEXEDPOLYGONALFACE((864,872,876));
#6947=IFCINDEXEDPOLYGONALFACE((872,843,876));
#6948=IFCINDEXEDPOLYGONALFACE((870,784,914));
#6949=IFCINDEXEDPOLYGONALFACE((872,784,843));
#6950=IFCINDEXEDPOLYGONALFACE((861,885,881));
#6951=IFCINDEXEDPOLYGONALFACE((862,909,907));
#6952=IFCINDEXEDPOLYGONALFACE((869,918,870));
#6953=IFCINDEXEDPOLYGONALFACE((878,865,877));
#6954=IFCINDEXEDPOLYGONALFACE((876,843,773));
#6955=IFCINDEXEDPOLYGONALFACE((877,864,876));
#6956=IFCINDEXEDPOLYGONALFACE((838,879,773));
#6957=IFCINDEXEDPOLYGONALFACE((773,878,876));
#6958=IFCINDEXEDPOLYGONALFACE((861,884,880));
#6959=IFCINDEXEDPOLYGONALFACE((878,773,879));
#6960=IFCINDEXEDPOLYGONALFACE((879,880,884));
#6961=IFCINDEXEDPOLYGONALFACE((885,882,881));
#6962=IFCINDEXEDPOLYGONALFACE((880,838,774));
#6963=IFCINDEXEDPOLYGONALFACE((873,882,883));
#6964=IFCINDEXEDPOLYGONALFACE((883,882,775));
#6965=IFCINDEXEDPOLYGONALFACE((885,774,882));
#6966=IFCINDEXEDPOLYGONALFACE((775,882,774));
#6967=IFCINDEXEDPOLYGONALFACE((886,873,883));
#6968=IFCINDEXEDPOLYGONALFACE((769,883,775));
#6969=IFCINDEXEDPOLYGONALFACE((884,865,879));
#6970=IFCINDEXEDPOLYGONALFACE((885,880,774));
#6971=IFCINDEXEDPOLYGONALFACE((880,885,861));
#6972=IFCINDEXEDPOLYGONALFACE((862,886,909));
#6973=IFCINDEXEDPOLYGONALFACE((901,900,790,857));
#6974=IFCINDEXEDPOLYGONALFACE((899,859,901));
#6975=IFCINDEXEDPOLYGONALFACE((857,899,901));
#6976=IFCINDEXEDPOLYGONALFACE((903,900,901));
#6977=IFCINDEXEDPOLYGONALFACE((851,903,902));
#6978=IFCINDEXEDPOLYGONALFACE((901,859,902));
#6979=IFCINDEXEDPOLYGONALFACE((851,904,903));
#6980=IFCINDEXEDPOLYGONALFACE((767,903,904));
#6981=IFCINDEXEDPOLYGONALFACE((904,910,905));
#6982=IFCINDEXEDPOLYGONALFACE((905,795,819));
#6983=IFCINDEXEDPOLYGONALFACE((862,907,906));
#6984=IFCINDEXEDPOLYGONALFACE((907,798,908));
#6985=IFCINDEXEDPOLYGONALFACE((863,908,905));
#6986=IFCINDEXEDPOLYGONALFACE((909,883,769));
#6987=IFCINDEXEDPOLYGONALFACE((769,798,909));
#6988=IFCINDEXEDPOLYGONALFACE((906,908,863));
#6989=IFCINDEXEDPOLYGONALFACE((905,908,795));
#6990=IFCINDEXEDPOLYGONALFACE((798,907,909));
#6991=IFCINDEXEDPOLYGONALFACE((883,909,886));
#6992=IFCINDEXEDPOLYGONALFACE((863,905,910));
#6993=IFCINDEXEDPOLYGONALFACE((904,851,910));
#6994=IFCINDEXEDPOLYGONALFACE((867,912,916));
#6995=IFCINDEXEDPOLYGONALFACE((912,913,919));
#6996=IFCINDEXEDPOLYGONALFACE((872,914,784));
#6997=IFCINDEXEDPOLYGONALFACE((870,914,866));
#6998=IFCINDEXEDPOLYGONALFACE((917,868,915));
#6999=IFCINDEXEDPOLYGONALFACE((781,915,916));
#7000=IFCINDEXEDPOLYGONALFACE((916,803,781));
#7001=IFCINDEXEDPOLYGONALFACE((919,803,916));
#7002=IFCINDEXEDPOLYGONALFACE((868,917,20));
#7003=IFCINDEXEDPOLYGONALFACE((21,917,1));
#7004=IFCINDEXEDPOLYGONALFACE((448,918,875));
#7005=IFCINDEXEDPOLYGONALFACE((870,918,791));
#7006=IFCINDEXEDPOLYGONALFACE((912,919,916));
#7007=IFCINDEXEDPOLYGONALFACE((803,919,779));
#7008=IFCINDEXEDPOLYGONALFACE((1097,1101,933));
#7009=IFCINDEXEDPOLYGONALFACE((948,1088,1085));
#7010=IFCINDEXEDPOLYGONALFACE((982,921,996));
#7011=IFCINDEXEDPOLYGONALFACE((979,980,990));
#7012=IFCINDEXEDPOLYGONALFACE((1066,946,1063));
#7013=IFCINDEXEDPOLYGONALFACE((994,253,995));
#7014=IFCINDEXEDPOLYGONALFACE((1061,350,1059));
#7015=IFCINDEXEDPOLYGONALFACE((1048,927,968));
#7016=IFCINDEXEDPOLYGONALFACE((958,1019,1022));
#7017=IFCINDEXEDPOLYGONALFACE((204,1037,1040));
#7018=IFCINDEXEDPOLYGONALFACE((1025,1026,1024));
#7019=IFCINDEXEDPOLYGONALFACE((1021,1014,951));
#7020=IFCINDEXEDPOLYGONALFACE((1074,932,1073));
#7021=IFCINDEXEDPOLYGONALFACE((1089,1090,953));
#7022=IFCINDEXEDPOLYGONALFACE((1038,1041,194));
#7023=IFCINDEXEDPOLYGONALFACE((969,960,970));
#7024=IFCINDEXEDPOLYGONALFACE((971,237,464));
#7025=IFCINDEXEDPOLYGONALFACE((1008,949,995));
#7026=IFCINDEXEDPOLYGONALFACE((293,1076,1074));
#7027=IFCINDEXEDPOLYGONALFACE((282,1101,1097));
#7028=IFCINDEXEDPOLYGONALFACE((1046,1048,1047));
#7029=IFCINDEXEDPOLYGONALFACE((1069,928,1071));
#7030=IFCINDEXEDPOLYGONALFACE((1095,1096,1097));
#7031=IFCINDEXEDPOLYGONALFACE((972,921,982));
#7032=IFCINDEXEDPOLYGONALFACE((1002,997,945));
#7033=IFCINDEXEDPOLYGONALFACE((967,1053,1051));
#7034=IFCINDEXEDPOLYGONALFACE((1002,955,1001));
#7035=IFCINDEXEDPOLYGONALFACE((1092,1091,1090));
#7036=IFCINDEXEDPOLYGONALFACE((1009,1007,1013));
#7037=IFCINDEXEDPOLYGONALFACE((980,963,977));
#7038=IFCINDEXEDPOLYGONALFACE((1043,1045,931));
#7039=IFCINDEXEDPOLYGONALFACE((926,1091,1094));
#7040=IFCINDEXEDPOLYGONALFACE((942,1033,1031));
#7041=IFCINDEXEDPOLYGONALFACE((1055,1057,329));
#7042=IFCINDEXEDPOLYGONALFACE((1065,946,1067));
#7043=IFCINDEXEDPOLYGONALFACE((1077,1079,922));
#7044=IFCINDEXEDPOLYGONALFACE((925,1011,1010));
#7045=IFCINDEXEDPOLYGONALFACE((1067,939,1068));
#7046=IFCINDEXEDPOLYGONALFACE((1096,1095,926));
#7047=IFCINDEXEDPOLYGONALFACE((947,1036,1034));
#7048=IFCINDEXEDPOLYGONALFACE((1102,336,1103));
#7049=IFCINDEXEDPOLYGONALFACE((1028,1027,924));
#7050=IFCINDEXEDPOLYGONALFACE((1076,932,1074));
#7051=IFCINDEXEDPOLYGONALFACE((205,1031,1033));
#7052=IFCINDEXEDPOLYGONALFACE((943,1060,1061));
#7053=IFCINDEXEDPOLYGONALFACE((246,1015,268));
#7054=IFCINDEXEDPOLYGONALFACE((1005,1002,1004));
#7055=IFCINDEXEDPOLYGONALFACE((1026,1028,924));
#7056=IFCINDEXEDPOLYGONALFACE((1034,1036,199));
#7057=IFCINDEXEDPOLYGONALFACE((952,1082,1081));
#7058=IFCINDEXEDPOLYGONALFACE((992,929,994));
#7059=IFCINDEXEDPOLYGONALFACE((1023,1022,959));
#7060=IFCINDEXEDPOLYGONALFACE((1011,1009,251));
#7061=IFCINDEXEDPOLYGONALFACE((1079,1078,922));
#7062=IFCINDEXEDPOLYGONALFACE((1039,931,1042));
#7063=IFCINDEXEDPOLYGONALFACE((984,987,950));
#7064=IFCINDEXEDPOLYGONALFACE((1031,222,1030));
#7065=IFCINDEXEDPOLYGONALFACE((998,996,1001));
#7066=IFCINDEXEDPOLYGONALFACE((464,1023,971));
#7067=IFCINDEXEDPOLYGONALFACE((1082,952,1080));
#7068=IFCINDEXEDPOLYGONALFACE((989,999,954));
#7069=IFCINDEXEDPOLYGONALFACE((1057,1056,1058));
#7070=IFCINDEXEDPOLYGONALFACE((970,961,1062));
#7071=IFCINDEXEDPOLYGONALFACE((1017,944,1020));
#7072=IFCINDEXEDPOLYGONALFACE((464,77,962));
#7073=IFCINDEXEDPOLYGONALFACE((970,957,961));
#7074=IFCINDEXEDPOLYGONALFACE((957,1006,983));
#7075=IFCINDEXEDPOLYGONALFACE((1062,468,467));
#7076=IFCINDEXEDPOLYGONALFACE((1062,961,76));
#7077=IFCINDEXEDPOLYGONALFACE((1023,958,1022));
#7078=IFCINDEXEDPOLYGONALFACE((980,979,963));
#7079=IFCINDEXEDPOLYGONALFACE((977,965,207,964));
#7080=IFCINDEXEDPOLYGONALFACE((1051,1053,966));
#7081=IFCINDEXEDPOLYGONALFACE((968,1051,1049));
#7082=IFCINDEXEDPOLYGONALFACE((1049,1048,968));
#7083=IFCINDEXEDPOLYGONALFACE((969,970,1062));
#7084=IFCINDEXEDPOLYGONALFACE((956,983,973));
#7085=IFCINDEXEDPOLYGONALFACE((965,982,935));
#7086=IFCINDEXEDPOLYGONALFACE((974,957,983));
#7087=IFCINDEXEDPOLYGONALFACE((960,1006,970));
#7088=IFCINDEXEDPOLYGONALFACE((983,984,974));
#7089=IFCINDEXEDPOLYGONALFACE((1084,1083,286));
#7090=IFCINDEXEDPOLYGONALFACE((965,977,982));
#7091=IFCINDEXEDPOLYGONALFACE((977,963,972));
#7092=IFCINDEXEDPOLYGONALFACE((990,991,929));
#7093=IFCINDEXEDPOLYGONALFACE((956,984,983));
#7094=IFCINDEXEDPOLYGONALFACE((193,991,990));
#7095=IFCINDEXEDPOLYGONALFACE((964,980,977));
#7096=IFCINDEXEDPOLYGONALFACE((996,935,982));
#7097=IFCINDEXEDPOLYGONALFACE((193,990,981));
#7098=IFCINDEXEDPOLYGONALFACE((980,964,208,981));
#7099=IFCINDEXEDPOLYGONALFACE((972,982,977));
#7100=IFCINDEXEDPOLYGONALFACE((1006,973,983));
#7101=IFCINDEXEDPOLYGONALFACE((950,974,984));
#7102=IFCINDEXEDPOLYGONALFACE((978,989,987));
#7103=IFCINDEXEDPOLYGONALFACE((984,988,987));
#7104=IFCINDEXEDPOLYGONALFACE((987,985,950));
#7105=IFCINDEXEDPOLYGONALFACE((989,986,999));
#7106=IFCINDEXEDPOLYGONALFACE((986,989,978));
#7107=IFCINDEXEDPOLYGONALFACE((985,987,989));
#7108=IFCINDEXEDPOLYGONALFACE((978,987,988));
#7109=IFCINDEXEDPOLYGONALFACE((984,956,988));
#7110=IFCINDEXEDPOLYGONALFACE((985,989,954));
#7111=IFCINDEXEDPOLYGONALFACE((981,990,980));
#7112=IFCINDEXEDPOLYGONALFACE((979,990,929));
#7113=IFCINDEXEDPOLYGONALFACE((993,994,991));
#7114=IFCINDEXEDPOLYGONALFACE((994,929,991));
#7115=IFCINDEXEDPOLYGONALFACE((253,994,993));
#7116=IFCINDEXEDPOLYGONALFACE((994,995,992));
#7117=IFCINDEXEDPOLYGONALFACE((991,193,256,993));
#7118=IFCINDEXEDPOLYGONALFACE((949,992,995));
#7119=IFCINDEXEDPOLYGONALFACE((924,1000,1026));
#7120=IFCINDEXEDPOLYGONALFACE((995,276,1008));
#7121=IFCINDEXEDPOLYGONALFACE((1001,955,198,998));
#7122=IFCINDEXEDPOLYGONALFACE((1002,1001,997));
#7123=IFCINDEXEDPOLYGONALFACE((996,998,230,935));
#7124=IFCINDEXEDPOLYGONALFACE((921,1001,996));
#7125=IFCINDEXEDPOLYGONALFACE((1024,1000,954));
#7126=IFCINDEXEDPOLYGONALFACE((999,986,934));
#7127=IFCINDEXEDPOLYGONALFACE((999,934,1024));
#7128=IFCINDEXEDPOLYGONALFACE((954,999,1024));
#7129=IFCINDEXEDPOLYGONALFACE((921,997,1001));
#7130=IFCINDEXEDPOLYGONALFACE((197,1005,1004));
#7131=IFCINDEXEDPOLYGONALFACE((1030,197,1004));
#7132=IFCINDEXEDPOLYGONALFACE((1003,942,1030));
#7133=IFCINDEXEDPOLYGONALFACE((1004,1002,945));
#7134=IFCINDEXEDPOLYGONALFACE((1004,945,1003));
#7135=IFCINDEXEDPOLYGONALFACE((1002,1005,226,955));
#7136=IFCINDEXEDPOLYGONALFACE((973,1006,960));
#7137=IFCINDEXEDPOLYGONALFACE((970,1006,957));
#7138=IFCINDEXEDPOLYGONALFACE((1008,1007,949));
#7139=IFCINDEXEDPOLYGONALFACE((1013,274,1009));
#7140=IFCINDEXEDPOLYGONALFACE((925,1007,1009));
#7141=IFCINDEXEDPOLYGONALFACE((251,1009,274));
#7142=IFCINDEXEDPOLYGONALFACE((250,1013,1008));
#7143=IFCINDEXEDPOLYGONALFACE((250,1008,276));
#7144=IFCINDEXEDPOLYGONALFACE((925,1009,1011));
#7145=IFCINDEXEDPOLYGONALFACE((1010,1011,1012));
#7146=IFCINDEXEDPOLYGONALFACE((1011,269,1012));
#7147=IFCINDEXEDPOLYGONALFACE((1012,951,1010));
#7148=IFCINDEXEDPOLYGONALFACE((1021,268,1015));
#7149=IFCINDEXEDPOLYGONALFACE((274,1013,250));
#7150=IFCINDEXEDPOLYGONALFACE((1008,1013,1007));
#7151=IFCINDEXEDPOLYGONALFACE((1015,246,1016));
#7152=IFCINDEXEDPOLYGONALFACE((1015,1014,1021));
#7153=IFCINDEXEDPOLYGONALFACE((243,1021,1012));
#7154=IFCINDEXEDPOLYGONALFACE((1015,1016,1014));
#7155=IFCINDEXEDPOLYGONALFACE((944,1014,1016));
#7156=IFCINDEXEDPOLYGONALFACE((1020,1019,1017));
#7157=IFCINDEXEDPOLYGONALFACE((1016,262,1020));
#7158=IFCINDEXEDPOLYGONALFACE((1018,1022,1019));
#7159=IFCINDEXEDPOLYGONALFACE((1022,1018,257,959));
#7160=IFCINDEXEDPOLYGONALFACE((1018,1019,244));
#7161=IFCINDEXEDPOLYGONALFACE((1017,1019,958));
#7162=IFCINDEXEDPOLYGONALFACE((1019,1020,244));
#7163=IFCINDEXEDPOLYGONALFACE((1016,1020,944));
#7164=IFCINDEXEDPOLYGONALFACE((268,1021,243));
#7165=IFCINDEXEDPOLYGONALFACE((1012,1021,951));
#7166=IFCINDEXEDPOLYGONALFACE((244,1020,262));
#7167=IFCINDEXEDPOLYGONALFACE((1016,246,262));
#7168=IFCINDEXEDPOLYGONALFACE((962,958,1023));
#7169=IFCINDEXEDPOLYGONALFACE((962,1023,464));
#7170=IFCINDEXEDPOLYGONALFACE((1023,959,245,971));
#7171=IFCINDEXEDPOLYGONALFACE((243,1012,269));
#7172=IFCINDEXEDPOLYGONALFACE((1011,251,269));
#7173=IFCINDEXEDPOLYGONALFACE((995,253,276));
#7174=IFCINDEXEDPOLYGONALFACE((1026,1000,1024));
#7175=IFCINDEXEDPOLYGONALFACE((941,1026,1025));
#7176=IFCINDEXEDPOLYGONALFACE((1024,934,1025));
#7177=IFCINDEXEDPOLYGONALFACE((1028,1029,1063));
#7178=IFCINDEXEDPOLYGONALFACE((1067,1064,1106,939));
#7179=IFCINDEXEDPOLYGONALFACE((941,1028,1026));
#7180=IFCINDEXEDPOLYGONALFACE((1027,1028,1063));
#7181=IFCINDEXEDPOLYGONALFACE((205,222,1031));
#7182=IFCINDEXEDPOLYGONALFACE((1028,941,1029));
#7183=IFCINDEXEDPOLYGONALFACE((222,197,1030));
#7184=IFCINDEXEDPOLYGONALFACE((1003,1030,1004));
#7185=IFCINDEXEDPOLYGONALFACE((1032,1033,942));
#7186=IFCINDEXEDPOLYGONALFACE((942,1031,1030));
#7187=IFCINDEXEDPOLYGONALFACE((1033,1032,1034));
#7188=IFCINDEXEDPOLYGONALFACE((199,218,1034));
#7189=IFCINDEXEDPOLYGONALFACE((218,1033,1034));
#7190=IFCINDEXEDPOLYGONALFACE((218,205,1033));
#7191=IFCINDEXEDPOLYGONALFACE((1037,1036,1035));
#7192=IFCINDEXEDPOLYGONALFACE((1032,947,1034));
#7193=IFCINDEXEDPOLYGONALFACE((1037,1035,923));
#7194=IFCINDEXEDPOLYGONALFACE((213,199,1036));
#7195=IFCINDEXEDPOLYGONALFACE((1035,1036,947));
#7196=IFCINDEXEDPOLYGONALFACE((1036,1037,213));
#7197=IFCINDEXEDPOLYGONALFACE((204,213,1037));
#7198=IFCINDEXEDPOLYGONALFACE((1042,1041,1039));
#7199=IFCINDEXEDPOLYGONALFACE((923,1040,1037));
#7200=IFCINDEXEDPOLYGONALFACE((1040,1038,211,204));
#7201=IFCINDEXEDPOLYGONALFACE((1040,923,1041));
#7202=IFCINDEXEDPOLYGONALFACE((1041,1038,1040));
#7203=IFCINDEXEDPOLYGONALFACE((1042,194,1041));
#7204=IFCINDEXEDPOLYGONALFACE((923,1039,1041));
#7205=IFCINDEXEDPOLYGONALFACE((1045,976,340,1044));
#7206=IFCINDEXEDPOLYGONALFACE((1045,1043,1046));
#7207=IFCINDEXEDPOLYGONALFACE((1044,194,1042));
#7208=IFCINDEXEDPOLYGONALFACE((931,1045,1042));
#7209=IFCINDEXEDPOLYGONALFACE((1042,1045,1044));
#7210=IFCINDEXEDPOLYGONALFACE((976,1045,1046));
#7211=IFCINDEXEDPOLYGONALFACE((1048,936,1047));
#7212=IFCINDEXEDPOLYGONALFACE((1046,1043,927));
#7213=IFCINDEXEDPOLYGONALFACE((1046,1047,339,976));
#7214=IFCINDEXEDPOLYGONALFACE((1049,936,1048));
#7215=IFCINDEXEDPOLYGONALFACE((927,1048,1046));
#7216=IFCINDEXEDPOLYGONALFACE((1051,966,330,1050));
#7217=IFCINDEXEDPOLYGONALFACE((1050,1049,1051));
#7218=IFCINDEXEDPOLYGONALFACE((1049,1050,362,936));
#7219=IFCINDEXEDPOLYGONALFACE((1055,1053,1052));
#7220=IFCINDEXEDPOLYGONALFACE((968,967,1051));
#7221=IFCINDEXEDPOLYGONALFACE((1055,1052,920));
#7222=IFCINDEXEDPOLYGONALFACE((1053,1054,358,966));
#7223=IFCINDEXEDPOLYGONALFACE((1052,1053,967));
#7224=IFCINDEXEDPOLYGONALFACE((1053,1055,1054));
#7225=IFCINDEXEDPOLYGONALFACE((329,1054,1055));
#7226=IFCINDEXEDPOLYGONALFACE((1059,1058,1056));
#7227=IFCINDEXEDPOLYGONALFACE((354,329,1057));
#7228=IFCINDEXEDPOLYGONALFACE((1058,354,1057));
#7229=IFCINDEXEDPOLYGONALFACE((920,1056,1057));
#7230=IFCINDEXEDPOLYGONALFACE((920,1057,1055));
#7231=IFCINDEXEDPOLYGONALFACE((1058,337,354));
#7232=IFCINDEXEDPOLYGONALFACE((337,1058,1059));
#7233=IFCINDEXEDPOLYGONALFACE((1061,1060,1104));
#7234=IFCINDEXEDPOLYGONALFACE((943,1059,1056));
#7235=IFCINDEXEDPOLYGONALFACE((943,1061,1059));
#7236=IFCINDEXEDPOLYGONALFACE((331,1061,1104));
#7237=IFCINDEXEDPOLYGONALFACE((969,1062,467));
#7238=IFCINDEXEDPOLYGONALFACE((76,468,1062));
#7239=IFCINDEXEDPOLYGONALFACE((1027,1063,946));
#7240=IFCINDEXEDPOLYGONALFACE((938,1063,1029));
#7241=IFCINDEXEDPOLYGONALFACE((1066,1067,946));
#7242=IFCINDEXEDPOLYGONALFACE((1066,1063,938));
#7243=IFCINDEXEDPOLYGONALFACE((1067,1068,1065));
#7244=IFCINDEXEDPOLYGONALFACE((1066,938,1064));
#7245=IFCINDEXEDPOLYGONALFACE((1064,1067,1066));
#7246=IFCINDEXEDPOLYGONALFACE((928,1065,1068));
#7247=IFCINDEXEDPOLYGONALFACE((1068,1071,928));
#7248=IFCINDEXEDPOLYGONALFACE((1068,1072,1071));
#7249=IFCINDEXEDPOLYGONALFACE((1069,1071,1073));
#7250=IFCINDEXEDPOLYGONALFACE((1074,1070,300,293));
#7251=IFCINDEXEDPOLYGONALFACE((1070,1073,283));
#7252=IFCINDEXEDPOLYGONALFACE((283,1073,1071));
#7253=IFCINDEXEDPOLYGONALFACE((283,1071,1072));
#7254=IFCINDEXEDPOLYGONALFACE((1068,939,1113,1072));
#7255=IFCINDEXEDPOLYGONALFACE((1069,1073,932));
#7256=IFCINDEXEDPOLYGONALFACE((1070,1074,1073));
#7257=IFCINDEXEDPOLYGONALFACE((1076,1075,932));
#7258=IFCINDEXEDPOLYGONALFACE((302,1077,1076));
#7259=IFCINDEXEDPOLYGONALFACE((922,1075,1077));
#7260=IFCINDEXEDPOLYGONALFACE((1077,1075,1076));
#7261=IFCINDEXEDPOLYGONALFACE((288,1077,302));
#7262=IFCINDEXEDPOLYGONALFACE((1076,293,302));
#7263=IFCINDEXEDPOLYGONALFACE((1079,307,1080));
#7264=IFCINDEXEDPOLYGONALFACE((286,1083,311));
#7265=IFCINDEXEDPOLYGONALFACE((288,1079,1077));
#7266=IFCINDEXEDPOLYGONALFACE((1078,1079,1080));
#7267=IFCINDEXEDPOLYGONALFACE((1078,1080,952));
#7268=IFCINDEXEDPOLYGONALFACE((1079,288,307));
#7269=IFCINDEXEDPOLYGONALFACE((294,1080,307));
#7270=IFCINDEXEDPOLYGONALFACE((1083,1081,1082));
#7271=IFCINDEXEDPOLYGONALFACE((1082,1080,294));
#7272=IFCINDEXEDPOLYGONALFACE((1083,1084,1081));
#7273=IFCINDEXEDPOLYGONALFACE((1082,294,311));
#7274=IFCINDEXEDPOLYGONALFACE((311,1083,1082));
#7275=IFCINDEXEDPOLYGONALFACE((948,1081,1084));
#7276=IFCINDEXEDPOLYGONALFACE((1089,1085,1088));
#7277=IFCINDEXEDPOLYGONALFACE((948,1084,1088));
#7278=IFCINDEXEDPOLYGONALFACE((1088,1086,315,975));
#7279=IFCINDEXEDPOLYGONALFACE((1090,1087,319,937));
#7280=IFCINDEXEDPOLYGONALFACE((1084,286,1086));
#7281=IFCINDEXEDPOLYGONALFACE((1089,975,287,1087));
#7282=IFCINDEXEDPOLYGONALFACE((1088,1084,1086));
#7283=IFCINDEXEDPOLYGONALFACE((975,1089,1088));
#7284=IFCINDEXEDPOLYGONALFACE((1085,1089,953));
#7285=IFCINDEXEDPOLYGONALFACE((1087,1090,1089));
#7286=IFCINDEXEDPOLYGONALFACE((1093,1094,1092));
#7287=IFCINDEXEDPOLYGONALFACE((1091,953,1090));
#7288=IFCINDEXEDPOLYGONALFACE((1092,1090,937));
#7289=IFCINDEXEDPOLYGONALFACE((1094,1091,1092));
#7290=IFCINDEXEDPOLYGONALFACE((1094,1093,296,940));
#7291=IFCINDEXEDPOLYGONALFACE((1092,937,1093));
#7292=IFCINDEXEDPOLYGONALFACE((940,1096,1094));
#7293=IFCINDEXEDPOLYGONALFACE((1102,1100,1101));
#7294=IFCINDEXEDPOLYGONALFACE((926,1094,1096));
#7295=IFCINDEXEDPOLYGONALFACE((1096,1098,1097));
#7296=IFCINDEXEDPOLYGONALFACE((1097,933,1095));
#7297=IFCINDEXEDPOLYGONALFACE((1099,1102,1101));
#7298=IFCINDEXEDPOLYGONALFACE((282,1097,1098));
#7299=IFCINDEXEDPOLYGONALFACE((1096,940,297,1098));
#7300=IFCINDEXEDPOLYGONALFACE((1101,282,1099));
#7301=IFCINDEXEDPOLYGONALFACE((1102,1103,1100));
#7302=IFCINDEXEDPOLYGONALFACE((933,1101,1100));
#7303=IFCINDEXEDPOLYGONALFACE((930,1100,1103));
#7304=IFCINDEXEDPOLYGONALFACE((1102,1099,343,336));
#7305=IFCINDEXEDPOLYGONALFACE((331,1104,345));
#7306=IFCINDEXEDPOLYGONALFACE((930,1103,1104));
#7307=IFCINDEXEDPOLYGONALFACE((1104,1060,930));
#7308=IFCINDEXEDPOLYGONALFACE((1103,336,345));
#7309=IFCINDEXEDPOLYGONALFACE((1104,1103,345));
#7310=IFCINDEXEDPOLYGONALFACE((337,1059,350));
#7311=IFCINDEXEDPOLYGONALFACE((1061,331,350));
#7312=IFCINDEXEDPOLYGONALFACE((973,960,1131));
#7313=IFCINDEXEDPOLYGONALFACE((1120,1107,1122));
#7314=IFCINDEXEDPOLYGONALFACE((1112,1132,1118));
#7315=IFCINDEXEDPOLYGONALFACE((956,1117,1119));
#7316=IFCINDEXEDPOLYGONALFACE((1108,1130,1109));
#7317=IFCINDEXEDPOLYGONALFACE((469,283,1132));
#7318=IFCINDEXEDPOLYGONALFACE((1129,1029,1128));
#7319=IFCINDEXEDPOLYGONALFACE((978,1120,1122));
#7320=IFCINDEXEDPOLYGONALFACE((1126,1125,1127));
#7321=IFCINDEXEDPOLYGONALFACE((1129,1128,1105));
#7322=IFCINDEXEDPOLYGONALFACE((1118,1130,1108));
#7323=IFCINDEXEDPOLYGONALFACE((1130,1129,1109));
#7324=IFCINDEXEDPOLYGONALFACE((1123,1126,934));
#7325=IFCINDEXEDPOLYGONALFACE((1120,988,1119));
#7326=IFCINDEXEDPOLYGONALFACE((1131,1117,973));
#7327=IFCINDEXEDPOLYGONALFACE((1124,466,93));
#7328=IFCINDEXEDPOLYGONALFACE((1132,1112,92));
#7329=IFCINDEXEDPOLYGONALFACE((1112,1118,1108));
#7330=IFCINDEXEDPOLYGONALFACE((1124,969,467));
#7331=IFCINDEXEDPOLYGONALFACE((969,1124,1115));
#7332=IFCINDEXEDPOLYGONALFACE((1114,1115,1124));
#7333=IFCINDEXEDPOLYGONALFACE((1117,1111,1116));
#7334=IFCINDEXEDPOLYGONALFACE((1117,1116,1119));
#7335=IFCINDEXEDPOLYGONALFACE((1117,956,973));
#7336=IFCINDEXEDPOLYGONALFACE((1115,1111,1131));
#7337=IFCINDEXEDPOLYGONALFACE((1118,1113,939,1106));
#7338=IFCINDEXEDPOLYGONALFACE((1113,1118,1132));
#7339=IFCINDEXEDPOLYGONALFACE((1120,978,988));
#7340=IFCINDEXEDPOLYGONALFACE((1119,1116,1107));
#7341=IFCINDEXEDPOLYGONALFACE((988,956,1119));
#7342=IFCINDEXEDPOLYGONALFACE((1121,1122,1107));
#7343=IFCINDEXEDPOLYGONALFACE((1107,1120,1119));
#7344=IFCINDEXEDPOLYGONALFACE((1122,1121,1123));
#7345=IFCINDEXEDPOLYGONALFACE((934,986,1123));
#7346=IFCINDEXEDPOLYGONALFACE((1110,1123,1121));
#7347=IFCINDEXEDPOLYGONALFACE((986,1122,1123));
#7348=IFCINDEXEDPOLYGONALFACE((1128,1127,1125));
#7349=IFCINDEXEDPOLYGONALFACE((986,978,1122));
#7350=IFCINDEXEDPOLYGONALFACE((1114,1124,93));
#7351=IFCINDEXEDPOLYGONALFACE((467,466,1124));
#7352=IFCINDEXEDPOLYGONALFACE((1025,934,1126));
#7353=IFCINDEXEDPOLYGONALFACE((1127,1025,1126));
#7354=IFCINDEXEDPOLYGONALFACE((1110,1125,1126));
#7355=IFCINDEXEDPOLYGONALFACE((1110,1126,1123));
#7356=IFCINDEXEDPOLYGONALFACE((1127,941,1025));
#7357=IFCINDEXEDPOLYGONALFACE((941,1127,1128));
#7358=IFCINDEXEDPOLYGONALFACE((1029,941,1128));
#7359=IFCINDEXEDPOLYGONALFACE((1105,1128,1125));
#7360=IFCINDEXEDPOLYGONALFACE((1129,938,1029));
#7361=IFCINDEXEDPOLYGONALFACE((938,1129,1130));
#7362=IFCINDEXEDPOLYGONALFACE((1129,1105,1109));
#7363=IFCINDEXEDPOLYGONALFACE((1130,1106,1064,938));
#7364=IFCINDEXEDPOLYGONALFACE((1118,1106,1130));
#7365=IFCINDEXEDPOLYGONALFACE((1117,1131,1111));
#7366=IFCINDEXEDPOLYGONALFACE((1115,1131,960));
#7367=IFCINDEXEDPOLYGONALFACE((1132,283,1072,1113));
#7368=IFCINDEXEDPOLYGONALFACE((469,1132,92));
#7369=IFCINDEXEDPOLYGONALFACE((1309,1426,1425));
#7370=IFCINDEXEDPOLYGONALFACE((1300,1406,1409));
#7371=IFCINDEXEDPOLYGONALFACE((1450,1452,1307));
#7372=IFCINDEXEDPOLYGONALFACE((379,1391,1388));
#7373=IFCINDEXEDPOLYGONALFACE((1463,1459,1461));
#7374=IFCINDEXEDPOLYGONALFACE((1467,1466,1284));
#7375=IFCINDEXEDPOLYGONALFACE((1368,1366,1298));
#7376=IFCINDEXEDPOLYGONALFACE((1378,1379,1329));
#7377=IFCINDEXEDPOLYGONALFACE((1413,1282,1414));
#7378=IFCINDEXEDPOLYGONALFACE((1327,1328,1362));
#7379=IFCINDEXEDPOLYGONALFACE((1357,1359,1308));
#7380=IFCINDEXEDPOLYGONALFACE((1339,1331,1316));
#7381=IFCINDEXEDPOLYGONALFACE((1471,465,414));
#7382=IFCINDEXEDPOLYGONALFACE((1470,1322,7,11,1326));
#7383=IFCINDEXEDPOLYGONALFACE((1392,1390,1391));
#7384=IFCINDEXEDPOLYGONALFACE((1301,1399,1398));
#7385=IFCINDEXEDPOLYGONALFACE((159,1418,1415));
#7386=IFCINDEXEDPOLYGONALFACE((1444,1317,1445));
#7387=IFCINDEXEDPOLYGONALFACE((1294,1348,1346));
#7388=IFCINDEXEDPOLYGONALFACE((1277,1364,1365));
#7389=IFCINDEXEDPOLYGONALFACE((1308,1359,1358));
#7390=IFCINDEXEDPOLYGONALFACE((1307,1452,1451));
#7391=IFCINDEXEDPOLYGONALFACE((1432,1435,1436));
#7392=IFCINDEXEDPOLYGONALFACE((372,1399,1397));
#7393=IFCINDEXEDPOLYGONALFACE((1338,1289,1334));
#7394=IFCINDEXEDPOLYGONALFACE((1352,1356,108));
#7395=IFCINDEXEDPOLYGONALFACE((1301,1396,1397));
#7396=IFCINDEXEDPOLYGONALFACE((1281,1383,1385));
#7397=IFCINDEXEDPOLYGONALFACE((1468,1462,1463));
#7398=IFCINDEXEDPOLYGONALFACE((1278,1420,1422));
#7399=IFCINDEXEDPOLYGONALFACE((1285,1393,1395));
#7400=IFCINDEXEDPOLYGONALFACE((116,133,1354));
#7401=IFCINDEXEDPOLYGONALFACE((1361,1291,1371));
#7402=IFCINDEXEDPOLYGONALFACE((1404,1275,1400));
#7403=IFCINDEXEDPOLYGONALFACE((1460,1280,1455));
#7404=IFCINDEXEDPOLYGONALFACE((1346,1348,1312));
#7405=IFCINDEXEDPOLYGONALFACE((1440,1438,17));
#7406=IFCINDEXEDPOLYGONALFACE((1310,1339,1330));
#7407=IFCINDEXEDPOLYGONALFACE((1414,1412,148));
#7408=IFCINDEXEDPOLYGONALFACE((1366,1368,115));
#7409=IFCINDEXEDPOLYGONALFACE((152,1426,1424));
#7410=IFCINDEXEDPOLYGONALFACE((1292,1404,1400));
#7411=IFCINDEXEDPOLYGONALFACE((1422,160,1423));
#7412=IFCINDEXEDPOLYGONALFACE((1368,1374,1370));
#7413=IFCINDEXEDPOLYGONALFACE((1457,1280,1458));
#7414=IFCINDEXEDPOLYGONALFACE((1386,1387,1388));
#7415=IFCINDEXEDPOLYGONALFACE((1344,1338,1337));
#7416=IFCINDEXEDPOLYGONALFACE((1383,1335,1333));
#7417=IFCINDEXEDPOLYGONALFACE((1453,1448,1449));
#7418=IFCINDEXEDPOLYGONALFACE((1346,1312,109,1345));
#7419=IFCINDEXEDPOLYGONALFACE((1305,1337,1338));
#7420=IFCINDEXEDPOLYGONALFACE((1391,1304,1388));
#7421=IFCINDEXEDPOLYGONALFACE((1364,1366,1369));
#7422=IFCINDEXEDPOLYGONALFACE((1296,1340,1342));
#7423=IFCINDEXEDPOLYGONALFACE((1284,1462,1465));
#7424=IFCINDEXEDPOLYGONALFACE((1344,1337,1346));
#7425=IFCINDEXEDPOLYGONALFACE((1441,1434,1436));
#7426=IFCINDEXEDPOLYGONALFACE((1449,1446,44));
#7427=IFCINDEXEDPOLYGONALFACE((1418,1297,1415));
#7428=IFCINDEXEDPOLYGONALFACE((1343,1342,1350));
#7429=IFCINDEXEDPOLYGONALFACE((1433,1299,1427));
#7430=IFCINDEXEDPOLYGONALFACE((1307,1448,1450));
#7431=IFCINDEXEDPOLYGONALFACE((1328,1325,1362));
#7432=IFCINDEXEDPOLYGONALFACE((1276,1440,1439));
#7433=IFCINDEXEDPOLYGONALFACE((1433,1429,1431));
#7434=IFCINDEXEDPOLYGONALFACE((1318,1436,1434));
#7435=IFCINDEXEDPOLYGONALFACE((1447,1317,1443));
#7436=IFCINDEXEDPOLYGONALFACE((1363,1339,1316));
#7437=IFCINDEXEDPOLYGONALFACE((1467,1465,1));
#7438=IFCINDEXEDPOLYGONALFACE((1362,1325,413));
#7439=IFCINDEXEDPOLYGONALFACE((1469,1323,12,1322));
#7440=IFCINDEXEDPOLYGONALFACE((1326,6,1471));
#7441=IFCINDEXEDPOLYGONALFACE((1470,1469,1322));
#7442=IFCINDEXEDPOLYGONALFACE((465,1471,6));
#7443=IFCINDEXEDPOLYGONALFACE((1320,1328,1327));
#7444=IFCINDEXEDPOLYGONALFACE((1362,463,462));
#7445=IFCINDEXEDPOLYGONALFACE((1325,1328,1316));
#7446=IFCINDEXEDPOLYGONALFACE((1374,1377,104));
#7447=IFCINDEXEDPOLYGONALFACE((1379,1381,1380));
#7448=IFCINDEXEDPOLYGONALFACE((1320,1363,1328));
#7449=IFCINDEXEDPOLYGONALFACE((1340,1331,1339));
#7450=IFCINDEXEDPOLYGONALFACE((1365,1355,1277));
#7451=IFCINDEXEDPOLYGONALFACE((1335,1334,118,1333));
#7452=IFCINDEXEDPOLYGONALFACE((1334,1335,1338));
#7453=IFCINDEXEDPOLYGONALFACE((1335,1332,1305));
#7454=IFCINDEXEDPOLYGONALFACE((1332,1335,1383));
#7455=IFCINDEXEDPOLYGONALFACE((1412,1408,1410));
#7456=IFCINDEXEDPOLYGONALFACE((1288,1407,1406));
#7457=IFCINDEXEDPOLYGONALFACE((374,393,1393));
#7458=IFCINDEXEDPOLYGONALFACE((154,173,1420));
#7459=IFCINDEXEDPOLYGONALFACE((1344,1289,1338));
#7460=IFCINDEXEDPOLYGONALFACE((1305,1338,1335));
#7461=IFCINDEXEDPOLYGONALFACE((1363,1330,1339));
#7462=IFCINDEXEDPOLYGONALFACE((1296,1331,1340));
#7463=IFCINDEXEDPOLYGONALFACE((1341,1342,1340));
#7464=IFCINDEXEDPOLYGONALFACE((1340,1339,1310));
#7465=IFCINDEXEDPOLYGONALFACE((1314,1342,1341));
#7466=IFCINDEXEDPOLYGONALFACE((1340,1310,1341));
#7467=IFCINDEXEDPOLYGONALFACE((1348,1352,1349));
#7468=IFCINDEXEDPOLYGONALFACE((1343,1296,1342));
#7469=IFCINDEXEDPOLYGONALFACE((1350,1342,1314));
#7470=IFCINDEXEDPOLYGONALFACE((1345,1344,1346));
#7471=IFCINDEXEDPOLYGONALFACE((1344,1345,141,1289));
#7472=IFCINDEXEDPOLYGONALFACE((1352,1348,1347));
#7473=IFCINDEXEDPOLYGONALFACE((1337,1294,1346));
#7474=IFCINDEXEDPOLYGONALFACE((1352,1347,1306));
#7475=IFCINDEXEDPOLYGONALFACE((1348,1349,137,1312));
#7476=IFCINDEXEDPOLYGONALFACE((1347,1348,1294));
#7477=IFCINDEXEDPOLYGONALFACE((1308,1343,1357));
#7478=IFCINDEXEDPOLYGONALFACE((108,1349,1352));
#7479=IFCINDEXEDPOLYGONALFACE((1357,1343,1350));
#7480=IFCINDEXEDPOLYGONALFACE((1286,1357,1351));
#7481=IFCINDEXEDPOLYGONALFACE((1350,1314,1351));
#7482=IFCINDEXEDPOLYGONALFACE((1354,133,1356));
#7483=IFCINDEXEDPOLYGONALFACE((116,1354,1355));
#7484=IFCINDEXEDPOLYGONALFACE((1355,1354,1353));
#7485=IFCINDEXEDPOLYGONALFACE((1356,1306,1354));
#7486=IFCINDEXEDPOLYGONALFACE((1353,1354,1306));
#7487=IFCINDEXEDPOLYGONALFACE((129,116,1355));
#7488=IFCINDEXEDPOLYGONALFACE((1277,1355,1353));
#7489=IFCINDEXEDPOLYGONALFACE((1306,1356,1352));
#7490=IFCINDEXEDPOLYGONALFACE((1356,133,108));
#7491=IFCINDEXEDPOLYGONALFACE((1351,1357,1350));
#7492=IFCINDEXEDPOLYGONALFACE((1365,1369,110));
#7493=IFCINDEXEDPOLYGONALFACE((1358,1359,1361));
#7494=IFCINDEXEDPOLYGONALFACE((1361,1371,1279));
#7495=IFCINDEXEDPOLYGONALFACE((1286,1359,1357));
#7496=IFCINDEXEDPOLYGONALFACE((1360,1361,1359));
#7497=IFCINDEXEDPOLYGONALFACE((1291,1361,1360));
#7498=IFCINDEXEDPOLYGONALFACE((1359,1286,1360));
#7499=IFCINDEXEDPOLYGONALFACE((1358,1361,1279));
#7500=IFCINDEXEDPOLYGONALFACE((1327,1362,462));
#7501=IFCINDEXEDPOLYGONALFACE((413,463,1362));
#7502=IFCINDEXEDPOLYGONALFACE((1330,1363,1320));
#7503=IFCINDEXEDPOLYGONALFACE((1363,1316,1328));
#7504=IFCINDEXEDPOLYGONALFACE((110,129,1365));
#7505=IFCINDEXEDPOLYGONALFACE((1355,1365,129));
#7506=IFCINDEXEDPOLYGONALFACE((115,124,1366));
#7507=IFCINDEXEDPOLYGONALFACE((1364,1369,1365));
#7508=IFCINDEXEDPOLYGONALFACE((1374,1368,1367));
#7509=IFCINDEXEDPOLYGONALFACE((1298,1366,1364));
#7510=IFCINDEXEDPOLYGONALFACE((1374,1367,1283));
#7511=IFCINDEXEDPOLYGONALFACE((1368,1370,122,115));
#7512=IFCINDEXEDPOLYGONALFACE((1367,1368,1298));
#7513=IFCINDEXEDPOLYGONALFACE((1369,124,110));
#7514=IFCINDEXEDPOLYGONALFACE((124,1369,1366));
#7515=IFCINDEXEDPOLYGONALFACE((1372,1381,1302));
#7516=IFCINDEXEDPOLYGONALFACE((104,1370,1374));
#7517=IFCINDEXEDPOLYGONALFACE((1382,1279,1371));
#7518=IFCINDEXEDPOLYGONALFACE((1382,1372,1279));
#7519=IFCINDEXEDPOLYGONALFACE((1287,1382,1373));
#7520=IFCINDEXEDPOLYGONALFACE((1371,1291,1373));
#7521=IFCINDEXEDPOLYGONALFACE((1283,1377,1374));
#7522=IFCINDEXEDPOLYGONALFACE((1377,1375,104));
#7523=IFCINDEXEDPOLYGONALFACE((1378,1376,1379));
#7524=IFCINDEXEDPOLYGONALFACE((1377,1283,1378));
#7525=IFCINDEXEDPOLYGONALFACE((1375,1377,1378));
#7526=IFCINDEXEDPOLYGONALFACE((1378,1329,1481,1375));
#7527=IFCINDEXEDPOLYGONALFACE((1376,1378,1283));
#7528=IFCINDEXEDPOLYGONALFACE((1381,1287,1380));
#7529=IFCINDEXEDPOLYGONALFACE((1379,1376,1302));
#7530=IFCINDEXEDPOLYGONALFACE((1379,1380,1474,1329));
#7531=IFCINDEXEDPOLYGONALFACE((1382,1287,1381));
#7532=IFCINDEXEDPOLYGONALFACE((1302,1381,1379));
#7533=IFCINDEXEDPOLYGONALFACE((1373,1382,1371));
#7534=IFCINDEXEDPOLYGONALFACE((1372,1382,1381));
#7535=IFCINDEXEDPOLYGONALFACE((1383,1281,1332));
#7536=IFCINDEXEDPOLYGONALFACE((1384,1385,1383));
#7537=IFCINDEXEDPOLYGONALFACE((103,1385,1384));
#7538=IFCINDEXEDPOLYGONALFACE((1383,1333,119,1384));
#7539=IFCINDEXEDPOLYGONALFACE((1387,1386,1281));
#7540=IFCINDEXEDPOLYGONALFACE((1385,103,1387));
#7541=IFCINDEXEDPOLYGONALFACE((1281,1385,1387));
#7542=IFCINDEXEDPOLYGONALFACE((1387,1389,1388));
#7543=IFCINDEXEDPOLYGONALFACE((1388,1304,1386));
#7544=IFCINDEXEDPOLYGONALFACE((388,1392,1391));
#7545=IFCINDEXEDPOLYGONALFACE((1388,1389,386,379));
#7546=IFCINDEXEDPOLYGONALFACE((1387,103,1389));
#7547=IFCINDEXEDPOLYGONALFACE((1391,379,388));
#7548=IFCINDEXEDPOLYGONALFACE((1393,1392,374));
#7549=IFCINDEXEDPOLYGONALFACE((1304,1391,1390));
#7550=IFCINDEXEDPOLYGONALFACE((1285,1390,1393));
#7551=IFCINDEXEDPOLYGONALFACE((1392,388,374));
#7552=IFCINDEXEDPOLYGONALFACE((1392,1393,1390));
#7553=IFCINDEXEDPOLYGONALFACE((1395,1393,393));
#7554=IFCINDEXEDPOLYGONALFACE((380,1396,1395));
#7555=IFCINDEXEDPOLYGONALFACE((380,1395,393));
#7556=IFCINDEXEDPOLYGONALFACE((1395,1394,1285));
#7557=IFCINDEXEDPOLYGONALFACE((1394,1395,1396));
#7558=IFCINDEXEDPOLYGONALFACE((1396,1301,1394));
#7559=IFCINDEXEDPOLYGONALFACE((397,1397,1396));
#7560=IFCINDEXEDPOLYGONALFACE((372,1397,397));
#7561=IFCINDEXEDPOLYGONALFACE((1396,380,397));
#7562=IFCINDEXEDPOLYGONALFACE((1405,1403,1404));
#7563=IFCINDEXEDPOLYGONALFACE((1301,1397,1399));
#7564=IFCINDEXEDPOLYGONALFACE((1398,1399,1400));
#7565=IFCINDEXEDPOLYGONALFACE((1399,1401,1400));
#7566=IFCINDEXEDPOLYGONALFACE((1400,1275,1398));
#7567=IFCINDEXEDPOLYGONALFACE((1402,1405,1404));
#7568=IFCINDEXEDPOLYGONALFACE((1400,1401,401,1292));
#7569=IFCINDEXEDPOLYGONALFACE((1399,372,1401));
#7570=IFCINDEXEDPOLYGONALFACE((1404,1292,373,1402));
#7571=IFCINDEXEDPOLYGONALFACE((1406,1405,1288));
#7572=IFCINDEXEDPOLYGONALFACE((1275,1404,1403));
#7573=IFCINDEXEDPOLYGONALFACE((1300,1403,1406));
#7574=IFCINDEXEDPOLYGONALFACE((1405,1402,405,1288));
#7575=IFCINDEXEDPOLYGONALFACE((1405,1406,1403));
#7576=IFCINDEXEDPOLYGONALFACE((1409,1406,1407));
#7577=IFCINDEXEDPOLYGONALFACE((1336,1410,1409));
#7578=IFCINDEXEDPOLYGONALFACE((1409,1407,382,1336));
#7579=IFCINDEXEDPOLYGONALFACE((1409,1408,1300));
#7580=IFCINDEXEDPOLYGONALFACE((1408,1409,1410));
#7581=IFCINDEXEDPOLYGONALFACE((1408,1412,1282));
#7582=IFCINDEXEDPOLYGONALFACE((1411,1412,1410));
#7583=IFCINDEXEDPOLYGONALFACE((148,1412,1411));
#7584=IFCINDEXEDPOLYGONALFACE((1410,1336,383,1411));
#7585=IFCINDEXEDPOLYGONALFACE((1418,1419,1297));
#7586=IFCINDEXEDPOLYGONALFACE((1282,1412,1414));
#7587=IFCINDEXEDPOLYGONALFACE((1413,1414,1415));
#7588=IFCINDEXEDPOLYGONALFACE((1414,1416,1415));
#7589=IFCINDEXEDPOLYGONALFACE((1415,1297,1413));
#7590=IFCINDEXEDPOLYGONALFACE((168,1419,1418));
#7591=IFCINDEXEDPOLYGONALFACE((1415,1416,166,159));
#7592=IFCINDEXEDPOLYGONALFACE((1414,148,1416));
#7593=IFCINDEXEDPOLYGONALFACE((1418,159,168));
#7594=IFCINDEXEDPOLYGONALFACE((1420,1419,154));
#7595=IFCINDEXEDPOLYGONALFACE((1417,1297,1419));
#7596=IFCINDEXEDPOLYGONALFACE((1278,1417,1420));
#7597=IFCINDEXEDPOLYGONALFACE((1419,168,154));
#7598=IFCINDEXEDPOLYGONALFACE((1419,1420,1417));
#7599=IFCINDEXEDPOLYGONALFACE((173,160,1422));
#7600=IFCINDEXEDPOLYGONALFACE((177,1424,1423));
#7601=IFCINDEXEDPOLYGONALFACE((1422,1423,1421));
#7602=IFCINDEXEDPOLYGONALFACE((173,1422,1420));
#7603=IFCINDEXEDPOLYGONALFACE((1278,1422,1421));
#7604=IFCINDEXEDPOLYGONALFACE((1309,1421,1424));
#7605=IFCINDEXEDPOLYGONALFACE((1424,1421,1423));
#7606=IFCINDEXEDPOLYGONALFACE((152,1424,177));
#7607=IFCINDEXEDPOLYGONALFACE((1423,160,177));
#7608=IFCINDEXEDPOLYGONALFACE((1426,1428,1427));
#7609=IFCINDEXEDPOLYGONALFACE((1424,1426,1309));
#7610=IFCINDEXEDPOLYGONALFACE((1431,1429,185,1313));
#7611=IFCINDEXEDPOLYGONALFACE((1425,1426,1427));
#7612=IFCINDEXEDPOLYGONALFACE((1425,1427,1299));
#7613=IFCINDEXEDPOLYGONALFACE((1431,1430,1433));
#7614=IFCINDEXEDPOLYGONALFACE((1427,1428,181,1315));
#7615=IFCINDEXEDPOLYGONALFACE((1426,152,1428));
#7616=IFCINDEXEDPOLYGONALFACE((1433,1430,1299));
#7617=IFCINDEXEDPOLYGONALFACE((1432,1431,1313));
#7618=IFCINDEXEDPOLYGONALFACE((1318,1430,1432));
#7619=IFCINDEXEDPOLYGONALFACE((1431,1432,1430));
#7620=IFCINDEXEDPOLYGONALFACE((1276,1434,1438));
#7621=IFCINDEXEDPOLYGONALFACE((1433,1315,153,1429));
#7622=IFCINDEXEDPOLYGONALFACE((1315,1433,1427));
#7623=IFCINDEXEDPOLYGONALFACE((1441,1437,1438));
#7624=IFCINDEXEDPOLYGONALFACE((1318,1432,1436));
#7625=IFCINDEXEDPOLYGONALFACE((1432,1313,1435));
#7626=IFCINDEXEDPOLYGONALFACE((1436,1435,162,1319));
#7627=IFCINDEXEDPOLYGONALFACE((17,1438,1437));
#7628=IFCINDEXEDPOLYGONALFACE((1438,1434,1441));
#7629=IFCINDEXEDPOLYGONALFACE((1440,1442,1443));
#7630=IFCINDEXEDPOLYGONALFACE((1438,1440,1276));
#7631=IFCINDEXEDPOLYGONALFACE((25,1445,39));
#7632=IFCINDEXEDPOLYGONALFACE((1439,1440,1443));
#7633=IFCINDEXEDPOLYGONALFACE((1441,1319,163,1437));
#7634=IFCINDEXEDPOLYGONALFACE((1319,1441,1436));
#7635=IFCINDEXEDPOLYGONALFACE((1439,1443,1317));
#7636=IFCINDEXEDPOLYGONALFACE((1440,17,1442));
#7637=IFCINDEXEDPOLYGONALFACE((1443,1442,37,30));
#7638=IFCINDEXEDPOLYGONALFACE((1447,39,1445));
#7639=IFCINDEXEDPOLYGONALFACE((1445,1317,1447));
#7640=IFCINDEXEDPOLYGONALFACE((1446,1445,25));
#7641=IFCINDEXEDPOLYGONALFACE((1295,1444,1446));
#7642=IFCINDEXEDPOLYGONALFACE((1445,1446,1444));
#7643=IFCINDEXEDPOLYGONALFACE((1449,1295,1446));
#7644=IFCINDEXEDPOLYGONALFACE((1447,30,39));
#7645=IFCINDEXEDPOLYGONALFACE((30,1447,1443));
#7646=IFCINDEXEDPOLYGONALFACE((1453,48,1450));
#7647=IFCINDEXEDPOLYGONALFACE((1446,25,44));
#7648=IFCINDEXEDPOLYGONALFACE((1295,1449,1448));
#7649=IFCINDEXEDPOLYGONALFACE((31,1449,44));
#7650=IFCINDEXEDPOLYGONALFACE((23,1450,48));
#7651=IFCINDEXEDPOLYGONALFACE((1450,1448,1453));
#7652=IFCINDEXEDPOLYGONALFACE((1452,1454,1455));
#7653=IFCINDEXEDPOLYGONALFACE((1458,1456,56,1290));
#7654=IFCINDEXEDPOLYGONALFACE((23,1452,1450));
#7655=IFCINDEXEDPOLYGONALFACE((1451,1452,1455));
#7656=IFCINDEXEDPOLYGONALFACE((1453,31,48));
#7657=IFCINDEXEDPOLYGONALFACE((31,1453,1449));
#7658=IFCINDEXEDPOLYGONALFACE((1451,1455,1280));
#7659=IFCINDEXEDPOLYGONALFACE((1452,23,1454));
#7660=IFCINDEXEDPOLYGONALFACE((1455,1454,52,1293));
#7661=IFCINDEXEDPOLYGONALFACE((1460,1293,24,1456,1458));
#7662=IFCINDEXEDPOLYGONALFACE((1458,1280,1460));
#7663=IFCINDEXEDPOLYGONALFACE((1459,1458,1290));
#7664=IFCINDEXEDPOLYGONALFACE((1303,1457,1459));
#7665=IFCINDEXEDPOLYGONALFACE((1458,1459,1457));
#7666=IFCINDEXEDPOLYGONALFACE((1463,1303,1459));
#7667=IFCINDEXEDPOLYGONALFACE((1293,1460,1455));
#7668=IFCINDEXEDPOLYGONALFACE((1468,1464,1465));
#7669=IFCINDEXEDPOLYGONALFACE((1459,1290,1461));
#7670=IFCINDEXEDPOLYGONALFACE((1303,1463,1462));
#7671=IFCINDEXEDPOLYGONALFACE((1463,1461,33,1311));
#7672=IFCINDEXEDPOLYGONALFACE((1,1465,1464));
#7673=IFCINDEXEDPOLYGONALFACE((1465,1462,1468));
#7674=IFCINDEXEDPOLYGONALFACE((1467,1,1323));
#7675=IFCINDEXEDPOLYGONALFACE((1465,1467,1284));
#7676=IFCINDEXEDPOLYGONALFACE((1466,1469,1321));
#7677=IFCINDEXEDPOLYGONALFACE((1469,1466,1467));
#7678=IFCINDEXEDPOLYGONALFACE((1468,1311,34,1464));
#7679=IFCINDEXEDPOLYGONALFACE((1311,1468,1463));
#7680=IFCINDEXEDPOLYGONALFACE((1470,1321,1469));
#7681=IFCINDEXEDPOLYGONALFACE((1323,1469,1467));
#7682=IFCINDEXEDPOLYGONALFACE((1470,1324,1321));
#7683=IFCINDEXEDPOLYGONALFACE((1471,1324,1470));
#7684=IFCINDEXEDPOLYGONALFACE((1326,1471,1470));
#7685=IFCINDEXEDPOLYGONALFACE((1324,1471,414));
#7686=IFCINDEXEDPOLYGONALFACE((1330,1320,1498));
#7687=IFCINDEXEDPOLYGONALFACE((1314,1488,1490));
#7688=IFCINDEXEDPOLYGONALFACE((1500,104,1375,1481));
#7689=IFCINDEXEDPOLYGONALFACE((1482,1483,1487));
#7690=IFCINDEXEDPOLYGONALFACE((1499,1474,1497));
#7691=IFCINDEXEDPOLYGONALFACE((1472,104,1500));
#7692=IFCINDEXEDPOLYGONALFACE((1473,1495,1494));
#7693=IFCINDEXEDPOLYGONALFACE((1286,1351,1491));
#7694=IFCINDEXEDPOLYGONALFACE((1493,1491,1478));
#7695=IFCINDEXEDPOLYGONALFACE((1495,1473,1496));
#7696=IFCINDEXEDPOLYGONALFACE((1497,1476,1499));
#7697=IFCINDEXEDPOLYGONALFACE((1497,1496,1477));
#7698=IFCINDEXEDPOLYGONALFACE((1491,1493,1286));
#7699=IFCINDEXEDPOLYGONALFACE((1488,1341,1486));
#7700=IFCINDEXEDPOLYGONALFACE((1485,1310,1330));
#7701=IFCINDEXEDPOLYGONALFACE((1498,1485,1330));
#7702=IFCINDEXEDPOLYGONALFACE((1500,1480,81));
#7703=IFCINDEXEDPOLYGONALFACE((1501,1500,1481));
#7704=IFCINDEXEDPOLYGONALFACE((1487,1327,462));
#7705=IFCINDEXEDPOLYGONALFACE((1487,461,82));
#7706=IFCINDEXEDPOLYGONALFACE((1327,1487,1483));
#7707=IFCINDEXEDPOLYGONALFACE((1310,1485,1486));
#7708=IFCINDEXEDPOLYGONALFACE((1485,1484,1486));
#7709=IFCINDEXEDPOLYGONALFACE((1498,1479,1485));
#7710=IFCINDEXEDPOLYGONALFACE((1484,1485,1479));
#7711=IFCINDEXEDPOLYGONALFACE((1488,1314,1341));
#7712=IFCINDEXEDPOLYGONALFACE((1486,1484,1475));
#7713=IFCINDEXEDPOLYGONALFACE((1341,1310,1486));
#7714=IFCINDEXEDPOLYGONALFACE((1482,1487,82));
#7715=IFCINDEXEDPOLYGONALFACE((462,461,1487));
#7716=IFCINDEXEDPOLYGONALFACE((1489,1491,1490));
#7717=IFCINDEXEDPOLYGONALFACE((1475,1488,1486));
#7718=IFCINDEXEDPOLYGONALFACE((1488,1489,1490));
#7719=IFCINDEXEDPOLYGONALFACE((1488,1475,1489));
#7720=IFCINDEXEDPOLYGONALFACE((1351,1490,1491));
#7721=IFCINDEXEDPOLYGONALFACE((1351,1314,1490));
#7722=IFCINDEXEDPOLYGONALFACE((1360,1493,1494));
#7723=IFCINDEXEDPOLYGONALFACE((1489,1478,1491));
#7724=IFCINDEXEDPOLYGONALFACE((1494,1492,1473));
#7725=IFCINDEXEDPOLYGONALFACE((1494,1291,1360));
#7726=IFCINDEXEDPOLYGONALFACE((1493,1478,1492));
#7727=IFCINDEXEDPOLYGONALFACE((1360,1286,1493));
#7728=IFCINDEXEDPOLYGONALFACE((1495,1291,1494));
#7729=IFCINDEXEDPOLYGONALFACE((1492,1494,1493));
#7730=IFCINDEXEDPOLYGONALFACE((1287,1373,1496));
#7731=IFCINDEXEDPOLYGONALFACE((1373,1495,1496));
#7732=IFCINDEXEDPOLYGONALFACE((1373,1291,1495));
#7733=IFCINDEXEDPOLYGONALFACE((1287,1496,1497));
#7734=IFCINDEXEDPOLYGONALFACE((1473,1477,1496));
#7735=IFCINDEXEDPOLYGONALFACE((1497,1474,1380,1287));
#7736=IFCINDEXEDPOLYGONALFACE((1476,1497,1477));
#7737=IFCINDEXEDPOLYGONALFACE((1498,1483,1479));
#7738=IFCINDEXEDPOLYGONALFACE((1483,1498,1320));
#7739=IFCINDEXEDPOLYGONALFACE((1501,1481,1329,1474));
#7740=IFCINDEXEDPOLYGONALFACE((1499,1476,1480));
#7741=IFCINDEXEDPOLYGONALFACE((1472,1500,81));
#7742=IFCINDEXEDPOLYGONALFACE((1499,1480,1501));
#7743=IFCINDEXEDPOLYGONALFACE((1500,1501,1480));
#7744=IFCINDEXEDPOLYGONALFACE((1499,1501,1474));
#7745=IFCINDEXEDPOLYGONALFACE((1623,1621,1612));
#7746=IFCINDEXEDPOLYGONALFACE((1778,1776,1767));
#7747=IFCINDEXEDPOLYGONALFACE((1779,1748,1780));
#7748=IFCCARTESIANPOINTLIST3D(((0.84600000000001352,0.2140000000009612,0.33999999999999958),(0.84458188354272534,0.21094486049974787,0.33858188354270713),(0.84200000000001352,0.2100000000009612,0.33599999999999969),(0.84200000000001329,0.2100000000009612,0.20800000000000035),(0.84482842712475947,0.21117157287621477,0.20800000000000035),(0.84600000000001352,0.214000000000961,0.2080000000000001),(0.84600000000001352,0.21400000000096109,0.27016591090303538),(0.8420000000000134,0.2100000000009612,0.27199999999999991),(0.84200000000001352,0.2100000000009612,0.30108295545144448),(0.84200000000001329,0.2100000000009612,0.24291704454855556),(0.84600000000001352,0.21400000000096103,0.24291704454848242),(0.84600000000001352,0.21400000000096112,0.30508295545151748),(0.84482842712465056,0.21117157287610586,0.25654147772700303),(0.8448907427323562,0.21123529270082833,0.28654147772291355),(0.84488117809358043,0.21122532654393061,0.23227073886346786),(0.84476625038689379,0.21111073386626811,0.31000118179538416),(0.84600000000001341,0.21400000000096367,0.74920000000000131),(0.84458188354272534,0.21094486049974789,0.74778188354271047),(0.84200000000001352,0.2100000000009612,0.74520000000000142),(0.84200000000001352,0.2100000000009612,0.34399999999999975),(0.84458188354272512,0.21094486049974775,0.34141811645729286),(0.84200000000001352,0.2100000000009612,0.62333645300072749),(0.84600000000001341,0.21400000000096242,0.54460000000000064),(0.84600000000001341,0.21400000000096203,0.47966817819394919),(0.84600000000001352,0.21400000000096303,0.64690000000000081),(0.84200000000001352,0.2100000000009612,0.48366805026352094),(0.84200000000001352,0.2100000000009612,0.55350225163212419),(0.84200000000001352,0.2100000000009612,0.68426822650036434),(0.84200000000001352,0.2100000000009612,0.58841935231642584),(0.84600000000001341,0.21400000000096336,0.69805000000000128),(0.84600000000001341,0.21400000000096273,0.59575000000000078),(0.84200000000001352,0.2100000000009612,0.41383384889491776),(0.84600000000001352,0.21400000000096159,0.40983408909697439),(0.84600000000001352,0.21400000000096139,0.37491704454848696),(0.84200000000001352,0.2100000000009612,0.71028325178938512),(0.84200000000001352,0.2100000000009612,0.3789171006843014),(0.84600000000001341,0.21400000000096342,0.7142829554515141),(0.84488228500534956,0.21122647640307804,0.70616647772758001),(0.84600000000001341,0.2140000000009632,0.67247500000000093),(0.84200000000001352,0.2100000000009612,0.65380216351370335),(0.844967984487902,0.21131838330955027,0.65968750000166254),(0.84486423640094133,0.21120784136657081,0.63443011165652763),(0.84474112067392537,0.21108688183462243,0.60814051137554326),(0.84600000000001341,0.21400000000096289,0.6213250000000009),(0.84498190239766779,0.21133386832925705,0.68293844019173255),(0.84200000000001352,0.2100000000009612,0.72774162589469316),(0.84528400499414091,0.21171629441605189,0.72739521807501606),(0.84600000000001341,0.21400000000096259,0.57017500000000054),(0.84497309935645082,0.21132405526746006,0.5829625000015568),(0.84493508331836265,0.2112824117476842,0.55890362430250973),(0.84200000000001352,0.2100000000009612,0.51858515094782265),(0.84600000000001341,0.2140000000009622,0.51213408909697489),(0.84474238875227969,0.21108807556316347,0.53305871902895052),(0.84474730821829902,0.21109271646581351,0.50978093472163644),(0.84200000000001352,0.2100000000009612,0.44875094957921935),(0.84600000000001352,0.21400000000096181,0.44475113364546182),(0.84468769430364965,0.21103751804655169,0.39637556681970554),(0.84490240397279714,0.21124753725302614,0.42026688795784606),(0.84479997285331887,0.21114340202071383,0.37373272778491423),(0.84487360693580049,0.21121748617734826,0.48679093962097797),(0.84524408245106053,0.21165992969201564,0.46220965592089397),(0.84497758823410563,0.21132905104821123,0.44133989149421815),(0.049000000000031158,0.21000000000096097,0.34399999999999975),(0.049000000000031026,0.21000000000096097,0.74520000000000142),(0.049000000000031026,0.21000000000096097,0.20800000000000035),(0.049000000000031026,0.21000000000096097,0.33599999999999941),(0.07900000000002759,0.30000000000096061,0.75320000000000153),(0.07900000000002759,0.30000000000096061,1.1544000000000059),(0.84200000000001329,0.30000000000096061,1.1544000000000056),(0.84200000000001329,0.30000000000096061,0.75320000000000153),(0.07900000000002752,0.30000000000096061,1.1624000000000057),(0.079000000000027451,0.30000000000096061,1.5636000000000079),(0.84200000000001329,0.30000000000096061,1.5636000000000079),(0.84200000000001329,0.30000000000096061,1.1624000000000057),(1.0560000000000123,0.30000000000096061,0.33999999999999986),(0.8500000000000133,0.30000000000096061,0.33999999999999986),(0.8500000000000133,0.30000000000096061,2.3710000000000155),(1.0560000000000125,0.30000000000096061,2.3710000000000155),(0.049000000000031026,0.21000000000096097,2.4010000000000176),(0.049000000000031158,0.21000000000096097,1.9808000000000112),(0.84200000000001352,0.21000000000096097,1.9808000000000112),(0.8420000000000134,0.21000000000096097,2.4010000000000176),(0.84200000000001352,0.21000000000096097,1.5716000000000074),(0.84200000000001352,0.21000000000096097,1.9728000000000114),(0.049000000000030887,0.21000000000096097,1.9728000000000114),(0.049000000000030887,0.21000000000096097,1.5716000000000074),(0.84200000000001352,0.21000000000096097,1.1624000000000057),(0.84200000000001352,0.21000000000096097,1.5636000000000077),(0.049000000000030887,0.21000000000096097,1.5636000000000077),(0.049000000000030887,0.21000000000096097,1.1624000000000057),(0.07900000000002759,0.30000000000096061,0.74520000000000164),(0.84200000000001329,0.30000000000096061,0.74520000000000164),(0.84200000000001329,0.30000000000096061,0.33999999999999986),(0.07900000000002759,0.30000000000096061,0.33999999999999986),(0.84200000000001352,0.21000000000096097,0.7532000000000012),(0.84200000000001352,0.21000000000096097,1.1544000000000054),(0.049000000000030887,0.21000000000096097,1.1544000000000054),(0.049000000000030887,0.21000000000096097,0.7532000000000012),(0.07900000000002752,0.30000000000096061,1.5716000000000077),(0.079000000000027451,0.30000000000096061,1.9728000000000117),(0.84200000000001352,0.30000000000096061,1.9728000000000117),(0.84200000000001329,0.30000000000096061,1.5716000000000077),(0.84600000000001341,0.21400000000096245,1.5676000000000074),(0.84600000000001341,0.21400000000096184,1.9768000000000117),(0.84458188354271624,0.21094486049974021,1.9753818835427348),(0.8445818835427199,0.2109448604997434,1.5690181164572903),(0.8420000000000134,0.2100000000009612,1.8509363655280158),(0.84600000000001341,0.21400000000096214,1.7721999467576794),(0.84600000000001341,0.2140000000009622,1.7072681562201886),(0.84600000000001341,0.21400000000096198,1.8744999733788454),(0.8420000000000134,0.2100000000009612,1.7112682015747263),(0.8420000000000134,0.21000000000096117,1.7811023023620858),(0.8420000000000134,0.2100000000009612,1.9118681827640138),(0.8420000000000134,0.2100000000009612,1.8160193527557653),(0.84600000000001341,0.21400000000096189,1.9256499866894285),(0.84600000000001341,0.21400000000096203,1.8233499600682623),(0.8420000000000134,0.2100000000009612,1.6414341007873665),(0.84600000000001341,0.21400000000096234,1.6374340248677677),(0.84600000000001341,0.21400000000096236,1.602517065676218),(0.8420000000000134,0.2100000000009612,1.937882987227761),(0.8420000000000134,0.2100000000009612,1.6065170503936868),(0.84600000000001341,0.21400000000096187,1.9418829343238011),(0.84488228500833884,0.21122647640618447,1.9337664777467771),(0.84600000000001341,0.21400000000096195,1.9000750332764675),(0.8420000000000134,0.2100000000009612,1.8814022741460148),(0.84496798449185395,0.21131838331392447,1.8872875000167748),(0.84486423639817643,0.21120784136373477,1.8620301117851419),(0.84474112069256235,0.21108688185215913,1.8357405116229437),(0.84600000000001341,0.214000000000962,1.8489249134812233),(0.84498190238810167,0.21133386831855813,1.9105384402050922),(0.8420000000000134,0.2100000000009612,1.9553415124246007),(0.84528400498875933,0.21171629440831313,1.954995218065837),(0.84600000000001341,0.21400000000096209,1.7977750066553009),(0.84497309936174803,0.21132405527334561,1.8105625000133099),(0.84493508331848177,0.21128241174781293,1.7865036244293668),(0.8420000000000134,0.2100000000009612,1.7461852519684058),(0.84600000000001341,0.21400000000096217,1.7397340514889339),(0.84474238874305851,0.2110880755544792,1.7606587192296876),(0.84474730822735733,0.21109271647437342,1.7373809351154654),(0.8420000000000134,0.2100000000009612,1.6763511511810465),(0.84600000000001341,0.21400000000096228,1.672351090543978),(0.84468769430516566,0.21103751804792714,1.6239755667993139),(0.84490240397333127,0.21124753725358947,1.647866887816253),(0.84479997285471231,0.21114340202207976,1.6013327278383238),(0.84487360694229652,0.21121748618405695,1.714390940014225),(0.84524408241418636,0.21165992964089644,1.689809655930236),(0.84497758822614055,0.21132905103933169,1.6689398914031965),(0.84600000000001341,0.21400000000096306,1.1584000000000054),(0.84458188354272445,0.21094486049974714,1.1569818835427153),(0.84458188354272534,0.21094486049974789,0.75061811645729215),(0.84200000000001352,0.2100000000009612,1.0325362679824521),(0.84600000000001341,0.21400000000096336,0.95380000000000342),(0.84600000000001341,0.21400000000096348,0.88886817819401986),(0.84600000000001341,0.2140000000009632,1.0561000000000047),(0.84200000000001352,0.2100000000009612,0.89286813399122689),(0.84200000000001352,0.2100000000009612,0.96270220098683956),(0.84200000000001352,0.2100000000009612,1.0934681339912289),(0.84200000000001352,0.2100000000009612,0.99761923448464584),(0.84600000000001341,0.21400000000096311,1.107250000000005),(0.84600000000001341,0.21400000000096325,1.004950000000004),(0.84200000000001352,0.2100000000009612,0.82303406699561399),(0.84600000000001341,0.21400000000096356,0.81903408909701059),(0.84600000000001341,0.21400000000096359,0.78411704454850595),(0.84200000000001352,0.2100000000009612,1.1194829665021988),(0.84200000000001352,0.2100000000009612,0.78811703349780771),(0.84600000000001341,0.21400000000096309,1.1234829554515009),(0.84488228500553053,0.21122647640326611,1.1153664777288639),(0.84600000000001341,0.21400000000096317,1.0816750000000046),(0.84200000000001352,0.2100000000009612,1.0630023075770485),(0.84496798448816623,0.21131838330984276,1.0688875000027978),(0.84486423640032837,0.21120784136594223,1.0436301116718094),(0.84474112067587026,0.21108688183645244,1.0173405114054495),(0.84600000000001341,0.21400000000096323,1.0305250000000044),(0.84498190239634297,0.21133386832777543,1.092138440192558),(0.8420000000000134,0.2100000000009612,1.1369413766608942),(0.84528400499344092,0.21171629441504528,1.1365952180739449),(0.84600000000001341,0.21400000000096328,0.97937500000000355),(0.84497309935681197,0.21132405526786138,0.99216250000256689),(0.84493508331807565,0.21128241174737428,0.96810362431860475),(0.84200000000001352,0.2100000000009612,0.92778516748903306),(0.84600000000001341,0.21400000000096339,0.92133408909701142),(0.84474238875075169,0.2110880755617244,0.94225871905512515),(0.84474730821916211,0.21109271646662911,0.91898093477355158),(0.84200000000001352,0.2100000000009612,0.85795110049342038),(0.84600000000001341,0.2140000000009635,0.85395113364551523),(0.84468769430366242,0.21103751804656326,0.80557556681789777),(0.84490240397274063,0.21124753725296655,0.82946688793836676),(0.84479997285344843,0.21114340202084081,0.78293272779532153),(0.84487360693641655,0.2112174861779845,0.89599093967338783),(0.84524408244586879,0.21165992968481814,0.8714096559216824),(0.84497758823276792,0.2113290510467199,0.85053989148151377),(0.84458188354274144,0.29905513950216062,1.9753818835426888),(0.84600000000001341,0.29600000000096111,1.9768000000000117),(0.8460000000000133,0.29600000000096111,1.5676000000000077),(0.844581883542738,0.29905513950216345,1.5690181164573243),(0.84200000000001329,0.30000000000096105,1.693463643611955),(0.84600000000001341,0.29600000000096111,1.7722000000000098),(0.84600000000001341,0.29600000000096111,1.8371318218060673),(0.84600000000001341,0.29600000000096111,1.6699000000000088),(0.84200000000001329,0.30000000000096105,1.8331318218059833),(0.84200000000001329,0.30000000000096105,1.7632977327089692),(0.84200000000001329,0.30000000000096105,1.6325318218059814),(0.8420000000000134,0.30000000000096105,1.7283806881604624),(0.8460000000000133,0.29600000000096111,1.6187500000000083),(0.8460000000000133,0.29600000000096111,1.7210500000000091),(0.8420000000000134,0.30000000000096105,1.9029659109029975),(0.84600000000001341,0.29600000000096111,1.9069659109030395),(0.84600000000001341,0.29600000000096111,1.9418829554515256),(0.84200000000001329,0.30000000000096105,1.6065170445485146),(0.8420000000000134,0.30000000000096105,1.9378829554515045),(0.8460000000000133,0.29600000000096111,1.6025170445484938),(0.84488228500530993,0.2987735235988852,1.6106335222752601),(0.84600000000001341,0.29600000000096111,1.6443250000000085),(0.84200000000001329,0.30000000000096105,1.6629977327089682),(0.84496798448799704,0.29868161669226656,1.6571125000009803),(0.84486423640043284,0.29879215863587266,1.682369888335798),(0.84474112067474671,0.29891311816652677,1.708659488609064),(0.84600000000001341,0.29600000000096111,1.6954750000000089),(0.84498190239669291,0.29866613167375528,1.633861559811135),(0.84200000000001329,0.30000000000096105,1.5890585222742613),(0.84528400499358458,0.29828370558667011,1.5894047819266797),(0.8460000000000133,0.29600000000096111,1.7466250000000096),(0.84497309935641129,0.29867594473450582,1.7338375000009512),(0.84493508331800526,0.29871758825462374,1.7578963756895407),(0.84200000000001329,0.30000000000096105,1.7982147772574761),(0.84600000000001341,0.29600000000096111,1.8046659109030383),(0.84474238875112562,0.29891192443984549,1.7837412809552888),(0.84474730821854782,0.29890728353587348,1.8070190652466325),(0.8420000000000134,0.30000000000096105,1.8680488663544901),(0.84600000000001341,0.29600000000096111,1.8720488663545534),(0.84468769430337798,0.29896248195561675,1.9204244331788285),(0.84490240397278349,0.29875246274891015,1.8965331120503801),(0.8447999728533343,0.29885659798119302,1.9430672722051565),(0.84487360693606217,0.29878251382430343,1.8300090603466039),(0.84524408244741012,0.29834007031496718,1.8545903440811196),(0.84497758823342173,0.29867094895447338,1.8754601085136307),(0.84600000000001341,0.29600000000096116,2.3710000000000155),(0.84458188354274144,0.29905513950216062,1.9782181164573345),(0.8420000000000134,0.30000000000096105,1.9808000000000119),(0.84200000000001329,0.30000000000096105,2.3710000000000155),(0.84482842712475792,0.2988284271257089,2.3710000000000155),(0.84200000000001329,0.30000000000096105,2.2313318218060574),(0.84600000000001341,0.29600000000096116,2.1739000000000135),(0.84600000000001341,0.29600000000096116,2.2724500000000147),(0.84600000000001341,0.29600000000096116,2.3360829554515368),(0.84600000000001341,0.29600000000096116,2.2231750000000146),(0.84200000000001329,0.30000000000096105,2.1060659109030344),(0.84200000000001329,0.30000000000096105,2.3011659109030367),(0.84200000000001329,0.30000000000096105,2.1686988663545463),(0.84600000000001341,0.29600000000096116,2.0753500000000122),(0.84600000000001341,0.29600000000096111,2.1246250000000129),(0.8420000000000134,0.30000000000096105,2.0434329554515229),(0.84600000000001341,0.29600000000096111,2.0260750000000121),(0.8420000000000134,0.30000000000096105,2.0121164777257676),(0.84200000000001329,0.30000000000096105,2.3360829554515261),(0.84600000000001341,0.29600000000096111,1.9942585222742513),(0.84600000000001341,0.29600000000096116,2.3042664777257755),(0.84482842712474804,0.29882842712571889,2.320174716589233),(0.84482842712477024,0.29882842712569663,2.3438340040646484),(0.84486709919659497,0.29878921892334082,2.2970660452142098),(0.84200000000001329,0.30000000000096105,2.2662488663545468),(0.84600000000001341,0.29600000000096116,2.2478125000000144),(0.84495259590717597,0.2986985509841753,2.2601312500005832),(0.8449560097280483,0.29869481103102657,2.2360059240652186),(0.84200000000001329,0.30000000000096105,2.2000153440803021),(0.84486738016207441,0.29878893008366642,2.2108332070498999),(0.84470550868384597,0.29894622177837471,2.1848837380735948),(0.84600000000001341,0.29600000000096116,2.1985375000000142),(0.84600000000001341,0.29600000000096116,2.1492625000000132),(0.84200000000001329,0.30000000000096105,2.1373823886287906),(0.84499175983280383,0.29865506555625365,2.1369437500005986),(0.84494100269402062,0.29871118113726353,2.1125592479152999),(0.84200000000001329,0.30000000000096105,2.0747494331772791),(0.84600000000001341,0.29600000000096111,2.099987500000013),(0.84496060795148509,0.29868975845808721,2.1609817367595694),(0.84600000000001341,0.29600000000096111,2.0507125000000124),(0.84484442582629382,0.29881233741293511,2.063031250000634),(0.8449062483462505,0.29874840327377128,2.0877925316241188),(0.84496532109630262,0.29868456156589146,2.0383937500006204),(0.84496788404015843,0.29868172786266745,2.0144824686912783),(0.844581883542734,0.29905513950216689,1.1569818835426966),(0.8460000000000133,0.29600000000096105,1.1584000000000059),(0.8460000000000133,0.29600000000096105,0.74920000000000164),(0.84458188354272412,0.29905513950217522,0.75061811645729271),(0.84200000000001329,0.30000000000096105,0.87506364360938593),(0.8460000000000133,0.29600000000096105,0.95380002672101094),(0.8460000000000133,0.29600000000096105,1.0187318604912712),(0.8460000000000133,0.29600000000096105,0.85150004008151359),(0.84200000000001329,0.30000000000096105,1.0147318218046957),(0.84200000000001329,0.30000000000096105,0.94489773270704069),(0.84200000000001329,0.30000000000096105,0.81413182180469368),(0.84200000000001329,0.30000000000096105,0.90998068815821342),(0.8460000000000133,0.29600000000096105,0.80035004676176469),(0.8460000000000133,0.29600000000096105,0.90265003340126226),(0.84200000000001329,0.30000000000096105,1.0845659109023507),(0.8460000000000133,0.29600000000096105,1.0885659302456385),(0.8460000000000133,0.29600000000096105,1.1234829651228222),(0.84200000000001329,0.30000000000096105,0.78811704454882903),(0.84200000000001329,0.30000000000096105,1.119482955451178),(0.8460000000000133,0.29600000000096105,0.78411708831919957),(0.84488228500585583,0.29877352359831783,0.79223352227950483),(0.8460000000000133,0.29600000000096105,0.82592504342163908),(0.84200000000001329,0.30000000000096105,0.84459773270703975),(0.8449679844891147,0.29868161669102949,0.83871250000494035),(0.84486423639680774,0.2987921586395913,0.86396988826197896),(0.84474112068388385,0.29891311815792909,0.89025948846278169),(0.8460000000000133,0.29600000000096105,0.87707503674138787),(0.84498190238910653,0.29866613168224015,0.81546155981702084),(0.84200000000001329,0.30000000000096105,0.77065852227441523),(0.84528400498933631,0.29828370559277917,0.77100478193616706),(0.8460000000000133,0.29600000000096105,0.92822503006113655),(0.84497309935750664,0.29867594473328873,0.91543750000463808),(0.84493508331603862,0.2987175882567476,0.93949637561550525),(0.84200000000001329,0.30000000000096105,0.97981477725586819),(0.8460000000000133,0.29600000000096105,0.98626594360614106),(0.84474238874303131,0.29891192444746845,0.96534128082862003),(0.84474730822208544,0.29890728353253049,0.98861906499508112),(0.84200000000001329,0.30000000000096105,1.0496488663535231),(0.8460000000000133,0.29600000000096105,1.0536488953684549),(0.84468769430290913,0.29896248195604214,1.1020244331836948),(0.84490240397249805,0.29875246274921113,1.0781331121303501),(0.84479997285372865,0.29885659798080649,1.1246672721583251),(0.84487360693867719,0.29878251382160281,1.0116090600937773),(0.8452440824213443,0.29834007035110249,1.0361903440836042),(0.84497758822784219,0.29867094896069318,1.0570601085729909),(0.844581883542738,0.2990551395021635,1.5661818835426913),(0.844581883542734,0.29905513950216689,1.1598181164573149),(0.84200000000001329,0.30000000000096105,1.2842636436115238),(0.8460000000000133,0.29600000000096111,1.3630000000000069),(0.8460000000000133,0.29600000000096111,1.4279318218059776),(0.8460000000000133,0.29600000000096111,1.2607000000000064),(0.84200000000001329,0.30000000000096105,1.4239318218057657),(0.84200000000001329,0.30000000000096105,1.3540977327086448),(0.84200000000001329,0.30000000000096105,1.2233318218057647),(0.84200000000001329,0.30000000000096105,1.3191806881600843),(0.8460000000000133,0.29600000000096111,1.2095500000000061),(0.8460000000000133,0.29600000000096111,1.3118500000000066),(0.84200000000001329,0.30000000000096105,1.4937659109028867),(0.8460000000000133,0.29600000000096111,1.4977659109029928),(0.8460000000000133,0.29600000000096111,1.5326829554515002),(0.84200000000001329,0.30000000000096105,1.1973170445485666),(0.84200000000001329,0.30000000000096105,1.5286829554514474),(0.8460000000000133,0.29600000000096105,1.1933170445485133),(0.84488228500545626,0.29877352359873321,1.2014335222761885),(0.8460000000000133,0.29600000000096111,1.2351250000000062),(0.84200000000001329,0.30000000000096105,1.2537977327086443),(0.84496798448831134,0.29868161669191867,1.2479125000018556),(0.84486423639934949,0.29879215863698405,1.273169888313884),(0.84474112067740925,0.29891311816402144,1.2994594885656983),(0.8460000000000133,0.29600000000096111,1.2862750000000065),(0.84498190239449333,0.29866613167621525,1.2246615598125481),(0.84200000000001329,0.30000000000096105,1.1798585222742861),(0.84528400499238088,0.29828370558840117,1.1802047819291961),(0.8460000000000133,0.29600000000096111,1.3374250000000065),(0.84497309935672282,0.29867594473415965,1.3246375000017798),(0.84493508331739275,0.29871758825528527,1.348696375666897),(0.84200000000001329,0.30000000000096105,1.3890147772572055),(0.8460000000000133,0.29600000000096111,1.3954659109029923),(0.84474238874863672,0.2989119244421895,1.3745412809165503),(0.84474730821959809,0.29890728353488089,1.3978190651695035),(0.84200000000001329,0.30000000000096105,1.4588488663543262),(0.8460000000000133,0.29600000000096111,1.462848866354485),(0.8446876943032029,0.29896248195577568,1.5112244331800335),(0.84490240397268279,0.29875246274901635,1.4873331120761755),(0.84479997285346276,0.29885659798106706,1.5338672721886726),(0.84487360693684954,0.2987825138234903,1.4208090602687069),(0.84524408243936422,0.2983400703261212,1.4453903440817264),(0.84497758823156532,0.29867094895654278,1.4662601085323188),(0.84458188354272001,0.21094486049974343,1.5661818835427248),(0.84458188354272445,0.21094486049974714,1.1598181164572956),(0.84200000000001352,0.2100000000009612,1.4417363753956696),(0.84600000000001341,0.21400000000096275,1.3629998435137427),(0.84600000000001341,0.21400000000096281,1.2980680591343756),(0.84600000000001341,0.21400000000096259,1.4652999217568752),(0.84200000000001352,0.2100000000009612,1.3020682418014013),(0.84200000000001352,0.2100000000009612,1.3719023085985358),(0.8420000000000134,0.2100000000009612,1.5026682418014023),(0.8420000000000134,0.2100000000009612,1.4068193419971025),(0.84600000000001341,0.2140000000009625,1.5164499608784412),(0.84600000000001341,0.21400000000096264,1.4141498826353089),(0.84200000000001352,0.2100000000009612,1.2322341750042671),(0.84600000000001341,0.21400000000096295,1.2282338730809266),(0.84600000000001341,0.21400000000096298,1.1933167800542024),(0.8420000000000134,0.2100000000009612,1.5286829666014405),(0.84200000000001352,0.2100000000009612,1.1973170333985728),(0.84600000000001341,0.21400000000096248,1.532682906973283),(0.84488228500600548,0.21122647640375966,1.5245664777322181),(0.84600000000001341,0.21400000000096256,1.4908747848313946),(0.8420000000000134,0.2100000000009612,1.4722023085985361),(0.84496798448881838,0.21131838331056468,1.4780875000056544),(0.84486423639933761,0.21120784136492574,1.4528301117015647),(0.84474112067985097,0.21108688184019819,1.4265405114632681),(0.84600000000001341,0.21400000000096261,1.4397250586823556),(0.84498190239389204,0.21133386832503417,1.5013384401948666),(0.84200000000001352,0.2100000000009612,1.5461415374042879),(0.84528400499211465,0.21171629441313811,1.5457952180718895),(0.84600000000001341,0.21400000000096267,1.3885747065882619),(0.84497309935771292,0.21132405526886255,1.4013625000049907),(0.84493508331774603,0.21128241174701837,1.3773036243490053),(0.8420000000000134,0.2100000000009612,1.3369852751999687),(0.84600000000001341,0.21400000000096278,1.3305339513240593),(0.84474238874813401,0.21108807555925901,1.3514587191038365),(0.8447473082209962,0.21109271646836236,1.3281809348696538),(0.84200000000001352,0.2100000000009612,1.2671512084028342),(0.84600000000001341,0.21400000000096289,1.2631509661076512),(0.84468769430383539,0.21103751804672022,1.214775566813713),(0.8449024039727201,0.21124753725294509,1.2386668879029834),(0.84479997285372466,0.2111434020211117,1.1921327278114959),(0.84487360693772062,0.21121748617933125,1.3051909397698809),(0.84524408243652605,0.2116599296718662,1.280609655923564),(0.84497758823051339,0.21132905104420668,1.2597398914586226),(1.0860000000000127,0.21000000000096097,2.4010000000000176),(0.8500000000000133,0.21000000000096097,2.4010000000000176),(0.8500000000000133,0.21000000000096097,0.2080000000000001),(1.0860000000000127,0.21000000000096097,0.20800000000000035),(1.0860000000000127,0.23000000000096066,0.20800000000000035),(1.0860000000000127,0.23000000000096066,2.4010000000000176),(0.049000000000031095,0.23000000000095733,0.20800000000000046),(0.049000000000031095,0.23000000000095733,2.4010000000000176),(0.064000000000027271,0.23000000000095738,2.3860000000000161),(0.064000000000027146,0.23000000000095738,0.22000000000000033),(1.0710000000000126,0.23000000000096063,0.22000000000000033),(1.0710000000000126,0.23000000000096063,2.3860000000000161),(1.0710000000000124,0.28000000000096059,0.22000000000000033),(1.0710000000000126,0.28000000000096059,2.3860000000000157),(0.064000000000027341,0.28000000000095393,0.22000000000000039),(0.064000000000027618,0.28000000000095393,2.3860000000000157),(0.079000000000027451,0.28000000000095404,2.371000000000016),(0.079000000000027451,0.28000000000095404,0.33999999999999991),(1.0560000000000125,0.28000000000096048,0.33999999999999991),(1.0560000000000125,0.28000000000096048,2.371000000000016),(0.07900000000002752,0.30000000000096061,1.9808000000000117),(0.079000000000027451,0.30000000000096061,2.3710000000000155),(0.07900000000002752,0.29882842712566604,1.9779715728752636),(0.07900000000002752,0.29600000000091664,1.9768000000000117),(0.07900000000002752,0.29882842712566604,1.9756284271247597),(0.07900000000002752,0.2988284271256742,1.5687715728752596),(0.07900000000002752,0.29600000000092491,1.5676000000000077),(0.07900000000002752,0.29882842712567442,1.5664284271247555),(0.07900000000002752,0.29882842712568392,1.1595715728752578),(0.07900000000002752,0.29600000000093463,1.1584000000000059),(0.07900000000002752,0.29882842712568408,1.1572284271247535),(0.07900000000002759,0.29882842712570745,0.75037157287525347),(0.07900000000002752,0.29600000000095816,0.74920000000000164),(0.07900000000002759,0.29882842712570767,0.74802842712474937),(0.049000000000031026,0.21117157287621829,0.33882842712474553),(0.049000000000031026,0.21400000000096384,0.33999999999999986),(0.049000000000031026,0.21117157287621841,0.3411715728752539),(0.049000000000031026,0.21117157287621616,0.74802842712474749),(0.049000000000031026,0.21400000000096242,0.74920000000000131),(0.049000000000031026,0.2111715728762161,0.75037157287525513),(0.049000000000031026,0.21117157287621446,1.1572284271247517),(0.049000000000031026,0.21400000000096078,1.1584000000000054),(0.049000000000031026,0.21117157287621455,1.1595715728752594),(0.049000000000031026,0.21117157287620508,1.5664284271247539),(0.049000000000031026,0.21400000000095135,1.5676000000000074),(0.049000000000031026,0.21117157287620508,1.5687715728752614),(0.049000000000031026,0.21117157287619617,1.9756284271247575),(0.049000000000031026,0.21400000000094241,1.9768000000000114),(0.049000000000031026,0.21117157287619615,1.9779715728752651),(0.84482842712475958,0.21117157287621499,2.4010000000000176),(0.84600000000001341,0.2140000000009612,2.4010000000000176),(0.84717157287526723,0.21117157287621502,2.4010000000000176),(0.84717157287526346,0.29882842712571417,2.3710000000000155),(0.84717157287526723,0.21117157287621485,0.20800000000000035),(0.84482842712475936,0.29882842712570723,0.33999999999999991),(0.84600000000001319,0.29600000000096105,0.33999999999999991),(0.84717157287526701,0.29882842712570729,0.33999999999999991),(0.8445818835427239,0.29905513950217522,0.74778188354271047),(0.46250000000002045,0.29600000000095961,0.74920000000000164),(0.46050000000002039,0.30000000000095883,0.74520000000000153),(0.70633182768128433,0.29600000000096055,0.74920000000000164),(0.65125000000001687,0.30000000000095917,0.74520000000000164),(0.74662500000001519,0.30000000000095933,0.74520000000000164),(0.80708296149031955,0.30000000000095939,0.74520000000000164),(0.69893750440810287,0.30000000000095922,0.74520000000000164),(0.58441590602891524,0.29600000000096011,0.74920000000000164),(0.77616591384064881,0.29600000000096083,0.74920000000000164),(0.64537385904336264,0.29600000000096033,0.74920000000000164),(0.55587500000001866,0.30000000000095894,0.74520000000000164),(0.52345795301446785,0.29600000000095983,0.74920000000000164),(0.50818750440810645,0.30000000000095889,0.74520000000000164),(0.21866817231875679,0.29600000000095872,0.74920000000000164),(0.26975000000002392,0.30000000000095856,0.74520000000000153),(0.17437500000002568,0.30000000000095833,0.74520000000000142),(0.36512500000002218,0.30000000000095872,0.74520000000000153),(0.22206249559193786,0.30000000000095844,0.74520000000000153),(0.34058409397112571,0.29600000000095916,0.74920000000000164),(0.14883408615939217,0.29600000000095844,0.74920000000000164),(0.27962614095667837,0.29600000000095894,0.74920000000000164),(0.40154204698557311,0.29600000000095938,0.74920000000000164),(0.24914714882598041,0.29600000000095877,0.74920000000000164),(0.41281249559193434,0.30000000000095878,0.74520000000000153),(0.11391704307970987,0.29600000000095827,0.74920000000000164),(0.12668750440811347,0.30000000000095828,0.74520000000000142),(0.1505312522040696,0.30000000000095833,0.74520000000000153),(0.81108295692033106,0.29600000000096094,0.74920000000000164),(0.096458519254874392,0.30000000000095822,0.74520000000000142),(0.18375112923907444,0.29600000000095855,0.74920000000000175),(0.16245312433938672,0.29877984217879094,0.74807619148638482),(0.13750816244772907,0.29881596310606084,0.74804083645969122),(0.1132148964227831,0.29902229317863965,0.74782025646610195),(0.31743750440810992,0.30000000000095861,0.74520000000000153),(0.18640933201604334,0.2989773182595627,0.74787124989227705),(0.19821874779598181,0.30000000000095844,0.74520000000000153),(0.60356249559193076,0.30000000000095906,0.74520000000000164),(0.61489488253613889,0.29600000000096022,0.74920000000000164),(0.62740624338788697,0.30000000000095911,0.74520000000000164),(0.6393281211947105,0.29894330398829283,0.74790868263887733),(0.67585285117406046,0.29600000000096044,0.74920000000000175),(0.66488439155038381,0.29890037789970209,0.74795459761934346),(0.69013954990671778,0.29868415566526141,0.74816568851530363),(0.74124887076096646,0.29600000000096072,0.74920000000000164),(0.72278125220405909,0.30000000000095928,0.74520000000000164),(0.73470312102565372,0.29893659405650036,0.7479159556979027),(0.77685398515325421,0.30000000000095933,0.74520000000000164),(0.76147511669648715,0.29883365358414615,0.74802319099079417),(0.79196846414606925,0.2988046853131141,0.74805197130066081),(0.67509375661214688,0.30000000000095917,0.74520000000000164),(0.71227150173074871,0.29906460815419866,0.74777063744373007),(0.23390766690255474,0.29872442614357769,0.74812873730358709),(0.25849926764066256,0.298871566806234,0.74798461919889392),(0.29359375661215387,0.30000000000095856,0.74520000000000153),(0.31010511746390196,0.29600000000095905,0.74920000000000175),(0.30551562336934018,0.29895973394631414,0.74789072015875291),(0.33076053882120771,0.29891700612320721,0.74793698287951782),(0.37106307047834941,0.29600000000095927,0.74920000000000164),(0.35582357616514732,0.29860017608769723,0.7482395862083453),(0.38896874779597823,0.30000000000095872,0.74520000000000153),(0.40089062272297477,0.29898145829118333,0.74786662829499351),(0.43202102349279681,0.2960000000009595,0.74920000000000164),(0.42543996451476296,0.2989545210360201,0.74789644311146908),(0.24590624338789394,0.3000000000009585,0.74520000000000153),(0.28198823938786205,0.29900904377444626,0.74783546116822919),(0.43665624338789044,0.30000000000095878,0.74520000000000153),(0.34128125220406613,0.30000000000095861,0.74520000000000153),(0.37813442426106258,0.29905008540423245,0.74778785220457911),(0.21013658868376256,0.29881359322113932,0.74804318363658784),(0.81523151732495913,0.29888256483374298,0.74797323276787386),(0.59965539474371488,0.2985772916819544,0.74825901415346219),(0.57971874779597476,0.30000000000095906,0.74520000000000153),(0.5539369295216916,0.29600000000096,0.74920000000000164),(0.56779687160710524,0.29877235094334154,0.74808341295209002),(0.53203125220406255,0.30000000000095894,0.74520000000000164),(0.52010937192684392,0.29897012668204104,0.74787924382957816),(0.49297897650724415,0.29600000000095972,0.74920000000000164),(0.49600856622700318,0.29897877551311181,0.7478696247766693),(0.48434375661215034,0.30000000000095889,0.74520000000000153),(0.54400256821068627,0.29898458820381613,0.74786312471720251),(0.45037100804226515,0.29877852071162325,0.74807746809894027),(0.47310644592246875,0.29905486406577148,0.74778220943099616),(0.46050000000002045,0.30000000000095878,0.75320000000000165),(0.26975000000002408,0.3000000000009585,0.75320000000000165),(0.17437500000002581,0.30000000000095833,0.75320000000000165),(0.11391705490334142,0.30000000000095828,0.75320000000000165),(0.22206251151164033,0.30000000000095844,0.75320000000000176),(0.36512500000002229,0.30000000000095867,0.75320000000000165),(0.41281251151163678,0.30000000000095872,0.75320000000000165),(0.65125000000001698,0.30000000000095911,0.75320000000000165),(0.74662500000001519,0.30000000000095928,0.75320000000000165),(0.55587500000001877,0.30000000000095894,0.75320000000000165),(0.69893748848840076,0.30000000000095922,0.75320000000000165),(0.50818748848840423,0.30000000000095889,0.75320000000000165),(0.79431251151162963,0.30000000000095933,0.75320000000000165),(0.82454148405997185,0.30000000000095939,0.75320000000000165),(0.31743748848840775,0.30000000000095856,0.75320000000000153),(0.29359375575583124,0.30000000000095856,0.75320000000000165),(0.30551562301484497,0.29895973403354698,0.75050927993720462),(0.33076053852281628,0.29891700621948458,0.75046301722309561),(0.38896875575582945,0.30000000000095872,0.75320000000000165),(0.37704687237991413,0.29894409696582391,0.75049217927819012),(0.35389733231656395,0.29902823193424344,0.75058660922205944),(0.34128124424421502,0.30000000000095861,0.75320000000000165),(0.6035625115116332,0.30000000000095906,0.75320000000000165),(0.14414602745168362,0.30000000000095828,0.75320000000000165),(0.12903153323301159,0.2988284271320622,0.75037157288161316),(0.10494435078991741,0.29882842713325636,0.75037157288280731),(0.1522287318369823,0.29888759251155272,0.75043200262053056),(0.19821875575583303,0.30000000000095839,0.75320000000000165),(0.21014062386438609,0.29890451170983451,0.75044976151343334),(0.23628598308655513,0.29886913751818073,0.75041287784493438),(0.26092862357381374,0.29875983976570358,0.75030460978917823),(0.28312217280157226,0.29906787930680118,0.75063326733671498),(0.24590624424421678,0.30000000000095844,0.75320000000000165),(0.66061335018491485,0.29866327261329029,0.75021554376939503),(0.62740624424420977,0.30000000000095906,0.75320000000000165),(0.61548437029682668,0.29898153896007973,0.75053346190065917),(0.59094409343066789,0.29895501299313271,0.7505040960298861),(0.68571921912580913,0.29891310574675478,0.75045886612625279),(0.57971875575582599,0.300000000000959,0.75320000000000165),(0.63821618316344031,0.29905136075420002,0.75061365169523275),(0.6750937557558242,0.30000000000095917,0.75320000000000165),(0.70938599941882108,0.29893719041700273,0.7504846892516891),(0.72278124424420798,0.30000000000095922,0.75320000000000165),(0.73470311955901257,0.29893659403972028,0.75048404428395743),(0.7614751156307864,0.29883365344219159,0.75037680886672842),(0.53203124424421155,0.30000000000095889,0.75320000000000165),(0.54395312091200831,0.29887521662679789,0.75041914952676514),(0.56751404434700736,0.29853494438522798,0.75010580269396843),(0.785602307312252,0.29881374247689174,0.75035696407354313),(0.77046875575582241,0.30000000000095933,0.75320000000000165),(0.82121563518851937,0.29872479892560189,0.75027160951711391),(0.44726050845172338,0.29876441956649075,0.75030898210560815),(0.47192593598432497,0.29887439595896309,0.75041830126063236),(0.48434375575582778,0.30000000000095883,0.75320000000000165),(0.49626562132588625,0.29897055943062001,0.75052123598000076),(0.52012408607930716,0.2989901502990675,0.75054312190819517),(0.42293960521943008,0.29885066319604653,0.75039398514826394),(0.40002432428180584,0.29903711528137489,0.75059693819254047),(0.43665624424421323,0.30000000000095878,0.75320000000000165),(0.17534168010676748,0.29874981334424267,0.75029508578834314),(0.44749999894497616,0.21400000000096303,0.74920000000000131),(0.44550000000002216,0.21000000000096297,0.74520000000000142),(0.64375000000001781,0.21000000000096325,0.74520000000000142),(0.64674999841744873,0.21400000000096334,0.74920000000000131),(0.70633181974599135,0.21400000000096342,0.74920000000000131),(0.74287500000001561,0.21000000000096342,0.74520000000000142),(0.77616590987300227,0.21400000000096353,0.74920000000000131),(0.69331250000001676,0.21000000000096336,0.74520000000000142),(0.79243750000001456,0.2100000000009635,0.74520000000000142),(0.3283363580468267,0.21000000000096278,0.74520000000000142),(0.24824999947250362,0.21400000000096273,0.74920000000000142),(0.34787499920873988,0.21400000000096286,0.74920000000000131),(0.39768749907685802,0.21400000000096295,0.74920000000000131),(0.18866817902342892,0.21000000000096258,0.74520000000000142),(0.2585022685351277,0.21000000000096267,0.74520000000000142),(0.38691817902342446,0.21000000000096289,0.74520000000000142),(0.14862499973626728,0.21400000000096256,0.74920000000000131),(0.1984374996043855,0.21400000000096261,0.74920000000000142),(0.11883408951172997,0.21000000000096247,0.74520000000000142),(0.098812499868149231,0.21400000000096248,0.74920000000000131),(0.54712499868121245,0.21400000000096317,0.74920000000000131),(0.5446250000000199,0.21000000000096311,0.74520000000000142),(0.49506250000002106,0.21000000000096306,0.74520000000000142),(0.49731249881309436,0.21400000000096309,0.74920000000000142),(0.083917044755880355,0.21000000000096242,0.74520000000000142),(0.81108295493650784,0.21400000000096359,0.74920000000000131),(0.80708295524416407,0.21000000000096353,0.74520000000000142),(0.7997602279671282,0.21125566768182913,0.74811009280301544),(0.083917045063536588,0.21400000000096245,0.74920000000000131),(0.091364777418818613,0.21117157282565518,0.7480284270741866),(0.59418750000001896,0.21000000000096319,0.74520000000000142),(0.59693749854933065,0.21400000000096325,0.74920000000000131),(0.62184374953843569,0.21400000000096328,0.74920000000000131),(0.1237187508572543,0.2140000000009625,0.74920000000000131),(0.15375113426757944,0.2100000000009625,0.74520000000000142),(0.13617187976840817,0.21101455083369769,0.74786215951244206),(0.76765625000001514,0.21000000000096344,0.74520000000000142),(0.74124886480949692,0.21400000000096348,0.74920000000000142),(0.61896875000001816,0.21000000000096322,0.74520000000000142),(0.7552656256078899,0.21121970003531684,0.74807574896349349),(0.29806249934062179,0.21400000000096278,0.74920000000000131),(0.63429687647973232,0.211245549293926,0.74810051741979078),(0.67654090802667399,0.21400000000096336,0.74920000000000131),(0.66853125000001723,0.21000000000096333,0.74520000000000142),(0.60657812648625375,0.21110504401053795,0.7479602952402794),(0.57203124756022539,0.21400000000096323,0.74920000000000131),(0.56940625000001943,0.21000000000096317,0.74520000000000142),(0.55701562678079453,0.21111034549145874,0.74796584468394545),(0.5222187498021994,0.21400000000096311,0.74920000000000131),(0.51984375000002059,0.21000000000096308,0.74520000000000142),(0.50745312707532886,0.2111157937400169,0.74797152561675462),(0.47240624782398916,0.21400000000096306,0.74920000000000142),(0.47028125000002169,0.21000000000096303,0.74520000000000142),(0.45789062736985081,0.21112138957218904,0.74797733721383663),(0.42259375006596317,0.21400000000096298,0.74920000000000131),(0.41620908951172325,0.21000000000096292,0.74520000000000142),(0.43273080377792644,0.2111053621646117,0.74796062887697201),(0.65922461227146367,0.21124929412088345,0.74810406906965077),(0.58179661153697182,0.21108443938957491,0.74793852265306116),(0.53223404336172175,0.21108450885422669,0.74793859660653217),(0.72974168168634501,0.21112739186386703,0.74798354495036368),(0.4826714706750877,0.2110845938708128,0.74793868711179101),(0.71809375000001607,0.21000000000096339,0.74520000000000142),(0.82241705529482478,0.21144695498383748,0.74827927932161675),(0.066458522377955756,0.21000000000096242,0.74520000000000142),(0.066458522531783804,0.21400000000096242,0.74920000000000131),(0.16033499610819976,0.21127769520817316,0.74813070923415548),(0.17353124861528035,0.21400000000096259,0.74920000000000131),(0.18598437943892598,0.21134060904188043,0.74818791561573639),(0.22358522377927831,0.21000000000096264,0.74520000000000142),(0.2116068780882249,0.21120505690719965,0.74806151936960685),(0.23715552772031984,0.21110452374568695,0.74795974949137467),(0.22334375059349057,0.21400000000096264,0.74920000000000131),(0.27315624835151653,0.21400000000096275,0.74920000000000131),(0.2934193132909772,0.21000000000096275,0.74520000000000142),(0.28560937878324488,0.21127805047502543,0.74813103919766655),(0.31257607477559013,0.21112993708781272,0.74798616921140271),(0.26168710082194807,0.21130966445964983,0.74816008355881347),(0.32296875032972683,0.21400000000096281,0.74920000000000142),(0.33698482859549361,0.21122066971918382,0.74807668614638356),(0.35762726853512561,0.21000000000096286,0.74520000000000142),(0.37278124808775281,0.21400000000096289,0.74920000000000131),(0.38523437812261008,0.2113457409420183,0.74819247537133038),(0.36127198010816503,0.21130708458025346,0.74815773672542263),(0.40902863758042984,0.21131763846517496,0.74816731134047876),(0.77753575901583716,0.210960346503065,0.74780009742369802),(0.68313254585242089,0.21110548235076007,0.74796075489181302),(0.70644459027957662,0.21096986924823694,0.74781118892870446),(0.11387110452304755,0.21137883029039434,0.74822150117464969),(0.070182391498016569,0.21103114170872686,0.74788064925729414),(0.44550000456017586,0.21000000000096289,0.7532000000000012),(0.32833636038212322,0.21000000000096272,0.75320000000000131),(0.18866817708541106,0.21400000000096261,0.74920000000000131),(0.18866817563092347,0.2100000000009625,0.75320000000000131),(0.25850226800652337,0.21000000000096261,0.7532000000000012),(0.29341931875447691,0.21000000000096264,0.75320000000000131),(0.56666364194581098,0.2140000000009632,0.74920000000000131),(0.6437500022800946,0.21000000000096319,0.75320000000000131),(0.702331824369121,0.21000000000096325,0.75320000000000131),(0.5446250034201352,0.21000000000096306,0.75320000000000131),(0.636497730488501,0.21400000000096334,0.74920000000000131),(0.60158068621715588,0.21400000000096325,0.74920000000000142),(0.50708182194377716,0.21400000000096311,0.74920000000000131),(0.59418749828996131,0.21000000000096311,0.75320000000000131),(0.4950625085503092,0.21000000000096294,0.75320000000000131),(0.11883409237563089,0.21000000000096236,0.7532000000000012),(0.11883408854272111,0.21400000000096248,0.74920000000000131),(0.7721659167447209,0.21000000000096339,0.75320000000000131),(0.8070829583723671,0.21000000000096342,0.75320000000000131),(0.08391705074798457,0.21000000000096233,0.7532000000000012),(0.38691818247114945,0.21000000000096278,0.75320000000000131),(0.41620909807581624,0.21000000000096286,0.75320000000000131),(0.15375113400327708,0.21000000000096244,0.75320000000000131),(0.15375113281406597,0.21400000000096256,0.74920000000000131),(0.43504687718975243,0.21122294543013484,0.7503211168987548),(0.47729091388448153,0.21400000000096306,0.74920000000000131),(0.4702812565552425,0.21000000000096292,0.75320000000000131),(0.4601763709161506,0.21123742552066652,0.7503072189435066),(0.41014062731119461,0.21130600904549662,0.75024324286897648),(0.38634532284611695,0.21131772157581807,0.75023261353207982),(0.35762726686648272,0.21000000000096275,0.75320000000000131),(0.36032812755830673,0.21134050106060404,0.75021218049637828),(0.33581374324899937,0.21127284589090856,0.75027380273050381),(0.31087783966039079,0.21081261649323169,0.75078326948655061),(0.28734955780326477,0.21125949309723038,0.75028630442383071),(0.26070312803780138,0.21134337972418313,0.75020962064195928),(0.22358521725856981,0.21000000000096256,0.75320000000000131),(0.21845908902814914,0.21400000000096264,0.74920000000000131),(0.23519196120686059,0.21121163599848766,0.75033206935409968),(0.21028372248955296,0.21105189663864024,0.75049654173972347),(0.61896875028502807,0.21000000000096317,0.75320000000000131),(0.63135937642030637,0.21103387000401838,0.75051633220364045),(0.6714147747598459,0.21400000000096336,0.74920000000000131),(0.6730409087644541,0.21000000000096322,0.75320000000000131),(0.65760902962842138,0.21116993505180051,0.75037321164861726),(0.60714090135834664,0.21105307756975589,0.75049525450653121),(0.58092856903195611,0.21120251361957293,0.75034096695613206),(0.5368727300030729,0.21400000000096317,0.74920000000000131),(0.51984375142506856,0.21000000000096297,0.75320000000000131),(0.53223437712221544,0.21102872046875204,0.75052203473856427),(0.55660152321219614,0.21106153446144751,0.75048606922102423),(0.56940625541520185,0.21000000000096308,0.7532000000000012),(0.50839886233765197,0.21103162901116934,0.75051881114672159),(0.48427158678505905,0.21109675864467334,0.75044842052138738),(0.68768636662370497,0.21122799830058492,0.75031625129855406),(0.73724887511707449,0.21000000000096333,0.75320000000000131),(0.71110886473857737,0.21111196182609732,0.7504324676152736),(0.10137557156281606,0.21117157275796822,0.7503715729935031),(0.17120966131732887,0.21117157266495651,0.75037157308651492),(0.13629261523998015,0.21117157279892237,0.75037157295254908),(0.078335730866260778,0.21117157286775101,0.75037157288372025),(0.75870738871712329,0.21131230567313145,0.75023751806754335),(0.78259870979700552,0.21109759600365546,0.75044753727792668),(0.73606454980487523,0.21120002710977934,0.75034340205688177),(0.81975400534109299,0.21107830132856062,0.7504680269277183),(0.44749999750136865,0.21400000000096447,0.33999999999999986),(0.44550001242961756,0.21000000000096442,0.3359999999999998),(0.32833635756534713,0.21400000000096431,0.33999999999999986),(0.24725000621482429,0.21000000000096411,0.3359999999999998),(0.18866818015147846,0.210000000000964,0.3359999999999998),(0.34637500932222087,0.21000000000096425,0.3359999999999998),(0.18866817628403551,0.21400000000096406,0.33999999999999986),(0.2585022669246913,0.21400000000096417,0.33999999999999986),(0.29341931224501916,0.21400000000096425,0.33999999999999986),(0.29681252019811794,0.21000000000096417,0.3359999999999998),(0.64375001864441084,0.21000000000096475,0.3359999999999998),(0.64674999875069106,0.21400000000096481,0.33999999999999986),(0.70633181871870176,0.21400000000096492,0.33999999999999986),(0.74287499689261671,0.21000000000096489,0.3359999999999998),(0.77616590935935759,0.21400000000096503,0.33999999999999986),(0.69331250776851383,0.2100000000009648,0.3359999999999998),(0.79243751087591041,0.21000000000096497,0.3359999999999998),(0.11883408564337969,0.21400000000096397,0.33999999999999986),(0.11883409007575478,0.21000000000096386,0.3359999999999998),(0.083917045037892934,0.21000000000096383,0.3359999999999998),(0.54712499562737615,0.21400000000096464,0.33999999999999986),(0.54462501553701415,0.21000000000096458,0.3359999999999998),(0.4950625264129111,0.21000000000096447,0.3359999999999998),(0.49731249656437243,0.21400000000096459,0.3399999999999998),(0.083917040323051764,0.21400000000096389,0.33999999999999986),(0.8110829546796855,0.21400000000096508,0.33999999999999986),(0.80708295496215143,0.21000000000096497,0.3359999999999998),(0.79976022458069718,0.21125566788435834,0.33891009299400554),(0.38791817753335783,0.21400000000096436,0.33999999999999986),(0.39593749844632392,0.21000000000096433,0.3359999999999998),(0.37115626631386767,0.21000000000096428,0.3359999999999998),(0.35812726505069892,0.21400000000096434,0.33999999999999986),(0.59418750466111714,0.21000000000096464,0.3359999999999998),(0.59693749469037993,0.21400000000096472,0.3399999999999998),(0.62184374422188182,0.21400000000096478,0.33999999999999986),(0.76765625388426362,0.21000000000096494,0.3359999999999998),(0.74124886403902979,0.21400000000096495,0.33999999999999986),(0.61896876165276393,0.21000000000096467,0.3359999999999998),(0.75526561971499306,0.21121970005759641,0.33887574898503048),(0.63429687085773578,0.21124554923434624,0.33890051736320853),(0.66853125077686693,0.21000000000096478,0.3359999999999998),(0.67654091123335003,0.21400000000096484,0.33999999999999986),(0.60657812028541491,0.21110504392577262,0.33876029515137562),(0.57203124515887804,0.21400000000096467,0.33999999999999986),(0.56940627252866094,0.21000000000096461,0.3359999999999998),(0.55701562069208987,0.21111034540729318,0.33876584459600911),(0.52221874609587426,0.21400000000096461,0.33999999999999986),(0.51984375854536735,0.21000000000096453,0.3359999999999998),(0.50745312110774055,0.21111579366044322,0.33877152553394257),(0.47240624703287054,0.2140000000009645,0.33999999999999986),(0.47028126942126436,0.21000000000096444,0.3359999999999998),(0.45789062152765203,0.21112138949958553,0.33877733713858255),(0.41770909001601686,0.21400000000096445,0.33999999999999986),(0.43157471561777788,0.2111697308989606,0.33882658394714216),(0.65922460667151228,0.21124929407017815,0.33890406902162024),(0.58179660538887257,0.21108443926003959,0.33873852251514863),(0.53223403733081165,0.21108450870305326,0.33873859644559084),(0.38354687215937466,0.21102618995447339,0.33867515491278333),(0.40757835607556897,0.21104263013813762,0.33869331830544464),(0.42071875543797077,0.21000000000096436,0.3359999999999998),(0.72974167531784995,0.21112739187400936,0.33878354496082747),(0.48267146476740985,0.21108459370113417,0.33873868693116044),(0.35970163926032467,0.21103217857844345,0.33868179715937385),(0.71809376476016062,0.21000000000096483,0.3359999999999998),(0.33552667957429216,0.21109919410077041,0.33875414689684474),(0.3108778340585564,0.2116240658589118,0.33921790878562907),(0.32159375233057419,0.21000000000096419,0.3359999999999998),(0.82241705393334663,0.21144695497867683,0.33907927931733522),(0.28777837517365423,0.21111677415557945,0.33877254553154762),(0.27203126320647109,0.21000000000096414,0.3359999999999998),(0.25964062322018194,0.21100753857759236,0.33865427478412297),(0.22358522160436337,0.21400000000096414,0.33999999999999986),(0.21795909318315138,0.21000000000096403,0.3359999999999998),(0.23434489085530058,0.21111571091433717,0.33877143942108862),(0.20893360562412125,0.21132343282150629,0.33897253900459673),(0.15375113511361654,0.21000000000096394,0.3359999999999998),(0.15375113096370757,0.214000000000964,0.33999999999999986),(0.77753575382166573,0.21096034663559751,0.33860009757863235),(0.68313254015305536,0.21110548230989706,0.33876075484896701),(0.70644458419428313,0.21096986918739538,0.33861118885809816),(0.10137556685458463,0.21117157286198801,0.33882842711051636),(0.17120965595257934,0.21117157284883936,0.3388284270973676),(0.13629261140354068,0.21117157285536273,0.33882842710389099),(0.07833572671223514,0.21117157286923374,0.33882842711776212),(0.44550000000002227,0.21000000000096442,0.34399999999999992),(0.56666363234084383,0.21400000000096209,0.33999999999999986),(0.64375000000001781,0.21000000000096475,0.34399999999999992),(0.7023318170375108,0.2100000000009648,0.34399999999999992),(0.54462500461786667,0.21000000000096458,0.34399999999999992),(0.63649772425563622,0.21400000000096187,0.33999999999999986),(0.50708182453174055,0.21400000000096228,0.33999999999999986),(0.60158068665954745,0.21400000000096198,0.33999999999999986),(0.49506250692679099,0.21000000000096447,0.34399999999999992),(0.59418750230894224,0.21000000000096464,0.34399999999999992),(0.24725000000002664,0.21000000000096411,0.34399999999999992),(0.34637499538217786,0.21000000000096425,0.34399999999999992),(0.39593749307325349,0.21000000000096433,0.34399999999999992),(0.14812500461787539,0.21000000000096394,0.34399999999999992),(0.19768750230895107,0.210000000000964,0.34399999999999992),(0.098562506926799923,0.21000000000096386,0.34399999999999992),(0.77216590390091544,0.21000000000096494,0.34399999999999992),(0.80708295656831108,0.21000000000096497,0.34399999999999992),(0.083917052667426592,0.21000000000096383,0.34399999999999992),(0.091239772026536797,0.21117157288378155,0.34117157286768979),(0.12334375577233772,0.21000000000096389,0.34399999999999992),(0.13573437433363769,0.21132212667399242,0.341028637611348),(0.29681249769110224,0.21000000000096417,0.34399999999999992),(0.066458527159382982,0.21400000000096375,0.33999999999999986),(0.066458526333728868,0.2100000000009638,0.34399999999999992),(0.15984868663851753,0.21106235998374359,0.3412851756724925),(0.17290625346341321,0.21000000000096397,0.34399999999999992),(0.18529687401516196,0.21101806480597216,0.34133390501053129),(0.21110196508063328,0.21114489698510311,0.34119850276301711),(0.23640633303825123,0.21122405817287976,0.34112004392965917),(0.27203124884556446,0.21000000000096414,0.34399999999999992),(0.28442187335368357,0.21109207368604177,0.3412533721498931),(0.31175674856181984,0.21122944639983104,0.34111486001323171),(0.22246875115448889,0.21000000000096403,0.34399999999999992),(0.26056371870369521,0.21103373326459396,0.34131648334294251),(0.32159374653664013,0.21000000000096419,0.34399999999999992),(0.61896875115448002,0.21000000000096467,0.34399999999999992),(0.63135937115022822,0.2110338701321883,0.34131633206198053),(0.67304090851876419,0.21000000000096478,0.34399999999999992),(0.67141476185172499,0.21400000000096173,0.33999999999999986),(0.65760902371441632,0.21116993519183738,0.34117321150841812),(0.6071408962793029,0.21105307774872586,0.34129525431153668),(0.58092856387194225,0.21120251384991465,0.34114096673074895),(0.53687272843629208,0.21400000000096217,0.33999999999999986),(0.51984375577232877,0.21000000000096453,0.34399999999999992),(0.53223437173782573,0.21102872063940839,0.34132203454921628),(0.55660151794005608,0.21106153467315614,0.3412860689918002),(0.56940625346340445,0.21000000000096461,0.34399999999999992),(0.50839885722315525,0.21103162920612789,0.34131881093088123),(0.47729092062718897,0.21400000000096236,0.33999999999999986),(0.48426593698011988,0.21109710698847967,0.34124805302411765),(0.47028125808125321,0.21000000000096444,0.34399999999999992),(0.45789062221018179,0.211121389669709,0.34122266268509016),(0.43157471600272995,0.21116973105275308,0.34117341589886452),(0.40671121199451804,0.21117700226474226,0.34116615388891958),(0.37115624422771559,0.21000000000096428,0.34399999999999992),(0.35876562286553226,0.21100661230906559,0.34134676986938739),(0.3827576170442486,0.21104065523483592,0.34130885181471005),(0.33521034514211828,0.21101599320848016,0.34133622383402623),(0.42071874191879127,0.21000000000096436,0.34399999999999992),(0.68768636154308815,0.21122799846271462,0.34111625114270683),(0.73724886046921312,0.21000000000096489,0.34399999999999992),(0.71110885934177281,0.21111196192018081,0.34123246751709363),(0.11358270966901887,0.21096693146928144,0.3413922240736369),(0.78962443050595232,0.21103751795711806,0.34131230579494515),(0.76573310918899096,0.2112475371464646,0.34109759612827628),(0.8122672705105457,0.21114340191296141,0.3412000272566299),(0.07011988600968104,0.21132444653774643,0.34102654852646519),(0.73411201701255369,0.21121761338417835,0.34112626989528794),(0.8500000000000133,0.30000000000096105,1.3555000000000077),(0.8500000000000133,0.30000000000096105,1.8632500000000118),(0.8500000000000133,0.30000000000096105,0.84775000000000378),(0.8500000000000133,0.30000000000096105,1.60937500000001),(0.8500000000000133,0.30000000000096105,0.59387500000000193),(0.8500000000000133,0.30000000000096105,2.1171250000000139),(0.8500000000000133,0.30000000000096105,1.1016250000000058),(0.8500000000000133,0.30000000000096105,1.482437485368127),(0.8500000000000133,0.30000000000096105,0.72081251463188467),(0.8500000000000133,0.30000000000096105,1.9901874853681309),(0.8500000000000133,0.30000000000096105,1.2285625146318886),(0.8500000000000133,0.30000000000096105,1.5459062573159499),(0.8500000000000133,0.30000000000096105,0.78428125731594411),(0.8500000000000133,0.30000000000096105,1.1650937426840657),(0.8460000000000133,0.29600000000096105,0.54459999890132771),(0.84600000000001341,0.29600000000096111,1.8744998812645262),(0.8460000000000133,0.29600000000096111,1.4653000200382702),(0.8460000000000133,0.29600000000096105,1.0561000000000047),(0.8460000000000133,0.29600000000096105,0.64689999835199152),(0.8460000000000133,0.29600000000096105,0.69804999807732337),(0.8460000000000133,0.29600000000096105,1.1072499861332448),(0.84600000000001319,0.29600000000096105,0.59574999862665956),(0.8500000000000133,0.30000000000096105,1.7363125146318925),(0.8500000000000133,0.30000000000096105,1.292031257315948),(0.8500000000000133,0.30000000000096105,2.2440625146318967),(0.8500000000000133,0.30000000000096105,1.799781257315952),(0.8500000000000133,0.30000000000096105,0.6573437426840617),(0.8500000000000133,0.30000000000096105,1.6728437426840697),(0.8500000000000133,0.30000000000096105,0.97468748536812311),(0.8500000000000133,0.30000000000096105,2.053656257315954),(0.8500000000000133,0.30000000000096105,0.46693748536811919),(0.8500000000000133,0.30000000000096105,2.1805937426840738),(0.8500000000000133,0.30000000000096105,0.91121874268406367),(0.8500000000000133,0.30000000000096105,1.0381562573159462),(0.8500000000000133,0.30000000000096105,0.53040625731594215),(0.84600000000001341,0.29600000000096111,1.8233499010537733),(0.84600000000001319,0.29600000000096105,0.44229999945066384),(0.8500000000000133,0.30000000000096105,0.40346874268405969),(0.8500000000000133,0.30000000000096105,2.3075312573159561),(0.84600000000001341,0.29600000000096116,2.3217250000000154),(0.8460000000000133,0.29600000000096099,0.39114999972533188),(0.8500000000000133,0.30000000000096105,0.37491705436230377),(0.8500000000000133,0.30000000000096105,2.3360829456377115),(0.8500000000000133,0.30000000000096105,1.9267187426840715),(0.84600000000001341,0.29600000000096111,1.9256498614752793),(0.8460000000000133,0.29600000000096111,1.9000748713699027),(0.8460000000000133,0.29600000000096111,1.414150030057401),(0.8500000000000133,0.30000000000096105,1.4189687426840676),(0.8500000000000133,0.30000000000096105,1.4507030993942154),(0.84600000000001319,0.29600000000096105,0.37491704643464857),(0.8471715729904169,0.29882842724085706,0.38303352431703724),(0.84600000000001341,0.29600000000096116,2.3535414777257468),(0.8500000000000133,0.30000000000096105,1.8949843859739233),(0.84600000000001319,0.29600000000096105,0.41672499958799786),(0.8500000000000133,0.30000000000096105,0.43520309939420754),(0.8460000000000133,0.29600000000096105,1.0049500138667646),(0.8460000000000133,0.29600000000096111,1.5164500100191389),(0.84720339769821529,0.29885989782528588,1.9128625000037671),(0.8460000000000133,0.29600000000096105,0.49344999917599575),(0.8500000000000133,0.30000000000096105,1.9584530993942195),(0.84714298960105117,0.29879955203302294,1.9382776720738806),(0.84600000000001341,0.29600000000096111,1.9512248515806558),(0.84705808201806743,0.29871018792571891,1.8872875000036193),(0.84702964297142191,0.29867898845235424,0.42951250193937923),(0.84715028690773619,0.29880697974647125,0.45500890612271366),(0.8500000000000133,0.30000000000096105,0.49867187134203078),(0.8460000000000133,0.29600000000096105,0.51902499903866173),(0.84721980738209768,0.2988758527453288,0.48100538370996387),(0.84600000000001319,0.29600000000096105,0.46787499931332976),(0.84705594971597953,0.29870787147595396,0.50623750159850889),(0.84702808900751858,0.29867726447289666,1.9640125000033555),(0.84704725672201253,0.29869838973082241,1.9877688339694404),(0.8500000000000133,0.30000000000096105,2.0219218713420428),(0.84600000000001341,0.29600000000096111,2.0014375000000122),(0.84707861724221412,0.29873231088781749,2.0137562500025417),(0.84716286680658603,0.29881969417635557,2.0400078479198465),(0.84704292346183352,0.29869364035322521,1.8636058578902885),(0.8500000000000133,0.30000000000096105,1.8315156140261002),(0.84600000000001341,0.29600000000096111,1.8489248911591496),(0.84704300155376266,0.29869372607999572,0.52992076735762939),(0.8500000000000133,0.30000000000096105,0.5621406432898538),(0.8470180684351345,0.29866609905058006,1.8361375000036919),(0.847136203636915,0.29879260996132151,1.8108862147794129),(0.8500000000000133,0.30000000000096105,1.7680469006058042),(0.84725821627098763,0.29891249411825122,1.7845982007645673),(0.84600000000001341,0.29600000000096111,1.7977749109483965),(0.84701895873087962,0.29866709447842565,0.40624628423956355),(0.8500000000000133,0.30000000000096105,2.0853906432898657),(0.84718863430993929,0.29884538625886603,2.0648558766174272),(0.8470323874630894,0.29868202830630974,2.1123062500023955),(0.8500000000000133,0.30000000000096105,2.1488593567101617),(0.8471182035082292,0.29877403117957835,2.1377424946392529),(0.84728707080097387,0.29893939027123811,2.1634144992849511),(0.84702349374614661,0.2986721546597883,2.0885505898410561),(0.8500000000000133,0.30000000000096105,2.212328128657985),(0.84701030056850213,0.29865738542826009,2.2108562500022639),(0.84708035490942335,0.29873416761560967,2.2356165058405963),(0.8500000000000133,0.30000000000096105,2.2757969006058079),(0.84600000000001341,0.29600000000096116,2.297087500000015),(0.84709349503982156,0.29874813189670052,2.2847687500022569),(0.84748357611822911,0.29910927818844862,2.2601819316318243),(0.84702569217703061,0.29867460146176661,2.1870617405925965),(0.84701170984703977,0.29865897009512182,2.3094062500021457),(0.84703355647388157,0.29868332122777502,2.333341318412145),(0.84715042776266081,0.29880712273858945,0.55391468351914352),(0.84600000000001319,0.29600000000096105,0.57017499876399358),(0.84712261774374398,0.29877860960853581,0.58296250116941239),(0.8500000000000133,0.30000000000096105,0.62560935671014994),(0.84722775292520924,0.29888351281630293,0.60984144983727784),(0.8460000000000133,0.29600000000096105,0.62132499848932543),(0.84707444033827461,0.29872783809469156,1.7594125000039775),(0.84700216005105722,0.29864819856610741,1.7338375000039137),(0.8500000000000133,0.30000000000096105,1.7045781286579811),(0.84706373343766939,0.29871630975407482,1.7098096205839284),(0.84709850652315377,0.29875342252642667,1.6826875000041939),(0.8500000000000133,0.30000000000096105,1.6411093567101578),(0.84721084855653706,0.29886716484194153,1.6561142122781785),(0.84711374078956569,0.29876938761740385,1.6311055061764184),(0.8460000000000133,0.29600000000096111,1.5931749901053842),(0.8500000000000133,0.30000000000096105,1.5776406432898618),(0.84703304337791152,0.29868275388504467,1.6072406872542995),(0.84700363786615451,0.29864987055681408,1.580387500004212),(0.84711324559718881,0.29876887143491632,1.5555307401565492),(0.8500000000000133,0.30000000000096105,1.5141718713420387),(0.8460000000000133,0.29600000000096111,1.5420250050095732),(0.8473991468250599,0.29903900687201851,1.5300390627920484),(0.84712434278928583,0.29878039486615393,1.505904514029822),(0.8460000000000133,0.29600000000096111,1.4908750150287045),(0.84701551439823974,0.29866323969967506,1.4780875000069871),(0.84705238903958724,0.29870399512410306,1.4542463030782629),(0.8460000000000133,0.29600000000096111,1.4397250250478355),(0.84706262192801562,0.29871510774507487,1.4269375000075382),(0.8500000000000133,0.30000000000096105,1.3872343859739193),(0.84718244014707189,0.29883925280321255,1.4008734773223008),(0.8460000000000133,0.29600000000096111,1.3885750350669666),(0.84715392608952822,0.29881066954682661,1.3754458038229764),(0.8500000000000133,0.30000000000096105,1.3237656140260963),(0.84702498862210795,0.29867381886194122,1.3502125000079741),(0.84704825119852112,0.29869947754539256,1.3264396430101011),(0.84717519649183404,0.29883204610584319,1.302022825103325),(0.8500000000000133,0.30000000000096105,1.2602969006058),(0.84736173890519595,0.29900658916404499,1.2761640628858142),(0.84673388681719364,0.29830922166139395,0.36151676229334623),(0.84709573196585142,0.29875049580821955,0.63462987490255818),(0.84600000000001319,0.29600000000096105,0.67247499821465739),(0.8500000000000133,0.30000000000096105,0.68907812865797302),(0.84702772978818253,0.29867686566585039,0.65848716927754236),(0.84701095236438662,0.29865811855210866,0.68526250055046833),(0.84712604599868124,0.29878215535216418,0.71033843604206459),(0.8500000000000133,0.30000000000096105,0.75254690060579632),(0.8460000000000133,0.29600000000096105,0.77477499306662168),(0.84729924812933866,0.29895058288118115,0.73667968807727724),(0.8460000000000133,0.29600000000096105,0.72362500013733577),(0.84709010900174353,0.29874454629829128,0.76198750003117821),(0.84700699449626415,0.2986536612556292,0.78756250002997752),(0.8500000000000133,0.30000000000096105,0.81601561402609224),(0.84705837718932597,0.29871050830008955,0.81150221967252212),(0.84708208802372098,0.2987360171241914,0.83871250002997),(0.8500000000000133,0.30000000000096105,0.87948438597391554),(0.84719843192137778,0.29885503350352643,0.8650624313142683),(0.84712961012222632,0.29878583236302064,0.89024610869487653),(0.8500000000000133,0.30000000000096105,0.94295309939421146),(0.84703769040402688,0.29868788427256332,0.91414108856223342),(0.84699970597115359,0.29864541787728788,0.94101250002596259),(0.84710412476745334,0.29875933083242112,0.96571433445631305),(0.8500000000000133,0.30000000000096105,1.0064218713420348),(0.8460000000000133,0.29600000000096105,0.97937499306662379),(0.8460000000000133,0.29600000000096105,1.0305250069333844),(0.84747464747515988,0.29910203072698816,0.9905546879918038),(0.84713241925198235,0.29878872384055544,1.0177375000240336),(0.84702354886031739,0.29867221605004907,1.0433125000219812),(0.8500000000000133,0.30000000000096105,1.0698906432898578),(0.84704876499115367,0.29870003924557981,1.0670938721638998),(0.8460000000000133,0.29600000000096105,1.081674993066625),(0.84704964007972672,0.29870099543612311,1.0944625000198558),(0.8500000000000133,0.30000000000096105,1.1333593567101541),(0.84717074762589217,0.29882760163547933,1.1203189102266364),(0.84717493651819709,0.29883178677324973,1.1459400809910396),(0.8460000000000133,0.29600000000096105,1.1328250069333856),(0.8460000000000133,0.29600000000096111,1.1839749949904401),(0.8500000000000133,0.30000000000096105,1.1968281286579769),(0.84703464904644465,0.2986845285856794,1.1711875000089595),(0.84704558265967911,0.29869655672744244,1.194915825213249),(0.84716655414040065,0.29882339946980074,1.2191751102854693),(0.8474345310128738,0.29906893611564733,1.2444296878983512),(0.84200000000001329,0.30000000000096105,0.619336356456621),(0.8460000000000133,0.29600000000096105,0.67936590668705354),(0.84200000000001329,0.30000000000096105,0.47966817822831048),(0.84200000000001329,0.30000000000096105,0.68226817822831143),(0.84200000000001329,0.30000000000096105,0.65080226734246616),(0.84200000000001329,0.30000000000096105,0.54950226734246566),(0.84200000000001329,0.30000000000096105,0.40983408911415525),(0.84200000000001329,0.30000000000096105,0.71028295544292408),(0.8460000000000133,0.29600000000096105,0.71428294964341443),(0.84200000000001329,0.30000000000096105,0.37491704455707764),(0.84482842712843209,0.29882842712203467,0.3830335223359746),(0.84200000000001329,0.30000000000096105,0.44475113367123287),(0.8447510557276029,0.29890373765848055,0.4295125000565852),(0.84492637614598465,0.29872696216650158,0.69627556689072279),(0.84488677545181656,0.29876884948962346,0.45434821790882529),(0.845003179414614,0.2986421418222337,0.48066250004997535),(0.84200000000001329,0.30000000000096105,0.5145852227853881),(0.84489302523928966,0.29876231876694548,0.50540880865045557),(0.84461688900506149,0.2990252094044995,0.5320437451536566),(0.84430922163042121,0.29926611320500895,0.36151676115989945),(0.84200000000001329,0.30000000000096105,0.58441931189954333),(0.84493879038366893,0.29871357901785606,0.55738750004307269),(0.8449493722137994,0.29870207393491355,0.58120356617070768),(0.8447701093167499,0.29888556656115828,0.60644201859133451),(0.84476685381315286,0.29888868828056386,0.63411250003714792),(0.84491099533945613,0.29874337495414227,0.65851460552325369),(0.84497286905087021,0.29867620059255662,0.40630404520605623),(0.84475955342587838,0.29889566311841725,0.71993770145332481),(0.46249999218834575,0.29600000000093524,1.1584000000000059),(0.46050000000002034,0.3000000000009353,1.1544000000000056),(0.70633180948973751,0.29600000000093563,1.1584000000000059),(0.65125000000001665,0.30000000000093557,1.1544000000000056),(0.74662500000001486,0.30000000000093574,1.1544000000000056),(0.80708295503506922,0.30000000000093585,1.1544000000000056),(0.69893750440810354,0.30000000000093563,1.1544000000000056),(0.5844159008390416,0.2960000000009354,1.1584000000000059),(0.77616590474487579,0.29600000000093574,1.1584000000000059),(0.6453738551643895,0.29600000000093551,1.1584000000000059),(0.55587500000001855,0.30000000000093541,1.1544000000000056),(0.52345794651369359,0.29600000000093529,1.1584000000000059),(0.50818750440810712,0.30000000000093535,1.1544000000000056),(0.21866817488695392,0.29600000000093485,1.1584000000000059),(0.26975000000002392,0.30000000000093496,1.1544000000000056),(0.17437500000002568,0.3000000000009348,1.1544000000000056),(0.36512500000002202,0.30000000000093513,1.1544000000000056),(0.22206249559193697,0.30000000000093485,1.1544000000000056),(0.34058408353764985,0.29600000000093502,1.1584000000000059),(0.1488340796318155,0.29600000000093468,1.1584000000000059),(0.2796261292123019,0.2960000000009349,1.1584000000000059),(0.40154203786299775,0.29600000000093513,1.1584000000000059),(0.24914714423795273,0.29600000000093485,1.1584000000000059),(0.4128124955919335,0.30000000000093519,1.1544000000000056),(0.11391704762759676,0.29600000000093463,1.1584000000000059),(0.12668750440811435,0.30000000000093474,1.1544000000000056),(0.15053125661215769,0.30000000000093474,1.1544000000000056),(0.81108295237244499,0.29600000000093579,1.1584000000000059),(0.096458531298674946,0.30000000000093469,1.1544000000000056),(0.18375112725938475,0.29600000000093479,1.1584000000000059),(0.16245312433938672,0.29877984217876724,1.1572761914863889),(0.13750816244772879,0.29881596310603714,1.1572408364596953),(0.11321489642278255,0.29902229317861606,1.1570202564661061),(0.31743750440811075,0.30000000000093502,1.1544000000000056),(0.18640933201604418,0.29897731825953905,1.1570712498922813),(0.19821874338789366,0.30000000000093485,1.1544000000000056),(0.60356249559192987,0.30000000000093546,1.1544000000000056),(0.61489487019004041,0.29600000000093546,1.1584000000000059),(0.62740624779597332,0.30000000000093557,1.1544000000000059),(0.6393281211947105,0.29894330398826879,1.1571086826388817),(0.6758528401387387,0.29600000000093557,1.1584000000000059),(0.66488439155038848,0.29890037789967827,1.1571545976193478),(0.69013954990672688,0.29868415566523687,1.1573656885153087),(0.7412488571173067,0.29600000000093563,1.1584000000000059),(0.72278125661214709,0.30000000000093568,1.1544000000000056),(0.7347031210256536,0.29893659405647621,1.1571159556979072),(0.77685398192562982,0.30000000000093574,1.1544000000000056),(0.76147511669649204,0.29883365358412234,1.1572231909907986),(0.79196846414606925,0.29880468531309001,1.1572519713006655),(0.6750937522040602,0.30000000000093563,1.1544000000000056),(0.71227150173075249,0.29906460815417524,1.1569706374437339),(0.23390766690255499,0.29872442614355404,1.1573287373035912),(0.25849926764066394,0.29887156680621024,1.1571846191988984),(0.29359375220406725,0.30000000000093502,1.1544000000000056),(0.3101051141866511,0.29600000000093496,1.1584000000000059),(0.30551562336934007,0.29895973394629038,1.157090720158757),(0.33076053882120954,0.2989170061231835,1.1571369828795219),(0.37106305288864855,0.29600000000093507,1.1584000000000059),(0.3558235761651477,0.29860017608767309,1.15743958620835),(0.38896874338789011,0.30000000000093513,1.1544000000000056),(0.40089062272297477,0.29898145829115946,1.1570666282949977),(0.43202102283734695,0.29600000000093518,1.1584000000000059),(0.4254399645147659,0.29895452103599635,1.1570964431114734),(0.2459062477959805,0.30000000000093491,1.1544000000000056),(0.28198823938786255,0.29900904377442272,1.157035461168233),(0.43665624779597695,0.30000000000093524,1.1544000000000056),(0.34128125661215419,0.30000000000093507,1.1544000000000056),(0.37813442426106231,0.2990500854042088,1.1569878522045833),(0.21013658868376298,0.29881359322111561,1.1572431836365922),(0.81523151732496646,0.29888256483371889,1.1571732327678783),(0.59965539474371576,0.29857729168193042,1.1574590141534666),(0.57971874338788643,0.30000000000093546,1.1544000000000056),(0.55393693148804279,0.29600000000093535,1.1584000000000059),(0.56779687160710524,0.29877235094331761,1.1572834129520944),(0.53203125661215067,0.30000000000093541,1.1544000000000056),(0.52010937192684392,0.29897012668201711,1.1570792438295827),(0.49297896153934445,0.29600000000093524,1.1584000000000059),(0.49600856622699946,0.29897877551308805,1.1570696247766736),(0.48434375220406378,0.3000000000009353,1.1544000000000056),(0.54400256821068638,0.29898458820379253,1.1570631247172065),(0.45037100804226887,0.29877852071159938,1.1572774680989446),(0.47310644592246853,0.29905486406574822,1.1569822094309998),(0.46049998848840606,0.30000000000093524,1.1624000000000059),(0.26975000575583125,0.30000000000093496,1.1624000000000057),(0.17437499136631496,0.3000000000009348,1.1624000000000059),(0.11391705174251568,0.30000000000093469,1.1624000000000059),(0.2220624985610731,0.30000000000093485,1.1624000000000057),(0.36512499712211871,0.30000000000093507,1.1624000000000057),(0.41281248129364789,0.30000000000093513,1.1624000000000059),(0.6512499942442096,0.30000000000093557,1.1624000000000057),(0.74662498561049706,0.30000000000093568,1.1624000000000059),(0.55587500287792224,0.30000000000093541,1.1624000000000059),(0.69893747841573906,0.30000000000093563,1.1624000000000059),(0.50818749568316401,0.3000000000009353,1.1624000000000059),(0.79431249280525529,0.3000000000009358,1.1624000000000059),(0.82454148564038354,0.30000000000093585,1.1624000000000059),(0.31743751295058931,0.30000000000093502,1.1624000000000059),(0.29359375935321025,0.30000000000093496,1.1624000000000059),(0.30551562301484508,0.29895973403352338,1.1597092799372088),(0.33076053852281634,0.29891700621946105,1.1596630172230997),(0.38896875071949766,0.30000000000093513,1.1624000000000059),(0.37704687237991413,0.29894409696580032,1.1596921792781945),(0.35389733231656395,0.2990282319342199,1.1597866092220634),(0.3412812435247396,0.30000000000093502,1.1624000000000059),(0.60356251007268036,0.30000000000093546,1.1624000000000059),(0.14414602155441536,0.30000000000093474,1.1624000000000059),(0.12903153323301145,0.29882842713203867,1.1595715728816174),(0.10494435078991741,0.29882842713323277,1.1595715728828115),(0.15222873183698202,0.29888759251152919,1.1596320026205347),(0.19821874496369402,0.3000000000009348,1.1624000000000059),(0.21014062386438609,0.29890451170981092,1.1596497615134373),(0.23628598308655527,0.29886913751815719,1.1596128778449384),(0.2609286235738138,0.29875983976568005,1.1595046097891823),(0.28312217280157231,0.29906787930677764,1.1598332673367191),(0.24590625215845219,0.30000000000093485,1.1624000000000059),(0.66061335018491552,0.29866327261326675,1.1594155437693991),(0.62740624064683048,0.30000000000093552,1.1624000000000059),(0.61548437029682657,0.29898153896005619,1.1597334619006634),(0.59094409343066789,0.29895501299310911,1.1597040960298903),(0.6857192191258098,0.29891310574673119,1.159658866126257),(0.57971875647530136,0.30000000000093541,1.1624000000000059),(0.63821618316344075,0.29905136075417643,1.1598136516952369),(0.67509374784158871,0.30000000000093557,1.1624000000000059),(0.70938599941882186,0.29893719041697914,1.1596846892516932),(0.72278123201311817,0.30000000000093563,1.1624000000000059),(0.73470311955901246,0.29893659403969669,1.1596840442839615),(0.76147511563078674,0.298833653442168,1.1595768088667326),(0.53203124928054313,0.30000000000093535,1.1624000000000059),(0.54395312091200831,0.2988752166267743,1.1596191495267694),(0.56751404434700736,0.29853494438520439,1.1593058026939727),(0.785602307312252,0.29881374247686815,1.1595569640735472),(0.77046873920787606,0.30000000000093574,1.1624000000000059),(0.82121563518855034,0.29872479892557735,1.1594716095171174),(0.44726050845172383,0.29876441956646715,1.1595089821056122),(0.47192593598432558,0.29887439595893961,1.1596183012606367),(0.48434374208578512,0.3000000000009353,1.1624000000000059),(0.49626562132588625,0.29897055943059647,1.1597212359800049),(0.52012408607930716,0.29899015029904391,1.1597431219081993),(0.42293960521943041,0.29885066319602299,1.1595939851482682),(0.40002432428180607,0.29903711528135135,1.1597969381925448),(0.43665623489102695,0.30000000000093524,1.1624000000000059),(0.17534168010676721,0.29874981334421907,1.1594950857883473),(0.85000000000001352,0.21000000000096117,1.3044999076758781),(0.85000000000001352,0.2100000000009612,0.7562500461620697),(0.85000000000001352,0.2100000000009612,1.8527499538379477),(0.85000000000001352,0.2100000000009612,1.0303749769189738),(0.8500000000000133,0.2100000000009612,2.126874884594852),(0.85000000000001352,0.2100000000009612,0.48212493075690432),(0.8500000000000133,0.2100000000009612,1.5786250230810432),(0.85000000000001352,0.2100000000009612,1.1674373499732957),(0.8500000000000133,0.2100000000009612,1.9898123268922696),(0.85000000000001352,0.2100000000009612,0.34506237305432175),(0.85000000000001352,0.2100000000009612,1.4415624653784607),(0.84600000000001341,0.21400000000096153,2.1888999963644684),(0.84600000000001341,0.21400000000096167,2.0828499945466938),(0.84600000000001341,0.21400000000096292,1.2607000155891406),(0.84600000000001341,0.21400000000096231,1.6699000000000086),(0.84600000000001352,0.21400000000096181,0.44229999999999992),(0.84600000000001341,0.21400000000096159,2.1358749954555813),(0.84600000000001341,0.21400000000096281,1.311850023383708),(0.84600000000001352,0.21400000000096214,0.49345000000000011),(0.8500000000000133,0.2100000000009612,1.7156875807836263),(0.85000000000001363,0.2100000000009612,0.61918748845948701),(0.8500000000000133,0.2100000000009612,2.263937442297435),(0.85000000000001352,0.2100000000009612,1.0989062557702653),(0.8500000000000133,0.2100000000009612,1.9212812326892394),(0.85000000000001352,0.2100000000009612,0.89331260386465239),(0.85000000000001352,0.2100000000009612,1.235968628824587),(0.85000000000001352,0.2100000000009612,1.3730311865271696),(0.8500000000000133,0.2100000000009612,2.0583436057435609),(0.85000000000001363,0.2100000000009612,0.41359365190561304),(0.85000000000001352,0.2100000000009612,1.5100937442297522),(0.85000000000001352,0.2100000000009612,1.6471563019323348),(0.8500000000000133,0.2100000000009612,1.7842186749866566),(0.85000000000001352,0.2100000000009612,0.55065620960819572),(0.8500000000000133,0.2100000000009612,2.1954061634461439),(0.85000000000001352,0.2100000000009612,0.96184369806768266),(0.84600000000001341,0.21400000000096137,2.294949998182243),(0.84600000000001352,0.2140000000009615,0.39114999999999989),(0.84600000000001341,0.2140000000009622,1.7210500000000089),(0.84600000000001341,0.21400000000096353,0.85150006653697718),(0.84600000000001341,0.21400000000096142,2.2419249972733559),(0.84600000000001341,0.21400000000096342,0.90264996673151554),(0.8500000000000133,0.2100000000009612,2.3324687211487265),(0.85000000000001363,0.2100000000009612,0.68771876731077841),(0.85000000000001352,0.2100000000009612,0.8247813250133611),(0.84600000000001352,0.21400000000096359,0.8003500332684893),(0.84600000000001341,0.21400000000096128,2.3479749990911305),(0.85000000000001363,0.2100000000009612,0.27783415698133418),(0.84600000000001352,0.21400000000096109,0.27400000000000013),(0.84600000000001352,0.21400000000096117,0.307),(0.85000000000001352,0.2100000000009612,0.24291717081479763),(0.8500000000000133,0.2100000000009612,2.3660830138334812),(0.84600000000001352,0.21400000000096103,0.24100000000000024),(0.84600000000001341,0.21400000000096125,2.3660829493175726),(0.84717157280873578,0.21117157294274644,2.3570289780977873),(0.84600000000001341,0.21400000000096178,2.0298250009088985),(0.84600000000001341,0.21400000000096134,2.3214624950011404),(0.8500000000000133,0.2100000000009612,2.2982029893989502),(0.8500000000000133,0.2100000000009612,1.6128905701825587),(0.84600000000001341,0.21400000000096236,1.6187500000000081),(0.84600000000001341,0.21400000000096234,1.6443249913001083),(0.84726235674786632,0.21108361363698724,1.6315374999652226),(0.84600000000001341,0.21400000000096298,1.2095500077945729),(0.8500000000000133,0.2100000000009612,1.6814220336821115),(0.84710091776030549,0.21124403879524545,1.6571124999645241),(0.84708873851348487,0.2112569074839184,2.3082062501819376),(0.84729433309768698,0.21105392352305785,2.2810703090910063),(0.84600000000001341,0.21400000000096139,2.2684375013633455),(0.84706364922117428,0.21128378128671682,2.2551812469089048),(0.8500000000000133,0.2100000000009612,2.2296718951959198),(0.84704334735331455,0.21130589437445577,1.6807883682167841),(0.84600000000001341,0.21400000000096228,1.6954750086999086),(0.84705370742743946,0.21129456841306343,1.7082624999601146),(0.8500000000000133,0.2100000000009612,1.7499531278851412),(0.84721427273128824,0.21112950812947281,1.7348418611761007),(0.84600000000001341,0.21400000000096217,1.7466249913001095),(0.84705950022227716,0.21128827341866471,2.2315975942064208),(0.84600000000001341,0.21400000000096148,2.2154124931833659),(0.84711046574604654,0.21123402968384797,1.7598271152456402),(0.8500000000000133,0.2100000000009612,1.8184842220881718),(0.84706182723432544,0.2112857522600633,1.810562499951138),(0.84722217707726477,0.2111218582723709,1.8372824281342393),(0.84704783939674611,0.21130097281093213,1.7867952730470258),(0.84703066553271078,0.21131987820871204,2.202156246717653),(0.8500000000000133,0.2100000000009612,2.1611404316963676),(0.84722636845453381,0.21111781887377282,2.175899948292388),(0.84600000000001341,0.21400000000096156,2.162387499545571),(0.84713677706787582,0.21120680211307685,2.1491312473445086),(0.84679436820215226,0.21160752747728587,2.3790144890455109),(0.84705708621658105,0.21129089342068716,2.3317453361691616),(0.8500000000000133,0.2100000000009612,1.887015685587724),(0.8471018439146093,0.21124306487212055,1.8621643519806319),(0.84707050181355581,0.21127639203072368,1.9128624999452171),(0.8500000000000133,0.2100000000009612,1.9555467797907542),(0.84723017969290326,0.21111415602279471,1.9397254410913516),(0.84702972428264622,0.21132092139763156,1.8859936519239515),(0.84600000000001341,0.21400000000096187,1.9512249913001116),(0.84705829115543751,0.2112895850744704,2.1255926724234668),(0.8500000000000133,0.2100000000009612,2.0926093374933372),(0.84600000000001341,0.21400000000096164,2.1093624913655913),(0.84709394552512318,0.21125139173695368,1.9645068582301461),(0.84600000000001341,0.21400000000096181,2.0033125040900011),(0.8500000000000133,0.2100000000009612,2.024077873993785),(0.84702902502916277,0.21132169685856314,1.9883676876249221),(0.8472056521742477,0.21113789933385696,2.0129613826458823),(0.8473180595271963,0.21103230808631337,2.0381408090260273),(0.84600000000001341,0.21400000000096173,2.0563374977277964),(0.84711746026653068,0.21122674114450851,2.0695937485064593),(0.8469958152688799,0.21135900130705298,2.0961062481176973),(0.84706652393294513,0.21128067689328586,1.6075972002095045),(0.84600000000001341,0.21400000000096242,1.5931750086999077),(0.8469990203387604,0.21135535993608556,1.5803874999737282),(0.8500000000000133,0.2100000000009612,1.5443594759795289),(0.84713250602851364,0.21121118693382807,1.5552181407144128),(0.84727045391408651,0.21107603383070531,1.5288374421977255),(0.84600000000001341,0.21400000000096248,1.5420250272809923),(0.85000000000001352,0.2100000000009612,1.4758280124799761),(0.84703911220905792,0.21131054959439666,1.5036624999884056),(0.84705460388310783,0.21129359247168597,1.4797778459703883),(0.84722861665675109,0.21111565703163737,1.4545017237161431),(0.85000000000001352,0.2100000000009612,1.4072969182769457),(0.84722810612014032,0.21111614766099612,1.4269374999881934),(0.84705800071076498,0.2112899003382068,1.4031097889339477),(0.84700369157717659,0.21135006871218465,1.3757874999896418),(0.85000000000001352,0.2100000000009612,1.3387654547773933),(0.84714558476113799,0.21119780199866456,1.3503981384904804),(0.84723288374264327,0.21111156311949786,1.324293844980871),(0.84600000000001341,0.21400000000096278,1.3374249961027227),(0.84600000000001341,0.21400000000096289,1.2862750506646929),(0.85000000000001352,0.2100000000009612,1.2702343605743631),(0.84702667939649434,0.21132430110372163,1.2990624999903693),(0.84706059109487775,0.21128709099245954,1.275077646522307),(0.84723964013121578,0.21110510563419557,1.2495581108058011),(0.84600000000001341,0.21400000000096295,1.2351249805135878),(0.85000000000001352,0.2100000000009612,1.2017028970748107),(0.84719645554515766,0.21114690720722884,1.2223374999906569),(0.84705155507264651,0.21129691426234981,1.1985909547184475),(0.84600000000001341,0.21400000000096303,1.183975035075558),(0.84701043376219021,0.21134246473126722,1.1711874999919978),(0.85000000000001352,0.2100000000009612,1.1331718028717805),(0.8471592595615931,0.21118394002973834,1.1455658817686445),(0.84719978931518758,0.21114363515721532,1.1197236517490681),(0.84600000000001341,0.21400000000096309,1.1328250499027361),(0.85000000000001352,0.2100000000009612,1.0646407086687502),(0.84701637724751555,0.21133579368935979,1.0944624999950159),(0.84706767289649776,0.21127943797116158,1.0703608309661192),(0.84724993149337879,0.2110953273500733,1.0445895076274805),(0.85000000000001352,0.2100000000009612,0.99610924516919797),(0.84716733728876226,0.21117581481505604,1.0177374999949083),(0.8470470277865807,0.21130186080761079,0.99404364893823893),(0.8470192645499709,0.2113325637455167,0.9665874999953592),(0.85000000000001352,0.2100000000009612,0.92757815096616747),(0.84717348339354737,0.21116966364756237,0.94072182780562041),(0.84717079138548057,0.2111723545819858,0.9151281667971275),(0.84600000000001352,0.21400000000096339,0.92822491682878472),(0.84600000000001341,0.2140000000009635,0.87707501663424625),(0.85000000000001352,0.2100000000009612,0.8590470567631372),(0.84702447013598459,0.21132675814353932,0.86428749999568732),(0.8471807874514925,0.2111623882223238,0.8382955213148211),(0.84706190940272652,0.21128566331548271,0.88829419850311797),(0.85000000000001352,0.2100000000009612,0.790515593263585),(0.84600000000001352,0.21400000000096356,0.82592511643970801),(0.84715772158018054,0.21118549233812708,0.81282130814856013),(0.84600000000001352,0.21400000000096364,0.77477495009727049),(0.84703020688709596,0.21132038643433118,0.76198749999605242),(0.85000000000001352,0.2100000000009612,0.72198449906055462),(0.84718821273980183,0.21115503033446015,0.7358664399050614),(0.84705866492661208,0.21128917946356326,0.78594031970462486),(0.84600000000001352,0.21400000000096353,0.72362500000000118),(0.84714555212147669,0.21119783524693317,0.71050855317099648),(0.85000000000001352,0.2100000000009612,0.65345303556100209),(0.84703647848566177,0.21131345198650575,0.65968749999721321),(0.84719575441790251,0.21114759632770397,0.6334346429265757),(0.84705569955351379,0.21129240053266057,0.68359064910758638),(0.85000000000001352,0.2100000000009612,0.58492194135797193),(0.84713424631253398,0.21120939866743152,0.60819002945091327),(0.84704328893326164,0.21130595848907854,0.55738749999733428),(0.85000000000001352,0.2100000000009612,0.51639047785841952),(0.84720340790107307,0.21114009219962493,0.53100019041626445),(0.84705302260498649,0.21129531439387123,0.58124528351447657),(0.84600000000001352,0.21400000000096228,0.51902500000000029),(0.84712376938033007,0.21122019831335911,0.50586585874427514),(0.84600000000001352,0.21400000000096198,0.46787499999999987),(0.85000000000001363,0.2100000000009612,0.44785938365538924),(0.84705064254764151,0.21129790995469377,0.45508749999747228),(0.84721116887102654,0.21113252359582849,0.42856314315090177),(0.84705064366097593,0.21129790873947901,0.47890432632697982),(0.84600000000001352,0.21400000000096167,0.41672499999999979),(0.85000000000001363,0.2100000000009612,0.37932792015583683),(0.84711408834288071,0.21123025020951336,0.40353615757444133),(0.84600000000001352,0.21400000000096137,0.36557499999999987),(0.84705854395862057,0.2112893107239408,0.3527874999976241),(0.85000000000001363,0.21000000000096117,0.31144826501782791),(0.84720832582459182,0.21113529141224172,0.32629954384958526),(0.84704857258409261,0.21130017107887186,0.3765678883009288),(0.84731937987414063,0.21103111540556771,0.294641191717888),(0.8472062995269235,0.21113726744854613,0.27186700430372274),(0.84721281242882229,0.2111309260313681,0.23235004556623393),(0.84458188354271624,0.21094486049974026,1.9782181164572878),(0.8420000000000134,0.2100000000009612,2.1216636405653584),(0.84600000000001341,0.2140000000009617,2.0466340955915263),(0.8420000000000134,0.2100000000009612,2.2613318202826878),(0.8420000000000134,0.2100000000009612,2.0512318202826849),(0.8420000000000134,0.2100000000009612,2.0864477304240214),(0.8420000000000134,0.21000000000096117,2.1914977281188985),(0.8420000000000134,0.2100000000009612,2.3311659124464779),(0.8420000000000134,0.2100000000009612,2.0157170460819058),(0.84600000000001341,0.21400000000096178,2.0117170477957691),(0.8420000000000134,0.2100000000009612,2.3660829585283727),(0.84482842709827255,0.21117157284972796,2.3570289744258122),(0.8420000000000134,0.21000000000096117,2.296248866364583),(0.84486459020456883,0.21120820434941992,2.308206246381503),(0.84478914028465324,0.2111328243048102,2.2820848644803484),(0.84439247256930394,0.21079436823714423,2.3790144871805845),(0.84497746479864844,0.21132891344809754,2.2551812467569818),(0.8420000000000134,0.2100000000009612,2.2264147742007929),(0.84492435419241951,0.21127086963446037,2.2313380995657255),(0.84489662396452447,0.21124145516568646,2.2021562473557386),(0.8420000000000134,0.2100000000009612,2.1565806820370033),(0.84474100091163595,0.21108676914802757,2.1752832230340324),(0.84495885249071834,0.21130831058012359,2.1491312479879916),(0.84493239826315736,0.21127951467177616,2.1254143923771167),(0.84491855433327201,0.2112646681008406,2.0961062486489523),(0.84470719522190152,0.21105532785782094,2.0687308526574504),(0.84494274679615344,0.21129071203291352,2.3317275864290479),(0.84479929868643699,0.21114274137350242,2.0460973059181602),(0.84473197310573112,0.21107830135982186,2.0030459945894701),(0.84522463992674945,0.21163320948574854,2.0244953114511901),(0.44750000000002227,0.21400000000096142,1.1584000000000054),(0.44550000000002216,0.21000000000096142,1.1544000000000054),(0.64375000000001781,0.21000000000096178,1.1544000000000054),(0.64675000000001781,0.21400000000096178,1.1584000000000054),(0.70633182164207886,0.21400000000096187,1.1584000000000054),(0.74287500000001561,0.21000000000096194,1.1544000000000054),(0.77616591082104613,0.21400000000096198,1.1584000000000056),(0.69331250000001676,0.21000000000096186,1.1544000000000054),(0.79243750000001467,0.21000000000096203,1.1544000000000054),(0.32833635804682659,0.21000000000096122,1.1544000000000054),(0.24825000000002662,0.21400000000096109,1.1584000000000054),(0.34787500105507085,0.21400000000096125,1.1584000000000054),(0.39768750052754653,0.21400000000096134,1.1584000000000054),(0.18866817902342878,0.21000000000096097,1.1544000000000054),(0.25850226853512759,0.21000000000096108,1.1544000000000054),(0.3869181790234244,0.21000000000096133,1.1544000000000054),(0.14862499894498252,0.21400000000096092,1.1584000000000054),(0.19843749841745814,0.21400000000096103,1.1584000000000054),(0.1188340895117299,0.21000000000096086,1.1544000000000054),(0.098812499472506726,0.21400000000096087,1.1584000000000054),(0.54712499894497368,0.21400000000096159,1.1584000000000054),(0.54462500000002001,0.21000000000096158,1.1544000000000054),(0.49506250000002106,0.2100000000009615,1.1544000000000054),(0.49731249947249795,0.2140000000009615,1.1584000000000054),(0.083917044755880424,0.21000000000096078,1.1544000000000054),(0.81108295541052988,0.21400000000096203,1.1584000000000054),(0.80708295524416407,0.21000000000096203,1.1544000000000054),(0.79976022796712853,0.2112556676818276,1.1573100928030196),(0.083917044589514683,0.21400000000096081,1.1584000000000054),(0.091364777418818613,0.21117157282565355,1.1572284270741906),(0.59418750000001885,0.2100000000009617,1.1544000000000056),(0.59693749841744936,0.21400000000096167,1.1584000000000054),(0.62184375026378003,0.2140000000009617,1.1584000000000054),(0.12371874920874462,0.21400000000096089,1.1584000000000054),(0.15375113426757925,0.21000000000096092,1.1544000000000056),(0.13617187976840817,0.21101455083369605,1.1570621595124462),(0.76765625000001503,0.21000000000096197,1.1544000000000054),(0.7412488662315625,0.21400000000096189,1.1584000000000056),(0.61896875000001839,0.21000000000096172,1.1544000000000054),(0.7552656256078899,0.21121970003531537,1.1572757489634975),(0.29806250158259512,0.2140000000009612,1.1584000000000054),(0.63429687647973265,0.21124554929392447,1.1573005174197948),(0.67654091187609466,0.21400000000096181,1.1584000000000054),(0.66853125000001723,0.21000000000096181,1.1544000000000056),(0.60657812648625398,0.21110504401053642,1.1571602952402833),(0.57203124868121147,0.21400000000096164,1.1584000000000054),(0.56940625000001954,0.21000000000096164,1.1544000000000054),(0.55701562678079475,0.21111034549145719,1.1571658446839492),(0.5222187492087359,0.21400000000096156,1.1584000000000054),(0.51984375000002059,0.21000000000096156,1.1544000000000054),(0.50745312707532886,0.21111579374001532,1.1571715256167587),(0.47240624973626005,0.21400000000096148,1.1584000000000054),(0.47028125000002163,0.21000000000096147,1.1544000000000054),(0.45789062736985081,0.21112138957218743,1.1571773372138405),(0.42259375026378443,0.21400000000096139,1.1584000000000054),(0.41620908951172325,0.21000000000096136,1.1544000000000056),(0.43273080377792655,0.21110536216461012,1.157160628876976),(0.65922461227146356,0.21124929412088192,1.1573040690696548),(0.58179661153697204,0.21108443938957339,1.1571385226530653),(0.53223404336172186,0.21108450885422517,1.1571385966065362),(0.72974168168634568,0.2111273918638655,1.1571835449503678),(0.48267147067508781,0.21108459387081127,1.157138687111795),(0.7180937500000163,0.21000000000096189,1.1544000000000054),(0.82241705529482345,0.21144695498383601,1.1574792793216209),(0.066458522377955687,0.21000000000096078,1.1544000000000054),(0.066458523349819262,0.21400000000096078,1.1584000000000054),(0.16033499610819985,0.21127769520817158,1.1573307092341596),(0.17353124868122033,0.214000000000961,1.1584000000000054),(0.1859843794389259,0.21134060904187882,1.1573879156157403),(0.22358522377927817,0.21000000000096103,1.1544000000000056),(0.21160687808822484,0.21120505690719807,1.157261519369611),(0.23715552772031975,0.21110452374568536,1.1571597494913786),(0.22334375026378878,0.21400000000096106,1.1584000000000054),(0.27315624973626451,0.21400000000096112,1.1584000000000054),(0.29341931329097715,0.21000000000096117,1.1544000000000054),(0.28560937878324488,0.21127805047502382,1.1573310391976706),(0.31257607477559007,0.21112993708781114,1.1571861692114067),(0.26168710082194802,0.21130966445964824,1.1573600835588174),(0.32296875131883296,0.21400000000096123,1.1584000000000054),(0.33698482859549356,0.21122066971918224,1.1572766861463875),(0.3576272685351255,0.21000000000096128,1.1544000000000054),(0.37278125079130869,0.21400000000096128,1.1584000000000054),(0.38523437812261008,0.21134574094201672,1.1573924753713345),(0.36127198010816514,0.21130708458025185,1.1573577367254266),(0.4090286375804299,0.2113176384651734,1.1573673113404828),(0.77753575901583727,0.2109603465030635,1.157000097423702),(0.68313254585242056,0.21110548235075854,1.157160754891817),(0.70644459027957673,0.21096986924823549,1.1570111889287087),(0.11387110452304755,0.21137883029039273,1.1574215011746536),(0.070182391498016569,0.2110311417087252,1.1570806492572983),(0.44550000000002232,0.21000000000096142,1.1624000000000054),(0.32833636297037488,0.2100000000009612,1.1624000000000054),(0.18866817696089291,0.21400000000096103,1.1584000000000054),(0.18866818148520301,0.21000000000096095,1.1624000000000054),(0.25850227678794335,0.21000000000096108,1.1624000000000054),(0.29341932443931357,0.21000000000096117,1.1624000000000054),(0.56666364607828978,0.21400000000096164,1.1584000000000054),(0.64374999543986344,0.21000000000096178,1.1624000000000054),(0.70233181851484161,0.21000000000096186,1.1624000000000054),(0.54462499771994288,0.21000000000096156,1.1624000000000054),(0.63649773650044261,0.21400000000096178,1.1584000000000054),(0.6015806912893662,0.2140000000009617,1.1584000000000054),(0.50708182401001689,0.21400000000096153,1.1584000000000054),(0.59418750114005769,0.21000000000096167,1.1624000000000054),(0.49506249429982818,0.2100000000009615,1.1624000000000054),(0.11883408618246249,0.21000000000096086,1.1624000000000054),(0.11883408653874006,0.21400000000096092,1.1584000000000054),(0.77216591381758204,0.21000000000096197,1.1624000000000057),(0.80708296146895209,0.21000000000096203,1.1624000000000054),(0.083917038531092433,0.21000000000096078,1.1624000000000054),(0.38691817692504421,0.21000000000096128,1.1624000000000054),(0.41620908846253324,0.21000000000096136,1.1624000000000054),(0.15375113383383282,0.21000000000096089,1.1624000000000054),(0.15375113174981644,0.214000000000961,1.1584000000000054),(0.43504687718975243,0.21122294543013337,1.1595211168987589),(0.47729091297588055,0.2140000000009615,1.1584000000000054),(0.47028124714992514,0.21000000000096147,1.1624000000000054),(0.46017637091615021,0.21123742552066499,1.1595072189435107),(0.41014062731119461,0.21130600904549512,1.1594432428689807),(0.3863453228461175,0.21131772157581658,1.159432613532084),(0.35762726538755507,0.21000000000096125,1.1624000000000054),(0.36032812755830673,0.21134050106060254,1.1594121804963824),(0.33581374324899976,0.211272845890907,1.159473802730508),(0.31087783966039084,0.21081261649323021,1.1599832694865546),(0.28734955780326527,0.21125949309722886,1.159486304423835),(0.26070312803780138,0.21134337972418166,1.1594096206419635),(0.22358522913657319,0.21000000000096103,1.1624000000000054),(0.21845908799502928,0.21400000000096109,1.1584000000000054),(0.23519196120686098,0.21121163599848616,1.1595320693541038),(0.2102837224895541,0.21105189663863871,1.1596965417397278),(0.61896874828996051,0.2100000000009617,1.1624000000000054),(0.63135937642030648,0.21103387000401691,1.1597163322036448),(0.67141478171151903,0.21400000000096181,1.1584000000000054),(0.67304090697735253,0.21000000000096181,1.1624000000000054),(0.65760902962842094,0.2111699350517991,1.1595732116486215),(0.60714090135834731,0.21105307756975442,1.1596952545065353),(0.580928569031957,0.21120251361957151,1.1595409669561363),(0.53687273504415334,0.21400000000096159,1.1584000000000054),(0.51984374144973111,0.21000000000096153,1.1624000000000054),(0.53223437712221544,0.21102872046875054,1.1597220347385684),(0.55660152321219658,0.2110615344614461,1.1596860692210282),(0.56940625399015465,0.21000000000096164,1.1624000000000054),(0.50839886233765252,0.21103162901116784,1.1597188111467258),(0.48427158678505922,0.21109675864467195,1.1596484205213915),(0.6876863666237053,0.21122799830058342,1.1595162512985582),(0.73724886616621177,0.21000000000096189,1.1624000000000054),(0.71110886473857704,0.21111196182609585,1.1596324676152778),(0.10137557156281606,0.21117157275796666,1.1595715729935072),(0.17120966131732887,0.21117157266495495,1.159571573086519),(0.1362926152399801,0.21117157279892085,1.1595715729525533),(0.078335730866261125,0.21117157286774946,1.1595715728837244),(0.75870738871712329,0.21131230567313,1.1594375180675476),(0.78259870979700474,0.21109759600365399,1.1596475372779309),(0.7360645498048759,0.21120002710977784,1.159543402056886),(0.81975400534109255,0.21107830132855915,1.1596680269277224),(0.44750000000002227,0.21400000000095201,1.5676000000000074),(0.44550000000002216,0.21000000000095184,1.5636000000000077),(0.6437500000000177,0.21000000000095215,1.5636000000000077),(0.64675000000001781,0.21400000000095232,1.5676000000000074),(0.70633182107247072,0.21400000000095243,1.5676000000000074),(0.74287500000001561,0.21000000000095229,1.5636000000000077),(0.77616591053624218,0.21400000000095254,1.5676000000000074),(0.69331250000001665,0.21000000000095223,1.5636000000000077),(0.79243750000001456,0.21000000000095237,1.5636000000000077),(0.32833635804682648,0.21000000000095168,1.5636000000000077),(0.24825000000002662,0.21400000000095168,1.5676000000000074),(0.34787500000002447,0.21400000000095185,1.5676000000000074),(0.39768750000002334,0.21400000000095193,1.5676000000000074),(0.18866817902342869,0.21000000000095148,1.5636000000000077),(0.25850226853512759,0.21000000000095159,1.5636000000000077),(0.38691817902342429,0.21000000000095176,1.5636000000000077),(0.14862500000002882,0.21400000000095151,1.5676000000000074),(0.19843750000002772,0.21400000000095162,1.5676000000000074),(0.11883408951172976,0.21000000000095134,1.5636000000000077),(0.098812500000029918,0.21400000000095146,1.5676000000000074),(0.54712500000002007,0.21400000000095215,1.5676000000000074),(0.54462500000002001,0.21000000000095201,1.5636000000000077),(0.49506250000002106,0.21000000000095193,1.5636000000000077),(0.49731250000002114,0.2140000000009521,1.5676000000000074),(0.083917044755880424,0.21000000000095131,1.5636000000000074),(0.81108295632317395,0.21400000000095259,1.5676000000000074),(0.80708295524416396,0.2100000000009524,1.5636000000000077),(0.79976022796712853,0.21125566768181803,1.5665100928030216),(0.083917043676870681,0.21400000000095146,1.5676000000000074),(0.091364777418818613,0.21117157282564408,1.5664284270741928),(0.59418750000001885,0.21000000000095209,1.5636000000000077),(0.59693750000001899,0.21400000000095226,1.5676000000000074),(0.62184375000001835,0.21400000000095229,1.5676000000000074),(0.12371875000002941,0.21400000000095148,1.5676000000000074),(0.1537511342675793,0.2100000000009514,1.5636000000000077),(0.13617187976840817,0.21101455083368661,1.5662621595124482),(0.76765625000001503,0.21000000000095237,1.5636000000000077),(0.74124886474931051,0.21400000000095246,1.5676000000000074),(0.61896875000001839,0.21000000000095212,1.5636000000000077),(0.7552656256078899,0.2112197000353058,1.5664757489634997),(0.29806250000002549,0.21400000000095179,1.5676000000000074),(0.63429687647973265,0.2112455492939149,1.566500517419797),(0.67654091053624421,0.21400000000095237,1.5676000000000074),(0.66853125000001723,0.21000000000095218,1.5636000000000077),(0.60657812648625409,0.21110504401052688,1.5663602952402855),(0.57203125000001953,0.21400000000095221,1.5676000000000074),(0.56940625000001943,0.21000000000095206,1.5636000000000077),(0.55701562678079475,0.21111034549144764,1.5663658446839517),(0.5222187500000206,0.21400000000095212,1.5676000000000074),(0.51984375000002059,0.21000000000095195,1.5636000000000077),(0.50745312707532886,0.21111579374000583,1.5663715256167607),(0.47240625000002173,0.21400000000095207,1.5676000000000074),(0.47028125000002163,0.2100000000009519,1.5636000000000077),(0.45789062736985081,0.21112138957217794,1.5663773372138428),(0.42259375000002281,0.21400000000095196,1.5676000000000074),(0.4162090895117232,0.21000000000095181,1.5636000000000077),(0.432730803777926,0.2111053621646006,1.5663606288769782),(0.65922461227146401,0.21124929412087237,1.566504069069657),(0.58179661153697204,0.21108443938956381,1.5663385226530673),(0.53223404336172186,0.21108450885421556,1.5663385966065384),(0.72974168168634435,0.21112739186385598,1.5663835449503698),(0.4826714706750877,0.2110845938708017,1.5663386871117972),(0.7180937500000163,0.21000000000095226,1.5636000000000077),(0.82241705529481446,0.21144695498382701,1.5666792793216235),(0.066458522377955756,0.21000000000095129,1.5636000000000077),(0.066458521838450857,0.2140000000009514,1.5676000000000074),(0.16033499610820037,0.21127769520816209,1.5665307092341616),(0.17353125000002831,0.2140000000009516,1.5676000000000074),(0.18598437943892598,0.21134060904186935,1.5665879156157425),(0.22358522377927811,0.21000000000095151,1.5636000000000077),(0.21160687808822523,0.21120505690718863,1.566461519369613),(0.2371555277203205,0.21110452374567582,1.5663597494913808),(0.22334375000002721,0.21400000000095165,1.5676000000000074),(0.27315625000002608,0.21400000000095171,1.5676000000000074),(0.29341931329097715,0.21000000000095162,1.5636000000000077),(0.28560937878324494,0.21127805047501436,1.5665310391976728),(0.31257607477559046,0.21112993708780167,1.5663861692114089),(0.26168710082194763,0.21130966445963878,1.5665600835588196),(0.32296875000002501,0.21400000000095182,1.5676000000000074),(0.33698482859549428,0.21122066971917269,1.5664766861463897),(0.35762726853512544,0.2100000000009517,1.5636000000000079),(0.37278125000002393,0.2140000000009519,1.5676000000000074),(0.38523437812261008,0.2113457409420072,1.5665924753713365),(0.36127198010816464,0.21130708458024239,1.5665577367254289),(0.40902863758042979,0.21131763846516396,1.566567311340485),(0.77753575901583727,0.2109603465030539,1.5662000974237043),(0.68313254585242167,0.21110548235074905,1.5663607548918193),(0.70644459027957673,0.21096986924822575,1.5662111889287107),(0.11387110452304755,0.21137883029038329,1.5666215011746558),(0.070182391498016569,0.21103114170871573,1.5662806492573005),(0.44549999543986946,0.2100000000009519,1.5716000000000074),(0.32833635458122051,0.2100000000009517,1.5716000000000074),(0.18866817708541106,0.21400000000095162,1.5676000000000074),(0.18866817729062568,0.21000000000095151,1.5716000000000074),(0.25850226593592313,0.21000000000095162,1.5716000000000074),(0.29341931025857182,0.21000000000095165,1.5716000000000074),(0.56666364194581098,0.21400000000095221,1.5676000000000074),(0.64374999315978865,0.21000000000095218,1.5716000000000074),(0.70233181358911312,0.21000000000095229,1.5716000000000074),(0.54462499429982902,0.21000000000095201,1.5716000000000072),(0.63649773437194335,0.21400000000095232,1.5676000000000074),(0.60158068621715599,0.21400000000095226,1.5676000000000074),(0.50708182194377716,0.21400000000095212,1.5676000000000074),(0.59418749828996165,0.21000000000095212,1.5716000000000074),(0.49506249030969646,0.21000000000095195,1.5716000000000074),(0.11883408864532838,0.2100000000009514,1.5716000000000074),(0.11883408854272111,0.21400000000095148,1.5676000000000074),(0.77216590223441062,0.2100000000009524,1.5716000000000074),(0.80708295567736477,0.21000000000095242,1.5716000000000074),(0.083917044322679699,0.21000000000095134,1.5716000000000074),(0.38691817501054498,0.21000000000095179,1.5716000000000074),(0.41620908522520722,0.21000000000095184,1.5716000000000074),(0.15375113296797699,0.21000000000095145,1.5716000000000074),(0.15375113281406597,0.21400000000095154,1.5676000000000074),(0.43504687718975249,0.21122294543012385,1.5687211168987607),(0.47729091000103907,0.21400000000095207,1.5676000000000074),(0.47028124287478296,0.21000000000095193,1.5716000000000074),(0.46017637091615082,0.21123742552065553,1.5687072189435125),(0.41014062731119477,0.21130600904548563,1.5686432428689827),(0.38634532284611689,0.21131772157580708,1.5686326135320861),(0.35762726479588269,0.21000000000095176,1.5716000000000074),(0.36032812755830679,0.21134050106059304,1.5686121804963842),(0.33581374324899932,0.21127284589089754,1.5686738027305098),(0.31087783966039079,0.21081261649322064,1.5691832694865564),(0.2873495578032646,0.21125949309721939,1.5686863044238368),(0.26070312803780143,0.21134337972417214,1.5686096206419655),(0.22358522161327435,0.21000000000095154,1.5716000000000074),(0.21845908514470683,0.21400000000095165,1.5676000000000074),(0.23519196120686059,0.21121163599847667,1.5687320693541056),(0.21028372248955254,0.21105189663862922,1.5688965417397296),(0.61896874572487515,0.21000000000095215,1.5716000000000077),(0.6313593764203066,0.21103387000400739,1.5689163322036466),(0.67141477864328847,0.21400000000095237,1.5676000000000074),(0.67304090337445099,0.21000000000095223,1.5716000000000074),(0.6576090296284216,0.21116993505178952,1.5687732116486233),(0.60714090135834664,0.21105307756974487,1.5688952545065371),(0.58092856903195611,0.21120251361956191,1.5687409669561383),(0.53687273388651524,0.21400000000095215,1.5676000000000074),(0.51984374686491552,0.21000000000095198,1.5716000000000074),(0.53223437712221555,0.21102872046874102,1.5689220347385702),(0.55660152321219625,0.2110615344614365,1.5688860692210302),(0.56940624173474252,0.21000000000095209,1.5716000000000074),(0.50839886233765197,0.21103162901115832,1.5689188111467278),(0.48427158678505922,0.21109675864466229,1.5688484205213933),(0.6876863666237053,0.21122799830057387,1.56871625129856),(0.73724885791176187,0.21000000000095231,1.5716000000000074),(0.7111088647385776,0.2111119618260863,1.5688324676152796),(0.10137557156281606,0.2111715727579572,1.5687715729935092),(0.17120966131732887,0.21117157266494549,1.568771573086521),(0.13629261523998015,0.21117157279891133,1.5687715729525551),(0.078335730866260445,0.21117157286773999,1.5687715728837264),(0.75870738871712329,0.21131230567312045,1.5686375180675494),(0.78259870979700585,0.21109759600364444,1.5688475372779327),(0.73606454980487546,0.21120002710976832,1.568743402056888),(0.81975400534108644,0.21107830132854968,1.5688680269277242),(0.46249999218834575,0.29600000000092552,1.5676000000000077),(0.46050000440810651,0.30000000000092558,1.5636000000000077),(0.70633180948973751,0.29600000000092591,1.5676000000000077),(0.65125000661214605,0.30000000000092586,1.5636000000000079),(0.7466249988979935,0.30000000000092603,1.5636000000000079),(0.80708294990976948,0.30000000000092614,1.5636000000000079),(0.69893750275506972,0.30000000000092597,1.5636000000000079),(0.5844159008390416,0.29600000000092569,1.5676000000000077),(0.77616590474487579,0.29600000000092602,1.5676000000000077),(0.6453738551643895,0.29600000000092586,1.5676000000000077),(0.55587500551012625,0.30000000000092575,1.5636000000000079),(0.52345794651369359,0.29600000000092563,1.5676000000000077),(0.50818750936720258,0.30000000000092569,1.5636000000000079),(0.21866817488695392,0.29600000000092513,1.5676000000000077),(0.26975000220406703,0.30000000000092525,1.5636000000000077),(0.17437500110204723,0.30000000000092514,1.5636000000000077),(0.36512500330608677,0.30000000000092542,1.5636000000000079),(0.22206249724497087,0.30000000000092519,1.5636000000000077),(0.34058408353764985,0.29600000000092536,1.5676000000000077),(0.1488340796318155,0.29600000000092502,1.5676000000000081),(0.2796261292123019,0.29600000000092525,1.5676000000000074),(0.40154203786299775,0.29600000000092541,1.5676000000000077),(0.24914714423795273,0.29600000000092513,1.5676000000000077),(0.41281249944901044,0.30000000000092553,1.5636000000000079),(0.11391704762759676,0.29600000000092497,1.5676000000000077),(0.12668750495912351,0.30000000000092508,1.5636000000000077),(0.15053124862249917,0.30000000000092508,1.5636000000000077),(0.81108295237244499,0.29600000000092613,1.5676000000000077),(0.09645852504514936,0.30000000000092497,1.5636000000000077),(0.18375112725938475,0.29600000000092508,1.5676000000000077),(0.16245312433938672,0.29877984217875764,1.5664761914863912),(0.1375081624477284,0.29881596310602748,1.5664408364596976),(0.1132148964227816,0.29902229317860646,1.5662202564661081),(0.31743750716316305,0.30000000000092536,1.5636000000000077),(0.1864093320160447,0.29897731825952939,1.5662712498922833),(0.19821875358159521,0.30000000000092514,1.5636000000000077),(0.60356250165304992,0.3000000000009258,1.5636000000000079),(0.61489487019004041,0.29600000000092574,1.5676000000000077),(0.62740625413259798,0.30000000000092586,1.5636000000000079),(0.6393281211947105,0.29894330398825913,1.5663086826388837),(0.6758528401387387,0.29600000000092586,1.5676000000000077),(0.66488439155038848,0.29890037789966861,1.5663545976193498),(0.69013954990672699,0.29868415566522721,1.5665656885153108),(0.7412488571173067,0.29600000000092597,1.5676000000000077),(0.72278125523461778,0.30000000000092603,1.5636000000000079),(0.7347031210256536,0.29893659405646655,1.5663159556979096),(0.7768539788119676,0.30000000000092608,1.5636000000000079),(0.76147511669649204,0.29883365358411268,1.5664231909908006),(0.79196846414606914,0.29880468531308035,1.5664519713006675),(0.67509375027552176,0.30000000000092597,1.5636000000000079),(0.71227150173075249,0.29906460815416552,1.5661706374437359),(0.23390766690255499,0.29872442614354433,1.5665287373035932),(0.25849926764066422,0.29887156680620058,1.5663846191989004),(0.29359375468361509,0.30000000000092536,1.5636000000000079),(0.3101051141866511,0.2960000000009253,1.5676000000000077),(0.30551562336934007,0.29895973394628073,1.5662907201587593),(0.33076053882120982,0.2989170061231739,1.5663369828795242),(0.37106305288864855,0.29600000000092536,1.5676000000000077),(0.3558235761651477,0.29860017608766337,1.566639586208352),(0.38896875578563478,0.30000000000092547,1.5636000000000079),(0.40089062272297477,0.29898145829114986,1.566266628295),(0.43202102283734695,0.29600000000092552,1.5676000000000077),(0.42543996451476607,0.29895452103598669,1.5662964431114756),(0.24590624972451894,0.30000000000092525,1.5636000000000077),(0.28198823938786272,0.29900904377441306,1.566235461168235),(0.4366562519285585,0.30000000000092553,1.5636000000000079),(0.34128125082653871,0.30000000000092542,1.5636000000000077),(0.37813442426106225,0.2990500854041992,1.5661878522045853),(0.21013658868376325,0.2988135932211059,1.5664431836365944),(0.81523151732496646,0.29888256483370923,1.5663732327678805),(0.59965539474371576,0.29857729168192071,1.5666590141534689),(0.57971875798967432,0.30000000000092575,1.5636000000000079),(0.55393693148804279,0.29600000000092569,1.5676000000000077),(0.56779687160710524,0.2987723509433079,1.5664834129520964),(0.53203125303057819,0.30000000000092569,1.5636000000000079),(0.52010937192684392,0.2989701266820074,1.5662792438295849),(0.49297896153934445,0.29600000000092558,1.5676000000000077),(0.49600856622699924,0.29897877551307839,1.5662696247766756),(0.48434375688765458,0.30000000000092558,1.5636000000000079),(0.54400256821068627,0.29898458820378288,1.5662631247172087),(0.45037100804226915,0.29877852071158972,1.5664774680989466),(0.47310644592246853,0.29905486406573861,1.5661822094310018),(0.46049998848840606,0.30000000000092553,1.5716000000000077),(0.26975000575583108,0.30000000000092525,1.5716000000000077),(0.17437499136631487,0.30000000000092508,1.5716000000000077),(0.11391705174251561,0.30000000000092497,1.5716000000000074),(0.22206249856107305,0.30000000000092514,1.5716000000000077),(0.36512499712211854,0.30000000000092542,1.5716000000000077),(0.41281248129364789,0.30000000000092547,1.5716000000000077),(0.6512499942442096,0.30000000000092586,1.5716000000000077),(0.74662498561049706,0.30000000000092603,1.5716000000000077),(0.55587500287792224,0.30000000000092569,1.5716000000000077),(0.69893747841573906,0.30000000000092597,1.5716000000000077),(0.50818749568316401,0.30000000000092564,1.5716000000000077),(0.79431249280525529,0.30000000000092608,1.5716000000000077),(0.82454148564038354,0.30000000000092614,1.5716000000000077),(0.31743751295058914,0.30000000000092536,1.5716000000000077),(0.29359375935321014,0.30000000000092525,1.5716000000000077),(0.30551562301484492,0.29895973403351372,1.5689092799372109),(0.33076053852281628,0.29891700621945133,1.5688630172231015),(0.38896875071949755,0.30000000000092542,1.5716000000000077),(0.37704687237991402,0.29894409696579061,1.5688921792781962),(0.3538973323165639,0.29902823193421024,1.5689866092220652),(0.34128124352473949,0.30000000000092536,1.5716000000000077),(0.60356251007268025,0.3000000000009258,1.5716000000000077),(0.14414602155441522,0.30000000000092503,1.5716000000000077),(0.12903153323301131,0.29882842713202901,1.5687715728816194),(0.10494435078991728,0.29882842713322311,1.5687715728828135),(0.15222873183698202,0.29888759251151947,1.5688320026205365),(0.19821874496369396,0.30000000000092514,1.5716000000000077),(0.21014062386438581,0.29890451170980126,1.5688497615134394),(0.23628598308655499,0.29886913751814753,1.5688128778449402),(0.26092862357381347,0.29875983976567033,1.5687046097891844),(0.28312217280157209,0.29906787930676793,1.5690332673367211),(0.24590625215845205,0.30000000000092519,1.5716000000000077),(0.66061335018491552,0.29866327261325704,1.5686155437694009),(0.62740624064683048,0.3000000000009258,1.5716000000000077),(0.61548437029682657,0.29898153896004653,1.568933461900665),(0.59094409343066789,0.2989550129930994,1.5689040960298921),(0.6857192191258098,0.29891310574672147,1.568858866126259),(0.57971875647530113,0.30000000000092575,1.5716000000000077),(0.63821618316344075,0.29905136075416672,1.5690136516952387),(0.67509374784158871,0.30000000000092591,1.5716000000000077),(0.70938599941882186,0.29893719041696948,1.568884689251695),(0.72278123201311817,0.30000000000092597,1.5716000000000077),(0.73470311955901246,0.29893659403968703,1.5688840442839633),(0.76147511563078674,0.29883365344215829,1.5687768088667344),(0.53203124928054313,0.30000000000092569,1.5716000000000077),(0.54395312091200831,0.29887521662676458,1.5688191495267714),(0.56751404434700736,0.29853494438519473,1.5685058026939744),(0.785602307312252,0.29881374247685849,1.568756964073549),(0.77046873920787617,0.30000000000092603,1.5716000000000077),(0.82121563518856311,0.2987247989255673,1.5686716095171187),(0.44726050845172383,0.29876441956645744,1.5687089821056139),(0.47192593598432558,0.29887439595892989,1.5688183012606385),(0.48434374208578512,0.30000000000092558,1.5716000000000077),(0.49626562132588625,0.29897055943058676,1.5689212359800067),(0.52012408607930716,0.29899015029903425,1.5689431219082013),(0.42293960521943041,0.29885066319601328,1.5687939851482702),(0.40002432428180601,0.29903711528134164,1.5689969381925466),(0.43665623489102695,0.30000000000092553,1.5716000000000077),(0.17534168010676721,0.29874981334420941,1.5686950857883493),(0.44750000105506865,0.21400000000094305,1.9768000000000114),(0.44550000000002216,0.2100000000009431,1.9728000000000114),(0.64375000000001803,0.21000000000094343,1.9728000000000114),(0.64675000052754106,0.21400000000094341,1.9768000000000114),(0.70633182072943435,0.21400000000094349,1.9768000000000114),(0.74287500000001572,0.2100000000009436,1.9728000000000114),(0.77616590930967755,0.2140000000009436,1.9768000000000114),(0.69331250000001676,0.21000000000094349,1.9728000000000114),(0.79243750000001467,0.21000000000094365,1.9728000000000114),(0.32833635804682632,0.21000000000094288,1.9728000000000112),(0.24824999947250342,0.21400000000094274,1.9768000000000114),(0.34787500026378598,0.21400000000094291,1.9768000000000114),(0.39768750171447381,0.21400000000094299,1.9768000000000114),(0.18866817902342864,0.2100000000009426,1.9728000000000112),(0.25850226853512753,0.21000000000094274,1.9728000000000114),(0.38691817902342424,0.21000000000094296,1.9728000000000112),(0.14862500079131366,0.21400000000094258,1.9768000000000114),(0.19843750013190856,0.21400000000094269,1.9768000000000114),(0.11883408951172969,0.21000000000094252,1.9728000000000114),(0.098812501450718793,0.21400000000094252,1.9768000000000114),(0.54712499973625839,0.21400000000094321,1.9768000000000114),(0.54462500000002001,0.21000000000094321,1.9728000000000114),(0.49506250000002106,0.21000000000094315,1.9728000000000114),(0.49731250039566349,0.21400000000094316,1.9768000000000114),(0.083917044755880299,0.21000000000094243,1.9728000000000112),(0.81108295465484548,0.21400000000094366,1.9768000000000114),(0.80708295524416407,0.21000000000094368,1.9728000000000114),(0.79976022796712853,0.21125566768180923,1.9757100928030256),(0.083917047455292007,0.21400000000094249,1.9768000000000114),(0.091364777418818613,0.21117157282563517,1.9756284270741966),(0.59418750000001896,0.21000000000094332,1.9728000000000114),(0.59693749907685323,0.21400000000094332,1.9768000000000114),(0.62184374874715076,0.21400000000094335,1.9768000000000117),(0.1237187511210163,0.21400000000094255,1.9768000000000114),(0.15375113426757903,0.21000000000094254,1.9728000000000114),(0.13617187976840817,0.21101455083367771,1.9754621595124522),(0.76765625000001514,0.21000000000094363,1.9728000000000112),(0.7412488639645094,0.21400000000094352,1.9768000000000114),(0.6189687500000185,0.21000000000094335,1.9728000000000112),(0.75526562560789001,0.211219700035297,1.9756757489635033),(0.29806249881309832,0.21400000000094282,1.9768000000000114),(0.63429687647973243,0.2112455492939061,1.9757005174198008),(0.67654091062848776,0.21400000000094344,1.9768000000000114),(0.66853125000001723,0.21000000000094346,1.9728000000000114),(0.60657812648625409,0.21110504401051805,1.9755602952402895),(0.57203124940655581,0.21400000000094327,1.9768000000000114),(0.56940625000001943,0.21000000000094329,1.9728000000000114),(0.55701562678079475,0.21111034549143881,1.9755658446839555),(0.52221875006596097,0.21400000000094319,1.9768000000000114),(0.51984375000002059,0.21000000000094318,1.9728000000000114),(0.50745312707532897,0.211115793739997,1.9755715256167647),(0.47240625072536607,0.21400000000094313,1.9768000000000114),(0.47028125000002163,0.21000000000094313,1.9728000000000114),(0.45789062736985081,0.21112138957216911,1.9755773372138468),(0.42259375138477129,0.21400000000094302,1.9768000000000114),(0.4162090895117232,0.21000000000094302,1.9728000000000114),(0.43273080377792655,0.2111053621645918,1.975560628876982),(0.65922461227146356,0.21124929412086355,1.9757040690696608),(0.58179661153697204,0.21108443938955504,1.9755385226530711),(0.53223404336172186,0.21108450885420679,1.9755385966065424),(0.72974168168634579,0.21112739186384719,1.9755835449503738),(0.4826714706750877,0.2110845938707929,1.975538687111801),(0.71809375000001607,0.21000000000094352,1.9728000000000114),(0.82241705529480591,0.21144695498381866,1.9758792793216275),(0.066458522377955562,0.21000000000094241,1.9728000000000117),(0.066458522672615081,0.21400000000094244,1.9768000000000114),(0.16033499610819985,0.2112776952081532,1.9757307092341656),(0.17353125046161116,0.21400000000094266,1.9768000000000114),(0.1859843794389259,0.2113406090418605,1.9757879156157465),(0.22358522377927803,0.21000000000094268,1.9728000000000114),(0.21160687808822484,0.21120505690717972,1.975661519369617),(0.23715552772031975,0.21110452374566702,1.9755597494913848),(0.22334374980220592,0.21400000000094271,1.9768000000000114),(0.27315624914280084,0.2140000000009428,1.9768000000000114),(0.29341931329097687,0.21000000000094282,1.9728000000000114),(0.28560937878324488,0.21127805047500547,1.9757310391976766),(0.31257607477559007,0.21112993708779279,1.9755861692114127),(0.26168710082194802,0.21130966445962987,1.9757600835588236),(0.32296874848339568,0.21400000000094285,1.9768000000000114),(0.33698482859549356,0.21122066971916389,1.9756766861463937),(0.35762726853512528,0.2100000000009429,1.9728000000000112),(0.37278125204417639,0.21400000000094296,1.9768000000000114),(0.38523437812261013,0.21134574094199837,1.9757924753713405),(0.36127198010816514,0.21130708458023351,1.9757577367254329),(0.40902863758042995,0.21131763846515503,1.9757673113404888),(0.77753575901583749,0.21096034650304515,1.975400097423708),(0.68313254585242034,0.21110548235074017,1.975560754891823),(0.70644459027957685,0.21096986924821715,1.9754111889287147),(0.11387110452304755,0.21137883029037441,1.9758215011746598),(0.070182391498016569,0.21103114170870685,1.9754806492573043),(0.44550000456017502,0.21000000000094302,1.9808000000000112),(0.32833636370152602,0.21000000000094282,1.9808000000000112),(0.18866817764143679,0.21400000000094266,1.9768000000000114),(0.18866818641093142,0.21000000000094257,1.9808000000000112),(0.25850227505622869,0.21000000000094271,1.9808000000000112),(0.29341931937887739,0.21000000000094279,1.9808000000000112),(0.56666364083375798,0.21400000000094327,1.9768000000000114),(0.64375000228009438,0.21000000000094335,1.9808000000000112),(0.70233182270941885,0.21000000000094349,1.9808000000000112),(0.54462500342013465,0.21000000000094321,1.9808000000000112),(0.63649773159618284,0.21400000000094341,1.9768000000000114),(0.60158068621497041,0.21400000000094332,1.9768000000000114),(0.5070818184751682,0.21400000000094316,1.9768000000000114),(0.59418750741026727,0.21000000000094329,1.980800000000011),(0.49506249943000208,0.21000000000094313,1.9808000000000117),(0.11883409776563404,0.21000000000094249,1.9808000000000112),(0.11883408687901204,0.21400000000094255,1.9768000000000114),(0.77216591135471613,0.2100000000009436,1.9808000000000112),(0.80708295567736477,0.21000000000094365,1.9808000000000112),(0.083917044322679699,0.21000000000094241,1.9808000000000112),(0.38691818413085066,0.2100000000009429,1.9808000000000112),(0.41620909434551279,0.21000000000094299,1.9808000000000112),(0.15375114208828272,0.21000000000094254,1.9808000000000112),(0.15375113226022444,0.2140000000009426,1.9768000000000114),(0.43504687718975243,0.21122294543011494,1.9779211168987647),(0.4772909111793171,0.21400000000094313,1.9768000000000114),(0.47028125199508858,0.2100000000009431,1.9808000000000112),(0.46017637091615032,0.21123742552064662,1.9779072189435167),(0.41014062731119461,0.21130600904547672,1.9778432428689865),(0.38634532284611717,0.21131772157579817,1.9778326135320898),(0.35762727391618826,0.21000000000094288,1.9808000000000112),(0.36032812755830668,0.21134050106058413,1.977812180496388),(0.33581374324899943,0.21127284589088863,1.9778738027305138),(0.31087783966039084,0.21081261649321179,1.9783832694865604),(0.28734955780326482,0.21125949309721045,1.9778863044238408),(0.26070312803780138,0.2113433797241632,1.9778096206419693),(0.22358523073358003,0.21000000000094265,1.9808000000000112),(0.21845908882073176,0.21400000000094271,1.9768000000000114),(0.23519196120686064,0.21121163599846779,1.9779320693541096),(0.21028372248955296,0.21105189663862031,1.9780965417397336),(0.61896875484518077,0.21000000000094332,1.9808000000000112),(0.63135937642030648,0.21103387000399854,1.9781163322036506),(0.67141477697739527,0.21400000000094344,1.9768000000000114),(0.67304091249475639,0.21000000000094343,1.9808000000000112),(0.65760902962842105,0.21116993505178069,1.9779732116486273),(0.60714090135834708,0.21105307756973604,1.9780952545065409),(0.58092856903195678,0.21120251361955311,1.9779409669561421),(0.53687272965446309,0.21400000000094321,1.9768000000000114),(0.51984375598522115,0.21000000000094315,1.9808000000000117),(0.53223437712221544,0.21102872046873214,1.9781220347385742),(0.55660152321219647,0.2110615344614277,1.978086069221034),(0.56940625085504815,0.21000000000094327,1.980800000000011),(0.5083988623376523,0.21103162901114944,1.9781188111467316),(0.48427158678505922,0.21109675864465349,1.9780484205213973),(0.6876863666237053,0.21122799830056505,1.9779162512985637),(0.7372488670320676,0.21000000000094352,1.9808000000000112),(0.71110886473857704,0.21111196182607747,1.9780324676152836),(0.10137557156281599,0.21117157275794826,1.9779715729935132),(0.17120966131732887,0.21117157266493655,1.977971573086525),(0.1362926152399801,0.21117157279890239,1.9779715729525589),(0.078335730866260514,0.21117157286773106,1.9779715728837302),(0.75870738871712329,0.21131230567311163,1.9778375180675534),(0.78259870979700485,0.21109759600363562,1.9780475372779365),(0.7360645498048759,0.21120002710975946,1.9779434020568918),(0.81975400534108167,0.21107830132854088,1.9780680269277282),(0.46249999218834564,0.29600000000091725,1.9768000000000117),(0.46049999559193111,0.30000000000091726,1.9728000000000117),(0.70633180948973739,0.29600000000091764,1.9768000000000117),(0.65124999338788281,0.30000000000091764,1.9728000000000117),(0.74662500110203756,0.30000000000091775,1.9728000000000117),(0.80708296016037295,0.30000000000091787,1.9728000000000117),(0.69893749724496024,0.3000000000009177,1.9728000000000117),(0.5844159008390416,0.29600000000091742,1.9768000000000117),(0.77616590474487579,0.29600000000091775,1.9768000000000117),(0.6453738551643895,0.29600000000091753,1.9768000000000117),(0.55587499448990707,0.30000000000091742,1.9728000000000117),(0.52345794651369348,0.29600000000091736,1.9768000000000117),(0.50818749944900843,0.30000000000091737,1.9728000000000117),(0.21866819051030428,0.29600000000091686,1.9768000000000117),(0.2697499977959793,0.30000000000091703,1.9728000000000117),(0.17437499889800337,0.30000000000091687,1.9728000000000117),(0.36512499669395521,0.30000000000091714,1.9728000000000117),(0.22206249393890201,0.30000000000091692,1.9728000000000117),(0.34058408353764968,0.29600000000091703,1.9768000000000117),(0.14883409525516586,0.29600000000091675,1.9768000000000117),(0.27962614483565218,0.29600000000091692,1.9768000000000117),(0.40154203786299769,0.29600000000091714,1.9768000000000119),(0.2491471754846534,0.29600000000091692,1.9768000000000117),(0.41281249173485385,0.3000000000009172,1.9728000000000117),(0.11391704762759663,0.2960000000009167,1.9768000000000119),(0.12668750385710481,0.30000000000091676,1.9728000000000117),(0.15053124696946474,0.30000000000091681,1.9728000000000117),(0.81108295237244499,0.29600000000091781,1.9768000000000117),(0.096458528736026436,0.3000000000009167,1.9728000000000117),(0.18375114288273506,0.29600000000091681,1.9768000000000119),(0.16245312433938672,0.29877984217874926,1.975676191486395),(0.13750816244772948,0.29881596310601916,1.9756408364597013),(0.11321489642278404,0.29902229317859802,1.9754202564661123),(0.31743750165305656,0.30000000000091709,1.9728000000000117),(0.18640933201604362,0.29897731825952101,1.9754712498922875),(0.198218750826542,0.30000000000091687,1.9728000000000117),(0.6035624895308056,0.30000000000091753,1.9728000000000117),(0.61489487019004019,0.29600000000091747,1.9768000000000117),(0.62740624145934432,0.30000000000091753,1.9728000000000114),(0.63932812119471061,0.29894330398825081,1.9755086826388879),(0.67585284013873859,0.29600000000091758,1.9768000000000117),(0.66488439155038848,0.29890037789966029,1.9755545976193538),(0.69013954990672688,0.29868415566521889,1.9757656885153145),(0.74124885711730648,0.2960000000009177,1.9768000000000119),(0.72278124917349895,0.3000000000009177,1.9728000000000117),(0.73470312102565372,0.29893659405645828,1.9755159556979134),(0.77685398503929459,0.30000000000091781,1.9728000000000117),(0.76147511669649215,0.29883365358410441,1.9756231909908046),(0.79196846414606958,0.29880468531307208,1.9756519713006715),(0.67509374531642152,0.30000000000091764,1.9728000000000117),(0.7122715017307526,0.2990646081541572,1.9753706374437401),(0.23390766690255485,0.298724426143536,1.9757287373035974),(0.25849926764066361,0.29887156680619226,1.9755846191989044),(0.29359374972451791,0.30000000000091703,1.9728000000000117),(0.31010511418665093,0.29600000000091703,1.9768000000000117),(0.30551562336934029,0.2989597339462724,1.975490720158763),(0.33076053882120932,0.29891700612316552,1.9755369828795279),(0.37106305288864849,0.29600000000091709,1.9768000000000117),(0.35582357616514765,0.2986001760876551,1.9758395862083558),(0.38896874862249381,0.3000000000009172,1.9728000000000117),(0.40089062272297493,0.29898145829114153,1.975466628295004),(0.43202102283734684,0.2960000000009172,1.9768000000000117),(0.42543996451476568,0.29895452103597836,1.9754964431114794),(0.24590624586744059,0.30000000000091692,1.9728000000000117),(0.28198823938786255,0.29900904377440468,1.9754354611682392),(0.43665624366339245,0.30000000000091726,1.9728000000000117),(0.34128124476541649,0.30000000000091709,1.9728000000000117),(0.37813442426106242,0.29905008540419081,1.9753878522045893),(0.21013658868376284,0.29881359322109763,1.9756431836365982),(0.81523151732496668,0.29888256483370096,1.9755732327678845),(0.59965539474371565,0.29857729168191244,1.9758590141534729),(0.57971874641844567,0.30000000000091748,1.9728000000000117),(0.55393693148804279,0.29600000000091736,1.9768000000000117),(0.56779687160710546,0.29877235094329957,1.9756834129521004),(0.53203124256136847,0.30000000000091742,1.9728000000000117),(0.52010937192684414,0.29897012668199907,1.9754792438295887),(0.4929789615393444,0.29600000000091731,1.9768000000000117),(0.49600856622700001,0.29897877551307006,1.9754696247766796),(0.48434374752046971,0.30000000000091737,1.9728000000000117),(0.54400256821068649,0.29898458820377455,1.9754631247172127),(0.45037100804226859,0.2987785207115814,1.9756774680989506),(0.47310644592246864,0.29905486406573023,1.9753822094310058),(0.46049998848840606,0.30000000000091726,1.9808000000000117),(0.26975000575583113,0.30000000000091698,1.9808000000000117),(0.17437499136631496,0.30000000000091681,1.9808000000000117),(0.11391705174251561,0.3000000000009167,1.9808000000000117),(0.22206249856107305,0.30000000000091687,1.9808000000000117),(0.36512499712211854,0.30000000000091709,1.9808000000000117),(0.41281248129364789,0.3000000000009172,1.9808000000000117),(0.65124999424420971,0.30000000000091759,1.9808000000000117),(0.74662498561049717,0.30000000000091775,1.9808000000000117),(0.55587500287792224,0.30000000000091742,1.9808000000000117),(0.69893747841573906,0.30000000000091764,1.9808000000000117),(0.50818749568316413,0.30000000000091737,1.9808000000000117),(0.7943124928052554,0.30000000000091781,1.9808000000000117),(0.82454148564038365,0.30000000000091787,1.9808000000000117),(0.3174375129505892,0.30000000000091703,1.9808000000000119),(0.29359375935321019,0.30000000000091703,1.9808000000000117),(0.30551562301484492,0.29895973403350545,1.9781092799372146),(0.33076053852281628,0.29891700621944306,1.9780630172231053),(0.38896875071949766,0.30000000000091714,1.9808000000000117),(0.37704687237991408,0.29894409696578234,1.9780921792782002),(0.3538973323165639,0.29902823193420197,1.9781866092220692),(0.34128124352473954,0.30000000000091709,1.9808000000000117),(0.60356251007268036,0.30000000000091753,1.9808000000000117),(0.14414602155441522,0.30000000000091676,1.9808000000000117),(0.12903153323301131,0.29882842713202068,1.9779715728816232),(0.10494435078991728,0.29882842713321478,1.9779715728828173),(0.15222873183698202,0.2988875925115112,1.9780320026205402),(0.19821874496369396,0.30000000000091687,1.9808000000000117),(0.21014062386438581,0.29890451170979293,1.9780497615134431),(0.23628598308655499,0.29886913751813921,1.9780128778449442),(0.26092862357381347,0.29875983976566206,1.9779046097891881),(0.28312217280157209,0.29906787930675965,1.9782332673367251),(0.24590625215845205,0.30000000000091692,1.9808000000000119),(0.66061335018491552,0.29866327261324876,1.9778155437694049),(0.62740624064683059,0.30000000000091753,1.9808000000000117),(0.61548437029682668,0.29898153896003821,1.978133461900669),(0.590944093430668,0.29895501299309113,1.9781040960298959),(0.6857192191258098,0.2989131057467132,1.9780588661262628),(0.57971875647530136,0.30000000000091748,1.9808000000000117),(0.63821618316344075,0.29905136075415845,1.9782136516952424),(0.67509374784158882,0.30000000000091764,1.9808000000000117),(0.70938599941882186,0.29893719041696121,1.9780846892516988),(0.72278123201311817,0.3000000000009177,1.9808000000000117),(0.73470311955901257,0.29893659403967876,1.9780840442839673),(0.76147511563078674,0.29883365344215002,1.9779768088667384),(0.53203124928054324,0.30000000000091737,1.9808000000000117),(0.54395312091200831,0.29887521662675631,1.9780191495267752),(0.56751404434700736,0.29853494438518646,1.9777058026939784),(0.78560230731225222,0.29881374247685022,1.9779569640735528),(0.77046873920787629,0.30000000000091775,1.9808000000000117),(0.82121563518857388,0.2987247989255587,1.9778716095171223),(0.44726050845172383,0.29876441956644922,1.9779089821056179),(0.47192593598432558,0.29887439595892162,1.9780183012606425),(0.48434374208578512,0.30000000000091731,1.9808000000000117),(0.49626562132588625,0.29897055943057849,1.9781212359800107),(0.52012408607930716,0.29899015029902598,1.9781431219082053),(0.42293960521943041,0.29885066319600501,1.977993985148274),(0.40002432428180601,0.29903711528133337,1.9781969381925506),(0.43665623489102695,0.3000000000009172,1.9808000000000117),(0.17534168010676721,0.29874981334420114,1.9778950857883533)));
#7749=IFCPOLYGONALFACESET(#7748,.T.,(#4471,#4472,#4473,#4474,#4475,#4476,#4477,#4478,#4479,#4480,#4481,#4482,#4483,#4484,#4485,#4486,#4487,#4488,#4489,#4490,#4491,#4492,#4493,#4494,#4495,#4496,#4497,#4498,#4499,#4500,#4501,#4502,#4503,#4504,#4505,#4506,#4507,#4508,#4509,#4510,#4511,#4512,#4513,#4514,#4515,#4516,#4517,#4518,#4519,#4520,#4521,#4522,#4523,#4524,#4525,#4526,#4527,#4528,#4529,#4530,#4531,#4532,#4533,#4534,#4535,#4536,#4537,#4538,#4539,#4540,#4541,#4542,#4543,#4544,#4545,#4546,#4547,#4548,#4549,#4550,#4551,#4552,#4553,#4554,#4555,#4556,#4557,#4558,#4559,#4560,#4561,#4562,#4563,#4564,#4565,#4566,#4567,#4568,#4569,#4570,#4571,#4572,#4573,#4574,#4575,#4576,#4577,#4578,#4579,#4580,#4581,#4582,#4583,#4584,#4585,#4586,#4587,#4588,#4589,#4590,#4591,#4592,#4593,#4594,#4595,#4596,#4597,#4598,#4599,#4600,#4601,#4602,#4603,#4604,#4605,#4606,#4607,#4608,#4609,#4610,#4611,#4612,#4613,#4614,#4615,#4616,#4617,#4618,#4619,#4620,#4621,#4622,#4623,#4624,#4625,#4626,#4627,#4628,#4629,#4630,#4631,#4632,#4633,#4634,#4635,#4636,#4637,#4638,#4639,#4640,#4641,#4642,#4643,#4644,#4645,#4646,#4647,#4648,#4649,#4650,#4651,#4652,#4653,#4654,#4655,#4656,#4657,#4658,#4659,#4660,#4661,#4662,#4663,#4664,#4665,#4666,#4667,#4668,#4669,#4670,#4671,#4672,#4673,#4674,#4675,#4676,#4677,#4678,#4679,#4680,#4681,#4682,#4683,#4684,#4685,#4686,#4687,#4688,#4689,#4690,#4691,#4692,#4693,#4694,#4695,#4696,#4697,#4698,#4699,#4700,#4701,#4702,#4703,#4704,#4705,#4706,#4707,#4708,#4709,#4710,#4711,#4712,#4713,#4714,#4715,#4716,#4717,#4718,#4719,#4720,#4721,#4722,#4723,#4724,#4725,#4726,#4727,#4728,#4729,#4730,#4731,#4732,#4733,#4734,#4735,#4736,#4737,#4738,#4739,#4740,#4741,#4742,#4743,#4744,#4745,#4746,#4747,#4748,#4749,#4750,#4751,#4752,#4753,#4754,#4755,#4756,#4757,#4758,#4759,#4760,#4761,#4762,#4763,#4764,#4765,#4766,#4767,#4768,#4769,#4770,#4771,#4772,#4773,#4774,#4775,#4776,#4777,#4778,#4779,#4780,#4781,#4782,#4783,#4784,#4785,#4786,#4787,#4788,#4789,#4790,#4791,#4792,#4793,#4794,#4795,#4796,#4797,#4798,#4799,#4800,#4801,#4802,#4803,#4804,#4805,#4806,#4807,#4808,#4809,#4810,#4811,#4812,#4813,#4814,#4815,#4816,#4817,#4818,#4819,#4820,#4821,#4822,#4823,#4824,#4825,#4826,#4827,#4828,#4829,#4830,#4831,#4832,#4833,#4834,#4835,#4836,#4837,#4838,#4839,#4840,#4841,#4842,#4843,#4844,#4845,#4846,#4847,#4848,#4849,#4850,#4851,#4852,#4853,#4854,#4855,#4856,#4857,#4858,#4859,#4860,#4861,#4862,#4863,#4864,#4865,#4866,#4867,#4868,#4869,#4870,#4871,#4872,#4873,#4874,#4875,#4876,#4877,#4878,#4879,#4880,#4881,#4882,#4883,#4884,#4885,#4886,#4887,#4888,#4889,#4890,#4891,#4892,#4893,#4894,#4895,#4896,#4897,#4898,#4899,#4900,#4901,#4902,#4903,#4904,#4905,#4906,#4907,#4908,#4909,#4910,#4911,#4912,#4913,#4914,#4915,#4916,#4917,#4918,#4919,#4920,#4921,#4922,#4923,#4924,#4925,#4926,#4927,#4928,#4929,#4930,#4931,#4932,#4933,#4934,#4935,#4936,#4937,#4938,#4939,#4940,#4941,#4942,#4943,#4944,#4945,#4946,#4947,#4948,#4949,#4950,#4951,#4952,#4953,#4954,#4955,#4956,#4957,#4958,#4959,#4960,#4961,#4962,#4963,#4964,#4965,#4966,#4967,#4968,#4969,#4970,#4971,#4972,#4973,#4974,#4975,#4976,#4977,#4978,#4979,#4980,#4981,#4982,#4983,#4984,#4985,#4986,#4987,#4988,#4989,#4990,#4991,#4992,#4993,#4994,#4995,#4996,#4997,#4998,#4999,#5000,#5001,#5002,#5003,#5004,#5005,#5006,#5007,#5008,#5009,#5010,#5011,#5012,#5013,#5014,#5015,#5016,#5017,#5018,#5019,#5020,#5021,#5022,#5023,#5024,#5025,#5026,#5027,#5028,#5029,#5030,#5031,#5032,#5033,#5034,#5035,#5036,#5037,#5038,#5039,#5040,#5041,#5042,#5043,#5044,#5045,#5046,#5047,#5048,#5049,#5050,#5051,#5052,#5053,#5054,#5055,#5056,#5057,#5058,#5059,#5060,#5061,#5062,#5063,#5064,#5065,#5066,#5067,#5068,#5069,#5070,#5071,#5072,#5073,#5074,#5075,#5076,#5077,#5078,#5079,#5080,#5081,#5082,#5083,#5084,#5085,#5086,#5087,#5088,#5089,#5090,#5091,#5092,#5093,#5094,#5095,#5096,#5097,#5098,#5099,#5100,#5101,#5102,#5103,#5104,#5105,#5106,#5107,#5108,#5109,#5110,#5111,#5112,#5113,#5114,#5115,#5116,#5117,#5118,#5119,#5120,#5121,#5122,#5123,#5124,#5125,#5126,#5127,#5128,#5129,#5130,#5131,#5132,#5133,#5134,#5135,#5136,#5137,#5138,#5139,#5140,#5141,#5142,#5143,#5144,#5145,#5146,#5147,#5148,#5149,#5150,#5151,#5152,#5153,#5154,#5155,#5156,#5157,#5158,#5159,#5160,#5161,#5162,#5163,#5164,#5165,#5166,#5167,#5168,#5169,#5170,#5171,#5172,#5173,#5174,#5175,#5176,#5177,#5178,#5179,#5180,#5181,#5182,#5183,#5184,#5185,#5186,#5187,#5188,#5189,#5190,#5191,#5192,#5193,#5194,#5195,#5196,#5197,#5198,#5199,#5200,#5201,#5202,#5203,#5204,#5205,#5206,#5207,#5208,#5209,#5210,#5211,#5212,#5213,#5214,#5215,#5216,#5217,#5218,#5219,#5220,#5221,#5222,#5223,#5224,#5225,#5226,#5227,#5228,#5229,#5230,#5231,#5232,#5233,#5234,#5235,#5236,#5237,#5238,#5239,#5240,#5241,#5242,#5243,#5244,#5245,#5246,#5247,#5248,#5249,#5250,#5251,#5252,#5253,#5254,#5255,#5256,#5257,#5258,#5259,#5260,#5261,#5262,#5263,#5264,#5265,#5266,#5267,#5268,#5269,#5270,#5271,#5272,#5273,#5274,#5275,#5276,#5277,#5278,#5279,#5280,#5281,#5282,#5283,#5284,#5285,#5286,#5287,#5288,#5289,#5290,#5291,#5292,#5293,#5294,#5295,#5296,#5297,#5298,#5299,#5300,#5301,#5302,#5303,#5304,#5305,#5306,#5307,#5308,#5309,#5310,#5311,#5312,#5313,#5314,#5315,#5316,#5317,#5318,#5319,#5320,#5321,#5322,#5323,#5324,#5325,#5326,#5327,#5328,#5329,#5330,#5331,#5332,#5333,#5334,#5335,#5336,#5337,#5338,#5339,#5340,#5341,#5342,#5343,#5344,#5345,#5346,#5347,#5348,#5349,#5350,#5351,#5352,#5353,#5354,#5355,#5356,#5357,#5358,#5359,#5360,#5361,#5362,#5363,#5364,#5365,#5366,#5367,#5368,#5369,#5370,#5371,#5372,#5373,#5374,#5375,#5376,#5377,#5378,#5379,#5380,#5381,#5382,#5383,#5384,#5385,#5386,#5387,#5388,#5389,#5390,#5391,#5392,#5393,#5394,#5395,#5396,#5397,#5398,#5399,#5400,#5401,#5402,#5403,#5404,#5405,#5406,#5407,#5408,#5409,#5410,#5411,#5412,#5413,#5414,#5415,#5416,#5417,#5418,#5419,#5420,#5421,#5422,#5423,#5424,#5425,#5426,#5427,#5428,#5429,#5430,#5431,#5432,#5433,#5434,#5435,#5436,#5437,#5438,#5439,#5440,#5441,#5442,#5443,#5444,#5445,#5446,#5447,#5448,#5449,#5450,#5451,#5452,#5453,#5454,#5455,#5456,#5457,#5458,#5459,#5460,#5461,#5462,#5463,#5464,#5465,#5466,#5467,#5468,#5469,#5470,#5471,#5472,#5473,#5474,#5475,#5476,#5477,#5478,#5479,#5480,#5481,#5482,#5483,#5484,#5485,#5486,#5487,#5488,#5489,#5490,#5491,#5492,#5493,#5494,#5495,#5496,#5497,#5498,#5499,#5500,#5501,#5502,#5503,#5504,#5505,#5506,#5507,#5508,#5509,#5510,#5511,#5512,#5513,#5514,#5515,#5516,#5517,#5518,#5519,#5520,#5521,#5522,#5523,#5524,#5525,#5526,#5527,#5528,#5529,#5530,#5531,#5532,#5533,#5534,#5535,#5536,#5537,#5538,#5539,#5540,#5541,#5542,#5543,#5544,#5545,#5546,#5547,#5548,#5549,#5550,#5551,#5552,#5553,#5554,#5555,#5556,#5557,#5558,#5559,#5560,#5561,#5562,#5563,#5564,#5565,#5566,#5567,#5568,#5569,#5570,#5571,#5572,#5573,#5574,#5575,#5576,#5577,#5578,#5579,#5580,#5581,#5582,#5583,#5584,#5585,#5586,#5587,#5588,#5589,#5590,#5591,#5592,#5593,#5594,#5595,#5596,#5597,#5598,#5599,#5600,#5601,#5602,#5603,#5604,#5605,#5606,#5607,#5608,#5609,#5610,#5611,#5612,#5613,#5614,#5615,#5616,#5617,#5618,#5619,#5620,#5621,#5622,#5623,#5624,#5625,#5626,#5627,#5628,#5629,#5630,#5631,#5632,#5633,#5634,#5635,#5636,#5637,#5638,#5639,#5640,#5641,#5642,#5643,#5644,#5645,#5646,#5647,#5648,#5649,#5650,#5651,#5652,#5653,#5654,#5655,#5656,#5657,#5658,#5659,#5660,#5661,#5662,#5663,#5664,#5665,#5666,#5667,#5668,#5669,#5670,#5671,#5672,#5673,#5674,#5675,#5676,#5677,#5678,#5679,#5680,#5681,#5682,#5683,#5684,#5685,#5686,#5687,#5688,#5689,#5690,#5691,#5692,#5693,#5694,#5695,#5696,#5697,#5698,#5699,#5700,#5701,#5702,#5703,#5704,#5705,#5706,#5707,#5708,#5709,#5710,#5711,#5712,#5713,#5714,#5715,#5716,#5717,#5718,#5719,#5720,#5721,#5722,#5723,#5724,#5725,#5726,#5727,#5728,#5729,#5730,#5731,#5732,#5733,#5734,#5735,#5736,#5737,#5738,#5739,#5740,#5741,#5742,#5743,#5744,#5745,#5746,#5747,#5748,#5749,#5750,#5751,#5752,#5753,#5754,#5755,#5756,#5757,#5758,#5759,#5760,#5761,#5762,#5763,#5764,#5765,#5766,#5767,#5768,#5769,#5770,#5771,#5772,#5773,#5774,#5775,#5776,#5777,#5778,#5779,#5780,#5781,#5782,#5783,#5784,#5785,#5786,#5787,#5788,#5789,#5790,#5791,#5792,#5793,#5794,#5795,#5796,#5797,#5798,#5799,#5800,#5801,#5802,#5803,#5804,#5805,#5806,#5807,#5808,#5809,#5810,#5811,#5812,#5813,#5814,#5815,#5816,#5817,#5818,#5819,#5820,#5821,#5822,#5823,#5824,#5825,#5826,#5827,#5828,#5829,#5830,#5831,#5832,#5833,#5834,#5835,#5836,#5837,#5838,#5839,#5840,#5841,#5842,#5843,#5844,#5845,#5846,#5847,#5848,#5849,#5850,#5851,#5852,#5853,#5854,#5855,#5856,#5857,#5858,#5859,#5860,#5861,#5862,#5863,#5864,#5865,#5866,#5867,#5868,#5869,#5870,#5871,#5872,#5873,#5874,#5875,#5876,#5877,#5878,#5879,#5880,#5881,#5882,#5883,#5884,#5885,#5886,#5887,#5888,#5889,#5890,#5891,#5892,#5893,#5894,#5895,#5896,#5897,#5898,#5899,#5900,#5901,#5902,#5903,#5904,#5905,#5906,#5907,#5908,#5909,#5910,#5911,#5912,#5913,#5914,#5915,#5916,#5917,#5918,#5919,#5920,#5921,#5922,#5923,#5924,#5925,#5926,#5927,#5928,#5929,#5930,#5931,#5932,#5933,#5934,#5935,#5936,#5937,#5938,#5939,#5940,#5941,#5942,#5943,#5944,#5945,#5946,#5947,#5948,#5949,#5950,#5951,#5952,#5953,#5954,#5955,#5956,#5957,#5958,#5959,#5960,#5961,#5962,#5963,#5964,#5965,#5966,#5967,#5968,#5969,#5970,#5971,#5972,#5973,#5974,#5975,#5976,#5977,#5978,#5979,#5980,#5981,#5982,#5983,#5984,#5985,#5986,#5987,#5988,#5989,#5990,#5991,#5992,#5993,#5994,#5995,#5996,#5997,#5998,#5999,#6000,#6001,#6002,#6003,#6004,#6005,#6006,#6007,#6008,#6009,#6010,#6011,#6012,#6013,#6014,#6015,#6016,#6017,#6018,#6019,#6020,#6021,#6022,#6023,#6024,#6025,#6026,#6027,#6028,#6029,#6030,#6031,#6032,#6033,#6034,#6035,#6036,#6037,#6038,#6039,#6040,#6041,#6042,#6043,#6044,#6045,#6046,#6047,#6048,#6049,#6050,#6051,#6052,#6053,#6054,#6055,#6056,#6057,#6058,#6059,#6060,#6061,#6062,#6063,#6064,#6065,#6066,#6067,#6068,#6069,#6070,#6071,#6072,#6073,#6074,#6075,#6076,#6077,#6078,#6079,#6080,#6081,#6082,#6083,#6084,#6085,#6086,#6087,#6088,#6089,#6090,#6091,#6092,#6093,#6094,#6095,#6096,#6097,#6098,#6099,#6100,#6101,#6102,#6103,#6104,#6105,#6106,#6107,#6108,#6109,#6110,#6111,#6112,#6113,#6114,#6115,#6116,#6117,#6118,#6119,#6120,#6121,#6122,#6123,#6124,#6125,#6126,#6127,#6128,#6129,#6130,#6131,#6132,#6133,#6134,#6135,#6136,#6137,#6138,#6139,#6140,#6141,#6142,#6143,#6144,#6145,#6146,#6147,#6148,#6149,#6150,#6151,#6152,#6153,#6154,#6155,#6156,#6157,#6158,#6159,#6160,#6161,#6162,#6163,#6164,#6165,#6166,#6167,#6168,#6169,#6170,#6171,#6172,#6173,#6174,#6175,#6176,#6177,#6178,#6179,#6180,#6181,#6182,#6183,#6184,#6185,#6186,#6187,#6188,#6189,#6190,#6191,#6192,#6193,#6194,#6195,#6196,#6197,#6198,#6199,#6200,#6201,#6202,#6203,#6204,#6205,#6206,#6207,#6208,#6209,#6210,#6211,#6212,#6213,#6214,#6215,#6216,#6217,#6218,#6219,#6220,#6221,#6222,#6223,#6224,#6225,#6226,#6227,#6228,#6229,#6230,#6231,#6232,#6233,#6234,#6235,#6236,#6237,#6238,#6239,#6240,#6241,#6242,#6243,#6244,#6245,#6246,#6247,#6248,#6249,#6250,#6251,#6252,#6253,#6254,#6255,#6256,#6257,#6258,#6259,#6260,#6261,#6262,#6263,#6264,#6265,#6266,#6267,#6268,#6269,#6270,#6271,#6272,#6273,#6274,#6275,#6276,#6277,#6278,#6279,#6280,#6281,#6282,#6283,#6284,#6285,#6286,#6287,#6288,#6289,#6290,#6291,#6292,#6293,#6294,#6295,#6296,#6297,#6298,#6299,#6300,#6301,#6302,#6303,#6304,#6305,#6306,#6307,#6308,#6309,#6310,#6311,#6312,#6313,#6314,#6315,#6316,#6317,#6318,#6319,#6320,#6321,#6322,#6323,#6324,#6325,#6326,#6327,#6328,#6329,#6330,#6331,#6332,#6333,#6334,#6335,#6336,#6337,#6338,#6339,#6340,#6341,#6342,#6343,#6344,#6345,#6346,#6347,#6348,#6349,#6350,#6351,#6352,#6353,#6354,#6355,#6356,#6357,#6358,#6359,#6360,#6361,#6362,#6363,#6364,#6365,#6366,#6367,#6368,#6369,#6370,#6371,#6372,#6373,#6374,#6375,#6376,#6377,#6378,#6379,#6380,#6381,#6382,#6383,#6384,#6385,#6386,#6387,#6388,#6389,#6390,#6391,#6392,#6393,#6394,#6395,#6396,#6397,#6398,#6399,#6400,#6401,#6402,#6403,#6404,#6405,#6406,#6407,#6408,#6409,#6410,#6411,#6412,#6413,#6414,#6415,#6416,#6417,#6418,#6419,#6420,#6421,#6422,#6423,#6424,#6425,#6426,#6427,#6428,#6429,#6430,#6431,#6432,#6433,#6434,#6435,#6436,#6437,#6438,#6439,#6440,#6441,#6442,#6443,#6444,#6445,#6446,#6447,#6448,#6449,#6450,#6451,#6452,#6453,#6454,#6455,#6456,#6457,#6458,#6459,#6460,#6461,#6462,#6463,#6464,#6465,#6466,#6467,#6468,#6469,#6470,#6471,#6472,#6473,#6474,#6475,#6476,#6477,#6478,#6479,#6480,#6481,#6482,#6483,#6484,#6485,#6486,#6487,#6488,#6489,#6490,#6491,#6492,#6493,#6494,#6495,#6496,#6497,#6498,#6499,#6500,#6501,#6502,#6503,#6504,#6505,#6506,#6507,#6508,#6509,#6510,#6511,#6512,#6513,#6514,#6515,#6516,#6517,#6518,#6519,#6520,#6521,#6522,#6523,#6524,#6525,#6526,#6527,#6528,#6529,#6530,#6531,#6532,#6533,#6534,#6535,#6536,#6537,#6538,#6539,#6540,#6541,#6542,#6543,#6544,#6545,#6546,#6547,#6548,#6549,#6550,#6551,#6552,#6553,#6554,#6555,#6556,#6557,#6558,#6559,#6560,#6561,#6562,#6563,#6564,#6565,#6566,#6567,#6568,#6569,#6570,#6571,#6572,#6573,#6574,#6575,#6576,#6577,#6578,#6579,#6580,#6581,#6582,#6583,#6584,#6585,#6586,#6587,#6588,#6589,#6590,#6591,#6592,#6593,#6594,#6595,#6596,#6597,#6598,#6599,#6600,#6601,#6602,#6603,#6604,#6605,#6606,#6607,#6608,#6609,#6610,#6611,#6612,#6613,#6614,#6615,#6616,#6617,#6618,#6619,#6620,#6621,#6622,#6623,#6624,#6625,#6626,#6627,#6628,#6629,#6630,#6631,#6632,#6633,#6634,#6635,#6636,#6637,#6638,#6639,#6640,#6641,#6642,#6643,#6644,#6645,#6646,#6647,#6648,#6649,#6650,#6651,#6652,#6653,#6654,#6655,#6656,#6657,#6658,#6659,#6660,#6661,#6662,#6663,#6664,#6665,#6666,#6667,#6668,#6669,#6670,#6671,#6672,#6673,#6674,#6675,#6676,#6677,#6678,#6679,#6680,#6681,#6682,#6683,#6684,#6685,#6686,#6687,#6688,#6689,#6690,#6691,#6692,#6693,#6694,#6695,#6696,#6697,#6698,#6699,#6700,#6701,#6702,#6703,#6704,#6705,#6706,#6707,#6708,#6709,#6710,#6711,#6712,#6713,#6714,#6715,#6716,#6717,#6718,#6719,#6720,#6721,#6722,#6723,#6724,#6725,#6726,#6727,#6728,#6729,#6730,#6731,#6732,#6733,#6734,#6735,#6736,#6737,#6738,#6739,#6740,#6741,#6742,#6743,#6744,#6745,#6746,#6747,#6748,#6749,#6750,#6751,#6752,#6753,#6754,#6755,#6756,#6757,#6758,#6759,#6760,#6761,#6762,#6763,#6764,#6765,#6766,#6767,#6768,#6769,#6770,#6771,#6772,#6773,#6774,#6775,#6776,#6777,#6778,#6779,#6780,#6781,#6782,#6783,#6784,#6785,#6786,#6787,#6788,#6789,#6790,#6791,#6792,#6793,#6794,#6795,#6796,#6797,#6798,#6799,#6800,#6801,#6802,#6803,#6804,#6805,#6806,#6807,#6808,#6809,#6810,#6811,#6812,#6813,#6814,#6815,#6816,#6817,#6818,#6819,#6820,#6821,#6822,#6823,#6824,#6825,#6826,#6827,#6828,#6829,#6830,#6831,#6832,#6833,#6834,#6835,#6836,#6837,#6838,#6839,#6840,#6841,#6842,#6843,#6844,#6845,#6846,#6847,#6848,#6849,#6850,#6851,#6852,#6853,#6854,#6855,#6856,#6857,#6858,#6859,#6860,#6861,#6862,#6863,#6864,#6865,#6866,#6867,#6868,#6869,#6870,#6871,#6872,#6873,#6874,#6875,#6876,#6877,#6878,#6879,#6880,#6881,#6882,#6883,#6884,#6885,#6886,#6887,#6888,#6889,#6890,#6891,#6892,#6893,#6894,#6895,#6896,#6897,#6898,#6899,#6900,#6901,#6902,#6903,#6904,#6905,#6906,#6907,#6908,#6909,#6910,#6911,#6912,#6913,#6914,#6915,#6916,#6917,#6918,#6919,#6920,#6921,#6922,#6923,#6924,#6925,#6926,#6927,#6928,#6929,#6930,#6931,#6932,#6933,#6934,#6935,#6936,#6937,#6938,#6939,#6940,#6941,#6942,#6943,#6944,#6945,#6946,#6947,#6948,#6949,#6950,#6951,#6952,#6953,#6954,#6955,#6956,#6957,#6958,#6959,#6960,#6961,#6962,#6963,#6964,#6965,#6966,#6967,#6968,#6969,#6970,#6971,#6972,#6973,#6974,#6975,#6976,#6977,#6978,#6979,#6980,#6981,#6982,#6983,#6984,#6985,#6986,#6987,#6988,#6989,#6990,#6991,#6992,#6993,#6994,#6995,#6996,#6997,#6998,#6999,#7000,#7001,#7002,#7003,#7004,#7005,#7006,#7007,#7008,#7009,#7010,#7011,#7012,#7013,#7014,#7015,#7016,#7017,#7018,#7019,#7020,#7021,#7022,#7023,#7024,#7025,#7026,#7027,#7028,#7029,#7030,#7031,#7032,#7033,#7034,#7035,#7036,#7037,#7038,#7039,#7040,#7041,#7042,#7043,#7044,#7045,#7046,#7047,#7048,#7049,#7050,#7051,#7052,#7053,#7054,#7055,#7056,#7057,#7058,#7059,#7060,#7061,#7062,#7063,#7064,#7065,#7066,#7067,#7068,#7069,#7070,#7071,#7072,#7073,#7074,#7075,#7076,#7077,#7078,#7079,#7080,#7081,#7082,#7083,#7084,#7085,#7086,#7087,#7088,#7089,#7090,#7091,#7092,#7093,#7094,#7095,#7096,#7097,#7098,#7099,#7100,#7101,#7102,#7103,#7104,#7105,#7106,#7107,#7108,#7109,#7110,#7111,#7112,#7113,#7114,#7115,#7116,#7117,#7118,#7119,#7120,#7121,#7122,#7123,#7124,#7125,#7126,#7127,#7128,#7129,#7130,#7131,#7132,#7133,#7134,#7135,#7136,#7137,#7138,#7139,#7140,#7141,#7142,#7143,#7144,#7145,#7146,#7147,#7148,#7149,#7150,#7151,#7152,#7153,#7154,#7155,#7156,#7157,#7158,#7159,#7160,#7161,#7162,#7163,#7164,#7165,#7166,#7167,#7168,#7169,#7170,#7171,#7172,#7173,#7174,#7175,#7176,#7177,#7178,#7179,#7180,#7181,#7182,#7183,#7184,#7185,#7186,#7187,#7188,#7189,#7190,#7191,#7192,#7193,#7194,#7195,#7196,#7197,#7198,#7199,#7200,#7201,#7202,#7203,#7204,#7205,#7206,#7207,#7208,#7209,#7210,#7211,#7212,#7213,#7214,#7215,#7216,#7217,#7218,#7219,#7220,#7221,#7222,#7223,#7224,#7225,#7226,#7227,#7228,#7229,#7230,#7231,#7232,#7233,#7234,#7235,#7236,#7237,#7238,#7239,#7240,#7241,#7242,#7243,#7244,#7245,#7246,#7247,#7248,#7249,#7250,#7251,#7252,#7253,#7254,#7255,#7256,#7257,#7258,#7259,#7260,#7261,#7262,#7263,#7264,#7265,#7266,#7267,#7268,#7269,#7270,#7271,#7272,#7273,#7274,#7275,#7276,#7277,#7278,#7279,#7280,#7281,#7282,#7283,#7284,#7285,#7286,#7287,#7288,#7289,#7290,#7291,#7292,#7293,#7294,#7295,#7296,#7297,#7298,#7299,#7300,#7301,#7302,#7303,#7304,#7305,#7306,#7307,#7308,#7309,#7310,#7311,#7312,#7313,#7314,#7315,#7316,#7317,#7318,#7319,#7320,#7321,#7322,#7323,#7324,#7325,#7326,#7327,#7328,#7329,#7330,#7331,#7332,#7333,#7334,#7335,#7336,#7337,#7338,#7339,#7340,#7341,#7342,#7343,#7344,#7345,#7346,#7347,#7348,#7349,#7350,#7351,#7352,#7353,#7354,#7355,#7356,#7357,#7358,#7359,#7360,#7361,#7362,#7363,#7364,#7365,#7366,#7367,#7368,#7369,#7370,#7371,#7372,#7373,#7374,#7375,#7376,#7377,#7378,#7379,#7380,#7381,#7382,#7383,#7384,#7385,#7386,#7387,#7388,#7389,#7390,#7391,#7392,#7393,#7394,#7395,#7396,#7397,#7398,#7399,#7400,#7401,#7402,#7403,#7404,#7405,#7406,#7407,#7408,#7409,#7410,#7411,#7412,#7413,#7414,#7415,#7416,#7417,#7418,#7419,#7420,#7421,#7422,#7423,#7424,#7425,#7426,#7427,#7428,#7429,#7430,#7431,#7432,#7433,#7434,#7435,#7436,#7437,#7438,#7439,#7440,#7441,#7442,#7443,#7444,#7445,#7446,#7447,#7448,#7449,#7450,#7451,#7452,#7453,#7454,#7455,#7456,#7457,#7458,#7459,#7460,#7461,#7462,#7463,#7464,#7465,#7466,#7467,#7468,#7469,#7470,#7471,#7472,#7473,#7474,#7475,#7476,#7477,#7478,#7479,#7480,#7481,#7482,#7483,#7484,#7485,#7486,#7487,#7488,#7489,#7490,#7491,#7492,#7493,#7494,#7495,#7496,#7497,#7498,#7499,#7500,#7501,#7502,#7503,#7504,#7505,#7506,#7507,#7508,#7509,#7510,#7511,#7512,#7513,#7514,#7515,#7516,#7517,#7518,#7519,#7520,#7521,#7522,#7523,#7524,#7525,#7526,#7527,#7528,#7529,#7530,#7531,#7532,#7533,#7534,#7535,#7536,#7537,#7538,#7539,#7540,#7541,#7542,#7543,#7544,#7545,#7546,#7547,#7548,#7549,#7550,#7551,#7552,#7553,#7554,#7555,#7556,#7557,#7558,#7559,#7560,#7561,#7562,#7563,#7564,#7565,#7566,#7567,#7568,#7569,#7570,#7571,#7572,#7573,#7574,#7575,#7576,#7577,#7578,#7579,#7580,#7581,#7582,#7583,#7584,#7585,#7586,#7587,#7588,#7589,#7590,#7591,#7592,#7593,#7594,#7595,#7596,#7597,#7598,#7599,#7600,#7601,#7602,#7603,#7604,#7605,#7606,#7607,#7608,#7609,#7610,#7611,#7612,#7613,#7614,#7615,#7616,#7617,#7618,#7619,#7620,#7621,#7622,#7623,#7624,#7625,#7626,#7627,#7628,#7629,#7630,#7631,#7632,#7633,#7634,#7635,#7636,#7637,#7638,#7639,#7640,#7641,#7642,#7643,#7644,#7645,#7646,#7647,#7648,#7649,#7650,#7651,#7652,#7653,#7654,#7655,#7656,#7657,#7658,#7659,#7660,#7661,#7662,#7663,#7664,#7665,#7666,#7667,#7668,#7669,#7670,#7671,#7672,#7673,#7674,#7675,#7676,#7677,#7678,#7679,#7680,#7681,#7682,#7683,#7684,#7685,#7686,#7687,#7688,#7689,#7690,#7691,#7692,#7693,#7694,#7695,#7696,#7697,#7698,#7699,#7700,#7701,#7702,#7703,#7704,#7705,#7706,#7707,#7708,#7709,#7710,#7711,#7712,#7713,#7714,#7715,#7716,#7717,#7718,#7719,#7720,#7721,#7722,#7723,#7724,#7725,#7726,#7727,#7728,#7729,#7730,#7731,#7732,#7733,#7734,#7735,#7736,#7737,#7738,#7739,#7740,#7741,#7742,#7743,#7744,#7745,#7746,#7747),$);
#7750=IFCINDEXEDCOLOURMAP(#7749,1.,#4470,(1,1,1,1,1,1,1,1,1,1,1,1,1,1,1,1,1,1,1,1,1,1,1,1,1,1,1,1,1,1,1,1,1,1,1,1,1,1,1,1,1,1,1,1,1,1,1,1,1,1,1,1,1,1,1,1,1,1,1,1,1,1,1,1,1,1,1,1,1,1,1,1,1,1,1,1,1,1,1,1,1,1,1,1,1,1,1,1,1,1,1,1,1,1,1,1,1,1,1,1,1,1,1,1,1,1,1,1,1,1,1,1,1,1,1,1,1,1,1,1,1,1,1,1,1,1,1,1,1,1,1,1,1,1,1,1,1,1,1,1,1,1,1,1,1,1,1,1,1,1,1,1,1,1,1,1,1,1,1,1,1,1,1,1,1,1,1,1,1,1,1,1,1,1,1,1,1,1,1,1,1,1,1,1,1,1,1,1,1,1,1,1,1,1,1,1,1,1,1,1,1,1,1,1,1,1,1,1,1,1,1,1,1,1,1,1,1,1,1,1,1,1,1,1,1,1,1,1,1,1,1,1,1,1,1,1,1,1,1,1,1,1,1,1,1,1,1,1,1,1,1,1,1,1,1,1,1,1,1,1,1,1,1,1,1,1,1,1,1,1,1,1,1,1,1,1,1,1,1,1,1,1,1,1,1,1,1,1,1,1,1,1,1,1,1,1,1,1,1,1,1,1,1,1,1,1,1,1,1,1,1,1,1,1,1,1,1,1,1,1,1,1,1,1,1,1,1,1,1,1,1,1,1,1,1,1,1,1,1,1,1,1,1,1,1,1,1,1,1,1,1,1,1,1,1,1,1,1,1,1,1,1,1,1,1,1,1,1,1,1,1,1,1,1,1,1,1,1,1,1,1,1,1,1,1,1,1,1,1,1,1,1,1,1,1,1,1,1,1,1,1,1,1,1,1,1,1,1,1,1,1,1,1,1,1,1,1,1,1,1,1,1,1,1,1,1,1,1,1,1,1,1,1,1,1,1,1,1,1,1,1,1,1,1,1,1,1,1,1,1,1,1,1,1,1,1,1,1,1,1,1,1,1,1,1,1,1,1,1,1,1,1,1,1,1,1,1,1,1,1,1,1,1,1,1,1,1,1,1,1,1,1,1,1,1,1,1,1,1,1,1,1,1,1,1,1,1,1,1,1,1,1,1,1,1,1,1,1,1,1,1,1,1,1,1,1,1,1,1,1,1,1,1,1,1,1,1,1,1,1,1,1,1,1,1,1,1,1,1,1,1,1,1,1,1,1,1,1,1,1,1,1,1,1,1,1,1,1,1,1,1,1,1,1,1,1,1,1,1,1,1,1,1,1,1,1,1,1,1,1,1,1,1,1,1,1,1,1,1,1,1,1,1,1,1,1,1,1,1,1,1,1,1,1,1,1,1,1,1,1,1,1,1,1,1,1,1,1,1,1,1,1,1,1,1,1,1,1,1,1,1,1,1,1,1,1,1,1,1,1,1,1,1,1,1,1,1,1,1,1,1,1,1,1,1,1,1,1,1,1,1,1,1,1,1,1,1,1,1,1,1,1,1,1,1,1,1,1,1,1,1,1,1,1,1,1,1,1,1,1,1,1,1,1,1,1,1,1,1,1,1,1,1,1,1,1,1,1,1,1,1,1,1,1,1,1,1,1,1,1,1,1,1,1,1,1,1,1,1,1,1,1,1,1,1,1,1,1,1,1,1,1,1,1,1,1,1,1,1,1,1,1,1,1,1,1,1,1,1,1,1,1,1,1,1,1,1,1,1,1,1,1,1,1,1,1,1,1,1,1,1,1,1,1,1,1,1,1,1,1,1,1,1,1,1,1,1,1,1,1,1,1,1,1,1,1,1,1,1,1,1,1,1,1,1,1,1,1,1,1,1,1,1,1,1,1,1,1,1,1,1,1,1,1,1,1,1,1,1,1,1,1,1,1,1,1,1,1,1,1,1,1,1,1,1,1,1,1,1,1,1,1,1,1,1,1,1,1,1,1,1,1,1,1,1,1,1,1,1,1,1,1,1,1,1,1,1,1,1,1,1,1,1,1,1,1,1,1,1,1,1,1,1,1,1,1,1,1,1,1,1,1,1,1,1,1,1,1,1,1,1,1,1,1,1,1,1,1,1,1,1,1,1,1,1,1,1,1,1,1,1,1,1,1,1,1,1,1,1,1,1,1,1,1,1,1,1,1,1,1,1,1,1,1,1,1,1,1,1,1,1,1,1,1,1,1,1,1,1,1,1,1,1,1,1,1,1,1,1,1,1,1,1,1,1,1,1,1,1,1,1,1,1,1,1,1,1,1,1,1,1,1,1,1,1,1,1,1,1,1,1,1,1,1,1,1,1,1,1,1,1,1,1,1,1,1,1,1,1,1,1,1,1,1,1,1,1,1,1,1,1,1,1,1,1,1,1,1,1,1,1,1,1,1,1,1,1,1,1,1,1,1,1,1,1,1,1,1,1,1,1,1,1,1,1,1,1,1,1,1,1,1,1,1,1,1,1,1,1,1,1,1,1,1,1,1,1,1,1,1,1,1,1,1,1,1,1,1,1,1,1,1,1,1,1,1,1,1,1,1,1,1,1,1,1,1,1,1,1,1,1,1,1,1,1,1,1,1,1,1,1,1,1,1,1,1,1,1,1,1,1,1,1,1,1,1,1,1,1,1,1,1,1,1,1,1,1,1,1,1,1,1,1,1,1,1,1,1,1,1,1,1,1,1,1,1,1,1,1,1,1,1,1,1,1,1,1,1,1,1,1,1,1,1,1,1,1,1,1,1,1,1,1,1,1,1,1,1,1,1,1,1,1,1,1,1,1,1,1,1,1,1,1,1,1,1,1,1,1,1,1,1,1,1,1,1,1,1,1,1,1,1,1,1,1,1,1,1,1,1,1,1,1,1,1,1,1,1,1,1,1,1,1,1,1,1,1,1,1,1,1,1,1,1,1,1,1,1,1,1,1,1,1,1,1,1,1,1,1,1,1,1,1,1,1,1,1,1,1,1,1,1,1,1,1,1,1,1,1,1,1,1,1,1,1,1,1,1,1,1,1,1,1,1,1,1,1,1,1,1,1,1,1,1,1,1,1,1,1,1,1,1,1,1,1,1,1,1,1,1,1,1,1,1,1,1,1,1,1,1,1,1,1,1,1,1,1,1,1,1,1,1,1,1,1,1,1,1,1,1,1,1,1,1,1,1,1,1,1,1,1,1,1,1,1,1,1,1,1,1,1,1,1,1,1,1,1,1,1,1,1,1,1,1,1,1,1,1,1,1,1,1,1,1,1,1,1,1,1,1,1,1,1,1,1,1,1,1,1,1,1,1,1,1,1,1,1,1,1,1,1,1,1,1,1,1,1,1,1,1,1,1,1,1,1,1,1,1,1,1,1,1,1,1,1,1,1,1,1,1,1,1,1,1,1,1,1,1,1,1,1,1,1,1,1,1,1,1,1,1,1,1,1,1,1,1,1,1,1,1,1,1,1,1,1,1,1,1,1,1,1,1,1,1,1,1,1,1,1,1,1,1,1,1,1,1,1,1,1,1,1,1,1,1,1,1,1,1,1,1,1,1,1,1,1,1,1,1,1,1,1,1,1,1,1,1,1,1,1,1,1,1,1,1,1,1,1,1,1,1,1,1,1,1,1,1,1,1,1,1,1,1,1,1,1,1,1,1,1,1,1,1,1,1,1,1,1,1,1,1,1,1,1,1,1,1,1,1,1,1,1,1,1,1,1,1,1,1,1,1,1,1,1,1,1,1,1,1,1,1,1,1,1,1,1,1,1,1,1,1,1,1,1,1,1,1,1,1,1,1,1,1,1,1,1,1,1,1,1,1,1,1,1,1,1,1,1,1,1,1,1,1,1,1,1,1,1,1,1,1,1,1,1,1,1,1,1,1,1,1,1,1,1,1,1,1,1,1,1,1,1,1,1,1,1,1,1,1,1,1,1,1,1,1,1,1,1,1,1,1,1,1,1,1,1,1,1,1,1,1,1,1,1,1,1,1,1,1,1,1,1,1,1,1,1,1,1,1,1,1,1,1,1,1,1,1,1,1,1,1,1,1,1,1,1,1,1,1,1,1,1,1,1,1,1,1,1,1,1,1,1,1,1,1,1,1,1,1,1,1,1,1,1,1,1,1,1,1,1,1,1,1,1,1,1,1,1,1,1,1,1,1,1,1,1,1,1,1,1,1,1,1,1,1,1,1,1,1,1,1,1,1,1,1,1,1,1,1,1,1,1,1,1,1,1,1,1,1,1,1,1,1,1,1,1,1,1,1,1,1,1,1,1,1,1,1,1,1,1,1,1,1,1,1,1,1,1,1,1,1,1,1,1,1,1,1,1,1,1,1,1,1,1,1,1,1,1,1,1,1,1,1,1,1,1,1,1,1,1,1,1,1,1,1,1,1,1,1,1,1,1,1,1,1,1,1,1,1,1,1,1,1,1,1,1,1,1,1,1,1,1,1,1,1,1,1,1,1,1,1,1,1,1,1,1,1,1,1,1,1,1,1,1,1,1,1,1,1,1,1,1,1,1,1,1,1,1,1,1,1,1,1,1,1,1,1,1,1,1,1,1,1,1,1,1,1,1,1,1,1,1,1,1,1,1,1,1,1,1,1,1,1,1,1,1,1,1,1,1,1,1,1,1,1,1,1,1,1,1,1,1,1,1,1,1,1,1,1,1,1,1,1,1,1,1,1,1,1,1,1,1,1,1,1,1,1,1,1,1,1,1,1,1,1,1,1,1,1,1,1,1,1,1,1,1,1,1,1,1,1,1,1,1,1,1,1,1,1,1,1,1,1,1,1,1,1,1,1,1,1,1,1,1,1,1,1,1,1,1,1,1,1,1,1,1,1,1,1,1,1,1,1,1,1,1,1,1,1,1,1,1,1,1,1,1,1,1,1,1,1,1,1,1,1,1,1,1,1,1,1,1,1,1,1,1,1,1,1,1,1,1,1,1,1,1,1,1,1,1,1,1,1,1,1,1,1,1,1,1,1,1,1,1,1,1,1,1,1,1,1,1,1,1,1,1,1,1,1,1,1,1,1,1,1,1,1,1,1,1,1,1,1,1,1,1,1,1,1,1,1,1,1,1,1,1,1,1,1,1,1,1,1,1,1,1,1,1,1,1,1,1,1,1,1,1,1,1,1,1,1,1,1,1,1,1,1,1,1,1,1,1,1,1,1,1,1,1,1,1,1,1,1,1,1,1,1,1,1,1,1,1,1,1,1,1,1,1,1,1,1,1,1,1,1,1,1,1,1,1,1,1,1,1,1,1,1,1,1,1,1,1,1,1,1,1,1,1,1,1,1,1,1,1,1,1,1,1,1,1,1,1,1,1,1,1,1,1,1,1,1,1,1,1,1,1,1,1,1,1,1,1,1,1,1,1,1,1,1,1,1,1,1,1,1,1,1,1,1,1,1,1,1,1,1,1,1,1,1,1,1,1,1,1,1,1,1,1,1,1,1,1,1,1,1,1,1,1,1,1,1,1,1,1,1,1,1,1,1,1,1,1,1,1,1,1,1,1,1,1,1,1,1,1,1,1,1,1,1,1,1,1,1,1,1,1,1,1,1,1,1,1,1,1,1,1,1,1,1,1,1,1,1,1,1,1,1,1,1,1,1,1,1,1,1,1,1,1,1,1,1,1,1,1,1,1,1,1,1,1,1,1,1,1,1,1,1,1,1,1,1,1,1,1,1,1,1,1,1,1,1,1,1,1,1,1,1,1,1,1,1,1,1,1,1,1,1,1,1,1,1,1,1,1,1,1,1,1,1,1,1,1,1,1,1,1,1,1,1,1,1,1,1,1,1,1,1,1,1,1,1,1,1,1,1,1,1,1,1,1,1,1,1,1,1,1,1,1,1,1,1,1,1,1,1,1,1,1,1,1,1,1,1,1,1,1,1,1,1,1,1,1,1,1,1,1,1,1,1,1,1,1,1,1,1,1,1,1,1,1,1,1,1,1,1,1,1,1,1,1,1,1,1,1,1,1,1,1,1,1,1,1,1,1,1,1,1,1,1,1,1,1,1,1,1,1,1,1,1,1,1,1,1,1,1,1,1,1,1,1,1,1,1,1,1,1,1,1,1,1,1,1,1,1,1,1,1,1,1,1,1,1,1,1,1,1,1,1,1,1,1,1,1,1,1,1,1,1,1,1,1,1,1,1,1,1,1,1,1,1,1,1,1,1,1,1,1,1,1,1,1,1,1,1,1,1,1,1,1,1,1,1,1,1,1,1,1,1,1,1,1,1,1,1,1,1,1,1,1,1,1,1,1,1,1,1,1,1,1,1,1,1,1,1,1,1,1,1,1,1,1,1,1,1,1,1,1,1,1,1,1,1,1,1,1,1,1,1,1,1,1,1,1,1,1,1,1,1,1,1,1,1,1,1,1,1,1,1,1,1,1,1,1,1,1,1,1,1,1,1,1,1,1,1,1,1,1,1,1,1,1,1,1,1,1,1,1,1,1,1,1,1,1,1,1,1,1,1,1,1,1,1,1,1,1,1,1,1,1,1,1,1,1,1,1,1,1,1,1,1,1,1,1,1,1,1,1,1,1,1,1,1,1,1,1,1,1,1,1,1,1,1,1,1,1,1,1,1,1,1,1,1,1,1,1,1,1,1,1,1,1,1,1,1,1,1,1,1,1,1,1,1,1,1,1,1,1,1,1,1,1,1,1,1,1,1,1,1,1,1,1,1,1,1,1,1,1,1,1,1,1,1,1,1,1,1,1,1,1,1,1,1,1,1,1,1,1,1,1,1,1,1,1,1,1,1,1,1,1,1,1,1,1,1,1,1,1,1,1,1,1,1,1,1,1,1,1,1,1,1,1,1,1,1,1,1,1,1,1,1,1,1,1,1,1,1,1,1,1,1,1,1,1,1,1,1,1,1,1,1,1,1,1,1,1,1,1,1,1,1,1,1,1,1,1,1,1,1,1,1,1,1,1,1,1,1,1,1,1,1,1,1,1,1,1,1,1,1,1,1,1,1,1,1,1,1,1,1,1,1,1,1,1,1,1,1,1,1,1,1,1,1,1,1,1,1,1,1,1,1,1,1,1,1,1,1,1,1,1,1,1,1,1,1,1,1,1,1,1,1,1,1,1,1,1,1,1,1,1,1,1,1,1,1,1,1,1,1,1,1,1,1,1,1,1,1,1,1,1,1,1,1,1,1,1,1,1,1,1,1,1,1,1,1,1,1,1,1,1,1,1,1,1,1,1,1,1,1,1,1,1,1,1,1,1,1,1,1,1,1,1,1,1,1,1,1,1,1,1,1,1,1,1,1,1,1,1,1,1,1,1,1,1,1,1,1,1,1,1,1,1,1,1,1,1,1,1,1,1,1,1,1,1,1,1,1,1,1));
#7751=IFCSTYLEDITEM(#7749,(#3828),$);
#7752=IFCCOLOURRGBLIST(((0.31372549019607843,0.31372549019607843,0.31372549019607843)));
#7753=IFCINDEXEDPOLYGONALFACE((1,2,3,4,5,6,7,8,9,10));
#7754=IFCINDEXEDPOLYGONALFACE((11,12,13,14,15,16,17,18,19,20));
#7755=IFCINDEXEDPOLYGONALFACE((11,20,1,10));
#7756=IFCINDEXEDPOLYGONALFACE((20,19,2,1));
#7757=IFCINDEXEDPOLYGONALFACE((15,14,7,6));
#7758=IFCINDEXEDPOLYGONALFACE((14,13,8,7));
#7759=IFCINDEXEDPOLYGONALFACE((13,12,9,8));
#7760=IFCINDEXEDPOLYGONALFACE((10,9,12,11));
#7761=IFCINDEXEDPOLYGONALFACE((19,18,3,2));
#7762=IFCINDEXEDPOLYGONALFACE((18,17,4,3));
#7763=IFCINDEXEDPOLYGONALFACE((17,16,5,4));
#7764=IFCINDEXEDPOLYGONALFACE((6,5,16,15));
#7765=IFCCARTESIANPOINTLIST3D(((1.0560000000000123,0.28000000000095432,0.22000000000000042),(1.0560000000000123,0.29196090363900845,0.22000000000000039),(1.0560000000000123,0.29196090363900845,0.22400000000000034),(1.0560000000000123,0.29596090363900845,0.22400000000000034),(1.0560000000000123,0.29596090363900845,0.22000000000000033),(1.0560000000000123,0.30000000000096055,0.22000000000000033),(1.0560000000000123,0.30000000000096055,0.33599999999999991),(1.0560000000000123,0.29600000000096061,0.33599999999999991),(1.0560000000000123,0.29600000000096061,0.33999999999999991),(1.0560000000000123,0.28000000000095454,0.34000000000000002),(0.07900000000002752,0.28000000000095454,0.34000000000000002),(0.07900000000002759,0.29600000000096061,0.33999999999999991),(0.07900000000002759,0.29600000000096061,0.33599999999999991),(0.07900000000002759,0.30000000000096055,0.33599999999999991),(0.07900000000002759,0.30000000000096055,0.22000000000000033),(0.07900000000002759,0.29596090363900845,0.22000000000000033),(0.07900000000002759,0.29596090363900845,0.22400000000000034),(0.07900000000002752,0.29196090363900845,0.22400000000000034),(0.07900000000002752,0.29196090363900845,0.22000000000000039),(0.07900000000002752,0.28000000000095437,0.22000000000000042)));
#7766=IFCPOLYGONALFACESET(#7765,.T.,(#7753,#7754,#7755,#7756,#7757,#7758,#7759,#7760,#7761,#7762,#7763,#7764),$);
#7767=IFCINDEXEDCOLOURMAP(#7766,1.,#7752,(1,1,1,1,1,1,1,1,1,1,1,1));
#7768=IFCSTYLEDITEM(#7766,(#3828),$);
#7769=IFCCOLOURRGBLIST(((0.79607843137254897,0.79607843137254897,0.79607843137254897)));
#7770=IFCINDEXEDPOLYGONALFACE((1,2,3,4));
#7771=IFCINDEXEDPOLYGONALFACE((5,6,7,8));
#7772=IFCINDEXEDPOLYGONALFACE((9,10,11,12,13,14));
#7773=IFCINDEXEDPOLYGONALFACE((8,15,16,5));
#7774=IFCINDEXEDPOLYGONALFACE((6,17,18,19,20,7));
#7775=IFCINDEXEDPOLYGONALFACE((18,17,13,12));
#7776=IFCINDEXEDPOLYGONALFACE((17,6,5,16,2,1,14,13));
#7777=IFCINDEXEDPOLYGONALFACE((16,15,3,2));
#7778=IFCINDEXEDPOLYGONALFACE((12,11,19,18));
#7779=IFCINDEXEDPOLYGONALFACE((15,8,7,20,10,9,4,3));
#7780=IFCINDEXEDPOLYGONALFACE((11,10,20,19));
#7781=IFCINDEXEDPOLYGONALFACE((4,9,14,1));
#7782=IFCCARTESIANPOINTLIST3D(((1.0560000000000125,0.28000000000096048,0.20000000000000021),(1.0560000000000123,0.30000000000096055,0.20000000000000015),(1.0560000000000123,0.30000000000096055,0.20700000000000035),(1.0560000000000125,0.28000000000096048,0.20900000000000035),(0.07900000000002752,0.28000000000095404,0.20000000000000021),(0.064000000000027479,0.28000000000095837,0.20000000000000021),(0.064000000000027479,0.28000000000095837,0.20900000000000046),(0.07900000000002752,0.28000000000095404,0.20900000000000099),(1.0710000000000124,0.28000000000096059,0.20900000000000035),(1.0710000000000124,0.25000000000096012,0.21200000000000033),(1.0710000000000124,0.25000000000096012,0.21500000000000033),(1.0710000000000126,0.2300000000009601,0.21500000000000033),(1.0710000000000126,0.2300000000009601,0.20000000000000015),(1.0710000000000124,0.28000000000096059,0.20000000000000021),(0.07900000000002759,0.30000000000096055,0.20700000000000035),(0.07900000000002759,0.30000000000096055,0.20000000000000015),(0.06400000000002741,0.2300000000009601,0.20000000000000015),(0.064000000000027341,0.2300000000009601,0.21500000000000033),(0.06400000000002741,0.25000000000096012,0.21500000000000033),(0.06400000000002741,0.25000000000096012,0.21200000000000033)));
#7783=IFCPOLYGONALFACESET(#7782,.T.,(#7770,#7771,#7772,#7773,#7774,#7775,#7776,#7777,#7778,#7779,#7780,#7781),$);
#7784=IFCINDEXEDCOLOURMAP(#7783,1.,#7769,(1,1,1,1,1,1,1,1,1,1,1,1));
#7785=IFCSTYLEDITEM(#7783,(#477),$);
#7786=IFCCOLOURRGBLIST(((0.79607843137254897,0.79607843137254897,0.79607843137254897)));
#7787=IFCINDEXEDPOLYGONALFACE((9,10,11,12,13,14,15,16,17,18,19,20,21,22,23,24,1,2,3,4,5,6,7,8));
#7788=IFCINDEXEDPOLYGONALFACEWITHVOIDS((33,34,35,36,37,38,39,40,41,42,43,44,45,46,47,48,25,26,27,28,29,30,31,32),((69,70,71,72,73,74,75,76,77,78,79,80,81,82,49,50,51,52,53,54,55,56,57,58,59,60,61,62,63,64,65,66,67,68)));
#7789=IFCINDEXEDPOLYGONALFACE((114,113,112,111,110,109,108,107,106,84,83,104,103,102,101,100,99,98,97,96,95,94,93,92,91,90,89,88,87,86,85,105,116,115));
#7790=IFCINDEXEDPOLYGONALFACE((48,2,1,25));
#7791=IFCINDEXEDPOLYGONALFACE((47,3,2,48));
#7792=IFCINDEXEDPOLYGONALFACE((5,4,46,45));
#7793=IFCINDEXEDPOLYGONALFACE((47,46,4,3));
#7794=IFCINDEXEDPOLYGONALFACE((6,5,45,44));
#7795=IFCINDEXEDPOLYGONALFACE((7,6,44,43));
#7796=IFCINDEXEDPOLYGONALFACE((42,8,7,43));
#7797=IFCINDEXEDPOLYGONALFACE((41,9,8,42));
#7798=IFCINDEXEDPOLYGONALFACE((11,10,40,39));
#7799=IFCINDEXEDPOLYGONALFACE((41,40,10,9));
#7800=IFCINDEXEDPOLYGONALFACE((12,11,39,38));
#7801=IFCINDEXEDPOLYGONALFACE((13,12,38,37));
#7802=IFCINDEXEDPOLYGONALFACE((36,14,13,37));
#7803=IFCINDEXEDPOLYGONALFACE((49,84,106,50));
#7804=IFCINDEXEDPOLYGONALFACE((35,15,14,36));
#7805=IFCINDEXEDPOLYGONALFACE((50,106,107,51));
#7806=IFCINDEXEDPOLYGONALFACE((17,16,34,33));
#7807=IFCINDEXEDPOLYGONALFACE((52,108,109,53));
#7808=IFCINDEXEDPOLYGONALFACE((35,34,16,15));
#7809=IFCINDEXEDPOLYGONALFACE((51,107,108,52));
#7810=IFCINDEXEDPOLYGONALFACE((18,17,33,32));
#7811=IFCINDEXEDPOLYGONALFACE((53,109,110,54));
#7812=IFCINDEXEDPOLYGONALFACE((19,18,32,31));
#7813=IFCINDEXEDPOLYGONALFACE((111,55,54,110));
#7814=IFCINDEXEDPOLYGONALFACE((30,20,19,31));
#7815=IFCINDEXEDPOLYGONALFACE((112,56,55,111));
#7816=IFCINDEXEDPOLYGONALFACE((29,21,20,30));
#7817=IFCINDEXEDPOLYGONALFACE((56,112,113,57));
#7818=IFCINDEXEDPOLYGONALFACE((23,22,28,27));
#7819=IFCINDEXEDPOLYGONALFACE((58,114,115,59));
#7820=IFCINDEXEDPOLYGONALFACE((29,28,22,21));
#7821=IFCINDEXEDPOLYGONALFACE((57,113,114,58));
#7822=IFCINDEXEDPOLYGONALFACE((24,23,27,26));
#7823=IFCINDEXEDPOLYGONALFACE((59,115,116,60));
#7824=IFCINDEXEDPOLYGONALFACE((1,24,26,25));
#7825=IFCINDEXEDPOLYGONALFACE((60,116,105,61));
#7826=IFCINDEXEDPOLYGONALFACE((83,84,49,82));
#7827=IFCINDEXEDPOLYGONALFACE((78,101,102,79));
#7828=IFCINDEXEDPOLYGONALFACE((80,103,104,81));
#7829=IFCINDEXEDPOLYGONALFACE((81,104,83,82));
#7830=IFCINDEXEDPOLYGONALFACE((103,80,79,102));
#7831=IFCINDEXEDPOLYGONALFACE((73,96,97,74));
#7832=IFCINDEXEDPOLYGONALFACE((75,98,99,76));
#7833=IFCINDEXEDPOLYGONALFACE((76,99,100,77));
#7834=IFCINDEXEDPOLYGONALFACE((98,75,74,97));
#7835=IFCINDEXEDPOLYGONALFACE((77,100,101,78));
#7836=IFCINDEXEDPOLYGONALFACE((72,95,96,73));
#7837=IFCINDEXEDPOLYGONALFACE((67,90,91,68));
#7838=IFCINDEXEDPOLYGONALFACE((69,92,93,70));
#7839=IFCINDEXEDPOLYGONALFACE((70,93,94,71));
#7840=IFCINDEXEDPOLYGONALFACE((92,69,68,91));
#7841=IFCINDEXEDPOLYGONALFACE((62,85,86,63));
#7842=IFCINDEXEDPOLYGONALFACE((64,87,88,65));
#7843=IFCINDEXEDPOLYGONALFACE((65,88,89,66));
#7844=IFCINDEXEDPOLYGONALFACE((87,64,63,86));
#7845=IFCINDEXEDPOLYGONALFACE((66,89,90,67));
#7846=IFCINDEXEDPOLYGONALFACE((95,72,71,94));
#7847=IFCINDEXEDPOLYGONALFACE((105,85,62,61));
#7848=IFCCARTESIANPOINTLIST3D(((1.0275000000000465,0.2100000000009607,1.1700000000000013),(1.0267333310915507,0.2100000000009607,1.1641765714851944),(1.0244855715851964,0.2100000000009607,1.1587500000000013),(1.0209099025767439,0.21000000000096064,1.1540900974233037),(1.0162500000000465,0.21000000000096061,1.1505144284148512),(1.0108234285148534,0.21000000000096058,1.148266668908497),(1.0050000000000465,0.21000000000096056,1.1475000000000011),(0.99917657148523986,0.2100000000009605,1.148266668908497),(0.99375000000004654,0.21000000000096047,1.1505144284148512),(0.9890900974233493,0.21000000000096045,1.1540900974233037),(0.98551442841489678,0.21000000000096042,1.1587500000000008),(0.98326666890854253,0.21000000000096042,1.1641765714851942),(0.98250000000004656,0.21000000000096042,1.170000000000001),(0.98326666890854253,0.21000000000096042,1.1758234285148079),(0.98551442841489667,0.21000000000096042,1.181250000000001),(0.98909009742334919,0.21000000000096045,1.1859099025766984),(0.99375000000004643,0.21000000000096047,1.1894855715851509),(0.99917657148523986,0.2100000000009605,1.191733331091505),(1.0050000000000465,0.21000000000096056,1.1925000000000012),(1.0108234285148532,0.21000000000096058,1.191733331091505),(1.0162500000000465,0.21000000000096061,1.1894855715851511),(1.0209099025767439,0.21000000000096064,1.1859099025766984),(1.0244855715851964,0.2100000000009607,1.181250000000001),(1.0267333310915505,0.2100000000009607,1.1758234285148079),(1.0275000000000467,0.20000000000096069,1.1700000000000013),(1.0267333310915507,0.20000000000096069,1.1758234285148079),(1.0244855715851964,0.20000000000096066,1.181250000000001),(1.0209099025767439,0.20000000000096066,1.1859099025766984),(1.0162500000000465,0.20000000000096063,1.1894855715851511),(1.0108234285148534,0.20000000000096058,1.191733331091505),(1.0050000000000465,0.20000000000096055,1.1925000000000012),(0.99917657148523986,0.20000000000096052,1.191733331091505),(0.99375000000004654,0.20000000000096049,1.1894855715851509),(0.9890900974233493,0.20000000000096047,1.1859099025766984),(0.98551442841489678,0.20000000000096041,1.181250000000001),(0.98326666890854253,0.20000000000096041,1.1758234285148079),(0.98250000000004656,0.20000000000096038,1.170000000000001),(0.98326666890854253,0.20000000000096041,1.1641765714851942),(0.98551442841489678,0.20000000000096041,1.1587500000000008),(0.9890900974233493,0.20000000000096047,1.1540900974233037),(0.99375000000004676,0.20000000000096049,1.1505144284148512),(0.99917657148523997,0.20000000000096052,1.148266668908497),(1.0050000000000465,0.20000000000096055,1.1475000000000011),(1.0108234285148534,0.20000000000096058,1.148266668908497),(1.0162500000000465,0.20000000000096063,1.1505144284148512),(1.0209099025767439,0.20000000000096066,1.1540900974233037),(1.0244855715851964,0.20000000000096066,1.1587500000000013),(1.0267333310915507,0.20000000000096069,1.1641765714851944),(1.0100000000000466,0.20000000000096058,1.158500000000001),(1.0098296291314919,0.20000000000096058,1.1572059047744885),(1.0093301270189687,0.20000000000096058,1.156000000000001),(1.0085355339059792,0.20000000000096058,1.1549644660940683),(1.0075000000000465,0.20000000000096055,1.154169872981079),(1.006294095225559,0.20000000000096055,1.1536703708685556),(1.0050000000000465,0.20000000000096055,1.1535000000000011),(1.0037059047745338,0.20000000000096052,1.1536703708685556),(1.0025000000000466,0.20000000000096052,1.154169872981079),(1.0014644660941137,0.20000000000096052,1.1549644660940683),(1.0006698729811241,0.20000000000096052,1.1560000000000012),(1.0001703708686009,0.20000000000096052,1.1572059047744885),(1.0000000000000464,0.20000000000096052,1.1585000000000012),(1.0000000000000464,0.20000000000096052,1.1711261364575676),(0.99844792511346414,0.20000000000096052,1.1725851763943222),(0.99730735988669972,0.20000000000096049,1.174384299779224),(0.99664993866713003,0.20000000000096049,1.176410510856744),(0.99651695145633556,0.20000000000096049,1.1785365514001884),(0.99691675064998053,0.20000000000096049,1.1806288932927496),(0.99782422645719415,0.20000000000096049,1.1825561248953149),(0.99918238394626624,0.20000000000096052,1.1841972044867675),(1.0009059226687158,0.20000000000096052,1.1854490624111427),(1.0028865940398375,0.20000000000096052,1.186233074471142),(1.0050000000000467,0.20000000000096055,1.1865000000000012),(1.007113405960256,0.20000000000096055,1.186233074471142),(1.0090940773313775,0.20000000000096058,1.1854490624111427),(1.0108176160538271,0.20000000000096058,1.1841972044867672),(1.0121757735428991,0.20000000000096058,1.1825561248953147),(1.0130832493501127,0.20000000000096058,1.1806288932927491),(1.0134830485437576,0.20000000000096058,1.1785365514001882),(1.0133500613329631,0.20000000000096058,1.1764105108567438),(1.0126926401133933,0.20000000000096058,1.174384299779224),(1.0115520748866287,0.20000000000096058,1.172585176394322),(1.0100000000000466,0.20000000000096058,1.1711261364575674),(1.0100000000000466,0.20800000000096053,1.1711261364575674),(1.0100000000000464,0.20800000000096053,1.1585000000000012),(1.0000000000000462,0.20800000000096053,1.1711261364575676),(0.99844792511346403,0.20800000000096053,1.1725851763943222),(0.99730735988669961,0.20800000000096053,1.1743842997792242),(0.99664993866713003,0.20800000000096053,1.176410510856744),(0.99651695145633556,0.20800000000096053,1.1785365514001886),(0.99691675064998053,0.20800000000096053,1.1806288932927496),(0.99782422645719404,0.20800000000096053,1.1825561248953149),(0.99918238394626624,0.20800000000096053,1.1841972044867675),(1.0009059226687158,0.20800000000096053,1.1854490624111427),(1.0028865940398375,0.20800000000096053,1.186233074471142),(1.0050000000000465,0.20800000000096053,1.186500000000001),(1.007113405960256,0.20800000000096053,1.1862330744711418),(1.0090940773313775,0.20800000000096053,1.1854490624111427),(1.0108176160538271,0.20800000000096053,1.1841972044867672),(1.0121757735428991,0.20800000000096053,1.1825561248953145),(1.0130832493501125,0.20800000000096053,1.1806288932927491),(1.0134830485437574,0.20800000000096053,1.178536551400188),(1.0133500613329629,0.20800000000096053,1.1764105108567438),(1.0126926401133931,0.20800000000096053,1.1743842997792238),(1.0115520748866287,0.20800000000096053,1.172585176394322),(1.0000000000000464,0.20800000000096053,1.1585000000000012),(1.0098296291314917,0.20800000000096053,1.1572059047744885),(1.0093301270189685,0.20800000000096053,1.156000000000001),(1.0085355339059789,0.20800000000096053,1.1549644660940683),(1.0075000000000462,0.20800000000096053,1.154169872981079),(1.0062940952255588,0.20800000000096053,1.1536703708685556),(1.0050000000000463,0.20800000000096053,1.1535000000000011),(1.0037059047745338,0.20800000000096053,1.1536703708685558),(1.0025000000000464,0.20800000000096053,1.154169872981079),(1.0014644660941137,0.20800000000096053,1.1549644660940683),(1.0006698729811241,0.20800000000096053,1.1560000000000012),(1.0001703708686009,0.20800000000096053,1.1572059047744885)));
#7849=IFCPOLYGONALFACESET(#7848,.T.,(#7787,#7788,#7789,#7790,#7791,#7792,#7793,#7794,#7795,#7796,#7797,#7798,#7799,#7800,#7801,#7802,#7803,#7804,#7805,#7806,#7807,#7808,#7809,#7810,#7811,#7812,#7813,#7814,#7815,#7816,#7817,#7818,#7819,#7820,#7821,#7822,#7823,#7824,#7825,#7826,#7827,#7828,#7829,#7830,#7831,#7832,#7833,#7834,#7835,#7836,#7837,#7838,#7839,#7840,#7841,#7842,#7843,#7844,#7845,#7846,#7847),$);
#7850=IFCINDEXEDCOLOURMAP(#7849,1.,#7786,(1,1,1,1,1,1,1,1,1,1,1,1,1,1,1,1,1,1,1,1,1,1,1,1,1,1,1,1,1,1,1,1,1,1,1,1,1,1,1,1,1,1,1,1,1,1,1,1,1,1,1,1,1,1,1,1,1,1,1,1,1));
#7851=IFCSTYLEDITEM(#7849,(#477),$);
#7852=IFCCOLOURRGBLIST(((0.79607843137254897,0.79607843137254897,0.79607843137254897)));
#7853=IFCINDEXEDPOLYGONALFACE((17,18,19,20,21,22,23,24,1,2,3,4,5,6,7,8,9,10,11,12,13,14,15,16));
#7854=IFCINDEXEDPOLYGONALFACE((27,28,5));
#7855=IFCINDEXEDPOLYGONALFACE((26,27,3,2));
#7856=IFCINDEXEDPOLYGONALFACE((7,29,30));
#7857=IFCINDEXEDPOLYGONALFACE((6,29,7));
#7858=IFCINDEXEDPOLYGONALFACE((28,29,6));
#7859=IFCINDEXEDPOLYGONALFACE((25,26,2,1));
#7860=IFCINDEXEDPOLYGONALFACE((3,27,4));
#7861=IFCINDEXEDPOLYGONALFACE((5,4,27));
#7862=IFCINDEXEDPOLYGONALFACE((28,6,5));
#7863=IFCINDEXEDPOLYGONALFACE((30,31,9));
#7864=IFCINDEXEDPOLYGONALFACE((33,11,32));
#7865=IFCINDEXEDPOLYGONALFACE((34,12,33));
#7866=IFCINDEXEDPOLYGONALFACE((13,35,36));
#7867=IFCINDEXEDPOLYGONALFACE((34,35,12));
#7868=IFCINDEXEDPOLYGONALFACE((13,36,37));
#7869=IFCINDEXEDPOLYGONALFACE((9,8,30));
#7870=IFCINDEXEDPOLYGONALFACE((7,30,8));
#7871=IFCINDEXEDPOLYGONALFACE((12,11,33));
#7872=IFCINDEXEDPOLYGONALFACE((10,32,11));
#7873=IFCINDEXEDPOLYGONALFACE((9,31,10));
#7874=IFCINDEXEDPOLYGONALFACE((13,12,35));
#7875=IFCINDEXEDPOLYGONALFACE((32,10,31));
#7876=IFCINDEXEDPOLYGONALFACE((13,37,38));
#7877=IFCINDEXEDPOLYGONALFACE((39,13,38));
#7878=IFCINDEXEDPOLYGONALFACE((14,40,41));
#7879=IFCINDEXEDPOLYGONALFACE((39,40,14));
#7880=IFCINDEXEDPOLYGONALFACE((15,41,42));
#7881=IFCINDEXEDPOLYGONALFACE((41,15,14));
#7882=IFCINDEXEDPOLYGONALFACE((14,13,39));
#7883=IFCINDEXEDPOLYGONALFACE((44,17,43));
#7884=IFCINDEXEDPOLYGONALFACE((17,44,18));
#7885=IFCINDEXEDPOLYGONALFACE((17,16,43));
#7886=IFCINDEXEDPOLYGONALFACE((16,15,42));
#7887=IFCINDEXEDPOLYGONALFACE((16,42,43));
#7888=IFCINDEXEDPOLYGONALFACE((45,46,20));
#7889=IFCINDEXEDPOLYGONALFACE((44,45,19));
#7890=IFCINDEXEDPOLYGONALFACE((48,25,1,24));
#7891=IFCINDEXEDPOLYGONALFACE((47,48,24,23));
#7892=IFCINDEXEDPOLYGONALFACE((46,47,21));
#7893=IFCINDEXEDPOLYGONALFACE((46,21,20));
#7894=IFCINDEXEDPOLYGONALFACE((20,19,45));
#7895=IFCINDEXEDPOLYGONALFACE((22,47,23));
#7896=IFCINDEXEDPOLYGONALFACE((22,21,47));
#7897=IFCINDEXEDPOLYGONALFACE((44,19,18));
#7898=IFCINDEXEDPOLYGONALFACE((56,57,58,59,60,61,62,63,64,65,66,67,68,69,70,71,72,49,50,51,52,53,54,55));
#7899=IFCINDEXEDPOLYGONALFACE((25,49,72,26));
#7900=IFCINDEXEDPOLYGONALFACE((71,27,26,72));
#7901=IFCINDEXEDPOLYGONALFACE((69,68,30,29));
#7902=IFCINDEXEDPOLYGONALFACE((27,71,70,28));
#7903=IFCINDEXEDPOLYGONALFACE((28,70,69,29));
#7904=IFCINDEXEDPOLYGONALFACE((67,66,30));
#7905=IFCINDEXEDPOLYGONALFACE((67,30,68));
#7906=IFCINDEXEDPOLYGONALFACE((65,64,32));
#7907=IFCINDEXEDPOLYGONALFACE((66,65,31));
#7908=IFCINDEXEDPOLYGONALFACE((62,61,37,36));
#7909=IFCINDEXEDPOLYGONALFACE((63,62,36,35));
#7910=IFCINDEXEDPOLYGONALFACE((64,63,35,34));
#7911=IFCINDEXEDPOLYGONALFACE((64,33,32));
#7912=IFCINDEXEDPOLYGONALFACE((32,31,65));
#7913=IFCINDEXEDPOLYGONALFACE((33,64,34));
#7914=IFCINDEXEDPOLYGONALFACE((66,31,30));
#7915=IFCINDEXEDPOLYGONALFACE((60,59,39,38));
#7916=IFCINDEXEDPOLYGONALFACE((61,60,38,37));
#7917=IFCINDEXEDPOLYGONALFACE((42,57,43));
#7918=IFCINDEXEDPOLYGONALFACE((58,57,42));
#7919=IFCINDEXEDPOLYGONALFACE((59,58,40,39));
#7920=IFCINDEXEDPOLYGONALFACE((44,56,55));
#7921=IFCINDEXEDPOLYGONALFACE((42,41,58));
#7922=IFCINDEXEDPOLYGONALFACE((40,58,41));
#7923=IFCINDEXEDPOLYGONALFACE((57,56,43));
#7924=IFCINDEXEDPOLYGONALFACE((53,52,46,45));
#7925=IFCINDEXEDPOLYGONALFACE((54,53,45,44));
#7926=IFCINDEXEDPOLYGONALFACE((50,49,25,48));
#7927=IFCINDEXEDPOLYGONALFACE((51,50,48,47));
#7928=IFCINDEXEDPOLYGONALFACE((52,51,47,46));
#7929=IFCINDEXEDPOLYGONALFACE((43,56,44));
#7930=IFCINDEXEDPOLYGONALFACE((44,55,54));
#7931=IFCCARTESIANPOINTLIST3D(((0.99500000000004429,0.20000000000096052,1.2500000000000011),(0.99534074173715359,0.20000000000096052,1.2525881904510263),(0.99633974596219987,0.20000000000096052,1.2550000000000012),(0.9979289321881788,0.20000000000096052,1.2570710678118666),(1.0000000000000442,0.20000000000096052,1.2586602540378455),(1.0024118095490191,0.20000000000096052,1.2596592582628918),(1.0050000000000441,0.20000000000096052,1.2600000000000011),(1.0075881904510693,0.20000000000096052,1.2596592582628918),(1.0100000000000442,0.20000000000096052,1.2586602540378458),(1.0120710678119096,0.20000000000096052,1.2570710678118668),(1.0136602540378885,0.20000000000096052,1.2550000000000014),(1.0146592582629348,0.20000000000096052,1.2525881904510265),(1.0150000000000441,0.20000000000096052,1.2500000000000011),(1.0146592582629348,0.20000000000096052,1.2474118095489761),(1.0136602540378885,0.20000000000096052,1.2450000000000012),(1.0120710678119096,0.20000000000096052,1.2429289321881358),(1.0100000000000442,0.20000000000096052,1.2413397459621569),(1.0075881904510693,0.20000000000096052,1.2403407417371106),(1.0050000000000441,0.20000000000096052,1.2400000000000013),(1.0024118095490191,0.20000000000096052,1.2403407417371106),(1.0000000000000442,0.20000000000096052,1.2413397459621569),(0.9979289321881788,0.20000000000096052,1.2429289321881358),(0.99633974596219987,0.20000000000096052,1.2450000000000012),(0.99534074173715359,0.20000000000096052,1.2474118095489761),(0.99500000000004429,0.17000000000096158,1.2500000000000011),(0.99534074173715359,0.16965925826385234,1.2525881904510263),(0.99633974596219987,0.16866025403880605,1.2550000000000012),(0.9979289321881788,0.16707106781282716,1.2570710678118666),(1.0000000000000442,0.16500000000096174,1.2586602540378455),(1.0024118095490191,0.162588190451987,1.2596592582628918),(1.0050000000000441,0.16000000000096179,1.2600000000000011),(1.0075881904510693,0.15741180954993661,1.2596592582628918),(1.0100000000000442,0.15500000000096181,1.2586602540378458),(1.0120710678119096,0.15292893218909637,1.2570710678118668),(1.0136602540378885,0.15133974596311744,1.2550000000000014),(1.0146592582629348,0.15034074173807113,1.2525881904510265),(1.0150000000000441,0.15000000000096178,1.2500000000000011),(1.0146592582629348,0.1503407417380711,1.2474118095489761),(1.0136602540378885,0.15133974596311739,1.2450000000000012),(1.0120710678119096,0.15292893218909626,1.2429289321881358),(1.0100000000000442,0.1550000000009617,1.2413397459621569),(1.0075881904510693,0.1574118095499365,1.2403407417371106),(1.0050000000000441,0.16000000000096165,1.2400000000000013),(1.0024118095490191,0.16258819045198686,1.2403407417371106),(1.0000000000000442,0.16500000000096163,1.2413397459621569),(0.9979289321881788,0.1670710678128271,1.2429289321881358),(0.99633974596219987,0.16866025403880597,1.2450000000000012),(0.99534074173715359,0.16965925826385225,1.2474118095489761),(0.88500000000004431,0.17000000000096194,1.2500000000000011),(0.88500000000004431,0.16965925826385259,1.2474118095489761),(0.88500000000004431,0.1686602540388063,1.2450000000000012),(0.88500000000004431,0.16707106781282743,1.2429289321881358),(0.88500000000004431,0.16500000000096199,1.2413397459621569),(0.88500000000004431,0.16258819045198719,1.2403407417371106),(0.88500000000004431,0.16000000000096204,1.2400000000000013),(0.88500000000004431,0.15741180954993686,1.2403407417371106),(0.88500000000004431,0.15500000000096209,1.2413397459621569),(0.88500000000004431,0.15292893218909667,1.2429289321881358),(0.88500000000004431,0.15133974596311775,1.2450000000000012),(0.88500000000004431,0.15034074173807149,1.2474118095489761),(0.88500000000004431,0.15000000000096217,1.2500000000000016),(0.88500000000004431,0.15034074173807152,1.2525881904510265),(0.88500000000004431,0.15133974596311783,1.2550000000000014),(0.88500000000004431,0.15292893218909676,1.2570710678118668),(0.88500000000004431,0.15500000000096223,1.2586602540378458),(0.88500000000004431,0.15741180954993697,1.2596592582628918),(0.88500000000004431,0.16000000000096218,1.2600000000000011),(0.88500000000004431,0.16258819045198733,1.2596592582628918),(0.88500000000004431,0.16500000000096207,1.2586602540378455),(0.88500000000004431,0.16707106781282749,1.2570710678118666),(0.88500000000004431,0.16866025403880638,1.2550000000000012),(0.88500000000004431,0.16965925826385267,1.2525881904510263)));
#7932=IFCPOLYGONALFACESET(#7931,.T.,(#7853,#7854,#7855,#7856,#7857,#7858,#7859,#7860,#7861,#7862,#7863,#7864,#7865,#7866,#7867,#7868,#7869,#7870,#7871,#7872,#7873,#7874,#7875,#7876,#7877,#7878,#7879,#7880,#7881,#7882,#7883,#7884,#7885,#7886,#7887,#7888,#7889,#7890,#7891,#7892,#7893,#7894,#7895,#7896,#7897,#7898,#7899,#7900,#7901,#7902,#7903,#7904,#7905,#7906,#7907,#7908,#7909,#7910,#7911,#7912,#7913,#7914,#7915,#7916,#7917,#7918,#7919,#7920,#7921,#7922,#7923,#7924,#7925,#7926,#7927,#7928,#7929,#7930),$);
#7933=IFCINDEXEDCOLOURMAP(#7932,1.,#7852,(1,1,1,1,1,1,1,1,1,1,1,1,1,1,1,1,1,1,1,1,1,1,1,1,1,1,1,1,1,1,1,1,1,1,1,1,1,1,1,1,1,1,1,1,1,1,1,1,1,1,1,1,1,1,1,1,1,1,1,1,1,1,1,1,1,1,1,1,1,1,1,1,1,1,1,1,1,1));
#7934=IFCSTYLEDITEM(#7932,(#477),$);
#7935=IFCCOLOURRGBLIST(((0.79607843137254897,0.79607843137254897,0.79607843137254897)));
#7936=IFCINDEXEDPOLYGONALFACE((17,18,19,20,21,22,23,24,1,2,3,4,5,6,7,8,9,10,11,12,13,14,15,16));
#7937=IFCINDEXEDPOLYGONALFACE((27,28,5));
#7938=IFCINDEXEDPOLYGONALFACE((26,27,3,2));
#7939=IFCINDEXEDPOLYGONALFACE((7,29,30));
#7940=IFCINDEXEDPOLYGONALFACE((6,29,7));
#7941=IFCINDEXEDPOLYGONALFACE((28,29,6));
#7942=IFCINDEXEDPOLYGONALFACE((25,26,2,1));
#7943=IFCINDEXEDPOLYGONALFACE((3,27,4));
#7944=IFCINDEXEDPOLYGONALFACE((5,4,27));
#7945=IFCINDEXEDPOLYGONALFACE((28,6,5));
#7946=IFCINDEXEDPOLYGONALFACE((30,31,9));
#7947=IFCINDEXEDPOLYGONALFACE((33,11,32));
#7948=IFCINDEXEDPOLYGONALFACE((34,12,33));
#7949=IFCINDEXEDPOLYGONALFACE((13,35,36));
#7950=IFCINDEXEDPOLYGONALFACE((34,35,12));
#7951=IFCINDEXEDPOLYGONALFACE((13,36,37));
#7952=IFCINDEXEDPOLYGONALFACE((9,8,30));
#7953=IFCINDEXEDPOLYGONALFACE((7,30,8));
#7954=IFCINDEXEDPOLYGONALFACE((12,11,33));
#7955=IFCINDEXEDPOLYGONALFACE((10,32,11));
#7956=IFCINDEXEDPOLYGONALFACE((9,31,10));
#7957=IFCINDEXEDPOLYGONALFACE((13,12,35));
#7958=IFCINDEXEDPOLYGONALFACE((32,10,31));
#7959=IFCINDEXEDPOLYGONALFACE((13,37,38));
#7960=IFCINDEXEDPOLYGONALFACE((39,13,38));
#7961=IFCINDEXEDPOLYGONALFACE((14,40,41));
#7962=IFCINDEXEDPOLYGONALFACE((39,40,14));
#7963=IFCINDEXEDPOLYGONALFACE((15,41,42));
#7964=IFCINDEXEDPOLYGONALFACE((41,15,14));
#7965=IFCINDEXEDPOLYGONALFACE((14,13,39));
#7966=IFCINDEXEDPOLYGONALFACE((44,17,43));
#7967=IFCINDEXEDPOLYGONALFACE((17,44,18));
#7968=IFCINDEXEDPOLYGONALFACE((17,16,43));
#7969=IFCINDEXEDPOLYGONALFACE((16,15,42));
#7970=IFCINDEXEDPOLYGONALFACE((16,42,43));
#7971=IFCINDEXEDPOLYGONALFACE((45,46,20));
#7972=IFCINDEXEDPOLYGONALFACE((44,45,19));
#7973=IFCINDEXEDPOLYGONALFACE((48,25,1,24));
#7974=IFCINDEXEDPOLYGONALFACE((47,48,24,23));
#7975=IFCINDEXEDPOLYGONALFACE((46,47,21));
#7976=IFCINDEXEDPOLYGONALFACE((46,21,20));
#7977=IFCINDEXEDPOLYGONALFACE((20,19,45));
#7978=IFCINDEXEDPOLYGONALFACE((22,47,23));
#7979=IFCINDEXEDPOLYGONALFACE((22,21,47));
#7980=IFCINDEXEDPOLYGONALFACE((44,19,18));
#7981=IFCINDEXEDPOLYGONALFACE((55,56,57,58,59,60,61,62,63,64,65,66,67,68,69,70,71,72,49,50,51,52,53,54));
#7982=IFCINDEXEDPOLYGONALFACE((25,49,72,26));
#7983=IFCINDEXEDPOLYGONALFACE((71,27,26,72));
#7984=IFCINDEXEDPOLYGONALFACE((69,68,30,29));
#7985=IFCINDEXEDPOLYGONALFACE((27,71,70,28));
#7986=IFCINDEXEDPOLYGONALFACE((28,70,69,29));
#7987=IFCINDEXEDPOLYGONALFACE((67,66,30));
#7988=IFCINDEXEDPOLYGONALFACE((67,30,68));
#7989=IFCINDEXEDPOLYGONALFACE((65,64,32));
#7990=IFCINDEXEDPOLYGONALFACE((66,65,31));
#7991=IFCINDEXEDPOLYGONALFACE((62,61,37,36));
#7992=IFCINDEXEDPOLYGONALFACE((63,62,36,35));
#7993=IFCINDEXEDPOLYGONALFACE((64,63,35,34));
#7994=IFCINDEXEDPOLYGONALFACE((64,33,32));
#7995=IFCINDEXEDPOLYGONALFACE((32,31,65));
#7996=IFCINDEXEDPOLYGONALFACE((33,64,34));
#7997=IFCINDEXEDPOLYGONALFACE((66,31,30));
#7998=IFCINDEXEDPOLYGONALFACE((60,59,39,38));
#7999=IFCINDEXEDPOLYGONALFACE((61,60,38,37));
#8000=IFCINDEXEDPOLYGONALFACE((42,57,43));
#8001=IFCINDEXEDPOLYGONALFACE((58,57,42));
#8002=IFCINDEXEDPOLYGONALFACE((59,58,40,39));
#8003=IFCINDEXEDPOLYGONALFACE((44,56,55));
#8004=IFCINDEXEDPOLYGONALFACE((42,41,58));
#8005=IFCINDEXEDPOLYGONALFACE((40,58,41));
#8006=IFCINDEXEDPOLYGONALFACE((57,56,43));
#8007=IFCINDEXEDPOLYGONALFACE((53,52,46,45));
#8008=IFCINDEXEDPOLYGONALFACE((54,53,45,44));
#8009=IFCINDEXEDPOLYGONALFACE((50,49,25,48));
#8010=IFCINDEXEDPOLYGONALFACE((51,50,48,47));
#8011=IFCINDEXEDPOLYGONALFACE((52,51,47,46));
#8012=IFCINDEXEDPOLYGONALFACE((43,56,44));
#8013=IFCINDEXEDPOLYGONALFACE((44,55,54));
#8014=IFCCARTESIANPOINTLIST3D(((0.9950000000000464,0.20000000000096055,1.2500000000000011),(0.99534074173715559,0.20000000000096055,1.2525881904510263),(0.99633974596220198,0.20000000000096055,1.2550000000000012),(0.9979289321881808,0.20000000000096055,1.2570710678118666),(1.0000000000000462,0.20000000000096055,1.2586602540378455),(1.0024118095490209,0.20000000000096055,1.2596592582628918),(1.0050000000000461,0.20000000000096055,1.2600000000000011),(1.0075881904510713,0.20000000000096055,1.2596592582628918),(1.010000000000046,0.20000000000096052,1.2586602540378458),(1.0120710678119116,0.20000000000096052,1.2570710678118668),(1.0136602540378905,0.20000000000096052,1.2550000000000014),(1.0146592582629368,0.20000000000096052,1.2525881904510265),(1.0150000000000463,0.20000000000096052,1.2500000000000011),(1.0146592582629368,0.20000000000096052,1.2474118095489761),(1.0136602540378905,0.20000000000096052,1.2450000000000012),(1.0120710678119118,0.20000000000096052,1.2429289321881358),(1.0100000000000462,0.20000000000096052,1.2413397459621569),(1.0075881904510715,0.20000000000096055,1.2403407417371106),(1.0050000000000463,0.20000000000096055,1.2400000000000013),(1.0024118095490211,0.20000000000096055,1.2403407417371106),(1.0000000000000464,0.20000000000096055,1.2413397459621569),(0.99792893218818091,0.20000000000096055,1.2429289321881358),(0.99633974596220209,0.20000000000096055,1.2450000000000012),(0.9953407417371557,0.20000000000096055,1.2474118095489761),(0.99500000000004629,0.17000000000095847,1.2500000000000011),(0.99534074173715559,0.1696592582638492,1.2525881904510263),(0.99633974596220176,0.16866025403880297,1.2550000000000012),(0.99792893218818068,0.16707106781282405,1.2570710678118666),(1.0000000000000462,0.16500000000095863,1.2586602540378455),(1.0024118095490209,0.16258819045198389,1.2596592582628918),(1.0050000000000461,0.16000000000095868,1.2600000000000011),(1.0075881904510713,0.1574118095499335,1.2596592582628918),(1.010000000000046,0.15500000000095873,1.2586602540378458),(1.0120710678119114,0.15292893218909323,1.2570710678118668),(1.0136602540378903,0.15133974596311434,1.2550000000000014),(1.0146592582629366,0.15034074173806802,1.2525881904510265),(1.0150000000000461,0.15000000000095864,1.2500000000000011),(1.0146592582629368,0.150340741738068,1.2474118095489761),(1.0136602540378905,0.15133974596311425,1.2450000000000012),(1.0120710678119116,0.15292893218909318,1.2429289321881358),(1.0100000000000462,0.15500000000095862,1.2413397459621569),(1.0075881904510713,0.15741180954993339,1.2403407417371106),(1.0050000000000461,0.16000000000095857,1.2400000000000013),(1.0024118095490211,0.16258819045198375,1.2403407417371106),(1.0000000000000464,0.16500000000095852,1.2413397459621569),(0.99792893218818091,0.16707106781282399,1.2429289321881358),(0.99633974596220198,0.16866025403880289,1.2450000000000012),(0.99534074173715559,0.16965925826384917,1.2474118095489761),(0.8850000000000442,0.1700000000009588,1.2500000000000011),(0.8850000000000442,0.16965925826384951,1.2474118095489761),(0.8850000000000442,0.16866025403880322,1.2450000000000012),(0.8850000000000442,0.16707106781282433,1.2429289321881358),(0.8850000000000442,0.16500000000095885,1.2413397459621569),(0.8850000000000442,0.16258819045198411,1.2403407417371106),(0.8850000000000442,0.16000000000095893,1.2400000000000013),(0.8850000000000442,0.15741180954993375,1.2403407417371106),(0.8850000000000442,0.15500000000095901,1.2413397459621569),(0.8850000000000442,0.15292893218909354,1.2429289321881358),(0.8850000000000442,0.15133974596311467,1.2450000000000012),(0.8850000000000442,0.15034074173806838,1.2474118095489761),(0.8850000000000442,0.15000000000095906,1.2500000000000016),(0.8850000000000442,0.15034074173806841,1.2525881904510265),(0.8850000000000442,0.15133974596311472,1.2550000000000014),(0.8850000000000442,0.15292893218909365,1.2570710678118668),(0.8850000000000442,0.15500000000095912,1.2586602540378458),(0.8850000000000442,0.15741180954993389,1.2596592582628918),(0.8850000000000442,0.16000000000095904,1.2600000000000011),(0.8850000000000442,0.16258819045198422,1.2596592582628918),(0.8850000000000442,0.16500000000095896,1.2586602540378455),(0.8850000000000442,0.16707106781282444,1.2570710678118666),(0.8850000000000442,0.1686602540388033,1.2550000000000012),(0.8850000000000442,0.16965925826384956,1.2525881904510263)));
#8015=IFCPOLYGONALFACESET(#8014,.T.,(#7936,#7937,#7938,#7939,#7940,#7941,#7942,#7943,#7944,#7945,#7946,#7947,#7948,#7949,#7950,#7951,#7952,#7953,#7954,#7955,#7956,#7957,#7958,#7959,#7960,#7961,#7962,#7963,#7964,#7965,#7966,#7967,#7968,#7969,#7970,#7971,#7972,#7973,#7974,#7975,#7976,#7977,#7978,#7979,#7980,#7981,#7982,#7983,#7984,#7985,#7986,#7987,#7988,#7989,#7990,#7991,#7992,#7993,#7994,#7995,#7996,#7997,#7998,#7999,#8000,#8001,#8002,#8003,#8004,#8005,#8006,#8007,#8008,#8009,#8010,#8011,#8012,#8013),$);
#8016=IFCINDEXEDCOLOURMAP(#8015,1.,#7935,(1,1,1,1,1,1,1,1,1,1,1,1,1,1,1,1,1,1,1,1,1,1,1,1,1,1,1,1,1,1,1,1,1,1,1,1,1,1,1,1,1,1,1,1,1,1,1,1,1,1,1,1,1,1,1,1,1,1,1,1,1,1,1,1,1,1,1,1,1,1,1,1,1,1,1,1,1,1));
#8017=IFCSTYLEDITEM(#8015,(#477),$);
#8018=IFCCOLOURRGBLIST(((0.79607843137254897,0.79607843137254897,0.79607843137254897)));
#8019=IFCINDEXEDPOLYGONALFACE((9,10,11,12,13,14,15,16,17,18,19,20,21,22,23,24,1,2,3,4,5,6,7,8));
#8020=IFCINDEXEDPOLYGONALFACE((31,32,33,34,35,36,37,38,39,40,41,42,43,44,45,46,47,48,25,26,27,28,29,30));
#8021=IFCINDEXEDPOLYGONALFACE((48,2,1,25));
#8022=IFCINDEXEDPOLYGONALFACE((47,3,2,48));
#8023=IFCINDEXEDPOLYGONALFACE((5,4,46,45));
#8024=IFCINDEXEDPOLYGONALFACE((47,46,4,3));
#8025=IFCINDEXEDPOLYGONALFACE((6,5,45,44));
#8026=IFCINDEXEDPOLYGONALFACE((7,6,44,43));
#8027=IFCINDEXEDPOLYGONALFACE((42,8,7,43));
#8028=IFCINDEXEDPOLYGONALFACE((41,9,8,42));
#8029=IFCINDEXEDPOLYGONALFACE((11,10,40,39));
#8030=IFCINDEXEDPOLYGONALFACE((41,40,10,9));
#8031=IFCINDEXEDPOLYGONALFACE((12,11,39,38));
#8032=IFCINDEXEDPOLYGONALFACE((13,12,38,37));
#8033=IFCINDEXEDPOLYGONALFACE((36,14,13,37));
#8034=IFCINDEXEDPOLYGONALFACE((35,15,14,36));
#8035=IFCINDEXEDPOLYGONALFACE((17,16,34,33));
#8036=IFCINDEXEDPOLYGONALFACE((35,34,16,15));
#8037=IFCINDEXEDPOLYGONALFACE((18,17,33,32));
#8038=IFCINDEXEDPOLYGONALFACE((19,18,32,31));
#8039=IFCINDEXEDPOLYGONALFACE((30,20,19,31));
#8040=IFCINDEXEDPOLYGONALFACE((29,21,20,30));
#8041=IFCINDEXEDPOLYGONALFACE((23,22,28,27));
#8042=IFCINDEXEDPOLYGONALFACE((29,28,22,21));
#8043=IFCINDEXEDPOLYGONALFACE((24,23,27,26));
#8044=IFCINDEXEDPOLYGONALFACE((1,24,26,25));
#8045=IFCCARTESIANPOINTLIST3D(((1.0275000000000463,0.21000000000096056,1.2500000000000016),(1.0267333310915503,0.21000000000096056,1.2441765714851947),(1.0244855715851964,0.21000000000096056,1.2387500000000016),(1.0209099025767439,0.21000000000096056,1.2340900974233042),(1.0162500000000465,0.21000000000096056,1.2305144284148513),(1.0108234285148532,0.21000000000096056,1.2282666689084973),(1.0050000000000465,0.21000000000096056,1.2275000000000014),(0.99917657148523986,0.21000000000096056,1.2282666689084973),(0.99375000000004643,0.21000000000096056,1.2305144284148513),(0.98909009742334919,0.21000000000096056,1.2340900974233038),(0.98551442841489645,0.21000000000096056,1.2387500000000011),(0.98326666890854231,0.21000000000096056,1.2441765714851944),(0.98250000000004634,0.21000000000096056,1.2500000000000011),(0.98326666890854231,0.21000000000096056,1.255823428514808),(0.98551442841489645,0.21000000000096056,1.2612500000000013),(0.98909009742334908,0.21000000000096056,1.2659099025766987),(0.99375000000004632,0.21000000000096056,1.269485571585151),(0.99917657148523953,0.21000000000096056,1.2717333310915055),(1.0050000000000463,0.21000000000096056,1.2725000000000015),(1.010823428514853,0.21000000000096056,1.2717333310915055),(1.0162500000000463,0.21000000000096056,1.2694855715851512),(1.0209099025767436,0.21000000000096056,1.2659099025766987),(1.0244855715851962,0.21000000000096056,1.2612500000000013),(1.0267333310915503,0.21000000000096056,1.255823428514808),(1.0275000000000463,0.20000000000096055,1.2500000000000011),(1.0267333310915503,0.20000000000096055,1.255823428514808),(1.0244855715851962,0.20000000000096055,1.2612500000000013),(1.0209099025767436,0.20000000000096055,1.2659099025766987),(1.0162500000000463,0.20000000000096055,1.2694855715851512),(1.010823428514853,0.20000000000096055,1.2717333310915055),(1.0050000000000463,0.20000000000096055,1.2725000000000015),(0.99917657148523953,0.20000000000096055,1.2717333310915055),(0.99375000000004632,0.20000000000096055,1.269485571585151),(0.98909009742334908,0.20000000000096055,1.2659099025766987),(0.98551442841489645,0.20000000000096055,1.2612500000000013),(0.98326666890854231,0.20000000000096055,1.255823428514808),(0.98250000000004634,0.20000000000096055,1.2500000000000011),(0.98326666890854231,0.20000000000096055,1.2441765714851944),(0.98551442841489645,0.20000000000096055,1.2387500000000011),(0.98909009742334919,0.20000000000096055,1.2340900974233038),(0.99375000000004643,0.20000000000096055,1.2305144284148513),(0.99917657148523986,0.20000000000096055,1.2282666689084973),(1.0050000000000465,0.20000000000096055,1.2275000000000014),(1.0108234285148532,0.20000000000096055,1.2282666689084973),(1.0162500000000465,0.20000000000096055,1.2305144284148513),(1.0209099025767439,0.20000000000096055,1.2340900974233042),(1.0244855715851964,0.20000000000096055,1.2387500000000016),(1.0267333310915503,0.20000000000096055,1.2441765714851947)));
#8046=IFCPOLYGONALFACESET(#8045,.T.,(#8019,#8020,#8021,#8022,#8023,#8024,#8025,#8026,#8027,#8028,#8029,#8030,#8031,#8032,#8033,#8034,#8035,#8036,#8037,#8038,#8039,#8040,#8041,#8042,#8043,#8044),$);
#8047=IFCINDEXEDCOLOURMAP(#8046,1.,#8018,(1,1,1,1,1,1,1,1,1,1,1,1,1,1,1,1,1,1,1,1,1,1,1,1,1,1));
#8048=IFCSTYLEDITEM(#8046,(#477),$);
#8049=IFCCOLOURRGBLIST(((0.31372549019607843,0.31372549019607843,0.31372549019607843)));
#8050=IFCINDEXEDPOLYGONALFACE((1,2,3,4,5,6,7,8));
#8051=IFCINDEXEDPOLYGONALFACE((2,1,9,10));
#8052=IFCINDEXEDPOLYGONALFACE((10,11,12,13,14,15,3,2));
#8053=IFCINDEXEDPOLYGONALFACE((15,16,4,3));
#8054=IFCINDEXEDPOLYGONALFACE((17,18,6,5));
#8055=IFCINDEXEDPOLYGONALFACE((19,20,7,6,18,21,22,23));
#8056=IFCINDEXEDPOLYGONALFACE((8,7,20,24));
#8057=IFCINDEXEDPOLYGONALFACE((9,24,20,19,25,26,11,10));
#8058=IFCINDEXEDPOLYGONALFACE((25,19,23,27));
#8059=IFCINDEXEDPOLYGONALFACE((11,26,28,12));
#8060=IFCINDEXEDPOLYGONALFACE((16,15,14,29,30,21,18,17));
#8061=IFCINDEXEDPOLYGONALFACE((21,30,31,22));
#8062=IFCINDEXEDPOLYGONALFACE((32,13,12,28,27,23,22,31));
#8063=IFCINDEXEDPOLYGONALFACE((29,14,13,32));
#8064=IFCINDEXEDPOLYGONALFACE((1,8,24,9));
#8065=IFCINDEXEDPOLYGONALFACE((26,25,27,28));
#8066=IFCINDEXEDPOLYGONALFACE((4,16,17,5));
#8067=IFCINDEXEDPOLYGONALFACE((30,29,32,31));
#8068=IFCCARTESIANPOINTLIST3D(((2.0303758674344865E-016,0.21000000000096414,2.4499999999999944),(2.0303758674344865E-016,0.21000000000096414,0.20000000000000001),(0.045000000000042492,0.210000000000964,0.20000000000000001),(0.045000000000042291,0.21000000000096397,2.4049999999999656),(1.0900000000000416,0.21000000000096061,2.4049999999999656),(1.0900000000000414,0.21000000000096061,0.20000000000000001),(1.1349999999999985,0.21000000000096047,0.20000000000000001),(1.1349999999999985,0.21000000000096047,2.4499999999999944),(4.7375436906804679E-016,0.30000000000096411,2.4499999999999944),(4.7375436906804679E-016,0.30000000000096411,0.20000000000000001),(0.075000000000042713,0.30000000000096383,0.20000000000000001),(0.075000000000042713,0.28000000000096381,0.20000000000000001),(0.060000000000042672,0.28000000000096387,0.20000000000000001),(0.060000000000042464,0.23000000000096388,0.20000000000000001),(0.045000000000042492,0.23000000000096396,0.20000000000000001),(0.045000000000042492,0.23000000000096396,2.4049999999999656),(1.0900000000000412,0.23000000000096057,2.4049999999999656),(1.0900000000000412,0.23000000000096057,0.20000000000000001),(1.0600000000000414,0.30000000000096066,0.20000000000000001),(1.1349999999999987,0.30000000000096044,0.20000000000000001),(1.075000000000041,0.2300000000009606,0.20000000000000001),(1.0750000000000413,0.28000000000095715,0.20000000000000001),(1.0600000000000414,0.28000000000095726,0.20000000000000001),(1.1349999999999987,0.30000000000096044,2.4499999999999944),(1.0600000000000414,0.30000000000096066,2.3749999999999654),(0.075000000000042713,0.30000000000096383,2.3749999999999654),(1.0600000000000414,0.28000000000095726,2.3749999999999654),(0.075000000000042574,0.28000000000096381,2.3749999999999654),(0.060000000000042464,0.23000000000096388,2.3899999999999655),(1.075000000000041,0.23000000000096063,2.389999999999965),(1.0750000000000413,0.28000000000095832,2.3899999999999655),(0.060000000000042603,0.28000000000096387,2.3899999999999655)));
#8069=IFCPOLYGONALFACESET(#8068,.T.,(#8050,#8051,#8052,#8053,#8054,#8055,#8056,#8057,#8058,#8059,#8060,#8061,#8062,#8063,#8064,#8065,#8066,#8067),$);
#8070=IFCINDEXEDCOLOURMAP(#8069,1.,#8049,(1,1,1,1,1,1,1,1,1,1,1,1,1,1,1,1,1,1));
#8071=IFCSTYLEDITEM(#8069,(#3828),$);
#8072=IFCCOLOURRGBLIST(((0.31372549019607843,0.31372549019607843,0.31372549019607843)));
#8073=IFCINDEXEDPOLYGONALFACE((1,2,3,4));
#8074=IFCINDEXEDPOLYGONALFACE((5,6,7,8));
#8075=IFCINDEXEDPOLYGONALFACE((2,1,5,8));
#8076=IFCINDEXEDPOLYGONALFACE((3,2,8,7));
#8077=IFCINDEXEDPOLYGONALFACE((4,3,7,6));
#8078=IFCINDEXEDPOLYGONALFACE((1,4,6,5));
#8079=IFCCARTESIANPOINTLIST3D(((1.1349999999999989,0.23000000000096582,0.20000000000000001),(1.1349999999999989,0.23000000000096582,4.6360248973087441E-015),(1.1349999999999989,0.30000000000096416,4.6360248973087441E-015),(1.1349999999999989,0.30000000000096416,0.20000000000000001),(0.,0.23000000000096574,0.20000000000000001),(0.,0.30000000000096411,0.20000000000000001),(0.,0.30000000000096411,4.6360248973087441E-015),(0.,0.23000000000096574,4.6360248973087441E-015)));
#8080=IFCPOLYGONALFACESET(#8079,.T.,(#8073,#8074,#8075,#8076,#8077,#8078),$);
#8081=IFCINDEXEDCOLOURMAP(#8080,1.,#8072,(1,1,1,1,1,1));
#8082=IFCSTYLEDITEM(#8080,(#3828),$);
#8083=IFCSHAPEREPRESENTATION(#26,'Body','Tessellation',(#4401,#4467,#7749,#7766,#7783,#7849,#7932,#8015,#8046,#8069,#8080));
#8084=IFCAXIS2PLACEMENT3D(#3,$,$);
#8085=IFCREPRESENTATIONMAP(#8084,#8083);
#8086=IFCDOORLININGPROPERTIES('2k9gW24Zv4awvOIPaltk10',#18,'TU DF 1 - Haust\X\FCre:ML - 1135 x 2250:2536884',$,$,$,$,$,$,$,$,$,$,$,$,$,$);
#8087=IFCDOORPANELPROPERTIES('2k9gW24Zv4awvOIPeltk10',#18,'TU DF 1 - Haust\X\FCre:ML - 1135 x 2250:2536884:1',$,$,.SWINGING.,$,.NOTDEFINED.,$);
#8088=IFCDOORTYPE('1N9_$hyWGJVXMINsfqJbO3',#18,'TU DF 1 - Haust\X\FCre:ML - 1135 x 2250',$,$,(#8086,#8087),(#8085),'2125215',$,.DOOR.,.SINGLE_SWING_RIGHT.,$,$);
#8089=IFCMATERIALCONSTITUENT('Sichtbeschl\X\E4ge',$,#4167,0.0039254357792740373,'Metall');
#8090=IFCSHAPEREPRESENTATION(#26,'Body','Tessellation',(#4401,#4467,#7849,#7932,#8015,#8046));
#8091=IFCSHAPEASPECT((#8090),'Sichtbeschl\X\E4ge',$,.U.,#8085);
#8092=IFCMATERIALCONSTITUENT('Element',$,#4168,0.49607456422072593,'Metall');
#8093=IFCSHAPEREPRESENTATION(#26,'Body','Tessellation',(#7749,#7766));
#8094=IFCSHAPEASPECT((#8093),'Element',$,.U.,#8085);
#8095=IFCMATERIALCONSTITUENT('Element',$,#4167,0.0039254357792740373,'Metall');
#8096=IFCSHAPEREPRESENTATION(#26,'Body','Tessellation',(#7783));
#8097=IFCSHAPEASPECT((#8096),'Element',$,.U.,#8085);
#8098=IFCMATERIALCONSTITUENT('Rahmen/Pfosten',$,#4168,0.49607456422072593,'Metall');
#8099=IFCSHAPEREPRESENTATION(#26,'Body','Tessellation',(#8069,#8080));
#8100=IFCSHAPEASPECT((#8099),'Rahmen/Pfosten',$,.U.,#8085);
#8101=IFCMATERIALCONSTITUENTSET($,$,(#8089,#8092,#8095,#8098));
#8102=IFCMAPPEDITEM(#8085,#4182);
#8103=IFCSHAPEREPRESENTATION(#26,'Body','MappedRepresentation',(#8102));
#8104=IFCPRODUCTDEFINITIONSHAPE($,$,(#8103));
#8105=IFCCARTESIANPOINT((8.8923326763500494,10.972426723078621,-0.20000000000001911));
#8106=IFCAXIS2PLACEMENT3D(#8105,#9,#7);
#8108=IFCDOOR('2k9gW24Zv4awvOIPWltk10',#18,'TU DF 1 - Haust\X\FCre:ML - 1135 x 2250:2536884',$,'TU DF 1 - Haust\X\FCre:ML - 1135 x 2250',#8288,#8104,'2536884',2.4499999999999895,1.1350000000000084,.DOOR.,$,$);
#8109=IFCMATERIALCONSTITUENT('Metall - Edelstahl geb\X\FCrstet',$,#4167,0.0078508715585480799,'Metall');
#8110=IFCMATERIALCONSTITUENT('Lack - grau 80-80-80',$,#4168,0.99214912844145187,'Metall');
#8111=IFCMATERIALCONSTITUENTSET($,$,(#8109,#8110));
#8112=IFCPROPERTYSET('0HVE5ENuNlBfRxhqBCZVA2',#18,'Pset_DoorCommon',$,(#119,#4193));
#8113=IFCPROPERTYSET('2oxIa7wnNUHRB01Za9oTA_',#18,'Pset_EnvironmentalImpactIndicators',$,(#4193));
#8114=IFCRELDEFINESBYPROPERTIES('0vjnT$8CTm6MqggE8pFgfO',#18,$,$,(#8108),#8112);
#8115=IFCRELDEFINESBYPROPERTIES('3o3eUrLMi6FFI6iEaofdS9',#18,$,$,(#8108),#8113);
#8116=IFCQUANTITYLENGTH('Width','',$,1.135,$);
#8117=IFCQUANTITYLENGTH('Height','',$,2.25,$);
#8118=IFCQUANTITYAREA('Area','',$,2.5537499999999995,$);
#8119=IFCELEMENTQUANTITY('1rqLbPOphdHsR8cptckUlp',#18,'Qto_DoorBaseQuantities',$,$,(#8116,#8117,#8118));
#8120=IFCRELDEFINESBYPROPERTIES('2TPh110dQbtiuwTckNm4TH',#18,$,$,(#8108),#8119);
#8121=IFCRELCONTAINEDINSPATIALSTRUCTURE('3ArnKS23b6KfTZD99LuN09',#18,$,$,(#95,#185,#259,#4189,#8108),#35);
#8122=IFCRELAGGREGATES('1rigoNG0dRhOg2N4aMiJQC',#18,$,$,#29,(#35));
#8123=IFCRELASSOCIATESMATERIAL('1ZSfGWV7KxGcB7CfgPIYyb',#18,$,$,(#4166),#4181);
#8124=IFCRELASSOCIATESMATERIAL('2g69rydqBAFoeA7lOMnnak',#18,$,$,(#4189),#4192);
#8125=IFCRELASSOCIATESMATERIAL('0UWMMznIhii$mXFimacLN0',#18,$,$,(#8088),#8101);
#8126=IFCRELASSOCIATESMATERIAL('2Do84ZjH10$5xMPdgqpEql',#18,$,$,(#8108),#8111);
#8127=IFCRELASSOCIATESMATERIAL('0c6WZnPY4SsqRhmkVnoDHL',#18,$,$,(#95,#114,#185,#259),#102);
#8128=IFCRELDEFINESBYTYPE('3fLZkGpMp3l5QiSw6kgYa2',#18,$,$,(#95,#185,#259),#114);
#8129=IFCRELDEFINESBYTYPE('3zp2m1eMy2sWs$V6XVhLGG',#18,$,$,(#4189),#4166);
#8130=IFCRELDEFINESBYTYPE('2Y36lnVYXOR5qYk1qgK8Uq',#18,$,$,(#8108),#8088);
#8131=IFCPRESENTATIONLAYERASSIGNMENT('A-WALL-____-OTLN',$,(#44,#90,#91,#93,#140,#180,#181,#183,#206,#254,#255,#257),$);
#8132=IFCPRESENTATIONLAYERASSIGNMENT('A-DOOR-____-OTLN',$,(#4161,#4170,#4173,#4176,#4179,#4184,#8083,#8090,#8093,#8096,#8099,#8103),$);
#8133=IFCAXIS2PLACEMENT3D(#3,$,$);
#8135=IFCAXIS2PLACEMENT3D(#8151,$,$);
#8137=IFCINDEXEDPOLYGONALFACE((1,2,3,4));
#8138=IFCINDEXEDPOLYGONALFACE((5,6,7,8));
#8139=IFCINDEXEDPOLYGONALFACE((1,5,8,2));
#8140=IFCINDEXEDPOLYGONALFACE((2,8,7,3));
#8141=IFCINDEXEDPOLYGONALFACE((3,7,6,4));
#8142=IFCINDEXEDPOLYGONALFACEWITHVOIDS((4,6,5,1),((9,10,11,12)));
#8143=IFCINDEXEDPOLYGONALFACE((13,14,15,16));
#8144=IFCINDEXEDPOLYGONALFACE((13,9,12,14));
#8145=IFCINDEXEDPOLYGONALFACE((14,12,11,15));
#8146=IFCINDEXEDPOLYGONALFACE((15,11,10,16));
#8147=IFCINDEXEDPOLYGONALFACE((16,10,9,13));
#8148=IFCCARTESIANPOINTLIST3D(((10.092332676350056,14.847426723079595,1.3999999999999879),(10.092332676350056,14.547426723078628,1.3999999999999879),(11.192332676350052,14.547426723078628,1.3999999999999879),(11.192332676350054,14.847426723079595,1.3999999999999879),(10.092332676350056,14.847426723079595,0.),(11.192332676350054,14.847426723079595,0.),(11.192332676350052,14.547426723078628,0.),(10.092332676350056,14.547426723078628,0.),(11.162332676350054,14.847426723079595,1.370000000000005),(10.122332676350055,14.847426723079595,1.370000000000005),(10.122332676350057,14.847426723079595,0.020000000000002571),(11.162332676350054,14.847426723079595,0.020000000000002571),(11.162332676350095,15.007426723079593,1.3699999999999966),(11.162332676350095,15.007426723079593,0.0099999999999993427),(10.12233267635011,15.007426723079593,0.0099999999999993427),(10.12233267635011,15.007426723079593,1.3699999999999957)));
#8149=IFCPOLYGONALFACESET(#8148,.T.,(#8137,#8138,#8139,#8140,#8141,#8142,#8143,#8144,#8145,#8146,#8147),$);
#8150=IFCSHAPEREPRESENTATION(#26,'Body','Tessellation',(#8149));
#8151=IFCCARTESIANPOINT((0.,0.,0.84999999999999998));
#8152=IFCPRODUCTDEFINITIONSHAPE($,$,(#8150));
#8153=IFCCARTESIANPOINT((-8.8923326763500548,-14.777426723078625,0.84999999999999998));
#8154=IFCAXIS2PLACEMENT3D(#8153,$,$);
#8155=IFCLOCALPLACEMENT(#41,#8154);
#8156=IFCOPENINGELEMENT('0qP4CXnS7fbx4ylbH_gC$j',#18,'Basiswand:Ziegel+WD hart 300+160:2520914',$,$,#8155,#8152,'2531093',.OPENING.);
#8157=IFCRELVOIDSELEMENT('3pCW2aX7lsDpm3wpvD1qt4',#18,$,$,#95,#8156);
#8158=IFCAXIS2PLACEMENT3D(#3,$,$);
#8160=IFCAXIS2PLACEMENT3D(#8176,$,$);
#8162=IFCINDEXEDPOLYGONALFACE((1,2,3,4));
#8163=IFCINDEXEDPOLYGONALFACE((5,6,7,8));
#8164=IFCINDEXEDPOLYGONALFACE((1,4,6,5));
#8165=IFCINDEXEDPOLYGONALFACE((4,3,7,6));
#8166=IFCINDEXEDPOLYGONALFACE((3,2,8,7));
#8167=IFCINDEXEDPOLYGONALFACEWITHVOIDS((2,1,5,8),((9,10,11,12)));
#8168=IFCINDEXEDPOLYGONALFACE((13,14,15,16));
#8169=IFCINDEXEDPOLYGONALFACE((13,16,10,9));
#8170=IFCINDEXEDPOLYGONALFACE((16,15,11,10));
#8171=IFCINDEXEDPOLYGONALFACE((15,14,12,11));
#8172=IFCINDEXEDPOLYGONALFACE((14,13,9,12));
#8173=IFCCARTESIANPOINTLIST3D(((12.992332676350069,14.847426723079595,1.3999999999999879),(11.892332676350071,14.847426723079595,1.3999999999999879),(11.892332676350073,14.547426723078628,1.3999999999999879),(12.992332676350069,14.547426723078628,1.3999999999999879),(12.992332676350069,14.847426723079595,0.),(12.992332676350069,14.547426723078628,0.),(11.892332676350073,14.547426723078628,0.),(11.892332676350071,14.847426723079595,0.),(11.92233267635007,14.847426723079595,1.370000000000005),(11.92233267635007,14.847426723079595,0.020000000000002571),(12.962332676350067,14.847426723079595,0.020000000000002571),(12.962332676350067,14.847426723079595,1.370000000000005),(11.922332676350029,15.007426723079593,1.3699999999999957),(12.962332676350014,15.007426723079593,1.3699999999999966),(12.962332676350014,15.007426723079593,0.0099999999999990097),(11.922332676350029,15.007426723079593,0.0099999999999993427)));
#8174=IFCPOLYGONALFACESET(#8173,.T.,(#8162,#8163,#8164,#8165,#8166,#8167,#8168,#8169,#8170,#8171,#8172),$);
#8175=IFCSHAPEREPRESENTATION(#26,'Body','Tessellation',(#8174));
#8176=IFCCARTESIANPOINT((0.,0.,0.84999999999999998));
#8177=IFCPRODUCTDEFINITIONSHAPE($,$,(#8175));
#8178=IFCCARTESIANPOINT((-8.8923326763500548,-14.777426723078625,0.84999999999999998));
#8179=IFCAXIS2PLACEMENT3D(#8178,$,$);
#8180=IFCLOCALPLACEMENT(#41,#8179);
#8181=IFCOPENINGELEMENT('1MjJQPSC7G9tF7tiF5J1kJ',#18,'Basiswand:Ziegel+WD hart 300+160:2520914',$,$,#8180,#8177,'2531160',.OPENING.);
#8182=IFCRELVOIDSELEMENT('3H$JJ8geeq8mcjrBnv_zs1',#18,$,$,#95,#8181);
#8183=IFCAXIS2PLACEMENT3D(#3,$,$);
#8185=IFCAXIS2PLACEMENT3D(#8201,$,$);
#8187=IFCINDEXEDPOLYGONALFACE((1,2,3,4));
#8188=IFCINDEXEDPOLYGONALFACE((5,6,7,8));
#8189=IFCINDEXEDPOLYGONALFACE((1,4,6,5));
#8190=IFCINDEXEDPOLYGONALFACE((4,3,7,6));
#8191=IFCINDEXEDPOLYGONALFACE((3,2,8,7));
#8192=IFCINDEXEDPOLYGONALFACEWITHVOIDS((2,1,5,8),((9,10,11,12)));
#8193=IFCINDEXEDPOLYGONALFACE((13,14,15,16));
#8194=IFCINDEXEDPOLYGONALFACE((13,16,10,9));
#8195=IFCINDEXEDPOLYGONALFACE((16,15,11,10));
#8196=IFCINDEXEDPOLYGONALFACE((15,14,12,11));
#8197=IFCINDEXEDPOLYGONALFACE((14,13,9,12));
#8198=IFCCARTESIANPOINTLIST3D(((17.612332676350054,6.2474267230776359,1.599999999999995),(18.212332676350051,6.247426723077635,1.599999999999995),(18.212332676350051,6.5474267230785985,1.599999999999995),(17.612332676350054,6.5474267230786021,1.599999999999995),(17.612332676350054,6.2474267230776359,0.),(17.612332676350054,6.5474267230786021,0.),(18.212332676350051,6.5474267230785985,0.),(18.212332676350051,6.247426723077635,0.),(18.18233267635005,6.247426723077635,1.5700000000000791),(18.18233267635005,6.247426723077635,0.020000000000018225),(17.642332676350051,6.2474267230776359,0.020000000000018336),(17.642332676350051,6.247426723077635,1.5700000000000791),(18.182332676350132,6.0874267230776367,1.5700000000000272),(17.64233267635014,6.0874267230776375,1.5700000000000272),(17.64233267635014,6.0874267230776375,0.010000000000011333),(18.182332676350132,6.0874267230776367,0.010000000000011333)));
#8199=IFCPOLYGONALFACESET(#8198,.T.,(#8187,#8188,#8189,#8190,#8191,#8192,#8193,#8194,#8195,#8196,#8197),$);
#8200=IFCSHAPEREPRESENTATION(#26,'Body','Tessellation',(#8199));
#8201=IFCCARTESIANPOINT((0.,0.,0.80000000000000004));
#8202=IFCPRODUCTDEFINITIONSHAPE($,$,(#8200));
#8203=IFCCARTESIANPOINT((22.122332676350045,6.3174267230785937,0.80000000000000004));
#8204=IFCAXIS2PLACEMENT3D(#8203,#9,#6);
#8205=IFCLOCALPLACEMENT(#137,#8204);
#8206=IFCOPENINGELEMENT('0Frz6a3F2CAFaz5mQe$JuI',#18,'Basiswand:Ziegel+WD hart 300+160:2521056',$,$,#8205,#8202,'2524148',.OPENING.);
#8207=IFCRELVOIDSELEMENT('2683HWEmYc7TThrIihqaO8',#18,$,$,#185,#8206);
#8208=IFCAXIS2PLACEMENT3D(#3,$,$);
#8210=IFCAXIS2PLACEMENT3D(#8226,$,$);
#8212=IFCINDEXEDPOLYGONALFACE((1,2,3,4));
#8213=IFCINDEXEDPOLYGONALFACE((5,6,7,8));
#8214=IFCINDEXEDPOLYGONALFACE((1,4,6,5));
#8215=IFCINDEXEDPOLYGONALFACE((4,3,7,6));
#8216=IFCINDEXEDPOLYGONALFACE((3,2,8,7));
#8217=IFCINDEXEDPOLYGONALFACEWITHVOIDS((2,1,5,8),((9,10,11,12)));
#8218=IFCINDEXEDPOLYGONALFACE((13,14,15,16));
#8219=IFCINDEXEDPOLYGONALFACE((13,16,10,9));
#8220=IFCINDEXEDPOLYGONALFACE((16,15,11,10));
#8221=IFCINDEXEDPOLYGONALFACE((15,14,12,11));
#8222=IFCINDEXEDPOLYGONALFACE((14,13,9,12));
#8223=IFCCARTESIANPOINTLIST3D(((21.422332676350049,6.247426723077627,1.599999999999995),(22.022332676350047,6.2474267230776261,1.599999999999995),(22.022332676350047,6.5474267230785896,1.599999999999995),(21.422332676350049,6.5474267230785932,1.599999999999995),(21.422332676350049,6.247426723077627,0.),(21.422332676350049,6.5474267230785932,0.),(22.022332676350047,6.5474267230785896,0.),(22.022332676350047,6.2474267230776261,0.),(21.992332676350046,6.2474267230776261,1.5700000000000791),(21.992332676350046,6.2474267230776261,0.020000000000018225),(21.452332676350046,6.247426723077627,0.020000000000018336),(21.452332676350046,6.2474267230776261,1.5700000000000791),(21.992332676350124,6.0874267230776278,1.5700000000000272),(21.452332676350132,6.0874267230776287,1.5700000000000272),(21.452332676350132,6.0874267230776287,0.010000000000011333),(21.992332676350127,6.0874267230776278,0.010000000000011333)));
#8224=IFCPOLYGONALFACESET(#8223,.T.,(#8212,#8213,#8214,#8215,#8216,#8217,#8218,#8219,#8220,#8221,#8222),$);
#8225=IFCSHAPEREPRESENTATION(#26,'Body','Tessellation',(#8224));
#8226=IFCCARTESIANPOINT((0.,0.,0.80000000000000004));
#8227=IFCPRODUCTDEFINITIONSHAPE($,$,(#8225));
#8228=IFCCARTESIANPOINT((22.122332676350045,6.3174267230785937,0.80000000000000004));
#8229=IFCAXIS2PLACEMENT3D(#8228,#9,#6);
#8230=IFCLOCALPLACEMENT(#137,#8229);
#8231=IFCOPENINGELEMENT('3tSi0Scs9RAKh7XsQWKEtP',#18,'Basiswand:Ziegel+WD hart 300+160:2521056',$,$,#8230,#8227,'2524451',.OPENING.);
#8232=IFCRELVOIDSELEMENT('0HF1LEvCYCQSaUZ4pbp2Cm',#18,$,$,#185,#8231);
#8233=IFCAXIS2PLACEMENT3D(#3,$,$);
#8235=IFCAXIS2PLACEMENT3D(#3,$,$);
#8237=IFCINDEXEDPOLYGONALFACE((1,2,3,4));
#8238=IFCINDEXEDPOLYGONALFACE((5,6,7,8));
#8239=IFCINDEXEDPOLYGONALFACE((1,4,6,5));
#8240=IFCINDEXEDPOLYGONALFACEWITHVOIDS((4,3,7,6),((9,10,11,12)));
#8241=IFCINDEXEDPOLYGONALFACE((3,2,8,7));
#8242=IFCINDEXEDPOLYGONALFACE((2,1,5,8));
#8243=IFCINDEXEDPOLYGONALFACE((13,14,15,16));
#8244=IFCINDEXEDPOLYGONALFACE((13,16,10,9));
#8245=IFCINDEXEDPOLYGONALFACE((16,15,11,10));
#8246=IFCINDEXEDPOLYGONALFACE((15,14,12,11));
#8247=IFCINDEXEDPOLYGONALFACE((14,13,9,12));
#8248=IFCCARTESIANPOINTLIST3D(((8.8923326763500512,12.407426723078622,2.2499999999999751),(8.8923326763500548,13.542426723078622,2.2499999999999751),(8.5923326763490895,13.542426723078622,2.2499999999999751),(8.5923326763490877,12.407426723078622,2.2499999999999751),(8.8923326763500512,12.407426723078622,-0.20000000000001908),(8.5923326763490877,12.407426723078622,-0.20000000000001908),(8.5923326763490895,13.542426723078622,-0.20000000000001908),(8.8923326763500548,13.542426723078622,-0.20000000000001908),(8.5923326763490895,12.437426723078627,2.2199999999999469),(8.5923326763490895,12.437426723078627,-0.10000000000001658),(8.5923326763490895,13.512426723078621,-0.10000000000001658),(8.5923326763490895,13.512426723078621,2.2199999999999469),(8.4323326763490911,12.437426723078611,2.2199999999999633),(8.4323326763490911,13.512426723078615,2.2199999999999633),(8.4323326763490893,13.512426723078615,-0.10000000000001666),(8.4323326763490911,12.437426723078611,-0.10000000000001666)));
#8249=IFCPOLYGONALFACESET(#8248,.T.,(#8237,#8238,#8239,#8240,#8241,#8242,#8243,#8244,#8245,#8246,#8247),$);
#8250=IFCSHAPEREPRESENTATION(#26,'Body','Tessellation',(#8249));
#8251=IFCPRODUCTDEFINITIONSHAPE($,$,(#8250));
#8252=IFCCARTESIANPOINT((15.007426723078625,-8.6623326763500561,0.));
#8253=IFCAXIS2PLACEMENT3D(#8252,#9,#7);
#8254=IFCLOCALPLACEMENT(#203,#8253);
#8255=IFCOPENINGELEMENT('3Nud_4N$TXAYJgyUTlQJTK',#18,'Basiswand:Ziegel+WD hart 300+160:2521555',$,$,#8254,#8251,'2536546',.OPENING.);
#8256=IFCRELVOIDSELEMENT('0AX2AndZ9En4yUtvf6msUI',#18,$,$,#259,#8255);
#8257=IFCRELFILLSELEMENT('3HRE6$fUKjlTGacWGubXLM',#18,$,$,#8255,#4189);
#8258=IFCCARTESIANPOINT((9.3523326763510166,12.407426723078602,-0.20000000000001911));
#8259=IFCAXIS2PLACEMENT3D(#8258,#9,#7);
#8260=IFCLOCALPLACEMENT(#8254,#8259);
#8261=IFCAXIS2PLACEMENT3D(#3,$,$);
#8263=IFCAXIS2PLACEMENT3D(#3,$,$);
#8265=IFCINDEXEDPOLYGONALFACE((1,2,3,4));
#8266=IFCINDEXEDPOLYGONALFACE((5,6,7,8));
#8267=IFCINDEXEDPOLYGONALFACE((1,5,8,2));
#8268=IFCINDEXEDPOLYGONALFACEWITHVOIDS((2,8,7,3),((9,10,11,12)));
#8269=IFCINDEXEDPOLYGONALFACE((3,7,6,4));
#8270=IFCINDEXEDPOLYGONALFACE((4,6,5,1));
#8271=IFCINDEXEDPOLYGONALFACE((13,14,15,16));
#8272=IFCINDEXEDPOLYGONALFACE((13,9,12,14));
#8273=IFCINDEXEDPOLYGONALFACE((14,12,11,15));
#8274=IFCINDEXEDPOLYGONALFACE((15,11,10,16));
#8275=IFCINDEXEDPOLYGONALFACE((16,10,9,13));
#8276=IFCCARTESIANPOINTLIST3D(((8.8923326763500512,12.107426723078621,2.2499999999999751),(8.5923326763490877,12.107426723078621,2.2499999999999751),(8.5923326763490877,10.972426723078623,2.2499999999999751),(8.8923326763500494,10.972426723078621,2.2499999999999751),(8.8923326763500512,12.107426723078621,-0.20000000000001908),(8.8923326763500494,10.972426723078621,-0.20000000000001908),(8.5923326763490877,10.972426723078623,-0.20000000000001908),(8.5923326763490877,12.107426723078621,-0.20000000000001908),(8.5923326763490895,12.077426723078617,2.2199999999999469),(8.5923326763490877,11.002426723078623,2.2199999999999469),(8.5923326763490877,11.002426723078623,-0.10000000000001658),(8.5923326763490895,12.077426723078617,-0.10000000000001658),(8.4323326763490911,12.077426723078633,2.2199999999999633),(8.4323326763490911,12.077426723078633,-0.10000000000001666),(8.4323326763490858,11.002426723078628,-0.10000000000001666),(8.4323326763490858,11.00242672307863,2.2199999999999633)));
#8277=IFCPOLYGONALFACESET(#8276,.T.,(#8265,#8266,#8267,#8268,#8269,#8270,#8271,#8272,#8273,#8274,#8275),$);
#8278=IFCSHAPEREPRESENTATION(#26,'Body','Tessellation',(#8277));
#8279=IFCPRODUCTDEFINITIONSHAPE($,$,(#8278));
#8280=IFCCARTESIANPOINT((15.007426723078625,-8.6623326763500561,0.));
#8281=IFCAXIS2PLACEMENT3D(#8280,#9,#7);
#8282=IFCLOCALPLACEMENT(#203,#8281);
#8283=IFCOPENINGELEMENT('03UuGJ6WFUG1GpSLCoVUZG',#18,'Basiswand:Ziegel+WD hart 300+160:2521555',$,$,#8282,#8279,'2536884',.OPENING.);
#8284=IFCRELVOIDSELEMENT('0ou2Jj2o8aadmy9rCkQrPM',#18,$,$,#259,#8283);
#8285=IFCRELFILLSELEMENT('1cXSwaero8trLR7jp1lg2X',#18,$,$,#8283,#8108);
#8286=IFCCARTESIANPOINT((8.8923326763500494,10.972426723078621,-0.20000000000001911));
#8287=IFCAXIS2PLACEMENT3D(#8286,#9,#7);
#8288=IFCLOCALPLACEMENT(#8282,#8287);
#8289=IFCAXIS2PLACEMENT3D(#3,$,$);
#8291=IFCAXIS2PLACEMENT3D(#8307,$,$);
#8293=IFCINDEXEDPOLYGONALFACE((1,2,3,4));
#8294=IFCINDEXEDPOLYGONALFACE((5,6,7,8));
#8295=IFCINDEXEDPOLYGONALFACE((1,5,8,2));
#8296=IFCINDEXEDPOLYGONALFACE((2,8,7,3));
#8297=IFCINDEXEDPOLYGONALFACE((3,7,6,4));
#8298=IFCINDEXEDPOLYGONALFACEWITHVOIDS((4,6,5,1),((9,10,11,12)));
#8299=IFCINDEXEDPOLYGONALFACE((13,14,15,16));
#8300=IFCINDEXEDPOLYGONALFACE((13,9,12,14));
#8301=IFCINDEXEDPOLYGONALFACE((14,12,11,15));
#8302=IFCINDEXEDPOLYGONALFACE((15,11,10,16));
#8303=IFCINDEXEDPOLYGONALFACE((16,10,9,13));
#8304=IFCCARTESIANPOINTLIST3D(((8.5923326763490788,9.2949267230786621,1.3999999999999879),(8.8923326763500423,9.2949267230786585,1.3999999999999879),(8.8923326763500459,10.394926723078658,1.3999999999999879),(8.5923326763490788,10.39492672307866,1.3999999999999879),(8.5923326763490788,9.2949267230786621,0.),(8.5923326763490788,10.39492672307866,0.),(8.8923326763500459,10.394926723078658,0.),(8.8923326763500423,9.2949267230786585,0.),(8.5923326763490806,10.364926723078661,1.370000000000005),(8.5923326763490788,9.3249267230786614,1.370000000000005),(8.5923326763490788,9.3249267230786614,0.020000000000002571),(8.5923326763490806,10.364926723078661,0.020000000000002571),(8.4323326763490822,10.364926723078701,1.3699999999999966),(8.4323326763490822,10.364926723078701,0.0099999999999993427),(8.4323326763490805,9.3249267230787165,0.0099999999999993427),(8.4323326763490805,9.3249267230787165,1.3699999999999957)));
#8305=IFCPOLYGONALFACESET(#8304,.T.,(#8293,#8294,#8295,#8296,#8297,#8298,#8299,#8300,#8301,#8302,#8303),$);
#8306=IFCSHAPEREPRESENTATION(#26,'Body','Tessellation',(#8305));
#8307=IFCCARTESIANPOINT((0.,0.,0.84999999999999998));
#8308=IFCPRODUCTDEFINITIONSHAPE($,$,(#8306));
#8309=IFCCARTESIANPOINT((15.007426723078625,-8.6623326763500561,0.84999999999999998));
#8310=IFCAXIS2PLACEMENT3D(#8309,#9,#7);
#8311=IFCLOCALPLACEMENT(#203,#8310);
#8312=IFCOPENINGELEMENT('0zFVNJR$85ONKxJZhyS7C4',#18,'Basiswand:Ziegel+WD hart 300+160:2521555',$,$,#8311,#8308,'2531222',.OPENING.);
#8313=IFCRELVOIDSELEMENT('0ROMbrlccNCP65YMdWoabd',#18,$,$,#259,#8312);
#8314=IFCUNITASSIGNMENT((#19,#20,#21,#132));
#8315=IFCCARTESIANPOINT((0.,0.,0.84999999999999998));
#8316=IFCAXIS2PLACEMENT3D(#8315,$,$);
#8317=IFCCARTESIANPOINT((0.,0.,0.84999999999999998));
#8318=IFCAXIS2PLACEMENT3D(#8317,$,$);
#8319=IFCCARTESIANPOINT((0.,0.,0.80000000000000004));
#8320=IFCAXIS2PLACEMENT3D(#8319,$,$);
#8321=IFCCARTESIANPOINT((0.,0.,0.80000000000000004));
#8322=IFCAXIS2PLACEMENT3D(#8321,$,$);
#8323=IFCAXIS2PLACEMENT3D(#3,$,$);
#8324=IFCAXIS2PLACEMENT3D(#3,$,$);
#8325=IFCCARTESIANPOINT((0.,0.,0.84999999999999998));
#8326=IFCAXIS2PLACEMENT3D(#8325,$,$);
ENDSEC;

END-ISO-10303-21;