ISO-10303-21;
HEADER;
FILE_DESCRIPTION(('ViewDefinition [ReferenceView_V1.2]','RevitIdentifiers [ContentGUID: a5e700a6-a001-46d8-8ab9-958ccb00ac7a, VersionGUID: ae26a802-123e-4493-ae58-49982ff855f4, NumberOfSaves: 7]','CoordinateReference [CoordinateBase: Gemeinsam genutzte Koordinaten, ProjectSite: Intern]','ExchangeRequirement [Architecture]'),'2;1');
FILE_NAME('2026-01-IBC-ExitSample-v2-purified.ifc','2026-01-27T10:49:23',(''),(''),'ODA SDAI 25.12','Autodesk Revit 26.1.0.35 (DEU) - IFC 26.1.0.35','');
FILE_SCHEMA(('IFC4'));
ENDSEC;

DATA;
#1=IFCORGANIZATION($,'Autodesk Revit 2026 (DEU)',$,$,$);
#2=IFCAPPLICATION(#1,'2026','Autodesk Revit 2026 (DEU)','Revit');
#3=IFCCARTESIANPOINT((0.,0.,0.));
#4=IFCCARTESIANPOINT((0.,0.));
#5=IFCDIRECTION((1.,0.,0.));
#6=IFCDIRECTION((-1.,0.,0.));
#7=IFCDIRECTION((0.,1.,0.));
#8=IFCDIRECTION((0.,-1.,0.));
#9=IFCDIRECTION((0.,0.,1.));
#10=IFCDIRECTION((0.,0.,-1.));
#11=IFCDIRECTION((1.,0.));
#12=IFCDIRECTION((-1.,0.));
#13=IFCDIRECTION((0.,1.));
#14=IFCDIRECTION((0.,-1.));
#15=IFCPERSON($,'','sebastian.esserTXJS6',$,$,$,$,$);
#16=IFCORGANIZATION($,'','',$,$);
#17=IFCPERSONANDORGANIZATION(#15,#16,$);
#18=IFCOWNERHISTORY(#17,#2,$,.NOCHANGE.,$,$,$,1769421684);
#19=IFCSIUNIT(*,.LENGTHUNIT.,$,.METRE.);
#20=IFCSIUNIT(*,.AREAUNIT.,$,.SQUARE_METRE.);
#21=IFCSIUNIT(*,.VOLUMEUNIT.,$,.CUBIC_METRE.);
#22=IFCAXIS2PLACEMENT3D(#3,$,$);
#23=IFCDIRECTION((6.123233995736766E-017,1.));
#24=IFCGEOMETRICREPRESENTATIONCONTEXT($,'Model',3,1.0000000000000001E-005,#22,#23);
#25=IFCGEOMETRICREPRESENTATIONSUBCONTEXT('Axis','Model',*,*,*,*,#24,$,.GRAPH_VIEW.,$);
#26=IFCGEOMETRICREPRESENTATIONSUBCONTEXT('Body','Model',*,*,*,*,#24,$,.MODEL_VIEW.,$);
#27=IFCGEOMETRICREPRESENTATIONSUBCONTEXT('Box','Model',*,*,*,*,#24,$,.MODEL_VIEW.,$);
#28=IFCGEOMETRICREPRESENTATIONSUBCONTEXT('FootPrint','Model',*,*,*,*,#24,$,.MODEL_VIEW.,$);
#29=IFCPROJECT('2bvm2ce056s8gvbOmq$rEA',#18,'2018_01',$,$,'','Projekt  Status',(#24),#8642);
#30=IFCCLASSIFICATION('CSI (Construction Specifications Institute)','1998',$,'Uniformat','UniFormat Classification','https://www.csiresources.org/standards/uniformat',$);
#31=IFCAXIS2PLACEMENT3D(#3,$,$);
#33=IFCAXIS2PLACEMENT3D(#3,$,$);
#34=IFCLOCALPLACEMENT($,#33);
#35=IFCSITE('2bvm2ce056s8gvbOmq$rE8',#18,'Default',$,$,#34,$,$,.ELEMENT.,(48,8,15,359802),(11,34,47,783432),0.,$,$);
#36=IFCPROPERTYSINGLEVALUE('Reference',$,IFCIDENTIFIER('Projektinformationen'),$);
#37=IFCPROPERTYSET('35wVs2fxKFntqrZZlRFtb1',#18,'Pset_SiteCommon',$,(#36));
#38=IFCRELDEFINESBYPROPERTIES('3bb5$4H5lb$PqTpYidVaPL',#18,$,$,(#35),#37);
#39=IFCCARTESIANPOINT((8.8923326763500548,14.777426723078625,0.));
#40=IFCAXIS2PLACEMENT3D(#39,$,$);
#41=IFCLOCALPLACEMENT(#34,#40);
#42=IFCCARTESIANPOINTLIST3D(((0.,0.,0.),(8.4900000000000002,0.,0.)));
#43=IFCINDEXEDPOLYCURVE(#42,$,.F.);
#44=IFCSHAPEREPRESENTATION(#25,'Axis','Curve3D',(#43));
#45=IFCPRODUCTDEFINITIONSHAPE($,$,(#44,#98));
#46=IFCCOLOURRGBLIST(((0.96862745098039216,0.96862745098039216,0.96862745098039216)));
#47=IFCINDEXEDPOLYGONALFACE((1,2,3,4,5));
#48=IFCINDEXEDPOLYGONALFACE((6,7,8,9,10));
#49=IFCINDEXEDPOLYGONALFACE((2,10,9,3));
#50=IFCINDEXEDPOLYGONALFACEWITHVOIDS((4,3,9,8),((11,12,13,14),(15,16,17,18),(19,20,21,22)));
#51=IFCINDEXEDPOLYGONALFACEWITHVOIDS((2,1,5,7,6,10),((23,24,25,26),(27,28,29,30),(31,32,33,34)));
#52=IFCINDEXEDPOLYGONALFACE((32,31,20,19));
#53=IFCINDEXEDPOLYGONALFACE((34,33,22,21));
#54=IFCINDEXEDPOLYGONALFACE((31,34,21,20));
#55=IFCINDEXEDPOLYGONALFACE((33,32,19,22));
#56=IFCINDEXEDPOLYGONALFACE((28,27,16,15));
#57=IFCINDEXEDPOLYGONALFACE((30,29,18,17));
#58=IFCINDEXEDPOLYGONALFACE((29,28,15,18));
#59=IFCINDEXEDPOLYGONALFACE((27,30,17,16));
#60=IFCINDEXEDPOLYGONALFACE((24,23,12,11));
#61=IFCINDEXEDPOLYGONALFACE((26,25,14,13));
#62=IFCINDEXEDPOLYGONALFACE((23,26,13,12));
#63=IFCINDEXEDPOLYGONALFACE((25,24,11,14));
#64=IFCINDEXEDPOLYGONALFACE((7,5,4,8));
#65=IFCCARTESIANPOINTLIST3D(((8.0300000000000011,-0.23000000000000043,0.),(0.,-0.23000000000000043,0.),(0.,0.069999999999998508,0.),(8.3300000000000018,0.069999999999998508,0.),(8.3300000000000018,-0.23000000000000043,0.),(8.0300000000000011,-0.23000000000000043,3.0000000000000004),(8.3300000000000018,-0.23000000000000043,3.0000000000000004),(8.3300000000000018,0.069999999999998508,3.0000000000000004),(0.,0.069999999999998508,3.0000000000000004),(0.,-0.23000000000000043,3.0000000000000004),(5.6300000000000008,0.070000000000321805,2.249999999999988),(4.5300000000000011,0.070000000000321805,2.249999999999988),(4.5300000000000011,0.070000000000321805,0.84999999999999998),(5.6300000000000008,0.070000000000321805,0.84999999999999998),(4.1000000000000139,0.070000000000321805,2.249999999999988),(3.000000000000016,0.070000000000321805,2.249999999999988),(3.000000000000016,0.070000000000321805,0.84999999999999998),(4.1000000000000139,0.070000000000321805,0.84999999999999998),(2.2999999999999989,0.070000000000321805,2.249999999999988),(1.2000000000000011,0.070000000000321805,2.249999999999988),(1.2000000000000011,0.070000000000321805,0.84999999999999998),(2.2999999999999989,0.070000000000321805,0.84999999999999998),(4.5300000000000011,-0.22999999999999687,2.249999999999988),(5.6299999999999955,-0.22999999999999687,2.249999999999988),(5.6299999999999955,-0.22999999999999687,0.84999999999999998),(4.5300000000000011,-0.22999999999999687,0.84999999999999998),(3.0000000000000178,-0.22999999999999687,2.249999999999988),(4.1000000000000139,-0.22999999999999687,2.249999999999988),(4.1000000000000139,-0.22999999999999687,0.84999999999999998),(3.0000000000000178,-0.22999999999999687,0.84999999999999998),(1.2000000000000011,-0.22999999999999687,2.249999999999988),(2.2999999999999972,-0.22999999999999687,2.249999999999988),(2.2999999999999972,-0.22999999999999687,0.84999999999999998),(1.2000000000000011,-0.22999999999999687,0.84999999999999998)));
#66=IFCPOLYGONALFACESET(#65,.T.,(#47,#48,#49,#50,#51,#52,#53,#54,#55,#56,#57,#58,#59,#60,#61,#62,#63,#64),$);
#67=IFCINDEXEDCOLOURMAP(#66,1.,#46,(1,1,1,1,1,1,1,1,1,1,1,1,1,1,1,1,1,1));
#68=IFCCOLOURRGB($,0.96862745098039216,0.96862745098039216,0.96862745098039216);
#69=IFCSURFACESTYLERENDERING(#68,0.,$,$,$,$,IFCNORMALISEDRATIOMEASURE(0.5),IFCSPECULAREXPONENT(128.),.NOTDEFINED.);
#70=IFCSURFACESTYLE('Mauerwerk - Ziegel',.BOTH.,(#69));
#71=IFCSTYLEDITEM(#66,(#70),$);
#72=IFCCOLOURRGBLIST(((0.75294117647058822,0.84313725490196079,0.87058823529411766)));
#73=IFCINDEXEDPOLYGONALFACEWITHVOIDS((13,14,15,16),((1,2,3,4),(5,6,7,8),(9,10,11,12)));
#74=IFCINDEXEDPOLYGONALFACEWITHVOIDS((29,30,31,32),((17,18,19,20),(21,22,23,24),(25,26,27,28)));
#75=IFCINDEXEDPOLYGONALFACE((30,29,14,13));
#76=IFCINDEXEDPOLYGONALFACE((32,31,16,15));
#77=IFCINDEXEDPOLYGONALFACE((31,30,13,16));
#78=IFCINDEXEDPOLYGONALFACE((29,32,15,14));
#79=IFCINDEXEDPOLYGONALFACE((26,25,10,9));
#80=IFCINDEXEDPOLYGONALFACE((25,28,11,10));
#81=IFCINDEXEDPOLYGONALFACE((28,27,12,11));
#82=IFCINDEXEDPOLYGONALFACE((27,26,9,12));
#83=IFCINDEXEDPOLYGONALFACE((22,21,6,5));
#84=IFCINDEXEDPOLYGONALFACE((23,22,5,8));
#85=IFCINDEXEDPOLYGONALFACE((24,23,8,7));
#86=IFCINDEXEDPOLYGONALFACE((21,24,7,6));
#87=IFCINDEXEDPOLYGONALFACE((18,17,2,1));
#88=IFCINDEXEDPOLYGONALFACE((17,20,3,2));
#89=IFCINDEXEDPOLYGONALFACE((20,19,4,3));
#90=IFCINDEXEDPOLYGONALFACE((19,18,1,4));
#91=IFCCARTESIANPOINTLIST3D(((5.6000000000000014,0.070000000000321805,2.2200000000000055),(5.6000000000000014,0.070000000000321805,0.87000000000002264),(4.5600000000000041,0.070000000000321805,0.87000000000002276),(4.5600000000000005,0.070000000000321805,2.2200000000000055),(3.0300000000000153,0.070000000000321805,0.87000000000002276),(3.0300000000000153,0.070000000000321805,2.2200000000000055),(4.0700000000000145,0.070000000000321805,2.2200000000000055),(4.0700000000000145,0.070000000000321805,0.87000000000002276),(2.2699999999999996,0.070000000000321805,2.2200000000000055),(2.2699999999999996,0.070000000000321805,0.87000000000002276),(1.2300000000000022,0.070000000000321805,0.87000000000002276),(1.2300000000000004,0.070000000000321805,2.2200000000000055),(0.,0.069999999999998508,0.),(8.490000000000002,0.069999999999998508,0.),(8.490000000000002,0.069999999999998508,3.0000000000000004),(0.,0.069999999999998508,3.0000000000000004),(5.6000000000000423,0.23000000000032195,0.86000000000003951),(5.6000000000000423,0.23000000000032195,2.2199999999999966),(4.5600000000000573,0.23000000000032195,2.2199999999999966),(4.5600000000000573,0.23000000000032195,0.86000000000003951),(3.0299999999999745,0.23000000000032195,2.2199999999999966),(3.0299999999999745,0.23000000000032195,0.86000000000001942),(4.0699999999999594,0.23000000000032195,0.8600000000000193),(4.0699999999999594,0.23000000000032195,2.2199999999999966),(2.2700000000000404,0.23000000000032195,0.86000000000001942),(2.2700000000000404,0.23000000000032195,2.2199999999999966),(1.2300000000000555,0.23000000000032195,2.2199999999999966),(1.2300000000000555,0.23000000000032195,0.8600000000000193),(8.4899999999999984,0.23000000000000043,0.),(0.,0.23000000000000043,0.),(0.,0.23000000000000043,3.0000000000000004),(8.4899999999999984,0.23000000000000043,3.0000000000000004)));
#92=IFCPOLYGONALFACESET(#91,.T.,(#73,#74,#75,#76,#77,#78,#79,#80,#81,#82,#83,#84,#85,#86,#87,#88,#89,#90),$);
#93=IFCINDEXEDCOLOURMAP(#92,1.,#72,(1,1,1,1,1,1,1,1,1,1,1,1,1,1,1,1,1,1));
#94=IFCCOLOURRGB($,0.75294117647058822,0.84313725490196079,0.87058823529411766);
#95=IFCSURFACESTYLERENDERING(#94,0.,$,$,$,$,IFCNORMALISEDRATIOMEASURE(0.5),IFCSPECULAREXPONENT(128.),.NOTDEFINED.);
#96=IFCSURFACESTYLE('D\X\E4mmung - hart',.BOTH.,(#95));
#97=IFCSTYLEDITEM(#92,(#96),$);
#98=IFCSHAPEREPRESENTATION(#26,'Body','Tessellation',(#66,#92));
#99=IFCSHAPEREPRESENTATION(#26,'Body','Tessellation',(#92));
#100=IFCSHAPEASPECT((#99),'D\X\E4mmung - hart',$,.U.,#45);
#101=IFCSHAPEREPRESENTATION(#26,'Body','Tessellation',(#66));
#102=IFCSHAPEASPECT((#101),'Mauerwerk - Ziegel',$,.U.,#45);
#103=IFCWALL('2UrcDAH9X4LAAFPjCZFxyp',#18,'Basiswand:Ziegel+WD hart 300+160:2520914',$,'Basiswand:Ziegel+WD hart 300+160',#41,#45,'2520914',.NOTDEFINED.);
#104=IFCMATERIAL('D\X\E4mmung - hart',$,'Generisch');
#105=IFCMATERIAL('Mauerwerk - Ziegel',$,'Generisch');
#106=IFCMATERIALCONSTITUENT('D\X\E4mmung - hart',$,#104,0.34782608695652184,'Generisch');
#107=IFCQUANTITYLENGTH('Width',$,$,0.16,$);
#108=IFCMATERIALCONSTITUENT('Mauerwerk - Ziegel',$,#105,0.65217391304347827,'Generisch');
#109=IFCQUANTITYLENGTH('Width',$,$,0.29999999999999993,$);
#110=IFCMATERIALCONSTITUENTSET('Basiswand:Ziegel+WD hart 300+160',$,(#106,#108));
#111=IFCPHYSICALCOMPLEXQUANTITY('D\X\E4mmung - hart',$,(#107),'Layer',$,$);
#112=IFCPHYSICALCOMPLEXQUANTITY('Mauerwerk - Ziegel',$,(#109),'Layer',$,$);
#113=IFCQUANTITYLENGTH('Width',$,$,0.45999999999999996,$);
#114=IFCQUANTITYLENGTH('Height',$,$,3.0000000000000004,$);
#115=IFCQUANTITYLENGTH('Length',$,$,8.2599999999999998,$);
#116=IFCQUANTITYVOLUME('GrossVolume',$,$,13.841399999999979,$);
#117=IFCQUANTITYAREA('GrossSideArea',$,$,30.089999999999957,$);
#118=IFCQUANTITYAREA('NetSideArea',$,$,21.258000000000003,$);
#119=IFCQUANTITYVOLUME('NetVolume',$,$,9.6537839999996482,$);
#120=IFCELEMENTQUANTITY('1743MBrV3GMTu9s0GRKuFv',#18,'Qto_WallBaseQuantities',$,$,(#111,#112,#113,#114,#115,#116,#117,#118,#119));
#121=IFCRELDEFINESBYPROPERTIES('2$4GwHt$9S5ysNybQWacL$',#18,$,$,(#103),#120);
#122=IFCWALLTYPE('1ZU3D9$OrB9Q3fkDK9b0T7',#18,'Basiswand:Ziegel+WD hart 300+160',$,$,(#142),$,'712304',$,.STANDARD.);
#123=IFCPROPERTYSINGLEVALUE('Reference',$,IFCIDENTIFIER('Ziegel+WD hart 300+160'),$);
#124=IFCPROPERTYSET('3uINs75YQ2RUFQmFxuFXgg',#18,'Pset_EnvironmentalImpactIndicators',$,(#123));
#125=IFCPROPERTYSINGLEVALUE('Reference',$,IFCLABEL('Ziegel+WD hart 300+160'),$);
#126=IFCPROPERTYSET('3gCfa4dkLpOVy7Mx4BkRYB',#18,'Pset_ReinforcementBarPitchOfWall',$,(#125));
#127=IFCPROPERTYSINGLEVALUE('IsExternal',$,IFCBOOLEAN(.T.),$);
#128=IFCPROPERTYSINGLEVALUE('LoadBearing',$,IFCBOOLEAN(.F.),$);
#129=IFCPROPERTYSINGLEVALUE('ExtendToStructure',$,IFCBOOLEAN(.F.),$);
#130=IFCPROPERTYSET('1ODoppYmfGnYz2kzM8o$ak',#18,'Pset_WallCommon',$,(#123,#127,#128,#129));
#131=IFCRELDEFINESBYPROPERTIES('3IGBcvF51p$ffTutvxIfSK',#18,$,$,(#103),#124);
#132=IFCRELDEFINESBYPROPERTIES('2yCNm1mYoBCrWT6k9sncuG',#18,$,$,(#103),#126);
#133=IFCRELDEFINESBYPROPERTIES('0cdmLS7$RF$evbkDA9UvEt',#18,$,$,(#103),#130);
#134=IFCSIUNIT(*,.MASSUNIT.,.KILO.,.GRAM.);
#135=IFCDERIVEDUNITELEMENT(#134,1);
#136=IFCSIUNIT(*,.THERMODYNAMICTEMPERATUREUNIT.,$,.KELVIN.);
#137=IFCDERIVEDUNITELEMENT(#136,-1);
#138=IFCSIUNIT(*,.TIMEUNIT.,$,.SECOND.);
#139=IFCDERIVEDUNITELEMENT(#138,-3);
#140=IFCDERIVEDUNIT((#135,#137,#139),.THERMALTRANSMITTANCEUNIT.,$);
#141=IFCPROPERTYSINGLEVALUE('ThermalTransmittance',$,IFCTHERMALTRANSMITTANCEMEASURE(0.15428571428571428),$);
#142=IFCPROPERTYSET('2mrlb773pTsasx$ulHTfJw',#18,'Pset_WallCommon',$,(#141));
#143=IFCCARTESIANPOINT((22.122332676350045,6.3174267230785937,0.));
#144=IFCAXIS2PLACEMENT3D(#143,#9,#6);
#145=IFCLOCALPLACEMENT(#34,#144);
#146=IFCCARTESIANPOINTLIST3D(((-2.0653295714651348E-015,0.,0.),(7.5699999999999967,0.,0.)));
#147=IFCINDEXEDPOLYCURVE(#146,$,.F.);
#148=IFCSHAPEREPRESENTATION(#25,'Axis','Curve3D',(#147));
#149=IFCPRODUCTDEFINITIONSHAPE($,$,(#148,#196));
#150=IFCCOLOURRGBLIST(((0.96862745098039216,0.96862745098039216,0.96862745098039216)));
#151=IFCINDEXEDPOLYGONALFACE((1,2,3,4,5,6,7,8));
#152=IFCINDEXEDPOLYGONALFACE((9,10,11,12));
#153=IFCINDEXEDPOLYGONALFACE((13,9,12,14,15,16,17,18));
#154=IFCINDEXEDPOLYGONALFACE((2,15,14,3));
#155=IFCINDEXEDPOLYGONALFACE((10,19,20,11));
#156=IFCINDEXEDPOLYGONALFACEWITHVOIDS((11,20,21,22,4,3,14,12),((23,24,25,26),(27,28,29,30)));
#157=IFCINDEXEDPOLYGONALFACEWITHVOIDS((10,9,13,18,17,16,15,2,1,8,7,6,5,31,32,19),((33,34,35,36),(37,38,39,40)));
#158=IFCINDEXEDPOLYGONALFACE((38,37,28,27));
#159=IFCINDEXEDPOLYGONALFACE((40,39,30,29));
#160=IFCINDEXEDPOLYGONALFACE((39,38,27,30));
#161=IFCINDEXEDPOLYGONALFACE((37,40,29,28));
#162=IFCINDEXEDPOLYGONALFACE((34,33,24,23));
#163=IFCINDEXEDPOLYGONALFACE((36,35,26,25));
#164=IFCINDEXEDPOLYGONALFACE((35,34,23,26));
#165=IFCINDEXEDPOLYGONALFACE((33,36,25,24));
#166=IFCINDEXEDPOLYGONALFACE((32,31,22,21));
#167=IFCINDEXEDPOLYGONALFACE((19,32,21,20));
#168=IFCINDEXEDPOLYGONALFACE((31,5,4,22));
#169=IFCCARTESIANPOINTLIST3D(((1.860000000000001,-0.23000000000000131,0.),(-1.9474297618917952E-015,-0.23000000000000131,0.),(-2.6721177638068725E-015,0.069999999999999396,0.),(6.1349999999999953,0.070000000000320917,0.),(6.1349999999999962,-0.2300000000000022,0.),(5.1999999999999869,-0.2300000000000022,0.),(4.9599999999999884,-0.2300000000000022,0.),(2.0999999999999996,-0.23000000000000131,0.),(7.569999999999995,-0.2300000000000022,3.0000000000000004),(7.569999999999995,-0.2300000000000022,0.),(7.5699999999999941,0.069999999999999396,0.),(7.5699999999999941,0.069999999999999396,3.0000000000000004),(5.1999999999999869,-0.2300000000000022,3.0000000000000004),(-2.6721177638068725E-015,0.069999999999999396,3.0000000000000004),(-1.9474297618917952E-015,-0.23000000000000131,3.0000000000000004),(1.860000000000001,-0.23000000000000131,3.0000000000000004),(2.0999999999999996,-0.23000000000000131,3.0000000000000004),(4.9599999999999849,-0.2300000000000022,3.0000000000000004),(7.2699999999999978,-0.23000000000000131,0.),(7.2699999999999969,0.070000000000321805,0.),(7.2699999999999969,0.070000000000321805,2.2499999999999751),(6.1349999999999953,0.070000000000320917,2.2499999999999751),(0.69999999999999307,0.070000000000321805,2.399999999999995),(0.09999999999999519,0.070000000000320917,2.399999999999995),(0.09999999999999519,0.070000000000320917,0.80000000000000004),(0.69999999999999307,0.070000000000321805,0.80000000000000004),(4.5099999999999882,0.070000000000321805,2.399999999999995),(3.9099999999999904,0.070000000000321805,2.399999999999995),(3.9099999999999904,0.070000000000321805,0.80000000000000004),(4.5099999999999882,0.070000000000321805,0.80000000000000004),(6.1349999999999962,-0.23000000000000043,2.2499999999999751),(7.2699999999999978,-0.23000000000000131,2.2499999999999751),(0.099999999999995925,-0.23000000000000043,2.399999999999995),(0.69999999999999374,-0.23000000000000043,2.399999999999995),(0.69999999999999374,-0.23000000000000043,0.80000000000000004),(0.099999999999995925,-0.23000000000000043,0.80000000000000004),(3.9099999999999913,-0.23000000000000131,2.399999999999995),(4.5099999999999891,-0.23000000000000043,2.399999999999995),(4.5099999999999891,-0.23000000000000043,0.80000000000000004),(3.9099999999999913,-0.23000000000000131,0.80000000000000004)));
#170=IFCPOLYGONALFACESET(#169,.T.,(#151,#152,#153,#154,#155,#156,#157,#158,#159,#160,#161,#162,#163,#164,#165,#166,#167,#168),$);
#171=IFCINDEXEDCOLOURMAP(#170,1.,#150,(1,1,1,1,1,1,1,1,1,1,1,1,1,1,1,1,1,1));
#172=IFCSTYLEDITEM(#170,(#70),$);
#173=IFCCOLOURRGBLIST(((0.75294117647058822,0.84313725490196079,0.87058823529411766)));
#174=IFCINDEXEDPOLYGONALFACEWITHVOIDS((9,10,11,12,13,14,15,16,17,18),((1,2,3,4),(5,6,7,8)));
#175=IFCINDEXEDPOLYGONALFACEWITHVOIDS((27,28,29,30,31,32,33,34),((19,20,21,22),(23,24,25,26)));
#176=IFCINDEXEDPOLYGONALFACE((33,32,15,14,13));
#177=IFCINDEXEDPOLYGONALFACE((28,27,11,10));
#178=IFCINDEXEDPOLYGONALFACE((27,34,12,11));
#179=IFCINDEXEDPOLYGONALFACE((24,23,6,5));
#180=IFCINDEXEDPOLYGONALFACE((25,24,5,8));
#181=IFCINDEXEDPOLYGONALFACE((26,25,8,7));
#182=IFCINDEXEDPOLYGONALFACE((23,26,7,6));
#183=IFCINDEXEDPOLYGONALFACE((20,19,2,1));
#184=IFCINDEXEDPOLYGONALFACE((21,20,1,4));
#185=IFCINDEXEDPOLYGONALFACE((22,21,4,3));
#186=IFCINDEXEDPOLYGONALFACE((19,22,3,2));
#187=IFCINDEXEDPOLYGONALFACE((30,29,18,17));
#188=IFCINDEXEDPOLYGONALFACE((32,31,16,15));
#189=IFCINDEXEDPOLYGONALFACE((31,30,17,16));
#190=IFCINDEXEDPOLYGONALFACE((29,28,10,9,18));
#191=IFCINDEXEDPOLYGONALFACE((34,33,13,12));
#192=IFCCARTESIANPOINTLIST3D(((0.12999999999999634,0.070000000000320917,0.8200000000000387),(0.12999999999999634,0.070000000000320917,2.3700000000000792),(0.66999999999999904,0.070000000000321805,2.3700000000000792),(0.66999999999999904,0.070000000000321805,0.8200000000000387),(3.9399999999999915,0.070000000000322693,0.82000000000003848),(3.9399999999999915,0.070000000000322693,2.3700000000000792),(4.4799999999999907,0.070000000000321805,2.3700000000000792),(4.4799999999999907,0.070000000000321805,0.8200000000000387),(7.2699999999999951,0.070000000000000284,0.),(7.5699999999999941,0.069999999999999396,0.),(7.5699999999999941,0.069999999999999396,3.0000000000000004),(-0.30000000000000338,0.070000000000000284,3.0000000000000004),(-0.30000000000000338,0.070000000000000284,0.),(6.1349999999999953,0.069999999999999396,0.),(6.1649999999999965,0.070000000000320917,0.),(6.1649999999999965,0.070000000000320917,2.2199999999999469),(7.2399999999999904,0.070000000000320917,2.2199999999999469),(7.2399999999999904,0.070000000000321805,0.),(0.12999999999991424,0.23000000000032195,2.3700000000000272),(0.12999999999991424,0.23000000000032195,0.81000000000003147),(0.66999999999990978,0.23000000000032106,0.81000000000003147),(0.66999999999990978,0.23000000000032106,2.3700000000000272),(3.9399999999999094,0.23000000000032106,2.3700000000000272),(3.9399999999999094,0.23000000000032106,0.81000000000003147),(4.4799999999999018,0.23000000000032195,0.81000000000003147),(4.4799999999999018,0.23000000000032195,2.3700000000000272),(7.5699999999999976,0.22999999999999865,3.0000000000000004),(7.5699999999999976,0.22999999999999865,0.),(7.2400000000000064,0.22999999999999954,0.),(7.2400000000000064,0.23000000000032017,2.2199999999999633),(6.1650000000000054,0.23000000000032106,2.2199999999999633),(6.1650000000000054,0.22999999999999865,0.),(-0.30000000000000376,0.22999999999999954,0.),(-0.30000000000000376,0.22999999999999954,3.0000000000000004)));
#193=IFCPOLYGONALFACESET(#192,.T.,(#174,#175,#176,#177,#178,#179,#180,#181,#182,#183,#184,#185,#186,#187,#188,#189,#190,#191),$);
#194=IFCINDEXEDCOLOURMAP(#193,1.,#173,(1,1,1,1,1,1,1,1,1,1,1,1,1,1,1,1,1,1));
#195=IFCSTYLEDITEM(#193,(#96),$);
#196=IFCSHAPEREPRESENTATION(#26,'Body','Tessellation',(#170,#193));
#197=IFCSHAPEREPRESENTATION(#26,'Body','Tessellation',(#193));
#198=IFCSHAPEASPECT((#197),'D\X\E4mmung - hart',$,.U.,#149);
#199=IFCSHAPEREPRESENTATION(#26,'Body','Tessellation',(#170));
#200=IFCSHAPEASPECT((#199),'Mauerwerk - Ziegel',$,.U.,#149);
#201=IFCWALL('2UrcDAH9X4LAAFPjCZFx_1',#18,'Basiswand:Ziegel+WD hart 300+160:2521056',$,'Basiswand:Ziegel+WD hart 300+160',#145,#149,'2521056',.NOTDEFINED.);
#202=IFCQUANTITYLENGTH('Height',$,$,3.0000000000000004,$);
#203=IFCQUANTITYLENGTH('Length',$,$,7.799999999999998,$);
#204=IFCQUANTITYVOLUME('GrossVolume',$,$,10.23201000000002,$);
#205=IFCQUANTITYAREA('GrossSideArea',$,$,22.243500000000044,$);
#206=IFCQUANTITYAREA('NetSideArea',$,$,18.649499999999986,$);
#207=IFCQUANTITYVOLUME('NetVolume',$,$,8.453930999999633,$);
#208=IFCELEMENTQUANTITY('2usQe0PCOB8shTY36zSGTd',#18,'Qto_WallBaseQuantities',$,$,(#111,#112,#113,#202,#203,#204,#205,#206,#207));
#209=IFCRELDEFINESBYPROPERTIES('2xIMgx4jV2lnC0SOm0ybP1',#18,$,$,(#201),#208);
#210=IFCPROPERTYSET('1ZXUL$qL3Nvlo2QyV7A5b_',#18,'Pset_EnvironmentalImpactIndicators',$,(#123));
#211=IFCPROPERTYSINGLEVALUE('Reference',$,IFCLABEL('Ziegel+WD hart 300+160'),$);
#212=IFCPROPERTYSET('3_gQbvW$cCecq4LbyuhssO',#18,'Pset_ReinforcementBarPitchOfWall',$,(#211));
#213=IFCPROPERTYSET('3myq0yueOO$YFgJXDLBNHG',#18,'Pset_WallCommon',$,(#123,#127,#128,#129));
#214=IFCRELDEFINESBYPROPERTIES('2jVv2o_eA7YoBegqg8N3gm',#18,$,$,(#201),#210);
#215=IFCRELDEFINESBYPROPERTIES('2O2T5f36xwO$RieNWI0wzR',#18,$,$,(#201),#212);
#216=IFCRELDEFINESBYPROPERTIES('20GXdRofPX591xV295UMAB',#18,$,$,(#201),#213);
#217=IFCCARTESIANPOINT((8.6623326763500561,15.007426723078625,0.));
#218=IFCAXIS2PLACEMENT3D(#217,#9,#8);
#219=IFCLOCALPLACEMENT(#34,#218);
#220=IFCCARTESIANPOINTLIST3D(((0.,5.2937033319882417E-016,0.),(8.6899999999999977,5.6727068272426805E-016,0.)));
#221=IFCINDEXEDPOLYCURVE(#220,$,.F.);
#222=IFCSHAPEREPRESENTATION(#25,'Axis','Curve3D',(#221));
#223=IFCPRODUCTDEFINITIONSHAPE($,$,(#222,#262));
#224=IFCCOLOURRGBLIST(((0.96862745098039216,0.96862745098039216,0.96862745098039216)));
#225=IFCINDEXEDPOLYGONALFACE((1,2,3,4));
#226=IFCINDEXEDPOLYGONALFACE((5,6,7,8));
#227=IFCINDEXEDPOLYGONALFACE((6,9,10,7));
#228=IFCINDEXEDPOLYGONALFACE((9,1,4,10));
#229=IFCINDEXEDPOLYGONALFACE((11,5,8,12));
#230=IFCINDEXEDPOLYGONALFACEWITHVOIDS((12,8,7,10,4,3,13,14),((15,16,17,18)));
#231=IFCINDEXEDPOLYGONALFACEWITHVOIDS((6,5,11,19,20,2,1,9),((21,22,23,24)));
#232=IFCINDEXEDPOLYGONALFACE((22,21,16,15));
#233=IFCINDEXEDPOLYGONALFACE((24,23,18,17));
#234=IFCINDEXEDPOLYGONALFACE((21,24,17,16));
#235=IFCINDEXEDPOLYGONALFACE((23,22,15,18));
#236=IFCINDEXEDPOLYGONALFACE((20,19,14,13));
#237=IFCINDEXEDPOLYGONALFACE((19,11,12,14));
#238=IFCINDEXEDPOLYGONALFACE((2,20,13,3));
#239=IFCCARTESIANPOINTLIST3D(((-1.7763568394002505E-015,0.23000000000000093,0.),(1.4650000000000034,0.23000000000000151,0.),(1.4650000000000016,-0.070000000000320708,0.),(-1.7763568394002505E-015,-0.069999999999998022,0.),(8.6899999999999977,0.23000000000000081,0.),(8.6899999999999977,0.23000000000000081,3.0000000000000004),(8.6899999999999942,-0.069999999999999882,3.0000000000000004),(8.6899999999999977,-0.069999999999999882,0.),(-1.7763568394002505E-015,0.23000000000000093,3.0000000000000004),(-1.7763568394002505E-015,-0.069999999999998022,3.0000000000000004),(2.6000000000000014,0.22999999999999982,0.),(2.5999999999999996,-0.070000000000320639,0.),(1.4650000000000016,-0.070000000000320708,2.2499999999999751),(2.6000000000000014,-0.070000000000320639,2.2499999999999751),(4.6124999999999634,-0.070000000000322707,2.249999999999988),(5.7124999999999613,-0.070000000000322693,2.249999999999988),(5.7124999999999613,-0.070000000000322693,0.84999999999999998),(4.6124999999999634,-0.070000000000322707,0.84999999999999998),(2.6000000000000014,0.22999999999999982,2.2499999999999751),(1.4650000000000034,0.23000000000000151,2.2499999999999751),(5.7124999999999648,0.22999999999999954,2.249999999999988),(4.6124999999999652,0.22999999999999954,2.249999999999988),(4.6124999999999652,0.22999999999999954,0.84999999999999998),(5.7124999999999648,0.22999999999999954,0.84999999999999998)));
#240=IFCPOLYGONALFACESET(#239,.T.,(#225,#226,#227,#228,#229,#230,#231,#232,#233,#234,#235,#236,#237,#238),$);
#241=IFCINDEXEDCOLOURMAP(#240,1.,#224,(1,1,1,1,1,1,1,1,1,1,1,1,1,1));
#242=IFCSTYLEDITEM(#240,(#70),$);
#243=IFCCOLOURRGBLIST(((0.75294117647058822,0.84313725490196079,0.87058823529411766)));
#244=IFCINDEXEDPOLYGONALFACEWITHVOIDS((5,6,7,8,9,10,11,12,13,14),((1,2,3,4)));
#245=IFCINDEXEDPOLYGONALFACEWITHVOIDS((19,20,21,22,23,24,25,26),((15,16,17,18)));
#246=IFCINDEXEDPOLYGONALFACE((23,22,11,10,9));
#247=IFCINDEXEDPOLYGONALFACE((20,19,14,13));
#248=IFCINDEXEDPOLYGONALFACE((21,20,13,12));
#249=IFCINDEXEDPOLYGONALFACE((22,21,12,11));
#250=IFCINDEXEDPOLYGONALFACE((16,15,2,1));
#251=IFCINDEXEDPOLYGONALFACE((15,18,3,2));
#252=IFCINDEXEDPOLYGONALFACE((18,17,4,3));
#253=IFCINDEXEDPOLYGONALFACE((17,16,1,4));
#254=IFCINDEXEDPOLYGONALFACE((26,25,7,6));
#255=IFCINDEXEDPOLYGONALFACE((24,23,9,8));
#256=IFCINDEXEDPOLYGONALFACE((25,24,8,7));
#257=IFCINDEXEDPOLYGONALFACE((19,26,6,5,14));
#258=IFCCARTESIANPOINTLIST3D(((4.6424999999999663,-0.070000000000322651,2.2200000000000055),(4.6424999999999663,-0.070000000000322651,0.87000000000002276),(5.6824999999999637,-0.070000000000320958,0.87000000000002276),(5.6824999999999637,-0.070000000000320958,2.2200000000000055),(2.6000000000000014,-0.069999999999999118,0.),(2.5699999999999967,-0.070000000000320695,0.),(2.5699999999999967,-0.070000000000318918,2.2199999999999469),(1.4950000000000028,-0.070000000000320667,2.2199999999999469),(1.4950000000000028,-0.070000000000320667,0.),(1.4650000000000016,-0.069999999999999188,0.),(-1.7763568394002505E-015,-0.069999999999998022,0.),(-1.7763568394002505E-015,-0.069999999999998022,3.0000000000000004),(8.6899999999999942,-0.069999999999999882,3.0000000000000004),(8.6899999999999942,-0.069999999999999882,0.),(4.6424999999999219,-0.23000000000032103,0.86000000000003951),(4.6424999999999219,-0.23000000000032103,2.2199999999999966),(5.6824999999999068,-0.23000000000032289,2.2199999999999958),(5.6824999999999068,-0.23000000000032289,0.86000000000003951),(8.6899999999999942,-0.22999999999999826,0.),(8.6899999999999942,-0.22999999999999826,3.0000000000000004),(-1.7763568394002505E-015,-0.22999999999999815,3.0000000000000004),(-1.7763568394002505E-015,-0.22999999999999815,0.),(1.4950000000000081,-0.22999999999999929,0.),(1.4950000000000081,-0.23000000000032081,2.2199999999999633),(2.5700000000000127,-0.23000000000031906,2.2199999999999633),(2.5700000000000127,-0.22999999999999932,0.)));
#259=IFCPOLYGONALFACESET(#258,.T.,(#244,#245,#246,#247,#248,#249,#250,#251,#252,#253,#254,#255,#256,#257),$);
#260=IFCINDEXEDCOLOURMAP(#259,1.,#243,(1,1,1,1,1,1,1,1,1,1,1,1,1,1));
#261=IFCSTYLEDITEM(#259,(#96),$);
#262=IFCSHAPEREPRESENTATION(#26,'Body','Tessellation',(#240,#259));
#263=IFCSHAPEREPRESENTATION(#26,'Body','Tessellation',(#259));
#264=IFCSHAPEASPECT((#263),'D\X\E4mmung - hart',$,.U.,#223);
#265=IFCSHAPEREPRESENTATION(#26,'Body','Tessellation',(#240));
#266=IFCSHAPEASPECT((#265),'Mauerwerk - Ziegel',$,.U.,#223);
#267=IFCWALL('2UrcDAH9X4LAAFPjCZFx6o',#18,'Basiswand:Ziegel+WD hart 300+160:2521555',$,'Basiswand:Ziegel+WD hart 300+160',#219,#223,'2521555',.NOTDEFINED.);
#268=IFCQUANTITYLENGTH('Height',$,$,3.0000000000000004,$);
#269=IFCQUANTITYLENGTH('Length',$,$,8.6899999999999977,$);
#270=IFCQUANTITYVOLUME('GrossVolume',$,$,11.602810000000021,$);
#271=IFCQUANTITYAREA('GrossSideArea',$,$,25.223500000000048,$);
#272=IFCQUANTITYAREA('NetSideArea',$,$,22.279500000000063,$);
#273=IFCQUANTITYVOLUME('NetVolume',$,$,10.156762999999723,$);
#274=IFCELEMENTQUANTITY('02e6iscs8S69KbhppcTjBd',#18,'Qto_WallBaseQuantities',$,$,(#111,#112,#113,#268,#269,#270,#271,#272,#273));
#275=IFCRELDEFINESBYPROPERTIES('1CzDLwLlFB7R1XWVPuEyJc',#18,$,$,(#267),#274);
#276=IFCPROPERTYSET('1fBT$BrLlw6JXC9d4lqXLb',#18,'Pset_EnvironmentalImpactIndicators',$,(#123));
#277=IFCPROPERTYSINGLEVALUE('Reference',$,IFCLABEL('Ziegel+WD hart 300+160'),$);
#278=IFCPROPERTYSET('0QAYhOCMGhUO$270m49HwG',#18,'Pset_ReinforcementBarPitchOfWall',$,(#277));
#279=IFCPROPERTYSET('21lNo_TzxJHPh_igZB2ZMZ',#18,'Pset_WallCommon',$,(#123,#127,#128,#129));
#280=IFCRELDEFINESBYPROPERTIES('05OHf5KH6NXY9nijm8rMGk',#18,$,$,(#267),#276);
#281=IFCRELDEFINESBYPROPERTIES('2KyzKe6XadIHRZ1G66kWmO',#18,$,$,(#267),#278);
#282=IFCRELDEFINESBYPROPERTIES('3HGkjaskZ8m0U59VgkIf7j',#18,$,$,(#267),#279);
#283=IFCCOLOURRGBLIST(((0.79607843137254897,0.79607843137254897,0.79607843137254897)));
#284=IFCINDEXEDPOLYGONALFACE((18,19,20,21,22,23,24,1,2,3,4,5,6,7,8,9,10,11,12,13,14,15,16,17));
#285=IFCINDEXEDPOLYGONALFACE((31,32,33,34,35,36,37,38,39,40,41,42,43,44,45,46,47,48,25,26,27,28,29,30));
#286=IFCINDEXEDPOLYGONALFACE((36,59,37));
#287=IFCINDEXEDPOLYGONALFACE((35,57,36));
#288=IFCINDEXEDPOLYGONALFACE((55,56,34));
#289=IFCINDEXEDPOLYGONALFACE((35,34,56));
#290=IFCINDEXEDPOLYGONALFACE((33,55,34));
#291=IFCINDEXEDPOLYGONALFACE((37,60,61));
#292=IFCINDEXEDPOLYGONALFACE((109,85,1,24));
#293=IFCINDEXEDPOLYGONALFACE((37,59,60));
#294=IFCINDEXEDPOLYGONALFACE((54,32,31));
#295=IFCINDEXEDPOLYGONALFACE((56,57,35));
#296=IFCINDEXEDPOLYGONALFACE((58,36,57));
#297=IFCINDEXEDPOLYGONALFACE((58,59,36));
#298=IFCINDEXEDPOLYGONALFACE((54,33,32));
#299=IFCINDEXEDPOLYGONALFACE((29,52,30));
#300=IFCINDEXEDPOLYGONALFACE((28,51,29));
#301=IFCINDEXEDPOLYGONALFACE((50,51,27,26));
#302=IFCINDEXEDPOLYGONALFACE((28,27,51));
#303=IFCINDEXEDPOLYGONALFACE((49,50,26,25));
#304=IFCINDEXEDPOLYGONALFACE((13,73,119));
#305=IFCINDEXEDPOLYGONALFACE((55,33,54));
#306=IFCINDEXEDPOLYGONALFACE((54,31,53));
#307=IFCINDEXEDPOLYGONALFACE((51,52,29));
#308=IFCINDEXEDPOLYGONALFACE((53,30,52));
#309=IFCINDEXEDPOLYGONALFACE((31,30,53));
#310=IFCINDEXEDPOLYGONALFACE((48,72,49,25));
#311=IFCINDEXEDPOLYGONALFACE((13,74,73));
#312=IFCINDEXEDPOLYGONALFACE((47,71,72,48));
#313=IFCINDEXEDPOLYGONALFACE((71,46,45));
#314=IFCINDEXEDPOLYGONALFACE((47,46,71));
#315=IFCINDEXEDPOLYGONALFACE((70,45,44));
#316=IFCINDEXEDPOLYGONALFACE((44,69,70));
#317=IFCINDEXEDPOLYGONALFACE((70,71,45));
#318=IFCINDEXEDPOLYGONALFACE((68,69,43));
#319=IFCINDEXEDPOLYGONALFACE((43,42,68));
#320=IFCINDEXEDPOLYGONALFACE((44,43,69));
#321=IFCINDEXEDPOLYGONALFACE((67,68,41));
#322=IFCINDEXEDPOLYGONALFACE((40,67,41));
#323=IFCINDEXEDPOLYGONALFACE((65,39,38));
#324=IFCINDEXEDPOLYGONALFACE((40,39,66));
#325=IFCINDEXEDPOLYGONALFACE((63,38,37));
#326=IFCINDEXEDPOLYGONALFACE((39,65,66));
#327=IFCINDEXEDPOLYGONALFACE((66,67,40));
#328=IFCINDEXEDPOLYGONALFACE((64,38,63));
#329=IFCINDEXEDPOLYGONALFACE((62,63,37));
#330=IFCINDEXEDPOLYGONALFACE((65,38,64));
#331=IFCINDEXEDPOLYGONALFACE((61,62,37));
#332=IFCINDEXEDPOLYGONALFACE((85,84,2,1));
#333=IFCINDEXEDPOLYGONALFACE((41,68,42));
#334=IFCINDEXEDPOLYGONALFACE((99,76,77));
#335=IFCINDEXEDPOLYGONALFACE((90,104,108));
#336=IFCINDEXEDPOLYGONALFACE((98,65,64));
#337=IFCINDEXEDPOLYGONALFACE((65,98,66));
#338=IFCINDEXEDPOLYGONALFACE((67,98,68));
#339=IFCINDEXEDPOLYGONALFACE((107,92,120,93));
#340=IFCINDEXEDPOLYGONALFACE((98,69,68));
#341=IFCINDEXEDPOLYGONALFACE((98,71,70));
#342=IFCINDEXEDPOLYGONALFACE((98,70,69));
#343=IFCINDEXEDPOLYGONALFACE((72,98,49));
#344=IFCINDEXEDPOLYGONALFACE((82,83,99));
#345=IFCINDEXEDPOLYGONALFACE((67,66,98));
#346=IFCINDEXEDPOLYGONALFACE((86,105,106,104,90));
#347=IFCINDEXEDPOLYGONALFACE((76,99,75));
#348=IFCINDEXEDPOLYGONALFACE((75,96,74));
#349=IFCINDEXEDPOLYGONALFACE((80,81,99));
#350=IFCINDEXEDPOLYGONALFACE((98,72,71));
#351=IFCINDEXEDPOLYGONALFACE((100,96,99));
#352=IFCINDEXEDPOLYGONALFACE((97,92,100));
#353=IFCINDEXEDPOLYGONALFACE((101,102,88));
#354=IFCINDEXEDPOLYGONALFACE((98,64,63));
#355=IFCINDEXEDPOLYGONALFACE((98,63,95));
#356=IFCINDEXEDPOLYGONALFACE((107,100,92));
#357=IFCINDEXEDPOLYGONALFACE((63,62,95));
#358=IFCINDEXEDPOLYGONALFACE((101,98,95));
#359=IFCINDEXEDPOLYGONALFACE((99,96,75));
#360=IFCINDEXEDPOLYGONALFACE((62,61,95));
#361=IFCINDEXEDPOLYGONALFACE((96,73,74));
#362=IFCINDEXEDPOLYGONALFACE((94,101,88));
#363=IFCINDEXEDPOLYGONALFACE((102,108,88));
#364=IFCINDEXEDPOLYGONALFACE((104,106,93,128,87,103));
#365=IFCINDEXEDPOLYGONALFACE((108,104,103));
#366=IFCINDEXEDPOLYGONALFACE((94,98,101));
#367=IFCINDEXEDPOLYGONALFACE((85,99,84));
#368=IFCINDEXEDPOLYGONALFACE((99,83,84));
#369=IFCINDEXEDPOLYGONALFACE((99,79,80));
#370=IFCINDEXEDPOLYGONALFACE((49,98,94));
#371=IFCINDEXEDPOLYGONALFACE((85,97,99));
#372=IFCINDEXEDPOLYGONALFACE((95,89,101));
#373=IFCINDEXEDPOLYGONALFACE((89,90,102));
#374=IFCINDEXEDPOLYGONALFACE((79,99,78));
#375=IFCINDEXEDPOLYGONALFACE((99,81,82));
#376=IFCINDEXEDPOLYGONALFACE((101,89,102));
#377=IFCINDEXEDPOLYGONALFACE((77,78,99));
#378=IFCINDEXEDPOLYGONALFACE((100,99,97));
#379=IFCINDEXEDPOLYGONALFACE((107,105,122,91));
#380=IFCINDEXEDPOLYGONALFACE((100,91,121,96));
#381=IFCINDEXEDPOLYGONALFACE((106,105,107));
#382=IFCINDEXEDPOLYGONALFACE((107,91,100));
#383=IFCINDEXEDPOLYGONALFACE((106,107,93));
#384=IFCINDEXEDPOLYGONALFACE((88,108,103));
#385=IFCINDEXEDPOLYGONALFACE((90,108,102));
#386=IFCINDEXEDPOLYGONALFACE((123,58,57));
#387=IFCINDEXEDPOLYGONALFACE((86,90,130,129,122,105));
#388=IFCINDEXEDPOLYGONALFACE((56,55,123));
#389=IFCINDEXEDPOLYGONALFACE((123,52,51));
#390=IFCINDEXEDPOLYGONALFACE((133,94,88));
#391=IFCINDEXEDPOLYGONALFACE((114,124,113));
#392=IFCINDEXEDPOLYGONALFACE((123,55,54));
#393=IFCINDEXEDPOLYGONALFACE((127,132,120));
#394=IFCINDEXEDPOLYGONALFACE((51,50,123));
#395=IFCINDEXEDPOLYGONALFACE((132,129,128));
#396=IFCINDEXEDPOLYGONALFACE((119,73,96));
#397=IFCINDEXEDPOLYGONALFACE((61,60,95));
#398=IFCINDEXEDPOLYGONALFACE((126,121,127));
#399=IFCINDEXEDPOLYGONALFACE((96,121,126));
#400=IFCINDEXEDPOLYGONALFACE((89,95,125));
#401=IFCINDEXEDPOLYGONALFACE((124,111,112));
#402=IFCINDEXEDPOLYGONALFACE((123,59,58));
#403=IFCINDEXEDPOLYGONALFACE((126,124,96));
#404=IFCINDEXEDPOLYGONALFACE((126,120,92,97));
#405=IFCINDEXEDPOLYGONALFACE((123,95,59));
#406=IFCINDEXEDPOLYGONALFACE((119,96,118));
#407=IFCINDEXEDPOLYGONALFACE((85,124,97));
#408=IFCINDEXEDPOLYGONALFACE((49,94,123));
#409=IFCINDEXEDPOLYGONALFACE((87,128,129,130,103));
#410=IFCINDEXEDPOLYGONALFACE((124,109,110));
#411=IFCINDEXEDPOLYGONALFACE((109,124,85));
#412=IFCINDEXEDPOLYGONALFACE((126,127,120));
#413=IFCINDEXEDPOLYGONALFACE((124,118,96));
#414=IFCINDEXEDPOLYGONALFACE((123,54,53));
#415=IFCINDEXEDPOLYGONALFACE((133,88,131));
#416=IFCINDEXEDPOLYGONALFACE((127,121,91,122));
#417=IFCINDEXEDPOLYGONALFACE((53,52,123));
#418=IFCINDEXEDPOLYGONALFACE((131,130,90));
#419=IFCINDEXEDPOLYGONALFACE((122,129,132));
#420=IFCINDEXEDPOLYGONALFACE((112,113,124));
#421=IFCINDEXEDPOLYGONALFACE((111,124,110));
#422=IFCINDEXEDPOLYGONALFACE((59,95,60));
#423=IFCINDEXEDPOLYGONALFACE((115,116,124));
#424=IFCINDEXEDPOLYGONALFACE((97,124,126));
#425=IFCINDEXEDPOLYGONALFACE((116,117,124));
#426=IFCINDEXEDPOLYGONALFACE((57,56,123));
#427=IFCINDEXEDPOLYGONALFACE((125,123,94));
#428=IFCINDEXEDPOLYGONALFACE((114,115,124));
#429=IFCINDEXEDPOLYGONALFACE((125,95,123));
#430=IFCINDEXEDPOLYGONALFACE((124,117,118));
#431=IFCINDEXEDPOLYGONALFACE((49,123,50));
#432=IFCINDEXEDPOLYGONALFACE((133,89,125));
#433=IFCINDEXEDPOLYGONALFACE((130,131,103));
#434=IFCINDEXEDPOLYGONALFACE((103,131,88));
#435=IFCINDEXEDPOLYGONALFACE((89,131,90));
#436=IFCINDEXEDPOLYGONALFACE((132,128,93,120));
#437=IFCINDEXEDPOLYGONALFACE((122,132,127));
#438=IFCINDEXEDPOLYGONALFACE((89,133,131));
#439=IFCINDEXEDPOLYGONALFACE((94,133,125));
#440=IFCINDEXEDPOLYGONALFACE((83,82,5));
#441=IFCINDEXEDPOLYGONALFACE((84,83,3,2));
#442=IFCINDEXEDPOLYGONALFACE((7,81,80));
#443=IFCINDEXEDPOLYGONALFACE((6,81,7));
#444=IFCINDEXEDPOLYGONALFACE((82,81,6));
#445=IFCINDEXEDPOLYGONALFACE((3,83,4));
#446=IFCINDEXEDPOLYGONALFACE((5,4,83));
#447=IFCINDEXEDPOLYGONALFACE((82,6,5));
#448=IFCINDEXEDPOLYGONALFACE((80,79,9));
#449=IFCINDEXEDPOLYGONALFACE((77,11,78));
#450=IFCINDEXEDPOLYGONALFACE((76,12,77));
#451=IFCINDEXEDPOLYGONALFACE((13,75,74));
#452=IFCINDEXEDPOLYGONALFACE((76,75,12));
#453=IFCINDEXEDPOLYGONALFACE((9,8,80));
#454=IFCINDEXEDPOLYGONALFACE((7,80,8));
#455=IFCINDEXEDPOLYGONALFACE((12,11,77));
#456=IFCINDEXEDPOLYGONALFACE((10,78,11));
#457=IFCINDEXEDPOLYGONALFACE((9,79,10));
#458=IFCINDEXEDPOLYGONALFACE((13,12,75));
#459=IFCINDEXEDPOLYGONALFACE((78,10,79));
#460=IFCINDEXEDPOLYGONALFACE((118,13,119));
#461=IFCINDEXEDPOLYGONALFACE((14,117,116));
#462=IFCINDEXEDPOLYGONALFACE((118,117,14));
#463=IFCINDEXEDPOLYGONALFACE((15,116,115));
#464=IFCINDEXEDPOLYGONALFACE((116,15,14));
#465=IFCINDEXEDPOLYGONALFACE((14,13,118));
#466=IFCINDEXEDPOLYGONALFACE((113,17,114));
#467=IFCINDEXEDPOLYGONALFACE((17,113,18));
#468=IFCINDEXEDPOLYGONALFACE((17,16,114));
#469=IFCINDEXEDPOLYGONALFACE((16,15,115));
#470=IFCINDEXEDPOLYGONALFACE((16,115,114));
#471=IFCINDEXEDPOLYGONALFACE((112,111,20));
#472=IFCINDEXEDPOLYGONALFACE((113,112,19));
#473=IFCINDEXEDPOLYGONALFACE((110,109,24,23));
#474=IFCINDEXEDPOLYGONALFACE((111,110,21));
#475=IFCINDEXEDPOLYGONALFACE((111,21,20));
#476=IFCINDEXEDPOLYGONALFACE((20,19,112));
#477=IFCINDEXEDPOLYGONALFACE((22,110,23));
#478=IFCINDEXEDPOLYGONALFACE((22,21,110));
#479=IFCINDEXEDPOLYGONALFACE((113,19,18));
#480=IFCCARTESIANPOINTLIST3D(((0.18499999999997291,0.76000000000192447,2.075000000000002),(0.18823523806375436,0.76000000000192447,2.0754259271713886),(0.19124999999997291,0.76000000000192447,2.0766746824526963),(0.19383883476480473,0.76000000000192447,2.0786611652351699),(0.19582531754727833,0.76000000000192447,2.0812500000000016),(0.1970740728285863,0.76000000000192447,2.08426476193622),(0.19749999999997297,0.76000000000192447,2.0875000000000017),(0.19707407282858638,0.76000000000192447,2.0907352380637829),(0.19582531754727855,0.76000000000192447,2.0937500000000018),(0.19383883476480493,0.76000000000192447,2.0963388347648335),(0.19124999999997311,0.76000000000192447,2.0983253175473071),(0.18823523806375461,0.76000000000192447,2.0995740728286152),(0.18499999999997296,0.76000000000192447,2.1000000000000019),(0.18176476193619145,0.76000000000192447,2.0995740728286152),(0.17874999999997296,0.76000000000192447,2.0983253175473071),(0.17616116523514114,0.76000000000192447,2.0963388347648335),(0.17417468245266754,0.76000000000192447,2.0937500000000018),(0.17292592717135963,0.76000000000192447,2.0907352380637834),(0.17249999999997298,0.76000000000192447,2.0875000000000021),(0.17292592717135957,0.76000000000192447,2.0842647619362205),(0.17417468245266746,0.76000000000192447,2.0812500000000016),(0.17616116523514114,0.76000000000192447,2.0786611652351699),(0.1787499999999729,0.76000000000192447,2.0766746824526963),(0.18176476193619137,0.76000000000192447,2.0754259271713886),(0.18499999999997283,0.76000000000192458,0.42500000000000099),(0.18176476193619137,0.76000000000192458,0.42457407282861431),(0.17874999999997285,0.76000000000192458,0.4233253175473064),(0.17616116523514108,0.76000000000192458,0.42133883476483275),(0.1741746824526674,0.76000000000192458,0.4187500000000009),(0.17292592717135957,0.76000000000192458,0.41573523806378232),(0.17249999999997298,0.76000000000192458,0.41250000000000087),(0.17292592717135963,0.76000000000192458,0.40926476193621925),(0.17417468245266754,0.76000000000192458,0.40625000000000089),(0.17616116523514122,0.76000000000192458,0.40366116523516909),(0.17874999999997304,0.76000000000192458,0.40167468245269555),(0.18176476193619151,0.76000000000192458,0.40042592717138764),(0.1849999999999731,0.76000000000192458,0.40000000000000097),(0.18823523806375461,0.76000000000192458,0.40042592717138764),(0.19124999999997311,0.76000000000192458,0.40167468245269555),(0.19383883476480493,0.76000000000192447,0.40366116523516921),(0.19582531754727855,0.76000000000192447,0.40625000000000105),(0.19707407282858638,0.76000000000192447,0.40926476193621969),(0.19749999999997297,0.76000000000192447,0.41250000000000109),(0.1970740728285863,0.76000000000192447,0.41573523806378271),(0.19582531754727842,0.76000000000192447,0.41875000000000107),(0.19383883476480473,0.76000000000192447,0.42133883476483286),(0.19124999999997291,0.76000000000192458,0.42332531754730657),(0.18823523806375436,0.76000000000192458,0.42457407282861431),(0.18499999999997291,0.79500000000192328,0.42500000000000099),(0.18176476193619137,0.79542592717330995,0.42457407282861431),(0.1787499999999729,0.79667468245461781,0.4233253175473064),(0.17616116523514114,0.79866116523709141,0.42133883476483275),(0.17417468245266746,0.80125000000192348,0.41875000000000084),(0.17292592717135963,0.80426476193814189,0.41573523806378238),(0.17249999999997304,0.80750000000192346,0.41250000000000087),(0.17292592717135971,0.81073523806570502,0.4092647619362193),(0.1741746824526676,0.81375000000192332,0.40625000000000083),(0.17616116523514128,0.81633883476675528,0.40366116523516909),(0.1787499999999731,0.81832531754922877,0.40167468245269544),(0.18176476193619159,0.81957407283053663,0.40042592717138764),(0.1849999999999731,0.8200000000019233,0.40000000000000097),(0.1882352380637547,0.81957407283053663,0.40042592717138764),(0.19124999999997316,0.81832531754922877,0.40167468245269555),(0.19383883476480498,0.81633883476675506,0.40366116523516921),(0.19582531754727861,0.81375000000192321,0.40625000000000111),(0.19707407282858644,0.81073523806570469,0.40926476193621958),(0.19749999999997303,0.80750000000192323,0.41250000000000103),(0.1970740728285863,0.80426476193814167,0.41573523806378265),(0.19582531754727842,0.80125000000192326,0.41875000000000112),(0.19383883476480473,0.79866116523709141,0.42133883476483286),(0.19124999999997291,0.79667468245461781,0.42332531754730657),(0.18823523806375442,0.79542592717330995,0.42457407282861431),(0.18499999999997324,0.8200000000019233,2.1000000000000019),(0.1882352380637547,0.81957407283053652,2.0995740728286152),(0.19124999999997316,0.81832531754922855,2.0983253175473071),(0.19383883476480498,0.81633883476675495,2.0963388347648335),(0.19582531754727861,0.8137500000019231,2.0937500000000018),(0.19707407282858644,0.81073523806570458,2.0907352380637834),(0.19749999999997303,0.80750000000192312,2.0875000000000021),(0.19707407282858638,0.80426476193814156,2.0842647619362205),(0.19582531754727842,0.80125000000192304,2.0812500000000016),(0.19383883476480479,0.7986611652370913,2.0786611652351699),(0.19124999999997291,0.7966746824546177,2.0766746824526963),(0.18823523806375442,0.79542592717330984,2.0754259271713886),(0.18499999999997296,0.79500000000192328,2.075000000000002),(0.18499999999997319,0.8200000000019233,1.2500000000000016),(0.18499999999997296,0.79500000000192328,1.2500001047924989),(0.18499999999997296,0.79500000000192328,0.91880173970788548),(0.1849999999999731,0.8200000000019233,0.82500002258366967),(0.18499999999997319,0.8200000000019233,1.0375000112918356),(0.18499999999997319,0.8200000000019233,1.60619842521158),(0.18499999999997296,0.79500000000192328,1.6625000523962503),(0.18499999999997296,0.79500000000192328,1.456250183386872),(0.18499999999997296,0.79500000000192328,0.67190097464644094),(0.1849999999999731,0.8200000000019233,0.64690078739421197),(0.18499999999997324,0.8200000000019233,1.853099212605791),(0.18499999999997296,0.79500000000192328,1.828099234938557),(0.19733189437426557,0.80545686977080855,0.57422088994588238),(0.19733189449765146,0.80545687051553994,1.9257791048157278),(0.19744260418927634,0.80869649529582643,1.745299595512469),(0.19746851841411958,0.80838659379622269,0.72996822240070858),(0.19749732108111406,0.80775877750262748,0.87738611217686635),(0.18499999999997296,0.79500000000192328,1.0844009222501922),(0.19749999999997311,0.80750000000145006,1.1672003903229411),(0.18499999999997319,0.8200000000019233,1.428099235189459),(0.19749999999997311,0.80749999992901089,1.3264683393661085),(0.19745495005346039,0.80856029202072577,1.5171488069712566),(0.19744328765283906,0.80631063362101496,1.0222335486710952),(0.18176476193619145,0.79542592717330995,2.0754259271713886),(0.17874999999997296,0.7966746824546177,2.0766746824526963),(0.17616116523514114,0.79866116523709141,2.0786611652351699),(0.17417468245266754,0.80125000000192326,2.0812500000000016),(0.17292592717135971,0.80426476193814167,2.0842647619362205),(0.17249999999997304,0.80750000000192323,2.0875000000000021),(0.17292592717135971,0.81073523806570469,2.0907352380637834),(0.1741746824526676,0.81375000000192321,2.0937500000000018),(0.17616116523514122,0.81633883476675506,2.0963388347648335),(0.17874999999997304,0.81832531754922877,2.0983253175473071),(0.18176476193619151,0.81957407283053663,2.0995740728286152),(0.18499999999997296,0.79500000000192328,1.5811984121341691),(0.1849999999999731,0.8200000000019233,1.6750000000000018),(0.1849999999999731,0.8200000000019233,1.4625000000000017),(0.17266810563013615,0.80545686974391661,0.57422088960158335),(0.17266810575629593,0.80545686898244262,1.9257791062943488),(0.1725314815865589,0.80838659380652034,0.72996822135675377),(0.17253148157209622,0.80838659360312692,1.7700317732478463),(0.17250267891066179,0.80775877710805144,1.6226138856960444),(0.18499999999997296,0.79500000000192328,1.4155991949289704),(0.17249999999997309,0.80750000004517641,1.3327995984794612),(0.17249999999997309,0.80749999999934408,1.1735316500285373),(0.17257832248971383,0.80610288589379941,1.0016011830836227),(0.1725567122897424,0.806310634221172,1.4777664445232828),(0.17265704183965905,0.80552480789664938,0.86504835636170785)));
#481=IFCPOLYGONALFACESET(#480,.T.,(#284,#285,#286,#287,#288,#289,#290,#291,#292,#293,#294,#295,#296,#297,#298,#299,#300,#301,#302,#303,#304,#305,#306,#307,#308,#309,#310,#311,#312,#313,#314,#315,#316,#317,#318,#319,#320,#321,#322,#323,#324,#325,#326,#327,#328,#329,#330,#331,#332,#333,#334,#335,#336,#337,#338,#339,#340,#341,#342,#343,#344,#345,#346,#347,#348,#349,#350,#351,#352,#353,#354,#355,#356,#357,#358,#359,#360,#361,#362,#363,#364,#365,#366,#367,#368,#369,#370,#371,#372,#373,#374,#375,#376,#377,#378,#379,#380,#381,#382,#383,#384,#385,#386,#387,#388,#389,#390,#391,#392,#393,#394,#395,#396,#397,#398,#399,#400,#401,#402,#403,#404,#405,#406,#407,#408,#409,#410,#411,#412,#413,#414,#415,#416,#417,#418,#419,#420,#421,#422,#423,#424,#425,#426,#427,#428,#429,#430,#431,#432,#433,#434,#435,#436,#437,#438,#439,#440,#441,#442,#443,#444,#445,#446,#447,#448,#449,#450,#451,#452,#453,#454,#455,#456,#457,#458,#459,#460,#461,#462,#463,#464,#465,#466,#467,#468,#469,#470,#471,#472,#473,#474,#475,#476,#477,#478,#479),$);
#482=IFCINDEXEDCOLOURMAP(#481,1.,#283,(1,1,1,1,1,1,1,1,1,1,1,1,1,1,1,1,1,1,1,1,1,1,1,1,1,1,1,1,1,1,1,1,1,1,1,1,1,1,1,1,1,1,1,1,1,1,1,1,1,1,1,1,1,1,1,1,1,1,1,1,1,1,1,1,1,1,1,1,1,1,1,1,1,1,1,1,1,1,1,1,1,1,1,1,1,1,1,1,1,1,1,1,1,1,1,1,1,1,1,1,1,1,1,1,1,1,1,1,1,1,1,1,1,1,1,1,1,1,1,1,1,1,1,1,1,1,1,1,1,1,1,1,1,1,1,1,1,1,1,1,1,1,1,1,1,1,1,1,1,1,1,1,1,1,1,1,1,1,1,1,1,1,1,1,1,1,1,1,1,1,1,1,1,1,1,1,1,1,1,1,1,1,1,1,1,1,1,1,1,1,1,1,1,1,1,1));
#483=IFCCOLOURRGB($,0.79607843137254897,0.79607843137254897,0.79607843137254897);
#484=IFCSURFACESTYLERENDERING(#483,0.,$,$,$,$,IFCNORMALISEDRATIOMEASURE(0.5),IFCSPECULAREXPONENT(64.),.NOTDEFINED.);
#485=IFCSURFACESTYLE('Metall - Edelstahl geb\X\FCrstet',.BOTH.,(#484));
#486=IFCSTYLEDITEM(#481,(#485),$);
#487=IFCCOLOURRGBLIST(((0.79607843137254897,0.79607843137254897,0.79607843137254897)));
#488=IFCINDEXEDPOLYGONALFACE((9,10,11,12,13,14,15,16,17,18,19,20,21,22,23,24,1,2,3,4,5,6,7,8));
#489=IFCINDEXEDPOLYGONALFACEWITHVOIDS((33,34,35,36,37,38,39,40,41,42,43,44,45,46,47,48,25,26,27,28,29,30,31,32),((69,70,71,72,73,74,75,76,77,78,79,80,81,82,49,50,51,52,53,54,55,56,57,58,59,60,61,62,63,64,65,66,67,68)));
#490=IFCINDEXEDPOLYGONALFACE((98,97,96,95,94,93,92,91,90,89,88,87,86,85,105,116,115,114,113,112,111,110,109,108,107,106,84,83,104,103,102,101,100,99));
#491=IFCINDEXEDPOLYGONALFACE((48,2,1,25));
#492=IFCINDEXEDPOLYGONALFACE((47,3,2,48));
#493=IFCINDEXEDPOLYGONALFACE((5,4,46,45));
#494=IFCINDEXEDPOLYGONALFACE((47,46,4,3));
#495=IFCINDEXEDPOLYGONALFACE((6,5,45,44));
#496=IFCINDEXEDPOLYGONALFACE((7,6,44,43));
#497=IFCINDEXEDPOLYGONALFACE((42,8,7,43));
#498=IFCINDEXEDPOLYGONALFACE((41,9,8,42));
#499=IFCINDEXEDPOLYGONALFACE((11,10,40,39));
#500=IFCINDEXEDPOLYGONALFACE((41,40,10,9));
#501=IFCINDEXEDPOLYGONALFACE((12,11,39,38));
#502=IFCINDEXEDPOLYGONALFACE((13,12,38,37));
#503=IFCINDEXEDPOLYGONALFACE((36,14,13,37));
#504=IFCINDEXEDPOLYGONALFACE((49,84,106,50));
#505=IFCINDEXEDPOLYGONALFACE((35,15,14,36));
#506=IFCINDEXEDPOLYGONALFACE((50,106,107,51));
#507=IFCINDEXEDPOLYGONALFACE((17,16,34,33));
#508=IFCINDEXEDPOLYGONALFACE((52,108,109,53));
#509=IFCINDEXEDPOLYGONALFACE((35,34,16,15));
#510=IFCINDEXEDPOLYGONALFACE((51,107,108,52));
#511=IFCINDEXEDPOLYGONALFACE((18,17,33,32));
#512=IFCINDEXEDPOLYGONALFACE((53,109,110,54));
#513=IFCINDEXEDPOLYGONALFACE((19,18,32,31));
#514=IFCINDEXEDPOLYGONALFACE((111,55,54,110));
#515=IFCINDEXEDPOLYGONALFACE((30,20,19,31));
#516=IFCINDEXEDPOLYGONALFACE((112,56,55,111));
#517=IFCINDEXEDPOLYGONALFACE((29,21,20,30));
#518=IFCINDEXEDPOLYGONALFACE((56,112,113,57));
#519=IFCINDEXEDPOLYGONALFACE((23,22,28,27));
#520=IFCINDEXEDPOLYGONALFACE((58,114,115,59));
#521=IFCINDEXEDPOLYGONALFACE((29,28,22,21));
#522=IFCINDEXEDPOLYGONALFACE((57,113,114,58));
#523=IFCINDEXEDPOLYGONALFACE((24,23,27,26));
#524=IFCINDEXEDPOLYGONALFACE((59,115,116,60));
#525=IFCINDEXEDPOLYGONALFACE((1,24,26,25));
#526=IFCINDEXEDPOLYGONALFACE((60,116,105,61));
#527=IFCINDEXEDPOLYGONALFACE((83,84,49,82));
#528=IFCINDEXEDPOLYGONALFACE((78,101,102,79));
#529=IFCINDEXEDPOLYGONALFACE((80,103,104,81));
#530=IFCINDEXEDPOLYGONALFACE((81,104,83,82));
#531=IFCINDEXEDPOLYGONALFACE((103,80,79,102));
#532=IFCINDEXEDPOLYGONALFACE((73,96,97,74));
#533=IFCINDEXEDPOLYGONALFACE((75,98,99,76));
#534=IFCINDEXEDPOLYGONALFACE((76,99,100,77));
#535=IFCINDEXEDPOLYGONALFACE((98,75,74,97));
#536=IFCINDEXEDPOLYGONALFACE((77,100,101,78));
#537=IFCINDEXEDPOLYGONALFACE((72,95,96,73));
#538=IFCINDEXEDPOLYGONALFACE((67,90,91,68));
#539=IFCINDEXEDPOLYGONALFACE((69,92,93,70));
#540=IFCINDEXEDPOLYGONALFACE((70,93,94,71));
#541=IFCINDEXEDPOLYGONALFACE((92,69,68,91));
#542=IFCINDEXEDPOLYGONALFACE((62,85,86,63));
#543=IFCINDEXEDPOLYGONALFACE((64,87,88,65));
#544=IFCINDEXEDPOLYGONALFACE((65,88,89,66));
#545=IFCINDEXEDPOLYGONALFACE((87,64,63,86));
#546=IFCINDEXEDPOLYGONALFACE((66,89,90,67));
#547=IFCINDEXEDPOLYGONALFACE((95,72,71,94));
#548=IFCINDEXEDPOLYGONALFACE((105,85,62,61));
#549=IFCCARTESIANPOINTLIST3D(((0.10749999999996826,0.76000000000192436,1.1700000000000013),(0.10826666890846418,0.76000000000192436,1.1641765714851944),(0.11051442841481832,0.76000000000192436,1.1587500000000013),(0.11409009742327085,0.76000000000192436,1.1540900974233037),(0.11874999999996813,0.76000000000192436,1.1505144284148512),(0.1241765714851614,0.76000000000192436,1.148266668908497),(0.12999999999996814,0.76000000000192447,1.1475000000000011),(0.13582342851477483,0.76000000000192447,1.148266668908497),(0.14124999999996815,0.76000000000192447,1.1505144284148512),(0.14590990257666545,0.76000000000192447,1.1540900974233037),(0.14948557158511805,0.76000000000192458,1.1587500000000008),(0.15173333109147225,0.76000000000192458,1.1641765714851942),(0.15249999999996824,0.76000000000192458,1.170000000000001),(0.15173333109147225,0.76000000000192458,1.1758234285148079),(0.1494855715851181,0.76000000000192458,1.181250000000001),(0.14590990257666558,0.76000000000192447,1.1859099025766984),(0.14124999999996829,0.76000000000192447,1.1894855715851509),(0.13582342851477497,0.76000000000192447,1.191733331091505),(0.12999999999996828,0.76000000000192447,1.1925000000000012),(0.12417657148516154,0.76000000000192436,1.191733331091505),(0.11874999999996827,0.76000000000192436,1.1894855715851511),(0.11409009742327099,0.76000000000192436,1.1859099025766984),(0.11051442841481839,0.76000000000192436,1.181250000000001),(0.10826666890846424,0.76000000000192436,1.1758234285148079),(0.10749999999996819,0.77000000000192437,1.1700000000000013),(0.10826666890846418,0.77000000000192437,1.1758234285148079),(0.11051442841481832,0.77000000000192437,1.181250000000001),(0.11409009742327085,0.77000000000192437,1.1859099025766984),(0.1187499999999682,0.77000000000192437,1.1894855715851511),(0.12417657148516147,0.77000000000192437,1.191733331091505),(0.12999999999996822,0.77000000000192437,1.1925000000000012),(0.13582342851477489,0.77000000000192448,1.191733331091505),(0.14124999999996815,0.77000000000192448,1.1894855715851509),(0.1459099025766655,0.77000000000192448,1.1859099025766984),(0.14948557158511805,0.77000000000192459,1.181250000000001),(0.15173333109147219,0.77000000000192459,1.1758234285148079),(0.15249999999996819,0.77000000000192459,1.170000000000001),(0.15173333109147219,0.77000000000192459,1.1641765714851942),(0.14948557158511797,0.77000000000192459,1.1587500000000008),(0.14590990257666536,0.77000000000192448,1.1540900974233037),(0.1412499999999681,0.77000000000192448,1.1505144284148512),(0.13582342851477475,0.77000000000192448,1.148266668908497),(0.12999999999996809,0.77000000000192437,1.1475000000000011),(0.12417657148516133,0.77000000000192437,1.148266668908497),(0.11874999999996813,0.77000000000192437,1.1505144284148512),(0.11409009742327078,0.77000000000192437,1.1540900974233037),(0.11051442841481826,0.77000000000192437,1.1587500000000013),(0.10826666890846411,0.77000000000192437,1.1641765714851944),(0.12499999999996826,0.77000000000192437,1.158500000000001),(0.12517037086852292,0.77000000000192437,1.1572059047744885),(0.12566987298104609,0.77000000000192437,1.156000000000001),(0.12646446609403558,0.77000000000192437,1.1549644660940683),(0.12749999999996831,0.77000000000192437,1.154169872981079),(0.1287059047744557,0.77000000000192437,1.1536703708685556),(0.12999999999996828,0.77000000000192437,1.1535000000000011),(0.13129409522548086,0.77000000000192448,1.1536703708685556),(0.13249999999996825,0.77000000000192448,1.154169872981079),(0.13353553390590098,0.77000000000192448,1.1549644660940683),(0.13433012701889047,0.77000000000192448,1.1560000000000012),(0.13482962913141364,0.77000000000192448,1.1572059047744885),(0.13499999999996823,0.77000000000192448,1.1585000000000012),(0.13499999999996828,0.77000000000192448,1.1711261364575676),(0.13655207488655055,0.77000000000192448,1.1725851763943222),(0.13769264011331503,0.77000000000192448,1.174384299779224),(0.13835006133288474,0.77000000000192448,1.176410510856744),(0.13848304854367915,0.77000000000192448,1.1785365514001884),(0.13808324935003424,0.77000000000192448,1.1806288932927496),(0.13717577354282073,0.77000000000192448,1.1825561248953149),(0.13581761605374854,0.77000000000192448,1.1841972044867675),(0.13409407733129894,0.77000000000192448,1.1854490624111427),(0.13211340596017732,0.77000000000192448,1.186233074471142),(0.12999999999996809,0.77000000000192437,1.1865000000000012),(0.12788659403975883,0.77000000000192437,1.186233074471142),(0.12590592266863729,0.77000000000192437,1.1854490624111427),(0.12418238394618768,0.77000000000192437,1.1841972044867672),(0.12282422645711556,0.77000000000192437,1.1825561248953147),(0.12191675064990212,0.77000000000192437,1.1806288932927491),(0.1215169514562572,0.77000000000192437,1.1785365514001882),(0.12164993866705169,0.77000000000192437,1.1764105108567438),(0.12230735988662148,0.77000000000192437,1.174384299779224),(0.12344792511338595,0.77000000000192437,1.172585176394322),(0.12499999999996821,0.77000000000192437,1.1711261364575674),(0.12499999999996826,0.76200000000192447,1.1711261364575674),(0.12499999999996833,0.76200000000192447,1.1585000000000012),(0.13499999999996851,0.76200000000192447,1.1711261364575676),(0.13655207488655069,0.76200000000192447,1.1725851763943222),(0.13769264011331517,0.76200000000192447,1.174384299779224),(0.1383500613328848,0.76200000000192447,1.176410510856744),(0.13848304854367924,0.76200000000192447,1.1785365514001884),(0.13808324935003424,0.76200000000192447,1.1806288932927496),(0.13717577354282073,0.76200000000192447,1.1825561248953149),(0.13581761605374862,0.76200000000192447,1.1841972044867675),(0.13409407733129894,0.76200000000192447,1.1854490624111427),(0.1321134059601774,0.76200000000192447,1.186233074471142),(0.12999999999996809,0.76200000000192447,1.186500000000001),(0.12788659403975883,0.76200000000192447,1.1862330744711418),(0.12590592266863729,0.76200000000192447,1.1854490624111427),(0.12418238394618768,0.76200000000192447,1.1841972044867672),(0.12282422645711563,0.76200000000192447,1.1825561248953147),(0.12191675064990218,0.76200000000192447,1.1806288932927491),(0.12151695145625727,0.76200000000192447,1.1785365514001882),(0.12164993866705182,0.76200000000192447,1.1764105108567438),(0.12230735988662153,0.76200000000192447,1.1743842997792238),(0.12344792511338602,0.76200000000192447,1.172585176394322),(0.13499999999996837,0.76200000000192447,1.1585000000000012),(0.12517037086852301,0.76200000000192447,1.1572059047744885),(0.12566987298104615,0.76200000000192447,1.156000000000001),(0.12646446609403564,0.76200000000192447,1.1549644660940683),(0.12749999999996844,0.76200000000192447,1.154169872981079),(0.12870590477445584,0.76200000000192447,1.1536703708685556),(0.12999999999996842,0.76200000000192447,1.1535000000000011),(0.13129409522548099,0.76200000000192447,1.1536703708685558),(0.13249999999996839,0.76200000000192447,1.154169872981079),(0.13353553390590112,0.76200000000192447,1.1549644660940683),(0.13433012701889055,0.76200000000192447,1.1560000000000012),(0.13482962913141369,0.76200000000192447,1.1572059047744885)));
#550=IFCPOLYGONALFACESET(#549,.T.,(#488,#489,#490,#491,#492,#493,#494,#495,#496,#497,#498,#499,#500,#501,#502,#503,#504,#505,#506,#507,#508,#509,#510,#511,#512,#513,#514,#515,#516,#517,#518,#519,#520,#521,#522,#523,#524,#525,#526,#527,#528,#529,#530,#531,#532,#533,#534,#535,#536,#537,#538,#539,#540,#541,#542,#543,#544,#545,#546,#547,#548),$);
#551=IFCINDEXEDCOLOURMAP(#550,1.,#487,(1,1,1,1,1,1,1,1,1,1,1,1,1,1,1,1,1,1,1,1,1,1,1,1,1,1,1,1,1,1,1,1,1,1,1,1,1,1,1,1,1,1,1,1,1,1,1,1,1,1,1,1,1,1,1,1,1,1,1,1,1));
#552=IFCSTYLEDITEM(#550,(#485),$);
#553=IFCCOLOURRGBLIST(((0.31372549019607843,0.31372549019607843,0.31372549019607843)));
#554=IFCINDEXEDPOLYGONALFACE((16,5,6));
#555=IFCINDEXEDPOLYGONALFACE((12,14,16));
#556=IFCINDEXEDPOLYGONALFACE((4,10,15));
#557=IFCINDEXEDPOLYGONALFACE((14,8,9));
#558=IFCINDEXEDPOLYGONALFACE((16,1,1320,12));
#559=IFCINDEXEDPOLYGONALFACE((11,13,7));
#560=IFCINDEXEDPOLYGONALFACE((143,148,147));
#561=IFCINDEXEDPOLYGONALFACE((14,7,13));
#562=IFCINDEXEDPOLYGONALFACE((13,11,15));
#563=IFCINDEXEDPOLYGONALFACE((2,3,15));
#564=IFCINDEXEDPOLYGONALFACE((15,10,13));
#565=IFCINDEXEDPOLYGONALFACE((10,8,13));
#566=IFCINDEXEDPOLYGONALFACE((142,146,148));
#567=IFCINDEXEDPOLYGONALFACE((14,13,8));
#568=IFCINDEXEDPOLYGONALFACE((16,14,9));
#569=IFCINDEXEDPOLYGONALFACE((14,12,1319,7));
#570=IFCINDEXEDPOLYGONALFACE((15,11,1323,2));
#571=IFCINDEXEDPOLYGONALFACE((15,3,4));
#572=IFCINDEXEDPOLYGONALFACE((5,16,9));
#573=IFCINDEXEDPOLYGONALFACE((1,16,6));
#574=IFCINDEXEDPOLYGONALFACE((1138,1179,1137,1177,1139,1182,1136,1171,1169,1204,1143,1207,1145,1211,1134,1198,1156,1192,1149,1199,1166,1186,1147,1196,1150,1168,1148,1159,1158,1161,20,17,551,571,550,575,552,580,549,563,562,569,553,566,554,606,548,601,559,593,557,586,570,582,555,588,558,590,556,597,560,561,18,390,379,372,384,366,373,371,395,370,399,376,380,19));
#575=IFCINDEXEDPOLYGONALFACE((471,512,470,510,472,515,469,504,502,537,476,540,478,544,467,531,489,525,482,532,499,519,480,529,483,501,481,492,491,494,21,22,23,242,238,246,232,252,235,258,227,234,233,240,24));
#576=IFCINDEXEDPOLYGONALFACE((2114,2155,2113,2153,2115,2158,2112,2147,2145,2180,2119,2183,2121,2187,2110,2174,2132,2168,2125,2175,2142,2162,2123,2172,2126,2144,2124,2135,2134,2137,127,124,1897,1917,1896,1921,1898,1926,1895,1909,1908,1915,1899,1912,1900,1952,1894,1947,1905,1939,1903,1932,1916,1928,1901,1934,1904,1936,1902,1943,1906,1907,125,294,283,276,288,270,277,275,299,274,303,280,284,126));
#577=IFCINDEXEDPOLYGONALFACE((1817,1858,1816,1856,1818,1861,1815,1850,1848,1883,1822,1886,1824,1890,1813,1877,1835,1871,1828,1878,1845,1865,1826,1875,1829,1847,1827,1838,1837,1840,318,315,1218,1238,1217,1242,1219,1247,1216,1230,1229,1236,1220,1233,1221,1273,1215,1268,1226,1260,1224,1253,1237,1249,1222,1255,1225,1257,1223,1264,1227,1228,316,1117,1108,1103,1112,1099,1104,1102,1121,1101,1125,1105,1109,317));
#578=IFCINDEXEDPOLYGONALFACE((410,411,958,955,1008,941,1005,948,1001,922,998,946,983,926,972,959,967,918,988,942,994,939,1021,944,1024,920,1028,928,1032,924,964,963,1041,917,1046,940,1050,927,1090,930,1085,923,1081,950,1075,945,1071,949,1068,919,1065,929,1059,925,1055,943,1017,921,991,951,978,947,968,954,957,412,409));
#579=IFCINDEXEDPOLYGONALFACEWITHVOIDS((420,418,417,419),((423,424,421,422)));
#580=IFCINDEXEDPOLYGONALFACEWITHVOIDS((428,426,425,427),((431,432,429,430)));
#581=IFCINDEXEDPOLYGONALFACE((178,433,434,2194,2214,2193,2218,2195,2223,2192,2206,2205,2212,2196,2209,2197,2249,2191,2244,2202,2236,2200,2229,2213,2225,2198,2231,2201,2233,2199,2240,2203,2204,179,194,192,213,187,210,189,205,182,201,188,195));
#582=IFCINDEXEDPOLYGONALFACE((54,39,48));
#583=IFCINDEXEDPOLYGONALFACE((100,85,94));
#584=IFCINDEXEDPOLYGONALFACE((345,330,339));
#585=IFCINDEXEDPOLYGONALFACE((1485,1309,1409));
#586=IFCINDEXEDPOLYGONALFACE((59,32,62));
#587=IFCINDEXEDPOLYGONALFACE((105,78,108));
#588=IFCINDEXEDPOLYGONALFACE((350,323,353));
#589=IFCINDEXEDPOLYGONALFACE((1489,1286,1492));
#590=IFCINDEXEDPOLYGONALFACE((61,63,62));
#591=IFCINDEXEDPOLYGONALFACE((107,109,108));
#592=IFCINDEXEDPOLYGONALFACE((352,354,353));
#593=IFCINDEXEDPOLYGONALFACE((1491,1493,1492));
#594=IFCINDEXEDPOLYGONALFACE((58,57,59));
#595=IFCINDEXEDPOLYGONALFACE((104,103,105));
#596=IFCINDEXEDPOLYGONALFACE((349,348,350));
#597=IFCINDEXEDPOLYGONALFACE((1488,1418,1489));
#598=IFCINDEXEDPOLYGONALFACE((49,51,31));
#599=IFCINDEXEDPOLYGONALFACE((95,97,77));
#600=IFCINDEXEDPOLYGONALFACE((340,342,322));
#601=IFCINDEXEDPOLYGONALFACE((1481,1483,1468));
#602=IFCINDEXEDPOLYGONALFACE((47,56,46));
#603=IFCINDEXEDPOLYGONALFACE((93,102,92));
#604=IFCINDEXEDPOLYGONALFACE((338,347,337));
#605=IFCINDEXEDPOLYGONALFACE((1480,1487,1479));
#606=IFCINDEXEDPOLYGONALFACE((25,26,68));
#607=IFCINDEXEDPOLYGONALFACE((30,72,114));
#608=IFCINDEXEDPOLYGONALFACE((1,320,359));
#609=IFCINDEXEDPOLYGONALFACE((319,698,1498));
#610=IFCINDEXEDPOLYGONALFACE((45,66,68));
#611=IFCINDEXEDPOLYGONALFACE((91,112,114));
#612=IFCINDEXEDPOLYGONALFACE((336,357,359));
#613=IFCINDEXEDPOLYGONALFACE((1478,1496,1498));
#614=IFCINDEXEDPOLYGONALFACE((66,43,68));
#615=IFCINDEXEDPOLYGONALFACE((45,68,27));
#616=IFCINDEXEDPOLYGONALFACE((91,114,73));
#617=IFCINDEXEDPOLYGONALFACE((336,359,175));
#618=IFCINDEXEDPOLYGONALFACE((1478,1498,311));
#619=IFCINDEXEDPOLYGONALFACE((34,50,48));
#620=IFCINDEXEDPOLYGONALFACE((80,96,94));
#621=IFCINDEXEDPOLYGONALFACE((325,341,339));
#622=IFCINDEXEDPOLYGONALFACE((1290,1482,1409));
#623=IFCINDEXEDPOLYGONALFACE((40,58,52));
#624=IFCINDEXEDPOLYGONALFACE((86,104,98));
#625=IFCINDEXEDPOLYGONALFACE((331,349,343));
#626=IFCINDEXEDPOLYGONALFACE((1332,1488,1484));
#627=IFCINDEXEDPOLYGONALFACE((55,29,56));
#628=IFCINDEXEDPOLYGONALFACE((51,52,31));
#629=IFCINDEXEDPOLYGONALFACE((97,98,77));
#630=IFCINDEXEDPOLYGONALFACE((342,343,322));
#631=IFCINDEXEDPOLYGONALFACE((1483,1484,1468));
#632=IFCINDEXEDPOLYGONALFACE((33,70,69));
#633=IFCINDEXEDPOLYGONALFACE((79,116,115));
#634=IFCINDEXEDPOLYGONALFACE((324,361,360));
#635=IFCINDEXEDPOLYGONALFACE((1469,1500,1499));
#636=IFCINDEXEDPOLYGONALFACE((67,42,66));
#637=IFCINDEXEDPOLYGONALFACE((113,88,112));
#638=IFCINDEXEDPOLYGONALFACE((358,333,357));
#639=IFCINDEXEDPOLYGONALFACE((1497,1475,1496));
#640=IFCINDEXEDPOLYGONALFACE((66,45,41));
#641=IFCINDEXEDPOLYGONALFACE((112,91,87));
#642=IFCINDEXEDPOLYGONALFACE((357,336,332));
#643=IFCINDEXEDPOLYGONALFACE((1496,1478,1474));
#644=IFCINDEXEDPOLYGONALFACE((46,39,47));
#645=IFCINDEXEDPOLYGONALFACE((92,85,93));
#646=IFCINDEXEDPOLYGONALFACE((337,330,338));
#647=IFCINDEXEDPOLYGONALFACE((1479,1309,1480));
#648=IFCINDEXEDPOLYGONALFACE((44,55,47,37));
#649=IFCINDEXEDPOLYGONALFACE((90,101,93,83));
#650=IFCINDEXEDPOLYGONALFACE((335,346,338,328));
#651=IFCINDEXEDPOLYGONALFACE((1477,1486,1480,1472));
#652=IFCINDEXEDPOLYGONALFACE((55,56,47));
#653=IFCINDEXEDPOLYGONALFACE((101,102,93));
#654=IFCINDEXEDPOLYGONALFACE((49,50,51));
#655=IFCINDEXEDPOLYGONALFACE((95,96,97));
#656=IFCINDEXEDPOLYGONALFACE((340,341,342));
#657=IFCINDEXEDPOLYGONALFACE((1481,1482,1483));
#658=IFCINDEXEDPOLYGONALFACE((48,50,54));
#659=IFCINDEXEDPOLYGONALFACE((94,96,100));
#660=IFCINDEXEDPOLYGONALFACE((339,341,345));
#661=IFCINDEXEDPOLYGONALFACE((1409,1482,1485));
#662=IFCINDEXEDPOLYGONALFACE((50,34,51));
#663=IFCINDEXEDPOLYGONALFACE((96,80,97));
#664=IFCINDEXEDPOLYGONALFACE((341,325,342));
#665=IFCINDEXEDPOLYGONALFACE((1482,1290,1483));
#666=IFCINDEXEDPOLYGONALFACE((37,47,54));
#667=IFCINDEXEDPOLYGONALFACE((83,93,100));
#668=IFCINDEXEDPOLYGONALFACE((328,338,345));
#669=IFCINDEXEDPOLYGONALFACE((1472,1480,1485));
#670=IFCINDEXEDPOLYGONALFACE((37,50,49));
#671=IFCINDEXEDPOLYGONALFACE((83,96,95));
#672=IFCINDEXEDPOLYGONALFACE((328,341,340));
#673=IFCINDEXEDPOLYGONALFACE((1472,1482,1481));
#674=IFCINDEXEDPOLYGONALFACE((52,53,40));
#675=IFCINDEXEDPOLYGONALFACE((98,99,86));
#676=IFCINDEXEDPOLYGONALFACE((343,344,331));
#677=IFCINDEXEDPOLYGONALFACE((1484,1414,1332));
#678=IFCINDEXEDPOLYGONALFACE((53,52,51));
#679=IFCINDEXEDPOLYGONALFACE((59,38,58));
#680=IFCINDEXEDPOLYGONALFACE((105,84,104));
#681=IFCINDEXEDPOLYGONALFACE((350,329,349));
#682=IFCINDEXEDPOLYGONALFACE((1489,1473,1488));
#683=IFCINDEXEDPOLYGONALFACE((38,31,52));
#684=IFCINDEXEDPOLYGONALFACE((84,77,98));
#685=IFCINDEXEDPOLYGONALFACE((329,322,343));
#686=IFCINDEXEDPOLYGONALFACE((1473,1468,1484));
#687=IFCINDEXEDPOLYGONALFACE((51,34,53));
#688=IFCINDEXEDPOLYGONALFACE((97,80,99));
#689=IFCINDEXEDPOLYGONALFACE((342,325,344));
#690=IFCINDEXEDPOLYGONALFACE((1483,1290,1414));
#691=IFCINDEXEDPOLYGONALFACE((37,54,50));
#692=IFCINDEXEDPOLYGONALFACE((83,100,96));
#693=IFCINDEXEDPOLYGONALFACE((328,345,341));
#694=IFCINDEXEDPOLYGONALFACE((1472,1485,1482));
#695=IFCINDEXEDPOLYGONALFACE((39,54,47));
#696=IFCINDEXEDPOLYGONALFACE((85,100,93));
#697=IFCINDEXEDPOLYGONALFACE((330,345,338));
#698=IFCINDEXEDPOLYGONALFACE((1309,1485,1480));
#699=IFCINDEXEDPOLYGONALFACE((29,55,28));
#700=IFCINDEXEDPOLYGONALFACE((75,101,74));
#701=IFCINDEXEDPOLYGONALFACE((321,346,174));
#702=IFCINDEXEDPOLYGONALFACE((1467,1486,314));
#703=IFCINDEXEDPOLYGONALFACE((56,30,1381,46));
#704=IFCINDEXEDPOLYGONALFACE((102,76,1363,92));
#705=IFCINDEXEDPOLYGONALFACE((347,319,1437,337));
#706=IFCINDEXEDPOLYGONALFACE((1487,25,1408,1479));
#707=IFCINDEXEDPOLYGONALFACE((30,56,29));
#708=IFCINDEXEDPOLYGONALFACE((76,102,75));
#709=IFCINDEXEDPOLYGONALFACE((319,347,321));
#710=IFCINDEXEDPOLYGONALFACE((25,1487,1467));
#711=IFCINDEXEDPOLYGONALFACE((59,36,38));
#712=IFCINDEXEDPOLYGONALFACE((105,82,84));
#713=IFCINDEXEDPOLYGONALFACE((350,327,329));
#714=IFCINDEXEDPOLYGONALFACE((1489,1471,1473));
#715=IFCINDEXEDPOLYGONALFACE((58,40,57));
#716=IFCINDEXEDPOLYGONALFACE((104,86,103));
#717=IFCINDEXEDPOLYGONALFACE((349,331,348));
#718=IFCINDEXEDPOLYGONALFACE((1488,1332,1418));
#719=IFCINDEXEDPOLYGONALFACE((52,58,38));
#720=IFCINDEXEDPOLYGONALFACE((98,104,84));
#721=IFCINDEXEDPOLYGONALFACE((343,349,329));
#722=IFCINDEXEDPOLYGONALFACE((1484,1488,1473));
#723=IFCINDEXEDPOLYGONALFACE((57,32,59));
#724=IFCINDEXEDPOLYGONALFACE((103,78,105));
#725=IFCINDEXEDPOLYGONALFACE((348,323,350));
#726=IFCINDEXEDPOLYGONALFACE((1418,1286,1489));
#727=IFCINDEXEDPOLYGONALFACE((63,69,35));
#728=IFCINDEXEDPOLYGONALFACE((109,115,81));
#729=IFCINDEXEDPOLYGONALFACE((354,360,326));
#730=IFCINDEXEDPOLYGONALFACE((1493,1499,1470));
#731=IFCINDEXEDPOLYGONALFACE((63,60,62));
#732=IFCINDEXEDPOLYGONALFACE((109,106,108));
#733=IFCINDEXEDPOLYGONALFACE((354,351,353));
#734=IFCINDEXEDPOLYGONALFACE((1493,1490,1492));
#735=IFCINDEXEDPOLYGONALFACE((59,62,36));
#736=IFCINDEXEDPOLYGONALFACE((105,108,82));
#737=IFCINDEXEDPOLYGONALFACE((350,353,327));
#738=IFCINDEXEDPOLYGONALFACE((1489,1492,1471));
#739=IFCINDEXEDPOLYGONALFACE((62,32,1393,61));
#740=IFCINDEXEDPOLYGONALFACE((108,78,1344,107));
#741=IFCINDEXEDPOLYGONALFACE((353,323,1449,352));
#742=IFCINDEXEDPOLYGONALFACE((1492,1286,1423,1491));
#743=IFCINDEXEDPOLYGONALFACE((36,62,60));
#744=IFCINDEXEDPOLYGONALFACE((82,108,106));
#745=IFCINDEXEDPOLYGONALFACE((327,353,351));
#746=IFCINDEXEDPOLYGONALFACE((1471,1492,1490));
#747=IFCINDEXEDPOLYGONALFACE((69,61,1292,33));
#748=IFCINDEXEDPOLYGONALFACE((115,107,1312,79));
#749=IFCINDEXEDPOLYGONALFACE((360,352,1291,324));
#750=IFCINDEXEDPOLYGONALFACE((1499,1491,1313,1469));
#751=IFCINDEXEDPOLYGONALFACE((35,60,63));
#752=IFCINDEXEDPOLYGONALFACE((81,106,109));
#753=IFCINDEXEDPOLYGONALFACE((326,351,354));
#754=IFCINDEXEDPOLYGONALFACE((1470,1490,1493));
#755=IFCINDEXEDPOLYGONALFACE((70,65,71));
#756=IFCINDEXEDPOLYGONALFACE((69,70,35));
#757=IFCINDEXEDPOLYGONALFACE((115,116,81));
#758=IFCINDEXEDPOLYGONALFACE((360,361,326));
#759=IFCINDEXEDPOLYGONALFACE((1499,1500,1470));
#760=IFCINDEXEDPOLYGONALFACE((67,66,41));
#761=IFCINDEXEDPOLYGONALFACE((113,112,87));
#762=IFCINDEXEDPOLYGONALFACE((1497,1496,1474));
#763=IFCINDEXEDPOLYGONALFACE((66,42,1331,43));
#764=IFCINDEXEDPOLYGONALFACE((112,88,1328,89));
#765=IFCINDEXEDPOLYGONALFACE((357,333,1310,334));
#766=IFCINDEXEDPOLYGONALFACE((1496,1475,1317,1476));
#767=IFCINDEXEDPOLYGONALFACE((64,67,41));
#768=IFCINDEXEDPOLYGONALFACE((110,113,87));
#769=IFCINDEXEDPOLYGONALFACE((355,358,332));
#770=IFCINDEXEDPOLYGONALFACE((1494,1497,1474));
#771=IFCINDEXEDPOLYGONALFACE((67,65,1289,1399,42));
#772=IFCINDEXEDPOLYGONALFACE((113,111,1288,1329,88));
#773=IFCINDEXEDPOLYGONALFACE((358,356,1287,1456,333));
#774=IFCINDEXEDPOLYGONALFACE((1497,1495,1311,1430,1475));
#775=IFCINDEXEDPOLYGONALFACE((68,43,1403,25));
#776=IFCINDEXEDPOLYGONALFACE((114,89,1376,30));
#777=IFCINDEXEDPOLYGONALFACE((359,334,1459,1));
#778=IFCINDEXEDPOLYGONALFACE((1498,1476,1432,319));
#779=IFCINDEXEDPOLYGONALFACE((27,68,26));
#780=IFCINDEXEDPOLYGONALFACE((73,114,72));
#781=IFCINDEXEDPOLYGONALFACE((175,359,320));
#782=IFCINDEXEDPOLYGONALFACE((311,1498,698));
#783=IFCINDEXEDPOLYGONALFACE((61,69,63));
#784=IFCINDEXEDPOLYGONALFACE((107,115,109));
#785=IFCINDEXEDPOLYGONALFACE((352,360,354));
#786=IFCINDEXEDPOLYGONALFACE((1491,1499,1493));
#787=IFCINDEXEDPOLYGONALFACE((70,33,1394,65));
#788=IFCINDEXEDPOLYGONALFACE((116,79,1340,111));
#789=IFCINDEXEDPOLYGONALFACE((361,324,1451,356));
#790=IFCINDEXEDPOLYGONALFACE((1500,1469,1424,1495));
#791=IFCINDEXEDPOLYGONALFACE((71,65,67));
#792=IFCINDEXEDPOLYGONALFACE((117,111,113));
#793=IFCINDEXEDPOLYGONALFACE((362,356,358));
#794=IFCINDEXEDPOLYGONALFACE((1501,1495,1497));
#795=IFCINDEXEDPOLYGONALFACE((35,70,64));
#796=IFCINDEXEDPOLYGONALFACE((81,116,110));
#797=IFCINDEXEDPOLYGONALFACE((326,361,355));
#798=IFCINDEXEDPOLYGONALFACE((1470,1500,1494));
#799=IFCINDEXEDPOLYGONALFACE((67,64,71));
#800=IFCINDEXEDPOLYGONALFACE((113,110,117));
#801=IFCINDEXEDPOLYGONALFACE((358,355,362));
#802=IFCINDEXEDPOLYGONALFACE((1497,1494,1501));
#803=IFCINDEXEDPOLYGONALFACE((64,70,71));
#804=IFCINDEXEDPOLYGONALFACE((110,116,117));
#805=IFCINDEXEDPOLYGONALFACE((355,361,362));
#806=IFCINDEXEDPOLYGONALFACE((1494,1500,1501));
#807=IFCINDEXEDPOLYGONALFACE((112,89,114));
#808=IFCINDEXEDPOLYGONALFACE((357,334,359));
#809=IFCINDEXEDPOLYGONALFACE((1496,1476,1498));
#810=IFCINDEXEDPOLYGONALFACE((101,75,102));
#811=IFCINDEXEDPOLYGONALFACE((99,98,97));
#812=IFCINDEXEDPOLYGONALFACE((344,343,342));
#813=IFCINDEXEDPOLYGONALFACE((1414,1484,1483));
#814=IFCINDEXEDPOLYGONALFACE((116,111,117));
#815=IFCINDEXEDPOLYGONALFACE((361,356,362));
#816=IFCINDEXEDPOLYGONALFACE((1500,1495,1501));
#817=IFCINDEXEDPOLYGONALFACE((118,119,1721,1681,1675,1691,1670,1726,1671,1731,1666,1737,1672,1712,1658,1709,1679,1706,1678,1703,1687,1695,1659,1700,1664,1719,1662,1693,1665,1683,28,55,44,37,49,31,38,36,60,35,64,41,45,27,1610,1609,1647,1600,1635,1599,1632,1605,1643,1601,1640,1606,1618,1592,1613,1612,1622,1593,1597,1596,1628,1595,1614,1607,1611));
#818=IFCINDEXEDPOLYGONALFACE((120,121,146,142,150,136,156,139,160,131,138,137,144,122,2062,2061,2099,2052,2087,2051,2084,2057,2095,2053,2092,2058,2070,2044,2065,2064,2074,2045,2049,2048,2080,2047,2066,2059,2063,123));
#819=IFCINDEXEDPOLYGONALFACE((175,865,864,909,851,886,850,884,857,895,852,892,856,899,848,907,860,903,859,883,870,878,858,881,862,874,861,868,863,866,872,172,173,672,632,626,642,621,677,622,682,617,688,623,663,609,660,630,657,629,654,638,646,610,651,615,670,613,644,616,634,174,346,335,328,340,322,329,327,351,326,355,332,336));
#820=IFCINDEXEDPOLYGONALFACE((4,221,222,783,782,839,768,836,767,833,773,830,769,794,793,823,765,814,786,811,785,808,796,801,774,804,779,827,777,799,780,790,5,9,8,10));
#821=IFCINDEXEDPOLYGONALFACE((311,717,716,754,707,742,706,739,712,750,708,747,713,725,699,720,719,729,700,704,703,735,702,721,714,718,312,313,1566,1526,1520,1536,1515,1571,1516,1576,1511,1582,1517,1557,1503,1554,1524,1551,1523,1548,1532,1540,1504,1545,1509,1564,1507,1538,1510,1528,314,1486,1477,1472,1481,1468,1473,1471,1490,1470,1494,1474,1478));
#822=IFCINDEXEDPOLYGONALFACE((73,1765,1764,1802,1755,1790,1754,1787,1760,1798,1756,1795,1761,1773,1747,1768,1767,1777,1748,1752,1751,1783,1750,1769,1762,1766,407,408,2018,1978,1972,1988,1967,2023,1968,2028,1963,2034,1969,2009,1955,2006,1976,2003,1975,2000,1984,1992,1956,1997,1961,2016,1959,1990,1962,1980,74,101,90,83,95,77,84,82,106,81,110,87,91));
#823=IFCINDEXEDPOLYGONALFACE((416,413,414,415,1321,1318,1461,1284,1457,1302,1452,1280,1446,1306,1443,1294,1439,1315,1434,1276,1429,1316,1425,1299,1420,1308,1415,1278,1410,1296,1405,1282,1400,1298,1395,1275,1390,1300,1386,1285,1382,1303,1378,1281,1327,1304,1333,1293,1342,1305,1347,1277,1357,1297,1360,1283,1368,1301,1365,1279,1352,1307,1338,1295,1326,1314,1322));
#824=IFCINDEXEDPOLYGONALFACE((168,143,149));
#825=IFCINDEXEDPOLYGONALFACE((157,155,141));
#826=IFCINDEXEDPOLYGONALFACE((170,145,1367,76));
#827=IFCINDEXEDPOLYGONALFACE((154,148,146));
#828=IFCINDEXEDPOLYGONALFACE((167,134,169));
#829=IFCINDEXEDPOLYGONALFACE((170,76,130));
#830=IFCINDEXEDPOLYGONALFACE((163,164,131));
#831=IFCINDEXEDPOLYGONALFACE((159,158,132));
#832=IFCINDEXEDPOLYGONALFACE((139,159,161));
#833=IFCINDEXEDPOLYGONALFACE((166,131,164));
#834=IFCINDEXEDPOLYGONALFACE((169,137,167));
#835=IFCINDEXEDPOLYGONALFACE((138,166,167));
#836=IFCINDEXEDPOLYGONALFACE((132,161,159));
#837=IFCINDEXEDPOLYGONALFACE((152,153,155));
#838=IFCINDEXEDPOLYGONALFACE((149,140,151));
#839=IFCINDEXEDPOLYGONALFACE((149,151,168));
#840=IFCINDEXEDPOLYGONALFACE((122,144,170));
#841=IFCINDEXEDPOLYGONALFACE((145,170,171));
#842=IFCINDEXEDPOLYGONALFACE((129,147,154));
#843=IFCINDEXEDPOLYGONALFACE((121,128,154));
#844=IFCINDEXEDPOLYGONALFACE((148,154,147));
#845=IFCINDEXEDPOLYGONALFACE((152,151,140));
#846=IFCINDEXEDPOLYGONALFACE((152,150,151));
#847=IFCINDEXEDPOLYGONALFACE((151,142,168));
#848=IFCINDEXEDPOLYGONALFACE((142,151,150));
#849=IFCINDEXEDPOLYGONALFACE((153,141,155));
#850=IFCINDEXEDPOLYGONALFACE((136,150,152));
#851=IFCINDEXEDPOLYGONALFACE((152,140,153));
#852=IFCINDEXEDPOLYGONALFACE((121,154,146));
#853=IFCINDEXEDPOLYGONALFACE((154,128,129));
#854=IFCINDEXEDPOLYGONALFACE((157,159,156));
#855=IFCINDEXEDPOLYGONALFACE((152,155,136));
#856=IFCINDEXEDPOLYGONALFACE((157,156,155));
#857=IFCINDEXEDPOLYGONALFACE((156,136,155));
#858=IFCINDEXEDPOLYGONALFACE((159,157,158));
#859=IFCINDEXEDPOLYGONALFACE((157,141,158));
#860=IFCINDEXEDPOLYGONALFACE((163,161,162));
#861=IFCINDEXEDPOLYGONALFACE((159,139,156));
#862=IFCINDEXEDPOLYGONALFACE((131,160,163));
#863=IFCINDEXEDPOLYGONALFACE((162,135,163));
#864=IFCINDEXEDPOLYGONALFACE((160,139,161));
#865=IFCINDEXEDPOLYGONALFACE((161,132,162));
#866=IFCINDEXEDPOLYGONALFACE((163,135,164));
#867=IFCINDEXEDPOLYGONALFACE((161,163,160));
#868=IFCINDEXEDPOLYGONALFACE((166,165,133));
#869=IFCINDEXEDPOLYGONALFACE((166,164,165));
#870=IFCINDEXEDPOLYGONALFACE((164,135,165));
#871=IFCINDEXEDPOLYGONALFACE((167,166,133));
#872=IFCINDEXEDPOLYGONALFACE((166,138,131));
#873=IFCINDEXEDPOLYGONALFACE((167,133,1372,134));
#874=IFCINDEXEDPOLYGONALFACE((138,167,137));
#875=IFCINDEXEDPOLYGONALFACE((142,148,168));
#876=IFCINDEXEDPOLYGONALFACE((143,168,148));
#877=IFCINDEXEDPOLYGONALFACE((171,134,1325,145));
#878=IFCINDEXEDPOLYGONALFACE((144,137,169));
#879=IFCINDEXEDPOLYGONALFACE((122,170,130));
#880=IFCINDEXEDPOLYGONALFACE((171,144,169));
#881=IFCINDEXEDPOLYGONALFACE((144,171,170));
#882=IFCINDEXEDPOLYGONALFACE((134,171,169));
#883=IFCINDEXEDPOLYGONALFACE((192,219,217));
#884=IFCINDEXEDPOLYGONALFACE((211,209,215));
#885=IFCINDEXEDPOLYGONALFACE((205,206,182));
#886=IFCINDEXEDPOLYGONALFACE((199,198,197,956,185,966,176,177));
#887=IFCINDEXEDPOLYGONALFACE((243,239,244));
#888=IFCINDEXEDPOLYGONALFACE((178,195,188,198,199,177));
#889=IFCINDEXEDPOLYGONALFACE((242,244,238));
#890=IFCINDEXEDPOLYGONALFACE((194,220,219));
#891=IFCINDEXEDPOLYGONALFACE((200,203,184));
#892=IFCINDEXEDPOLYGONALFACE((201,203,200));
#893=IFCINDEXEDPOLYGONALFACE((189,210,215));
#894=IFCINDEXEDPOLYGONALFACE((186,204,206));
#895=IFCINDEXEDPOLYGONALFACE((193,219,220));
#896=IFCINDEXEDPOLYGONALFACE((212,191,211));
#897=IFCINDEXEDPOLYGONALFACE((218,187,213));
#898=IFCINDEXEDPOLYGONALFACE((180,196,220));
#899=IFCINDEXEDPOLYGONALFACE((180,181,196));
#900=IFCINDEXEDPOLYGONALFACE((179,180,194));
#901=IFCINDEXEDPOLYGONALFACE((267,294,125));
#902=IFCINDEXEDPOLYGONALFACE((363,390,18));
#903=IFCINDEXEDPOLYGONALFACE((1097,1117,316));
#904=IFCINDEXEDPOLYGONALFACE((200,197,198));
#905=IFCINDEXEDPOLYGONALFACE((200,198,188));
#906=IFCINDEXEDPOLYGONALFACE((204,202,203));
#907=IFCINDEXEDPOLYGONALFACE((200,184,1009,197));
#908=IFCINDEXEDPOLYGONALFACE((200,188,201));
#909=IFCINDEXEDPOLYGONALFACE((204,203,182));
#910=IFCINDEXEDPOLYGONALFACE((184,203,202));
#911=IFCINDEXEDPOLYGONALFACE((182,203,201));
#912=IFCINDEXEDPOLYGONALFACE((210,211,215));
#913=IFCINDEXEDPOLYGONALFACE((186,202,204));
#914=IFCINDEXEDPOLYGONALFACE((206,204,182));
#915=IFCINDEXEDPOLYGONALFACE((207,206,205));
#916=IFCINDEXEDPOLYGONALFACE((207,208,206));
#917=IFCINDEXEDPOLYGONALFACE((205,189,207));
#918=IFCINDEXEDPOLYGONALFACE((211,191,209));
#919=IFCINDEXEDPOLYGONALFACE((208,207,183));
#920=IFCINDEXEDPOLYGONALFACE((208,186,206));
#921=IFCINDEXEDPOLYGONALFACE((207,215,183));
#922=IFCINDEXEDPOLYGONALFACE((210,212,211));
#923=IFCINDEXEDPOLYGONALFACE((212,210,187));
#924=IFCINDEXEDPOLYGONALFACE((217,218,213));
#925=IFCINDEXEDPOLYGONALFACE((218,214,212));
#926=IFCINDEXEDPOLYGONALFACE((183,215,209));
#927=IFCINDEXEDPOLYGONALFACE((219,193,216));
#928=IFCINDEXEDPOLYGONALFACE((214,191,212));
#929=IFCINDEXEDPOLYGONALFACE((189,215,207));
#930=IFCINDEXEDPOLYGONALFACE((190,214,218));
#931=IFCINDEXEDPOLYGONALFACE((190,217,216));
#932=IFCINDEXEDPOLYGONALFACE((192,217,213));
#933=IFCINDEXEDPOLYGONALFACE((218,212,187));
#934=IFCINDEXEDPOLYGONALFACE((190,218,217));
#935=IFCINDEXEDPOLYGONALFACE((217,219,216));
#936=IFCINDEXEDPOLYGONALFACE((194,219,192));
#937=IFCINDEXEDPOLYGONALFACE((180,220,194));
#938=IFCINDEXEDPOLYGONALFACE((220,196,984,193));
#939=IFCINDEXEDPOLYGONALFACE((265,239,245));
#940=IFCINDEXEDPOLYGONALFACE((253,232,251));
#941=IFCINDEXEDPOLYGONALFACE((248,266,240));
#942=IFCINDEXEDPOLYGONALFACE((249,247,236));
#943=IFCINDEXEDPOLYGONALFACE((234,264,233));
#944=IFCINDEXEDPOLYGONALFACE((266,224,225));
#945=IFCINDEXEDPOLYGONALFACE((261,262,263));
#946=IFCINDEXEDPOLYGONALFACE((253,251,237));
#947=IFCINDEXEDPOLYGONALFACE((260,258,259));
#948=IFCINDEXEDPOLYGONALFACE((227,261,263));
#949=IFCINDEXEDPOLYGONALFACE((233,264,248));
#950=IFCINDEXEDPOLYGONALFACE((234,263,264));
#951=IFCINDEXEDPOLYGONALFACE((228,259,254));
#952=IFCINDEXEDPOLYGONALFACE((249,250,251));
#953=IFCINDEXEDPOLYGONALFACE((245,247,265));
#954=IFCINDEXEDPOLYGONALFACE((23,226,256));
#955=IFCINDEXEDPOLYGONALFACE((24,240,266));
#956=IFCINDEXEDPOLYGONALFACE((233,248,240));
#957=IFCINDEXEDPOLYGONALFACE((223,243,256));
#958=IFCINDEXEDPOLYGONALFACE((244,256,243));
#959=IFCINDEXEDPOLYGONALFACE((256,244,242));
#960=IFCINDEXEDPOLYGONALFACE((246,238,247));
#961=IFCINDEXEDPOLYGONALFACE((249,246,247));
#962=IFCINDEXEDPOLYGONALFACE((245,236,247));
#963=IFCINDEXEDPOLYGONALFACE((265,238,244));
#964=IFCINDEXEDPOLYGONALFACE((248,230,937,241));
#965=IFCINDEXEDPOLYGONALFACE((266,248,241));
#966=IFCINDEXEDPOLYGONALFACE((250,237,251));
#967=IFCINDEXEDPOLYGONALFACE((232,246,249));
#968=IFCINDEXEDPOLYGONALFACE((249,236,250));
#969=IFCINDEXEDPOLYGONALFACE((232,253,252));
#970=IFCINDEXEDPOLYGONALFACE((249,251,232));
#971=IFCINDEXEDPOLYGONALFACE((254,252,253));
#972=IFCINDEXEDPOLYGONALFACE((254,255,228));
#973=IFCINDEXEDPOLYGONALFACE((252,254,235));
#974=IFCINDEXEDPOLYGONALFACE((254,253,255));
#975=IFCINDEXEDPOLYGONALFACE((258,260,261));
#976=IFCINDEXEDPOLYGONALFACE((253,237,255));
#977=IFCINDEXEDPOLYGONALFACE((23,256,242));
#978=IFCINDEXEDPOLYGONALFACE((256,226,223));
#979=IFCINDEXEDPOLYGONALFACE((259,228,257));
#980=IFCINDEXEDPOLYGONALFACE((259,257,260));
#981=IFCINDEXEDPOLYGONALFACE((259,258,235));
#982=IFCINDEXEDPOLYGONALFACE((254,259,235));
#983=IFCINDEXEDPOLYGONALFACE((257,231,260));
#984=IFCINDEXEDPOLYGONALFACE((261,260,231));
#985=IFCINDEXEDPOLYGONALFACE((261,231,262));
#986=IFCINDEXEDPOLYGONALFACE((258,261,227));
#987=IFCINDEXEDPOLYGONALFACE((262,229,263));
#988=IFCINDEXEDPOLYGONALFACE((264,263,229));
#989=IFCINDEXEDPOLYGONALFACE((234,227,263));
#990=IFCINDEXEDPOLYGONALFACE((264,229,1054,230));
#991=IFCINDEXEDPOLYGONALFACE((264,230,248));
#992=IFCINDEXEDPOLYGONALFACE((238,265,247));
#993=IFCINDEXEDPOLYGONALFACE((239,265,244));
#994=IFCINDEXEDPOLYGONALFACE((266,241,1062,224));
#995=IFCINDEXEDPOLYGONALFACE((24,266,225));
#996=IFCINDEXEDPOLYGONALFACE((293,278,287));
#997=IFCINDEXEDPOLYGONALFACE((389,374,383));
#998=IFCINDEXEDPOLYGONALFACE((1116,936,1094));
#999=IFCINDEXEDPOLYGONALFACE((298,271,301));
#1000=IFCINDEXEDPOLYGONALFACE((394,367,397));
#1001=IFCINDEXEDPOLYGONALFACE((1120,931,1123));
#1002=IFCINDEXEDPOLYGONALFACE((300,302,301));
#1003=IFCINDEXEDPOLYGONALFACE((396,398,397));
#1004=IFCINDEXEDPOLYGONALFACE((1122,1124,1123));
#1005=IFCINDEXEDPOLYGONALFACE((297,296,298));
#1006=IFCINDEXEDPOLYGONALFACE((393,392,394));
#1007=IFCINDEXEDPOLYGONALFACE((1119,1045,1120));
#1008=IFCINDEXEDPOLYGONALFACE((288,290,270));
#1009=IFCINDEXEDPOLYGONALFACE((384,386,366));
#1010=IFCINDEXEDPOLYGONALFACE((1112,1114,1099));
#1011=IFCINDEXEDPOLYGONALFACE((286,295,285));
#1012=IFCINDEXEDPOLYGONALFACE((382,391,381));
#1013=IFCINDEXEDPOLYGONALFACE((1111,1118,1110));
#1014=IFCINDEXEDPOLYGONALFACE((181,269,307));
#1015=IFCINDEXEDPOLYGONALFACE((364,365,403));
#1016=IFCINDEXEDPOLYGONALFACE((268,1098,1129));
#1017=IFCINDEXEDPOLYGONALFACE((284,305,307));
#1018=IFCINDEXEDPOLYGONALFACE((380,401,403));
#1019=IFCINDEXEDPOLYGONALFACE((1109,1127,1129));
#1020=IFCINDEXEDPOLYGONALFACE((305,282,307));
#1021=IFCINDEXEDPOLYGONALFACE((401,378,403));
#1022=IFCINDEXEDPOLYGONALFACE((1127,1107,1129));
#1023=IFCINDEXEDPOLYGONALFACE((284,307,126));
#1024=IFCINDEXEDPOLYGONALFACE((380,403,19));
#1025=IFCINDEXEDPOLYGONALFACE((1109,1129,317));
#1026=IFCINDEXEDPOLYGONALFACE((273,289,287));
#1027=IFCINDEXEDPOLYGONALFACE((369,385,383));
#1028=IFCINDEXEDPOLYGONALFACE((932,1113,1094));
#1029=IFCINDEXEDPOLYGONALFACE((279,297,291));
#1030=IFCINDEXEDPOLYGONALFACE((375,393,387));
#1031=IFCINDEXEDPOLYGONALFACE((952,1119,1115));
#1032=IFCINDEXEDPOLYGONALFACE((294,267,295));
#1033=IFCINDEXEDPOLYGONALFACE((390,363,391));
#1034=IFCINDEXEDPOLYGONALFACE((1117,1097,1118));
#1035=IFCINDEXEDPOLYGONALFACE((290,291,270));
#1036=IFCINDEXEDPOLYGONALFACE((386,387,366));
#1037=IFCINDEXEDPOLYGONALFACE((1114,1115,1099));
#1038=IFCINDEXEDPOLYGONALFACE((272,309,308));
#1039=IFCINDEXEDPOLYGONALFACE((368,405,404));
#1040=IFCINDEXEDPOLYGONALFACE((1100,1131,1130));
#1041=IFCINDEXEDPOLYGONALFACE((306,281,305));
#1042=IFCINDEXEDPOLYGONALFACE((402,377,401));
#1043=IFCINDEXEDPOLYGONALFACE((1128,1106,1127));
#1044=IFCINDEXEDPOLYGONALFACE((305,284,280));
#1045=IFCINDEXEDPOLYGONALFACE((401,380,376));
#1046=IFCINDEXEDPOLYGONALFACE((1127,1109,1105));
#1047=IFCINDEXEDPOLYGONALFACE((285,278,286));
#1048=IFCINDEXEDPOLYGONALFACE((381,374,382));
#1049=IFCINDEXEDPOLYGONALFACE((1110,936,1111));
#1050=IFCINDEXEDPOLYGONALFACE((283,294,286,276));
#1051=IFCINDEXEDPOLYGONALFACE((379,390,382,372));
#1052=IFCINDEXEDPOLYGONALFACE((1108,1117,1111,1103));
#1053=IFCINDEXEDPOLYGONALFACE((294,295,286));
#1054=IFCINDEXEDPOLYGONALFACE((390,391,382));
#1055=IFCINDEXEDPOLYGONALFACE((1117,1118,1111));
#1056=IFCINDEXEDPOLYGONALFACE((288,289,290));
#1057=IFCINDEXEDPOLYGONALFACE((384,385,386));
#1058=IFCINDEXEDPOLYGONALFACE((1112,1113,1114));
#1059=IFCINDEXEDPOLYGONALFACE((287,289,293));
#1060=IFCINDEXEDPOLYGONALFACE((383,385,389));
#1061=IFCINDEXEDPOLYGONALFACE((1094,1113,1116));
#1062=IFCINDEXEDPOLYGONALFACE((289,273,290));
#1063=IFCINDEXEDPOLYGONALFACE((385,369,386));
#1064=IFCINDEXEDPOLYGONALFACE((1113,932,1114));
#1065=IFCINDEXEDPOLYGONALFACE((276,286,293));
#1066=IFCINDEXEDPOLYGONALFACE((372,382,389));
#1067=IFCINDEXEDPOLYGONALFACE((1103,1111,1116));
#1068=IFCINDEXEDPOLYGONALFACE((276,289,288));
#1069=IFCINDEXEDPOLYGONALFACE((372,385,384));
#1070=IFCINDEXEDPOLYGONALFACE((1103,1113,1112));
#1071=IFCINDEXEDPOLYGONALFACE((291,292,279));
#1072=IFCINDEXEDPOLYGONALFACE((387,388,375));
#1073=IFCINDEXEDPOLYGONALFACE((1115,1096,952));
#1074=IFCINDEXEDPOLYGONALFACE((292,291,290));
#1075=IFCINDEXEDPOLYGONALFACE((388,387,386));
#1076=IFCINDEXEDPOLYGONALFACE((1096,1115,1114));
#1077=IFCINDEXEDPOLYGONALFACE((298,277,297));
#1078=IFCINDEXEDPOLYGONALFACE((394,373,393));
#1079=IFCINDEXEDPOLYGONALFACE((1120,1104,1119));
#1080=IFCINDEXEDPOLYGONALFACE((277,270,291));
#1081=IFCINDEXEDPOLYGONALFACE((373,366,387));
#1082=IFCINDEXEDPOLYGONALFACE((1104,1099,1115));
#1083=IFCINDEXEDPOLYGONALFACE((290,273,292));
#1084=IFCINDEXEDPOLYGONALFACE((386,369,388));
#1085=IFCINDEXEDPOLYGONALFACE((1114,932,1096));
#1086=IFCINDEXEDPOLYGONALFACE((276,293,289));
#1087=IFCINDEXEDPOLYGONALFACE((372,389,385));
#1088=IFCINDEXEDPOLYGONALFACE((1103,1116,1113));
#1089=IFCINDEXEDPOLYGONALFACE((278,293,286));
#1090=IFCINDEXEDPOLYGONALFACE((374,389,382));
#1091=IFCINDEXEDPOLYGONALFACE((936,1116,1111));
#1092=IFCINDEXEDPOLYGONALFACE((295,268,1027,285));
#1093=IFCINDEXEDPOLYGONALFACE((391,224,1060,381));
#1094=IFCINDEXEDPOLYGONALFACE((1118,364,1089,1110));
#1095=IFCINDEXEDPOLYGONALFACE((268,295,267));
#1096=IFCINDEXEDPOLYGONALFACE((224,391,363));
#1097=IFCINDEXEDPOLYGONALFACE((364,1118,1097));
#1098=IFCINDEXEDPOLYGONALFACE((298,275,277));
#1099=IFCINDEXEDPOLYGONALFACE((394,371,373));
#1100=IFCINDEXEDPOLYGONALFACE((1120,1102,1104));
#1101=IFCINDEXEDPOLYGONALFACE((297,279,296));
#1102=IFCINDEXEDPOLYGONALFACE((393,375,392));
#1103=IFCINDEXEDPOLYGONALFACE((1119,952,1045));
#1104=IFCINDEXEDPOLYGONALFACE((291,297,277));
#1105=IFCINDEXEDPOLYGONALFACE((387,393,373));
#1106=IFCINDEXEDPOLYGONALFACE((1115,1119,1104));
#1107=IFCINDEXEDPOLYGONALFACE((296,271,298));
#1108=IFCINDEXEDPOLYGONALFACE((392,367,394));
#1109=IFCINDEXEDPOLYGONALFACE((1045,931,1120));
#1110=IFCINDEXEDPOLYGONALFACE((302,308,274));
#1111=IFCINDEXEDPOLYGONALFACE((398,404,370));
#1112=IFCINDEXEDPOLYGONALFACE((1124,1130,1101));
#1113=IFCINDEXEDPOLYGONALFACE((302,299,301));
#1114=IFCINDEXEDPOLYGONALFACE((398,395,397));
#1115=IFCINDEXEDPOLYGONALFACE((1124,1121,1123));
#1116=IFCINDEXEDPOLYGONALFACE((298,301,275));
#1117=IFCINDEXEDPOLYGONALFACE((394,397,371));
#1118=IFCINDEXEDPOLYGONALFACE((1120,1123,1102));
#1119=IFCINDEXEDPOLYGONALFACE((301,271,996,300));
#1120=IFCINDEXEDPOLYGONALFACE((397,367,1076,396));
#1121=IFCINDEXEDPOLYGONALFACE((1123,931,1043,1122));
#1122=IFCINDEXEDPOLYGONALFACE((275,301,299));
#1123=IFCINDEXEDPOLYGONALFACE((371,397,395));
#1124=IFCINDEXEDPOLYGONALFACE((1102,1123,1121));
#1125=IFCINDEXEDPOLYGONALFACE((308,300,953,272));
#1126=IFCINDEXEDPOLYGONALFACE((404,396,969,368));
#1127=IFCINDEXEDPOLYGONALFACE((1130,1122,962,1100));
#1128=IFCINDEXEDPOLYGONALFACE((274,299,302));
#1129=IFCINDEXEDPOLYGONALFACE((370,395,398));
#1130=IFCINDEXEDPOLYGONALFACE((1101,1121,1124));
#1131=IFCINDEXEDPOLYGONALFACE((309,304,310));
#1132=IFCINDEXEDPOLYGONALFACE((405,400,406));
#1133=IFCINDEXEDPOLYGONALFACE((1131,1126,1132));
#1134=IFCINDEXEDPOLYGONALFACE((308,309,274));
#1135=IFCINDEXEDPOLYGONALFACE((404,405,370));
#1136=IFCINDEXEDPOLYGONALFACE((1130,1131,1101));
#1137=IFCINDEXEDPOLYGONALFACE((306,305,280));
#1138=IFCINDEXEDPOLYGONALFACE((402,401,376));
#1139=IFCINDEXEDPOLYGONALFACE((1128,1127,1105));
#1140=IFCINDEXEDPOLYGONALFACE((305,281,960,282));
#1141=IFCINDEXEDPOLYGONALFACE((401,377,938,378));
#1142=IFCINDEXEDPOLYGONALFACE((1127,1106,970,1107));
#1143=IFCINDEXEDPOLYGONALFACE((303,306,280));
#1144=IFCINDEXEDPOLYGONALFACE((399,402,376));
#1145=IFCINDEXEDPOLYGONALFACE((1125,1128,1105));
#1146=IFCINDEXEDPOLYGONALFACE((306,304,934,961,281));
#1147=IFCINDEXEDPOLYGONALFACE((402,400,935,1083,377));
#1148=IFCINDEXEDPOLYGONALFACE((1128,1126,933,1036,1106));
#1149=IFCINDEXEDPOLYGONALFACE((307,282,974,181));
#1150=IFCINDEXEDPOLYGONALFACE((403,378,1088,364));
#1151=IFCINDEXEDPOLYGONALFACE((1129,1107,1033,268));
#1152=IFCINDEXEDPOLYGONALFACE((126,307,269));
#1153=IFCINDEXEDPOLYGONALFACE((19,403,365));
#1154=IFCINDEXEDPOLYGONALFACE((317,1129,1098));
#1155=IFCINDEXEDPOLYGONALFACE((300,308,302));
#1156=IFCINDEXEDPOLYGONALFACE((396,404,398));
#1157=IFCINDEXEDPOLYGONALFACE((1122,1130,1124));
#1158=IFCINDEXEDPOLYGONALFACE((309,272,989,304));
#1159=IFCINDEXEDPOLYGONALFACE((405,368,1077,400));
#1160=IFCINDEXEDPOLYGONALFACE((1131,1100,1039,1126));
#1161=IFCINDEXEDPOLYGONALFACE((310,304,306));
#1162=IFCINDEXEDPOLYGONALFACE((406,400,402));
#1163=IFCINDEXEDPOLYGONALFACE((1132,1126,1128));
#1164=IFCINDEXEDPOLYGONALFACE((274,309,303));
#1165=IFCINDEXEDPOLYGONALFACE((370,405,399));
#1166=IFCINDEXEDPOLYGONALFACE((1101,1131,1125));
#1167=IFCINDEXEDPOLYGONALFACE((306,303,310));
#1168=IFCINDEXEDPOLYGONALFACE((402,399,406));
#1169=IFCINDEXEDPOLYGONALFACE((1128,1125,1132));
#1170=IFCINDEXEDPOLYGONALFACE((303,309,310));
#1171=IFCINDEXEDPOLYGONALFACE((399,405,406));
#1172=IFCINDEXEDPOLYGONALFACE((1125,1131,1132));
#1173=IFCINDEXEDPOLYGONALFACE((346,321,347));
#1174=IFCINDEXEDPOLYGONALFACE((1486,1467,1487));
#1175=IFCINDEXEDPOLYGONALFACE((346,347,338));
#1176=IFCINDEXEDPOLYGONALFACE((1486,1487,1480));
#1177=IFCINDEXEDPOLYGONALFACE((358,357,332));
#1178=IFCINDEXEDPOLYGONALFACE((413,417,418,414));
#1179=IFCINDEXEDPOLYGONALFACE((425,426,423,422));
#1180=IFCINDEXEDPOLYGONALFACE((410,409,431,430));
#1181=IFCINDEXEDPOLYGONALFACE((434,433,429,432,22,21,435,436,437,17,20,438,439,440,315,318,441,442,443,124,127,444,445,446));
#1182=IFCINDEXEDPOLYGONALFACE((424,428,427,421));
#1183=IFCINDEXEDPOLYGONALFACE((419,120,123,447,448,449,408,407,450,451,452,119,118,453,454,455,313,312,456,457,458,173,172,459,460,461,222,221,420));
#1184=IFCINDEXEDPOLYGONALFACE((121,120,419,417,413,416,462,129,128));
#1185=IFCINDEXEDPOLYGONALFACE((430,429,433,178,177,176,463,411,410));
#1186=IFCINDEXEDPOLYGONALFACE((421,427,425,422));
#1187=IFCINDEXEDPOLYGONALFACE((423,426,428,424));
#1188=IFCINDEXEDPOLYGONALFACE((3,2,464,415,414,418,420,221,4));
#1189=IFCINDEXEDPOLYGONALFACE((432,431,409,412,465,223,226,23,22));
#1190=IFCINDEXEDPOLYGONALFACE((538,477,545));
#1191=IFCINDEXEDPOLYGONALFACE((1205,1144,1212));
#1192=IFCINDEXEDPOLYGONALFACE((1884,1823,1891));
#1193=IFCINDEXEDPOLYGONALFACE((2181,2120,2188));
#1194=IFCINDEXEDPOLYGONALFACE((493,514,535));
#1195=IFCINDEXEDPOLYGONALFACE((1160,1181,1202));
#1196=IFCINDEXEDPOLYGONALFACE((1839,1860,1881));
#1197=IFCINDEXEDPOLYGONALFACE((2136,2157,2178));
#1198=IFCINDEXEDPOLYGONALFACE((516,472,510));
#1199=IFCINDEXEDPOLYGONALFACE((1183,1139,1177));
#1200=IFCINDEXEDPOLYGONALFACE((1862,1818,1856));
#1201=IFCINDEXEDPOLYGONALFACE((2159,2115,2153));
#1202=IFCINDEXEDPOLYGONALFACE((536,503,473));
#1203=IFCINDEXEDPOLYGONALFACE((1203,1170,1140));
#1204=IFCINDEXEDPOLYGONALFACE((1882,1849,1819));
#1205=IFCINDEXEDPOLYGONALFACE((2179,2146,2116));
#1206=IFCINDEXEDPOLYGONALFACE((528,487,526));
#1207=IFCINDEXEDPOLYGONALFACE((1195,1154,1193));
#1208=IFCINDEXEDPOLYGONALFACE((1874,1833,1872));
#1209=IFCINDEXEDPOLYGONALFACE((2171,2130,2169));
#1210=IFCINDEXEDPOLYGONALFACE((491,497,498));
#1211=IFCINDEXEDPOLYGONALFACE((508,516,468));
#1212=IFCINDEXEDPOLYGONALFACE((1175,1183,1135));
#1213=IFCINDEXEDPOLYGONALFACE((1854,1862,1814));
#1214=IFCINDEXEDPOLYGONALFACE((2151,2159,2111));
#1215=IFCINDEXEDPOLYGONALFACE((535,224,493));
#1216=IFCINDEXEDPOLYGONALFACE((1202,364,1160));
#1217=IFCINDEXEDPOLYGONALFACE((1881,268,1839));
#1218=IFCINDEXEDPOLYGONALFACE((2178,181,2136));
#1219=IFCINDEXEDPOLYGONALFACE((225,535,24));
#1220=IFCINDEXEDPOLYGONALFACE((365,1202,19));
#1221=IFCINDEXEDPOLYGONALFACE((1098,1881,317));
#1222=IFCINDEXEDPOLYGONALFACE((269,2178,126));
#1223=IFCINDEXEDPOLYGONALFACE((518,488,517));
#1224=IFCINDEXEDPOLYGONALFACE((1185,1155,1184));
#1225=IFCINDEXEDPOLYGONALFACE((1864,1834,1863));
#1226=IFCINDEXEDPOLYGONALFACE((2161,2131,2160));
#1227=IFCINDEXEDPOLYGONALFACE((469,507,505));
#1228=IFCINDEXEDPOLYGONALFACE((1136,1174,1172));
#1229=IFCINDEXEDPOLYGONALFACE((1815,1853,1851));
#1230=IFCINDEXEDPOLYGONALFACE((2112,2150,2148));
#1231=IFCINDEXEDPOLYGONALFACE((502,504,536,537));
#1232=IFCINDEXEDPOLYGONALFACE((1169,1171,1203,1204));
#1233=IFCINDEXEDPOLYGONALFACE((1848,1850,1882,1883));
#1234=IFCINDEXEDPOLYGONALFACE((2145,2147,2179,2180));
#1235=IFCINDEXEDPOLYGONALFACE((513,509,511));
#1236=IFCINDEXEDPOLYGONALFACE((1180,1176,1178));
#1237=IFCINDEXEDPOLYGONALFACE((1859,1855,1857));
#1238=IFCINDEXEDPOLYGONALFACE((2156,2152,2154));
#1239=IFCINDEXEDPOLYGONALFACE((508,506,507));
#1240=IFCINDEXEDPOLYGONALFACE((1175,1173,1174));
#1241=IFCINDEXEDPOLYGONALFACE((1854,1852,1853));
#1242=IFCINDEXEDPOLYGONALFACE((2151,2149,2150));
#1243=IFCINDEXEDPOLYGONALFACE((478,541,543));
#1244=IFCINDEXEDPOLYGONALFACE((1145,1208,1210));
#1245=IFCINDEXEDPOLYGONALFACE((1824,1887,1889));
#1246=IFCINDEXEDPOLYGONALFACE((2121,2184,2186));
#1247=IFCINDEXEDPOLYGONALFACE((539,476,537));
#1248=IFCINDEXEDPOLYGONALFACE((1206,1143,1204));
#1249=IFCINDEXEDPOLYGONALFACE((1885,1822,1883));
#1250=IFCINDEXEDPOLYGONALFACE((2182,2119,2180));
#1251=IFCINDEXEDPOLYGONALFACE((543,541,542));
#1252=IFCINDEXEDPOLYGONALFACE((1210,1208,1209));
#1253=IFCINDEXEDPOLYGONALFACE((1889,1887,1888));
#1254=IFCINDEXEDPOLYGONALFACE((2186,2184,2185));
#1255=IFCINDEXEDPOLYGONALFACE((519,499,521));
#1256=IFCINDEXEDPOLYGONALFACE((1186,1166,1188));
#1257=IFCINDEXEDPOLYGONALFACE((1865,1845,1867));
#1258=IFCINDEXEDPOLYGONALFACE((2162,2142,2164));
#1259=IFCINDEXEDPOLYGONALFACE((436,435,490));
#1260=IFCINDEXEDPOLYGONALFACE((439,438,1157));
#1261=IFCINDEXEDPOLYGONALFACE((442,441,1836));
#1262=IFCINDEXEDPOLYGONALFACE((445,444,2133));
#1263=IFCINDEXEDPOLYGONALFACE((495,496,500));
#1264=IFCINDEXEDPOLYGONALFACE((1162,1163,1167));
#1265=IFCINDEXEDPOLYGONALFACE((1841,1842,1846));
#1266=IFCINDEXEDPOLYGONALFACE((2138,2139,2143));
#1267=IFCINDEXEDPOLYGONALFACE((488,479,517));
#1268=IFCINDEXEDPOLYGONALFACE((1155,1146,1184));
#1269=IFCINDEXEDPOLYGONALFACE((1834,1825,1863));
#1270=IFCINDEXEDPOLYGONALFACE((2131,2122,2160));
#1271=IFCINDEXEDPOLYGONALFACE((534,495,500));
#1272=IFCINDEXEDPOLYGONALFACE((1201,1162,1167));
#1273=IFCINDEXEDPOLYGONALFACE((1880,1841,1846));
#1274=IFCINDEXEDPOLYGONALFACE((2177,2138,2143));
#1275=IFCINDEXEDPOLYGONALFACE((524,523,484));
#1276=IFCINDEXEDPOLYGONALFACE((1191,1190,1151));
#1277=IFCINDEXEDPOLYGONALFACE((1870,1869,1830));
#1278=IFCINDEXEDPOLYGONALFACE((2167,2166,2127));
#1279=IFCINDEXEDPOLYGONALFACE((496,497,492));
#1280=IFCINDEXEDPOLYGONALFACE((1163,1164,1159));
#1281=IFCINDEXEDPOLYGONALFACE((1842,1843,1838));
#1282=IFCINDEXEDPOLYGONALFACE((2139,2140,2135));
#1283=IFCINDEXEDPOLYGONALFACE((500,481,501));
#1284=IFCINDEXEDPOLYGONALFACE((1167,1148,1168));
#1285=IFCINDEXEDPOLYGONALFACE((1846,1827,1847));
#1286=IFCINDEXEDPOLYGONALFACE((2143,2124,2144));
#1287=IFCINDEXEDPOLYGONALFACE((528,526,489));
#1288=IFCINDEXEDPOLYGONALFACE((1195,1193,1156));
#1289=IFCINDEXEDPOLYGONALFACE((1874,1872,1835));
#1290=IFCINDEXEDPOLYGONALFACE((2171,2169,2132));
#1291=IFCINDEXEDPOLYGONALFACE((486,488,518));
#1292=IFCINDEXEDPOLYGONALFACE((1153,1155,1185));
#1293=IFCINDEXEDPOLYGONALFACE((1832,1834,1864));
#1294=IFCINDEXEDPOLYGONALFACE((2129,2131,2161));
#1295=IFCINDEXEDPOLYGONALFACE((533,525,526));
#1296=IFCINDEXEDPOLYGONALFACE((1200,1192,1193));
#1297=IFCINDEXEDPOLYGONALFACE((1879,1871,1872));
#1298=IFCINDEXEDPOLYGONALFACE((2176,2168,2169));
#1299=IFCINDEXEDPOLYGONALFACE((435,494,498));
#1300=IFCINDEXEDPOLYGONALFACE((438,1161,1165));
#1301=IFCINDEXEDPOLYGONALFACE((441,1840,1844));
#1302=IFCINDEXEDPOLYGONALFACE((444,2137,2141));
#1303=IFCINDEXEDPOLYGONALFACE((492,497,491));
#1304=IFCINDEXEDPOLYGONALFACE((1159,1164,1158));
#1305=IFCINDEXEDPOLYGONALFACE((1838,1843,1837));
#1306=IFCINDEXEDPOLYGONALFACE((2135,2140,2134));
#1307=IFCINDEXEDPOLYGONALFACE((496,492,481));
#1308=IFCINDEXEDPOLYGONALFACE((1163,1159,1148));
#1309=IFCINDEXEDPOLYGONALFACE((1842,1838,1827));
#1310=IFCINDEXEDPOLYGONALFACE((2139,2135,2124));
#1311=IFCINDEXEDPOLYGONALFACE((435,21,494));
#1312=IFCINDEXEDPOLYGONALFACE((438,20,1161));
#1313=IFCINDEXEDPOLYGONALFACE((441,318,1840));
#1314=IFCINDEXEDPOLYGONALFACE((444,127,2137));
#1315=IFCINDEXEDPOLYGONALFACE((514,474,513));
#1316=IFCINDEXEDPOLYGONALFACE((1181,1141,1180));
#1317=IFCINDEXEDPOLYGONALFACE((1860,1820,1859));
#1318=IFCINDEXEDPOLYGONALFACE((2157,2117,2156));
#1319=IFCINDEXEDPOLYGONALFACE((500,496,481));
#1320=IFCINDEXEDPOLYGONALFACE((1167,1163,1148));
#1321=IFCINDEXEDPOLYGONALFACE((1846,1842,1827));
#1322=IFCINDEXEDPOLYGONALFACE((2143,2139,2124));
#1323=IFCINDEXEDPOLYGONALFACE((496,485,497));
#1324=IFCINDEXEDPOLYGONALFACE((1163,1152,1164));
#1325=IFCINDEXEDPOLYGONALFACE((1842,1831,1843));
#1326=IFCINDEXEDPOLYGONALFACE((2139,2128,2140));
#1327=IFCINDEXEDPOLYGONALFACE((495,485,496));
#1328=IFCINDEXEDPOLYGONALFACE((1162,1152,1163));
#1329=IFCINDEXEDPOLYGONALFACE((1841,1831,1842));
#1330=IFCINDEXEDPOLYGONALFACE((2138,2128,2139));
#1331=IFCINDEXEDPOLYGONALFACE((485,490,497));
#1332=IFCINDEXEDPOLYGONALFACE((1152,1157,1164));
#1333=IFCINDEXEDPOLYGONALFACE((1831,1836,1843));
#1334=IFCINDEXEDPOLYGONALFACE((2128,2133,2140));
#1335=IFCINDEXEDPOLYGONALFACE((498,497,490));
#1336=IFCINDEXEDPOLYGONALFACE((1165,1164,1157));
#1337=IFCINDEXEDPOLYGONALFACE((1844,1843,1836));
#1338=IFCINDEXEDPOLYGONALFACE((2141,2140,2133));
#1339=IFCINDEXEDPOLYGONALFACE((435,498,490));
#1340=IFCINDEXEDPOLYGONALFACE((438,1165,1157));
#1341=IFCINDEXEDPOLYGONALFACE((441,1844,1836));
#1342=IFCINDEXEDPOLYGONALFACE((444,2141,2133));
#1343=IFCINDEXEDPOLYGONALFACE((494,491,498));
#1344=IFCINDEXEDPOLYGONALFACE((1161,1158,1165));
#1345=IFCINDEXEDPOLYGONALFACE((1840,1837,1844));
#1346=IFCINDEXEDPOLYGONALFACE((2137,2134,2141));
#1347=IFCINDEXEDPOLYGONALFACE((519,530,480));
#1348=IFCINDEXEDPOLYGONALFACE((1186,1197,1147));
#1349=IFCINDEXEDPOLYGONALFACE((1865,1876,1826));
#1350=IFCINDEXEDPOLYGONALFACE((2162,2173,2123));
#1351=IFCINDEXEDPOLYGONALFACE((484,520,522));
#1352=IFCINDEXEDPOLYGONALFACE((1151,1187,1189));
#1353=IFCINDEXEDPOLYGONALFACE((1830,1866,1868));
#1354=IFCINDEXEDPOLYGONALFACE((2127,2163,2165));
#1355=IFCINDEXEDPOLYGONALFACE((483,517,534));
#1356=IFCINDEXEDPOLYGONALFACE((1150,1184,1201));
#1357=IFCINDEXEDPOLYGONALFACE((1829,1863,1880));
#1358=IFCINDEXEDPOLYGONALFACE((2126,2160,2177));
#1359=IFCINDEXEDPOLYGONALFACE((536,505,503));
#1360=IFCINDEXEDPOLYGONALFACE((1203,1172,1170));
#1361=IFCINDEXEDPOLYGONALFACE((1882,1851,1849));
#1362=IFCINDEXEDPOLYGONALFACE((2179,2148,2146));
#1363=IFCINDEXEDPOLYGONALFACE((534,501,483));
#1364=IFCINDEXEDPOLYGONALFACE((1201,1168,1150));
#1365=IFCINDEXEDPOLYGONALFACE((1880,1847,1829));
#1366=IFCINDEXEDPOLYGONALFACE((2177,2144,2126));
#1367=IFCINDEXEDPOLYGONALFACE((504,505,536));
#1368=IFCINDEXEDPOLYGONALFACE((1171,1172,1203));
#1369=IFCINDEXEDPOLYGONALFACE((1850,1851,1882));
#1370=IFCINDEXEDPOLYGONALFACE((2147,2148,2179));
#1371=IFCINDEXEDPOLYGONALFACE((475,507,506));
#1372=IFCINDEXEDPOLYGONALFACE((1142,1174,1173));
#1373=IFCINDEXEDPOLYGONALFACE((1821,1853,1852));
#1374=IFCINDEXEDPOLYGONALFACE((2118,2150,2149));
#1375=IFCINDEXEDPOLYGONALFACE((469,505,504));
#1376=IFCINDEXEDPOLYGONALFACE((1136,1172,1171));
#1377=IFCINDEXEDPOLYGONALFACE((1815,1851,1850));
#1378=IFCINDEXEDPOLYGONALFACE((2112,2148,2147));
#1379=IFCINDEXEDPOLYGONALFACE((503,505,475));
#1380=IFCINDEXEDPOLYGONALFACE((1170,1172,1142));
#1381=IFCINDEXEDPOLYGONALFACE((1849,1851,1821));
#1382=IFCINDEXEDPOLYGONALFACE((2146,2148,2118));
#1383=IFCINDEXEDPOLYGONALFACE((508,515,472));
#1384=IFCINDEXEDPOLYGONALFACE((1175,1182,1139));
#1385=IFCINDEXEDPOLYGONALFACE((1854,1861,1818));
#1386=IFCINDEXEDPOLYGONALFACE((2151,2158,2115));
#1387=IFCINDEXEDPOLYGONALFACE((507,475,505));
#1388=IFCINDEXEDPOLYGONALFACE((1174,1142,1172));
#1389=IFCINDEXEDPOLYGONALFACE((1853,1821,1851));
#1390=IFCINDEXEDPOLYGONALFACE((2150,2118,2148));
#1391=IFCINDEXEDPOLYGONALFACE((515,508,507));
#1392=IFCINDEXEDPOLYGONALFACE((1182,1175,1174));
#1393=IFCINDEXEDPOLYGONALFACE((1861,1854,1853));
#1394=IFCINDEXEDPOLYGONALFACE((2158,2151,2150));
#1395=IFCINDEXEDPOLYGONALFACE((470,511,510));
#1396=IFCINDEXEDPOLYGONALFACE((1137,1178,1177));
#1397=IFCINDEXEDPOLYGONALFACE((1816,1857,1856));
#1398=IFCINDEXEDPOLYGONALFACE((2113,2154,2153));
#1399=IFCINDEXEDPOLYGONALFACE((468,506,508));
#1400=IFCINDEXEDPOLYGONALFACE((1135,1173,1175));
#1401=IFCINDEXEDPOLYGONALFACE((1814,1852,1854));
#1402=IFCINDEXEDPOLYGONALFACE((2111,2149,2151));
#1403=IFCINDEXEDPOLYGONALFACE((513,511,470));
#1404=IFCINDEXEDPOLYGONALFACE((1180,1178,1137));
#1405=IFCINDEXEDPOLYGONALFACE((1859,1857,1816));
#1406=IFCINDEXEDPOLYGONALFACE((2156,2154,2113));
#1407=IFCINDEXEDPOLYGONALFACE((510,511,516));
#1408=IFCINDEXEDPOLYGONALFACE((1177,1178,1183));
#1409=IFCINDEXEDPOLYGONALFACE((1856,1857,1862));
#1410=IFCINDEXEDPOLYGONALFACE((2153,2154,2159));
#1411=IFCINDEXEDPOLYGONALFACE((513,474,509));
#1412=IFCINDEXEDPOLYGONALFACE((1180,1141,1176));
#1413=IFCINDEXEDPOLYGONALFACE((1859,1820,1855));
#1414=IFCINDEXEDPOLYGONALFACE((2156,2117,2152));
#1415=IFCINDEXEDPOLYGONALFACE((468,511,509));
#1416=IFCINDEXEDPOLYGONALFACE((1135,1178,1176));
#1417=IFCINDEXEDPOLYGONALFACE((1814,1857,1855));
#1418=IFCINDEXEDPOLYGONALFACE((2111,2154,2152));
#1419=IFCINDEXEDPOLYGONALFACE((470,512,513));
#1420=IFCINDEXEDPOLYGONALFACE((1137,1179,1180));
#1421=IFCINDEXEDPOLYGONALFACE((1816,1858,1859));
#1422=IFCINDEXEDPOLYGONALFACE((2113,2155,2156));
#1423=IFCINDEXEDPOLYGONALFACE((514,512,471));
#1424=IFCINDEXEDPOLYGONALFACE((1181,1179,1138));
#1425=IFCINDEXEDPOLYGONALFACE((1860,1858,1817));
#1426=IFCINDEXEDPOLYGONALFACE((2157,2155,2114));
#1427=IFCINDEXEDPOLYGONALFACE((514,513,512));
#1428=IFCINDEXEDPOLYGONALFACE((1181,1180,1179));
#1429=IFCINDEXEDPOLYGONALFACE((1860,1859,1858));
#1430=IFCINDEXEDPOLYGONALFACE((2157,2156,2155));
#1431=IFCINDEXEDPOLYGONALFACE((535,514,471));
#1432=IFCINDEXEDPOLYGONALFACE((1202,1181,1138));
#1433=IFCINDEXEDPOLYGONALFACE((1881,1860,1817));
#1434=IFCINDEXEDPOLYGONALFACE((2178,2157,2114));
#1435=IFCINDEXEDPOLYGONALFACE((493,474,514));
#1436=IFCINDEXEDPOLYGONALFACE((1160,1141,1181));
#1437=IFCINDEXEDPOLYGONALFACE((1839,1820,1860));
#1438=IFCINDEXEDPOLYGONALFACE((2136,2117,2157));
#1439=IFCINDEXEDPOLYGONALFACE((507,469,515));
#1440=IFCINDEXEDPOLYGONALFACE((1174,1136,1182));
#1441=IFCINDEXEDPOLYGONALFACE((1853,1815,1861));
#1442=IFCINDEXEDPOLYGONALFACE((2150,2112,2158));
#1443=IFCINDEXEDPOLYGONALFACE((468,516,511));
#1444=IFCINDEXEDPOLYGONALFACE((1135,1183,1178));
#1445=IFCINDEXEDPOLYGONALFACE((1814,1862,1857));
#1446=IFCINDEXEDPOLYGONALFACE((2111,2159,2154));
#1447=IFCINDEXEDPOLYGONALFACE((472,516,508));
#1448=IFCINDEXEDPOLYGONALFACE((1139,1183,1175));
#1449=IFCINDEXEDPOLYGONALFACE((1818,1862,1854));
#1450=IFCINDEXEDPOLYGONALFACE((2115,2159,2151));
#1451=IFCINDEXEDPOLYGONALFACE((534,517,479));
#1452=IFCINDEXEDPOLYGONALFACE((1201,1184,1146));
#1453=IFCINDEXEDPOLYGONALFACE((1880,1863,1825));
#1454=IFCINDEXEDPOLYGONALFACE((2177,2160,2122));
#1455=IFCINDEXEDPOLYGONALFACE((517,529,518));
#1456=IFCINDEXEDPOLYGONALFACE((1184,1196,1185));
#1457=IFCINDEXEDPOLYGONALFACE((1863,1875,1864));
#1458=IFCINDEXEDPOLYGONALFACE((2160,2172,2161));
#1459=IFCINDEXEDPOLYGONALFACE((486,530,521));
#1460=IFCINDEXEDPOLYGONALFACE((1153,1197,1188));
#1461=IFCINDEXEDPOLYGONALFACE((1832,1876,1867));
#1462=IFCINDEXEDPOLYGONALFACE((2129,2173,2164));
#1463=IFCINDEXEDPOLYGONALFACE((520,521,522));
#1464=IFCINDEXEDPOLYGONALFACE((1187,1188,1189));
#1465=IFCINDEXEDPOLYGONALFACE((1866,1867,1868));
#1466=IFCINDEXEDPOLYGONALFACE((2163,2164,2165));
#1467=IFCINDEXEDPOLYGONALFACE((519,521,530));
#1468=IFCINDEXEDPOLYGONALFACE((1186,1188,1197));
#1469=IFCINDEXEDPOLYGONALFACE((1865,1867,1876));
#1470=IFCINDEXEDPOLYGONALFACE((2162,2164,2173));
#1471=IFCINDEXEDPOLYGONALFACE((521,499,522));
#1472=IFCINDEXEDPOLYGONALFACE((1188,1166,1189));
#1473=IFCINDEXEDPOLYGONALFACE((1867,1845,1868));
#1474=IFCINDEXEDPOLYGONALFACE((2164,2142,2165));
#1475=IFCINDEXEDPOLYGONALFACE((486,518,530));
#1476=IFCINDEXEDPOLYGONALFACE((1153,1185,1197));
#1477=IFCINDEXEDPOLYGONALFACE((1832,1864,1876));
#1478=IFCINDEXEDPOLYGONALFACE((2129,2161,2173));
#1479=IFCINDEXEDPOLYGONALFACE((486,521,520));
#1480=IFCINDEXEDPOLYGONALFACE((1153,1188,1187));
#1481=IFCINDEXEDPOLYGONALFACE((1832,1867,1866));
#1482=IFCINDEXEDPOLYGONALFACE((2129,2164,2163));
#1483=IFCINDEXEDPOLYGONALFACE((524,532,482));
#1484=IFCINDEXEDPOLYGONALFACE((1191,1199,1149));
#1485=IFCINDEXEDPOLYGONALFACE((1870,1878,1828));
#1486=IFCINDEXEDPOLYGONALFACE((2167,2175,2125));
#1487=IFCINDEXEDPOLYGONALFACE((525,533,482));
#1488=IFCINDEXEDPOLYGONALFACE((1192,1200,1149));
#1489=IFCINDEXEDPOLYGONALFACE((1871,1879,1828));
#1490=IFCINDEXEDPOLYGONALFACE((2168,2176,2125));
#1491=IFCINDEXEDPOLYGONALFACE((524,522,532));
#1492=IFCINDEXEDPOLYGONALFACE((1191,1189,1199));
#1493=IFCINDEXEDPOLYGONALFACE((1870,1868,1878));
#1494=IFCINDEXEDPOLYGONALFACE((2167,2165,2175));
#1495=IFCINDEXEDPOLYGONALFACE((522,524,484));
#1496=IFCINDEXEDPOLYGONALFACE((1189,1191,1151));
#1497=IFCINDEXEDPOLYGONALFACE((1868,1870,1830));
#1498=IFCINDEXEDPOLYGONALFACE((2165,2167,2127));
#1499=IFCINDEXEDPOLYGONALFACE((523,524,533));
#1500=IFCINDEXEDPOLYGONALFACE((1190,1191,1200));
#1501=IFCINDEXEDPOLYGONALFACE((1869,1870,1879));
#1502=IFCINDEXEDPOLYGONALFACE((2166,2167,2176));
#1503=IFCINDEXEDPOLYGONALFACE((487,528,527));
#1504=IFCINDEXEDPOLYGONALFACE((1154,1195,1194));
#1505=IFCINDEXEDPOLYGONALFACE((1833,1874,1873));
#1506=IFCINDEXEDPOLYGONALFACE((2130,2171,2170));
#1507=IFCINDEXEDPOLYGONALFACE((489,526,525));
#1508=IFCINDEXEDPOLYGONALFACE((1156,1193,1192));
#1509=IFCINDEXEDPOLYGONALFACE((1835,1872,1871));
#1510=IFCINDEXEDPOLYGONALFACE((2132,2169,2168));
#1511=IFCINDEXEDPOLYGONALFACE((533,487,523));
#1512=IFCINDEXEDPOLYGONALFACE((1200,1154,1190));
#1513=IFCINDEXEDPOLYGONALFACE((1879,1833,1869));
#1514=IFCINDEXEDPOLYGONALFACE((2176,2130,2166));
#1515=IFCINDEXEDPOLYGONALFACE((546,527,528));
#1516=IFCINDEXEDPOLYGONALFACE((1213,1194,1195));
#1517=IFCINDEXEDPOLYGONALFACE((1892,1873,1874));
#1518=IFCINDEXEDPOLYGONALFACE((2189,2170,2171));
#1519=IFCINDEXEDPOLYGONALFACE((528,489,531));
#1520=IFCINDEXEDPOLYGONALFACE((1195,1156,1198));
#1521=IFCINDEXEDPOLYGONALFACE((1874,1835,1877));
#1522=IFCINDEXEDPOLYGONALFACE((2171,2132,2174));
#1523=IFCINDEXEDPOLYGONALFACE((528,531,546));
#1524=IFCINDEXEDPOLYGONALFACE((1195,1198,1213));
#1525=IFCINDEXEDPOLYGONALFACE((1874,1877,1892));
#1526=IFCINDEXEDPOLYGONALFACE((2171,2174,2189));
#1527=IFCINDEXEDPOLYGONALFACE((529,517,483));
#1528=IFCINDEXEDPOLYGONALFACE((1196,1184,1150));
#1529=IFCINDEXEDPOLYGONALFACE((1875,1863,1829));
#1530=IFCINDEXEDPOLYGONALFACE((2172,2160,2126));
#1531=IFCINDEXEDPOLYGONALFACE((529,480,518));
#1532=IFCINDEXEDPOLYGONALFACE((1196,1147,1185));
#1533=IFCINDEXEDPOLYGONALFACE((1875,1826,1864));
#1534=IFCINDEXEDPOLYGONALFACE((2172,2123,2161));
#1535=IFCINDEXEDPOLYGONALFACE((480,530,518));
#1536=IFCINDEXEDPOLYGONALFACE((1147,1197,1185));
#1537=IFCINDEXEDPOLYGONALFACE((1826,1876,1864));
#1538=IFCINDEXEDPOLYGONALFACE((2123,2173,2161));
#1539=IFCINDEXEDPOLYGONALFACE((522,499,532));
#1540=IFCINDEXEDPOLYGONALFACE((1189,1166,1199));
#1541=IFCINDEXEDPOLYGONALFACE((1868,1845,1878));
#1542=IFCINDEXEDPOLYGONALFACE((2165,2142,2175));
#1543=IFCINDEXEDPOLYGONALFACE((546,531,467));
#1544=IFCINDEXEDPOLYGONALFACE((1213,1198,1134));
#1545=IFCINDEXEDPOLYGONALFACE((1892,1877,1813));
#1546=IFCINDEXEDPOLYGONALFACE((2189,2174,2110));
#1547=IFCINDEXEDPOLYGONALFACE((533,526,487));
#1548=IFCINDEXEDPOLYGONALFACE((1200,1193,1154));
#1549=IFCINDEXEDPOLYGONALFACE((1879,1872,1833));
#1550=IFCINDEXEDPOLYGONALFACE((2176,2169,2130));
#1551=IFCINDEXEDPOLYGONALFACE((482,533,524));
#1552=IFCINDEXEDPOLYGONALFACE((1149,1200,1191));
#1553=IFCINDEXEDPOLYGONALFACE((1828,1879,1870));
#1554=IFCINDEXEDPOLYGONALFACE((2125,2176,2167));
#1555=IFCINDEXEDPOLYGONALFACE((495,534,479));
#1556=IFCINDEXEDPOLYGONALFACE((1162,1201,1146));
#1557=IFCINDEXEDPOLYGONALFACE((1841,1880,1825));
#1558=IFCINDEXEDPOLYGONALFACE((2138,2177,2122));
#1559=IFCINDEXEDPOLYGONALFACE((534,500,501));
#1560=IFCINDEXEDPOLYGONALFACE((1201,1167,1168));
#1561=IFCINDEXEDPOLYGONALFACE((1880,1846,1847));
#1562=IFCINDEXEDPOLYGONALFACE((2177,2143,2144));
#1563=IFCINDEXEDPOLYGONALFACE((24,535,471));
#1564=IFCINDEXEDPOLYGONALFACE((19,1202,1138));
#1565=IFCINDEXEDPOLYGONALFACE((317,1881,1817));
#1566=IFCINDEXEDPOLYGONALFACE((126,2178,2114));
#1567=IFCINDEXEDPOLYGONALFACE((224,535,225));
#1568=IFCINDEXEDPOLYGONALFACE((364,1202,365));
#1569=IFCINDEXEDPOLYGONALFACE((268,1881,1098));
#1570=IFCINDEXEDPOLYGONALFACE((181,2178,269));
#1571=IFCINDEXEDPOLYGONALFACE((473,539,536));
#1572=IFCINDEXEDPOLYGONALFACE((1140,1206,1203));
#1573=IFCINDEXEDPOLYGONALFACE((1819,1885,1882));
#1574=IFCINDEXEDPOLYGONALFACE((2116,2182,2179));
#1575=IFCINDEXEDPOLYGONALFACE((477,541,545));
#1576=IFCINDEXEDPOLYGONALFACE((1144,1208,1212));
#1577=IFCINDEXEDPOLYGONALFACE((1823,1887,1891));
#1578=IFCINDEXEDPOLYGONALFACE((2120,2184,2188));
#1579=IFCINDEXEDPOLYGONALFACE((536,539,537));
#1580=IFCINDEXEDPOLYGONALFACE((1203,1206,1204));
#1581=IFCINDEXEDPOLYGONALFACE((1882,1885,1883));
#1582=IFCINDEXEDPOLYGONALFACE((2179,2182,2180));
#1583=IFCINDEXEDPOLYGONALFACE((541,478,540));
#1584=IFCINDEXEDPOLYGONALFACE((1208,1145,1207));
#1585=IFCINDEXEDPOLYGONALFACE((1887,1824,1886));
#1586=IFCINDEXEDPOLYGONALFACE((2184,2121,2183));
#1587=IFCINDEXEDPOLYGONALFACE((473,538,539));
#1588=IFCINDEXEDPOLYGONALFACE((1140,1205,1206));
#1589=IFCINDEXEDPOLYGONALFACE((1819,1884,1885));
#1590=IFCINDEXEDPOLYGONALFACE((2116,2181,2182));
#1591=IFCINDEXEDPOLYGONALFACE((476,545,540));
#1592=IFCINDEXEDPOLYGONALFACE((1143,1212,1207));
#1593=IFCINDEXEDPOLYGONALFACE((1822,1891,1886));
#1594=IFCINDEXEDPOLYGONALFACE((2119,2188,2183));
#1595=IFCINDEXEDPOLYGONALFACE((545,476,539));
#1596=IFCINDEXEDPOLYGONALFACE((1212,1143,1206));
#1597=IFCINDEXEDPOLYGONALFACE((1891,1822,1885));
#1598=IFCINDEXEDPOLYGONALFACE((2188,2119,2182));
#1599=IFCINDEXEDPOLYGONALFACE((541,477,542));
#1600=IFCINDEXEDPOLYGONALFACE((1208,1144,1209));
#1601=IFCINDEXEDPOLYGONALFACE((1887,1823,1888));
#1602=IFCINDEXEDPOLYGONALFACE((2184,2120,2185));
#1603=IFCINDEXEDPOLYGONALFACE((547,466,546));
#1604=IFCINDEXEDPOLYGONALFACE((1214,1133,1213));
#1605=IFCINDEXEDPOLYGONALFACE((1893,1812,1892));
#1606=IFCINDEXEDPOLYGONALFACE((2190,2109,2189));
#1607=IFCINDEXEDPOLYGONALFACE((547,542,466));
#1608=IFCINDEXEDPOLYGONALFACE((1214,1209,1133));
#1609=IFCINDEXEDPOLYGONALFACE((1893,1888,1812));
#1610=IFCINDEXEDPOLYGONALFACE((2190,2185,2109));
#1611=IFCINDEXEDPOLYGONALFACE((547,544,543));
#1612=IFCINDEXEDPOLYGONALFACE((1214,1211,1210));
#1613=IFCINDEXEDPOLYGONALFACE((1893,1890,1889));
#1614=IFCINDEXEDPOLYGONALFACE((2190,2187,2186));
#1615=IFCINDEXEDPOLYGONALFACE((538,545,539));
#1616=IFCINDEXEDPOLYGONALFACE((1205,1212,1206));
#1617=IFCINDEXEDPOLYGONALFACE((1884,1891,1885));
#1618=IFCINDEXEDPOLYGONALFACE((2181,2188,2182));
#1619=IFCINDEXEDPOLYGONALFACE((544,478,543));
#1620=IFCINDEXEDPOLYGONALFACE((1211,1145,1210));
#1621=IFCINDEXEDPOLYGONALFACE((1890,1824,1889));
#1622=IFCINDEXEDPOLYGONALFACE((2187,2121,2186));
#1623=IFCINDEXEDPOLYGONALFACE((540,545,541));
#1624=IFCINDEXEDPOLYGONALFACE((1207,1212,1208));
#1625=IFCINDEXEDPOLYGONALFACE((1886,1891,1887));
#1626=IFCINDEXEDPOLYGONALFACE((2183,2188,2184));
#1627=IFCINDEXEDPOLYGONALFACE((467,544,547));
#1628=IFCINDEXEDPOLYGONALFACE((1134,1211,1214));
#1629=IFCINDEXEDPOLYGONALFACE((1813,1890,1893));
#1630=IFCINDEXEDPOLYGONALFACE((2110,2187,2190));
#1631=IFCINDEXEDPOLYGONALFACE((527,546,466));
#1632=IFCINDEXEDPOLYGONALFACE((1194,1213,1133));
#1633=IFCINDEXEDPOLYGONALFACE((1873,1892,1812));
#1634=IFCINDEXEDPOLYGONALFACE((2170,2189,2109));
#1635=IFCINDEXEDPOLYGONALFACE((547,543,542));
#1636=IFCINDEXEDPOLYGONALFACE((1214,1210,1209));
#1637=IFCINDEXEDPOLYGONALFACE((1893,1889,1888));
#1638=IFCINDEXEDPOLYGONALFACE((2190,2186,2185));
#1639=IFCINDEXEDPOLYGONALFACE((467,547,546));
#1640=IFCINDEXEDPOLYGONALFACE((1134,1214,1213));
#1641=IFCINDEXEDPOLYGONALFACE((1813,1893,1892));
#1642=IFCINDEXEDPOLYGONALFACE((2110,2190,2189));
#1643=IFCINDEXEDPOLYGONALFACE((564,520,565));
#1644=IFCINDEXEDPOLYGONALFACE((1231,1187,1232));
#1645=IFCINDEXEDPOLYGONALFACE((1910,1866,1911));
#1646=IFCINDEXEDPOLYGONALFACE((2207,2163,2208));
#1647=IFCINDEXEDPOLYGONALFACE((490,485,572,573,437,436));
#1648=IFCINDEXEDPOLYGONALFACE((1157,1152,1239,1240,440,439));
#1649=IFCINDEXEDPOLYGONALFACE((1836,1831,1918,1919,443,442));
#1650=IFCINDEXEDPOLYGONALFACE((2133,2128,2215,2216,446,445));
#1651=IFCINDEXEDPOLYGONALFACE((224,363,598));
#1652=IFCINDEXEDPOLYGONALFACE((364,1097,1265));
#1653=IFCINDEXEDPOLYGONALFACE((268,267,1944));
#1654=IFCINDEXEDPOLYGONALFACE((181,180,2241));
#1655=IFCINDEXEDPOLYGONALFACE((487,604,605));
#1656=IFCINDEXEDPOLYGONALFACE((1154,1271,1272));
#1657=IFCINDEXEDPOLYGONALFACE((1833,1950,1951));
#1658=IFCINDEXEDPOLYGONALFACE((2130,2247,2248));
#1659=IFCINDEXEDPOLYGONALFACE((576,495,479));
#1660=IFCINDEXEDPOLYGONALFACE((1243,1162,1146));
#1661=IFCINDEXEDPOLYGONALFACE((1922,1841,1825));
#1662=IFCINDEXEDPOLYGONALFACE((2219,2138,2122));
#1663=IFCINDEXEDPOLYGONALFACE((17,437,573,572,571,551));
#1664=IFCINDEXEDPOLYGONALFACE((315,440,1240,1239,1238,1218));
#1665=IFCINDEXEDPOLYGONALFACE((124,443,1919,1918,1917,1897));
#1666=IFCINDEXEDPOLYGONALFACE((434,446,2216,2215,2214,2194));
#1667=IFCINDEXEDPOLYGONALFACE((582,583,587));
#1668=IFCINDEXEDPOLYGONALFACE((1249,1250,1254));
#1669=IFCINDEXEDPOLYGONALFACE((1928,1929,1933));
#1670=IFCINDEXEDPOLYGONALFACE((2225,2226,2230));
#1671=IFCINDEXEDPOLYGONALFACE((576,552,575));
#1672=IFCINDEXEDPOLYGONALFACE((1243,1219,1242));
#1673=IFCINDEXEDPOLYGONALFACE((1922,1898,1921));
#1674=IFCINDEXEDPOLYGONALFACE((2219,2195,2218));
#1675=IFCINDEXEDPOLYGONALFACE((581,475,506));
#1676=IFCINDEXEDPOLYGONALFACE((1248,1142,1173));
#1677=IFCINDEXEDPOLYGONALFACE((1927,1821,1852));
#1678=IFCINDEXEDPOLYGONALFACE((2224,2118,2149));
#1679=IFCINDEXEDPOLYGONALFACE((479,488,577));
#1680=IFCINDEXEDPOLYGONALFACE((1146,1155,1244));
#1681=IFCINDEXEDPOLYGONALFACE((1825,1834,1923));
#1682=IFCINDEXEDPOLYGONALFACE((2122,2131,2220));
#1683=IFCINDEXEDPOLYGONALFACE((565,562,564));
#1684=IFCINDEXEDPOLYGONALFACE((1232,1229,1231));
#1685=IFCINDEXEDPOLYGONALFACE((1911,1908,1910));
#1686=IFCINDEXEDPOLYGONALFACE((2208,2205,2207));
#1687=IFCINDEXEDPOLYGONALFACE((578,577,488));
#1688=IFCINDEXEDPOLYGONALFACE((1245,1244,1155));
#1689=IFCINDEXEDPOLYGONALFACE((1924,1923,1834));
#1690=IFCINDEXEDPOLYGONALFACE((2221,2220,2131));
#1691=IFCINDEXEDPOLYGONALFACE((604,527,599));
#1692=IFCINDEXEDPOLYGONALFACE((1271,1194,1266));
#1693=IFCINDEXEDPOLYGONALFACE((1950,1873,1945));
#1694=IFCINDEXEDPOLYGONALFACE((2247,2170,2242));
#1695=IFCINDEXEDPOLYGONALFACE((568,523,567));
#1696=IFCINDEXEDPOLYGONALFACE((1235,1190,1234));
#1697=IFCINDEXEDPOLYGONALFACE((1914,1869,1913));
#1698=IFCINDEXEDPOLYGONALFACE((2211,2166,2210));
#1699=IFCINDEXEDPOLYGONALFACE((527,466,599));
#1700=IFCINDEXEDPOLYGONALFACE((1194,1133,1266));
#1701=IFCINDEXEDPOLYGONALFACE((1873,1812,1945));
#1702=IFCINDEXEDPOLYGONALFACE((2170,2109,2242));
#1703=IFCINDEXEDPOLYGONALFACE((600,602,601));
#1704=IFCINDEXEDPOLYGONALFACE((1267,1269,1268));
#1705=IFCINDEXEDPOLYGONALFACE((1946,1948,1947));
#1706=IFCINDEXEDPOLYGONALFACE((2243,2245,2244));
#1707=IFCINDEXEDPOLYGONALFACE((363,18,561));
#1708=IFCINDEXEDPOLYGONALFACE((1097,316,1228));
#1709=IFCINDEXEDPOLYGONALFACE((267,125,1907));
#1710=IFCINDEXEDPOLYGONALFACE((180,179,2204));
#1711=IFCINDEXEDPOLYGONALFACE((556,591,592));
#1712=IFCINDEXEDPOLYGONALFACE((1223,1258,1259));
#1713=IFCINDEXEDPOLYGONALFACE((1902,1937,1938));
#1714=IFCINDEXEDPOLYGONALFACE((2199,2234,2235));
#1715=IFCINDEXEDPOLYGONALFACE((589,585,468));
#1716=IFCINDEXEDPOLYGONALFACE((1256,1252,1135));
#1717=IFCINDEXEDPOLYGONALFACE((1935,1931,1814));
#1718=IFCINDEXEDPOLYGONALFACE((2232,2228,2111));
#1719=IFCINDEXEDPOLYGONALFACE((589,558,585));
#1720=IFCINDEXEDPOLYGONALFACE((1256,1225,1252));
#1721=IFCINDEXEDPOLYGONALFACE((1935,1904,1931));
#1722=IFCINDEXEDPOLYGONALFACE((2232,2201,2228));
#1723=IFCINDEXEDPOLYGONALFACE((594,595,557));
#1724=IFCINDEXEDPOLYGONALFACE((1261,1262,1224));
#1725=IFCINDEXEDPOLYGONALFACE((1940,1941,1903));
#1726=IFCINDEXEDPOLYGONALFACE((2237,2238,2200));
#1727=IFCINDEXEDPOLYGONALFACE((589,591,590));
#1728=IFCINDEXEDPOLYGONALFACE((1256,1258,1257));
#1729=IFCINDEXEDPOLYGONALFACE((1935,1937,1936));
#1730=IFCINDEXEDPOLYGONALFACE((2232,2234,2233));
#1731=IFCINDEXEDPOLYGONALFACE((600,548,599));
#1732=IFCINDEXEDPOLYGONALFACE((1267,1215,1266));
#1733=IFCINDEXEDPOLYGONALFACE((1946,1894,1945));
#1734=IFCINDEXEDPOLYGONALFACE((2243,2191,2242));
#1735=IFCINDEXEDPOLYGONALFACE((581,585,588));
#1736=IFCINDEXEDPOLYGONALFACE((1248,1252,1255));
#1737=IFCINDEXEDPOLYGONALFACE((1927,1931,1934));
#1738=IFCINDEXEDPOLYGONALFACE((2224,2228,2231));
#1739=IFCINDEXEDPOLYGONALFACE((593,594,557));
#1740=IFCINDEXEDPOLYGONALFACE((1260,1261,1224));
#1741=IFCINDEXEDPOLYGONALFACE((1939,1940,1903));
#1742=IFCINDEXEDPOLYGONALFACE((2236,2237,2200));
#1743=IFCINDEXEDPOLYGONALFACE((560,596,598));
#1744=IFCINDEXEDPOLYGONALFACE((1227,1263,1265));
#1745=IFCINDEXEDPOLYGONALFACE((1906,1942,1944));
#1746=IFCINDEXEDPOLYGONALFACE((2203,2239,2241));
#1747=IFCINDEXEDPOLYGONALFACE((598,561,560));
#1748=IFCINDEXEDPOLYGONALFACE((1265,1228,1227));
#1749=IFCINDEXEDPOLYGONALFACE((1944,1907,1906));
#1750=IFCINDEXEDPOLYGONALFACE((2241,2204,2203));
#1751=IFCINDEXEDPOLYGONALFACE((564,486,520));
#1752=IFCINDEXEDPOLYGONALFACE((1231,1153,1187));
#1753=IFCINDEXEDPOLYGONALFACE((1910,1832,1866));
#1754=IFCINDEXEDPOLYGONALFACE((2207,2129,2163));
#1755=IFCINDEXEDPOLYGONALFACE((571,572,574));
#1756=IFCINDEXEDPOLYGONALFACE((1238,1239,1241));
#1757=IFCINDEXEDPOLYGONALFACE((1917,1918,1920));
#1758=IFCINDEXEDPOLYGONALFACE((2214,2215,2217));
#1759=IFCINDEXEDPOLYGONALFACE((363,561,598));
#1760=IFCINDEXEDPOLYGONALFACE((1097,1228,1265));
#1761=IFCINDEXEDPOLYGONALFACE((267,1907,1944));
#1762=IFCINDEXEDPOLYGONALFACE((180,2204,2241));
#1763=IFCINDEXEDPOLYGONALFACE((562,563,564));
#1764=IFCINDEXEDPOLYGONALFACE((1229,1230,1231));
#1765=IFCINDEXEDPOLYGONALFACE((1908,1909,1910));
#1766=IFCINDEXEDPOLYGONALFACE((2205,2206,2207));
#1767=IFCINDEXEDPOLYGONALFACE((549,578,579));
#1768=IFCINDEXEDPOLYGONALFACE((1216,1245,1246));
#1769=IFCINDEXEDPOLYGONALFACE((1895,1924,1925));
#1770=IFCINDEXEDPOLYGONALFACE((2192,2221,2222));
#1771=IFCINDEXEDPOLYGONALFACE((563,579,564));
#1772=IFCINDEXEDPOLYGONALFACE((1230,1246,1231));
#1773=IFCINDEXEDPOLYGONALFACE((1909,1925,1910));
#1774=IFCINDEXEDPOLYGONALFACE((2206,2222,2207));
#1775=IFCINDEXEDPOLYGONALFACE((565,520,484));
#1776=IFCINDEXEDPOLYGONALFACE((1232,1187,1151));
#1777=IFCINDEXEDPOLYGONALFACE((1911,1866,1830));
#1778=IFCINDEXEDPOLYGONALFACE((2208,2163,2127));
#1779=IFCINDEXEDPOLYGONALFACE((484,523,568));
#1780=IFCINDEXEDPOLYGONALFACE((1151,1190,1235));
#1781=IFCINDEXEDPOLYGONALFACE((1830,1869,1914));
#1782=IFCINDEXEDPOLYGONALFACE((2127,2166,2211));
#1783=IFCINDEXEDPOLYGONALFACE((568,569,565));
#1784=IFCINDEXEDPOLYGONALFACE((1235,1236,1232));
#1785=IFCINDEXEDPOLYGONALFACE((1914,1915,1911));
#1786=IFCINDEXEDPOLYGONALFACE((2211,2212,2208));
#1787=IFCINDEXEDPOLYGONALFACE((568,567,553));
#1788=IFCINDEXEDPOLYGONALFACE((1235,1234,1220));
#1789=IFCINDEXEDPOLYGONALFACE((1914,1913,1899));
#1790=IFCINDEXEDPOLYGONALFACE((2211,2210,2196));
#1791=IFCINDEXEDPOLYGONALFACE((566,567,605));
#1792=IFCINDEXEDPOLYGONALFACE((1233,1234,1272));
#1793=IFCINDEXEDPOLYGONALFACE((1912,1913,1951));
#1794=IFCINDEXEDPOLYGONALFACE((2209,2210,2248));
#1795=IFCINDEXEDPOLYGONALFACE((553,567,566));
#1796=IFCINDEXEDPOLYGONALFACE((1220,1234,1233));
#1797=IFCINDEXEDPOLYGONALFACE((1899,1913,1912));
#1798=IFCINDEXEDPOLYGONALFACE((2196,2210,2209));
#1799=IFCINDEXEDPOLYGONALFACE((487,567,523));
#1800=IFCINDEXEDPOLYGONALFACE((1154,1234,1190));
#1801=IFCINDEXEDPOLYGONALFACE((1833,1913,1869));
#1802=IFCINDEXEDPOLYGONALFACE((2130,2210,2166));
#1803=IFCINDEXEDPOLYGONALFACE((569,562,565));
#1804=IFCINDEXEDPOLYGONALFACE((1236,1229,1232));
#1805=IFCINDEXEDPOLYGONALFACE((1915,1908,1911));
#1806=IFCINDEXEDPOLYGONALFACE((2212,2205,2208));
#1807=IFCINDEXEDPOLYGONALFACE((484,568,565));
#1808=IFCINDEXEDPOLYGONALFACE((1151,1235,1232));
#1809=IFCINDEXEDPOLYGONALFACE((1830,1914,1911));
#1810=IFCINDEXEDPOLYGONALFACE((2127,2211,2208));
#1811=IFCINDEXEDPOLYGONALFACE((568,553,569));
#1812=IFCINDEXEDPOLYGONALFACE((1235,1220,1236));
#1813=IFCINDEXEDPOLYGONALFACE((1914,1899,1915));
#1814=IFCINDEXEDPOLYGONALFACE((2211,2196,2212));
#1815=IFCINDEXEDPOLYGONALFACE((582,587,555));
#1816=IFCINDEXEDPOLYGONALFACE((1249,1254,1222));
#1817=IFCINDEXEDPOLYGONALFACE((1928,1933,1901));
#1818=IFCINDEXEDPOLYGONALFACE((2225,2230,2198));
#1819=IFCINDEXEDPOLYGONALFACE((473,503,584));
#1820=IFCINDEXEDPOLYGONALFACE((1140,1170,1251));
#1821=IFCINDEXEDPOLYGONALFACE((1819,1849,1930));
#1822=IFCINDEXEDPOLYGONALFACE((2116,2146,2227));
#1823=IFCINDEXEDPOLYGONALFACE((574,607,550));
#1824=IFCINDEXEDPOLYGONALFACE((1241,1274,1217));
#1825=IFCINDEXEDPOLYGONALFACE((1920,1953,1896));
#1826=IFCINDEXEDPOLYGONALFACE((2217,2250,2193));
#1827=IFCINDEXEDPOLYGONALFACE((574,572,485));
#1828=IFCINDEXEDPOLYGONALFACE((1241,1239,1152));
#1829=IFCINDEXEDPOLYGONALFACE((1920,1918,1831));
#1830=IFCINDEXEDPOLYGONALFACE((2217,2215,2128));
#1831=IFCINDEXEDPOLYGONALFACE((607,485,495));
#1832=IFCINDEXEDPOLYGONALFACE((1274,1152,1162));
#1833=IFCINDEXEDPOLYGONALFACE((1953,1831,1841));
#1834=IFCINDEXEDPOLYGONALFACE((2250,2128,2138));
#1835=IFCINDEXEDPOLYGONALFACE((550,571,574));
#1836=IFCINDEXEDPOLYGONALFACE((1217,1238,1241));
#1837=IFCINDEXEDPOLYGONALFACE((1896,1917,1920));
#1838=IFCINDEXEDPOLYGONALFACE((2193,2214,2217));
#1839=IFCINDEXEDPOLYGONALFACE((575,550,607));
#1840=IFCINDEXEDPOLYGONALFACE((1242,1217,1274));
#1841=IFCINDEXEDPOLYGONALFACE((1921,1896,1953));
#1842=IFCINDEXEDPOLYGONALFACE((2218,2193,2250));
#1843=IFCINDEXEDPOLYGONALFACE((575,607,576));
#1844=IFCINDEXEDPOLYGONALFACE((1242,1274,1243));
#1845=IFCINDEXEDPOLYGONALFACE((1921,1953,1922));
#1846=IFCINDEXEDPOLYGONALFACE((2218,2250,2219));
#1847=IFCINDEXEDPOLYGONALFACE((576,577,552));
#1848=IFCINDEXEDPOLYGONALFACE((1243,1244,1219));
#1849=IFCINDEXEDPOLYGONALFACE((1922,1923,1898));
#1850=IFCINDEXEDPOLYGONALFACE((2219,2220,2195));
#1851=IFCINDEXEDPOLYGONALFACE((585,581,506));
#1852=IFCINDEXEDPOLYGONALFACE((1252,1248,1173));
#1853=IFCINDEXEDPOLYGONALFACE((1931,1927,1852));
#1854=IFCINDEXEDPOLYGONALFACE((2228,2224,2149));
#1855=IFCINDEXEDPOLYGONALFACE((577,576,479));
#1856=IFCINDEXEDPOLYGONALFACE((1244,1243,1146));
#1857=IFCINDEXEDPOLYGONALFACE((1923,1922,1825));
#1858=IFCINDEXEDPOLYGONALFACE((2220,2219,2122));
#1859=IFCINDEXEDPOLYGONALFACE((578,580,577));
#1860=IFCINDEXEDPOLYGONALFACE((1245,1247,1244));
#1861=IFCINDEXEDPOLYGONALFACE((1924,1926,1923));
#1862=IFCINDEXEDPOLYGONALFACE((2221,2223,2220));
#1863=IFCINDEXEDPOLYGONALFACE((488,486,578));
#1864=IFCINDEXEDPOLYGONALFACE((1155,1153,1245));
#1865=IFCINDEXEDPOLYGONALFACE((1834,1832,1924));
#1866=IFCINDEXEDPOLYGONALFACE((2131,2129,2221));
#1867=IFCINDEXEDPOLYGONALFACE((579,486,564));
#1868=IFCINDEXEDPOLYGONALFACE((1246,1153,1231));
#1869=IFCINDEXEDPOLYGONALFACE((1925,1832,1910));
#1870=IFCINDEXEDPOLYGONALFACE((2222,2129,2207));
#1871=IFCINDEXEDPOLYGONALFACE((549,579,563));
#1872=IFCINDEXEDPOLYGONALFACE((1216,1246,1230));
#1873=IFCINDEXEDPOLYGONALFACE((1895,1925,1909));
#1874=IFCINDEXEDPOLYGONALFACE((2192,2222,2206));
#1875=IFCINDEXEDPOLYGONALFACE((486,579,578));
#1876=IFCINDEXEDPOLYGONALFACE((1153,1246,1245));
#1877=IFCINDEXEDPOLYGONALFACE((1832,1925,1924));
#1878=IFCINDEXEDPOLYGONALFACE((2129,2222,2221));
#1879=IFCINDEXEDPOLYGONALFACE((580,578,549));
#1880=IFCINDEXEDPOLYGONALFACE((1247,1245,1216));
#1881=IFCINDEXEDPOLYGONALFACE((1926,1924,1895));
#1882=IFCINDEXEDPOLYGONALFACE((2223,2221,2192));
#1883=IFCINDEXEDPOLYGONALFACE((580,552,577));
#1884=IFCINDEXEDPOLYGONALFACE((1247,1219,1244));
#1885=IFCINDEXEDPOLYGONALFACE((1926,1898,1923));
#1886=IFCINDEXEDPOLYGONALFACE((2223,2195,2220));
#1887=IFCINDEXEDPOLYGONALFACE((503,583,584));
#1888=IFCINDEXEDPOLYGONALFACE((1170,1250,1251));
#1889=IFCINDEXEDPOLYGONALFACE((1849,1929,1930));
#1890=IFCINDEXEDPOLYGONALFACE((2146,2226,2227));
#1891=IFCINDEXEDPOLYGONALFACE((582,570,583));
#1892=IFCINDEXEDPOLYGONALFACE((1249,1237,1250));
#1893=IFCINDEXEDPOLYGONALFACE((1928,1916,1929));
#1894=IFCINDEXEDPOLYGONALFACE((2225,2213,2226));
#1895=IFCINDEXEDPOLYGONALFACE((583,570,584));
#1896=IFCINDEXEDPOLYGONALFACE((1250,1237,1251));
#1897=IFCINDEXEDPOLYGONALFACE((1929,1916,1930));
#1898=IFCINDEXEDPOLYGONALFACE((2226,2213,2227));
#1899=IFCINDEXEDPOLYGONALFACE((475,581,587));
#1900=IFCINDEXEDPOLYGONALFACE((1142,1248,1254));
#1901=IFCINDEXEDPOLYGONALFACE((1821,1927,1933));
#1902=IFCINDEXEDPOLYGONALFACE((2118,2224,2230));
#1903=IFCINDEXEDPOLYGONALFACE((587,503,475));
#1904=IFCINDEXEDPOLYGONALFACE((1254,1170,1142));
#1905=IFCINDEXEDPOLYGONALFACE((1933,1849,1821));
#1906=IFCINDEXEDPOLYGONALFACE((2230,2146,2118));
#1907=IFCINDEXEDPOLYGONALFACE((584,570,586));
#1908=IFCINDEXEDPOLYGONALFACE((1251,1237,1253));
#1909=IFCINDEXEDPOLYGONALFACE((1930,1916,1932));
#1910=IFCINDEXEDPOLYGONALFACE((2227,2213,2229));
#1911=IFCINDEXEDPOLYGONALFACE((594,477,538));
#1912=IFCINDEXEDPOLYGONALFACE((1261,1144,1205));
#1913=IFCINDEXEDPOLYGONALFACE((1940,1823,1884));
#1914=IFCINDEXEDPOLYGONALFACE((2237,2120,2181));
#1915=IFCINDEXEDPOLYGONALFACE((468,585,506));
#1916=IFCINDEXEDPOLYGONALFACE((1135,1252,1173));
#1917=IFCINDEXEDPOLYGONALFACE((1814,1931,1852));
#1918=IFCINDEXEDPOLYGONALFACE((2111,2228,2149));
#1919=IFCINDEXEDPOLYGONALFACE((584,595,473));
#1920=IFCINDEXEDPOLYGONALFACE((1251,1262,1140));
#1921=IFCINDEXEDPOLYGONALFACE((1930,1941,1819));
#1922=IFCINDEXEDPOLYGONALFACE((2227,2238,2116));
#1923=IFCINDEXEDPOLYGONALFACE((588,555,581));
#1924=IFCINDEXEDPOLYGONALFACE((1255,1222,1248));
#1925=IFCINDEXEDPOLYGONALFACE((1934,1901,1927));
#1926=IFCINDEXEDPOLYGONALFACE((2231,2198,2224));
#1927=IFCINDEXEDPOLYGONALFACE((587,583,503));
#1928=IFCINDEXEDPOLYGONALFACE((1254,1250,1170));
#1929=IFCINDEXEDPOLYGONALFACE((1933,1929,1849));
#1930=IFCINDEXEDPOLYGONALFACE((2230,2226,2146));
#1931=IFCINDEXEDPOLYGONALFACE((595,586,557));
#1932=IFCINDEXEDPOLYGONALFACE((1262,1253,1224));
#1933=IFCINDEXEDPOLYGONALFACE((1941,1932,1903));
#1934=IFCINDEXEDPOLYGONALFACE((2238,2229,2200));
#1935=IFCINDEXEDPOLYGONALFACE((555,587,581));
#1936=IFCINDEXEDPOLYGONALFACE((1222,1254,1248));
#1937=IFCINDEXEDPOLYGONALFACE((1901,1933,1927));
#1938=IFCINDEXEDPOLYGONALFACE((2198,2230,2224));
#1939=IFCINDEXEDPOLYGONALFACE((585,558,588));
#1940=IFCINDEXEDPOLYGONALFACE((1252,1225,1255));
#1941=IFCINDEXEDPOLYGONALFACE((1931,1904,1934));
#1942=IFCINDEXEDPOLYGONALFACE((2228,2201,2231));
#1943=IFCINDEXEDPOLYGONALFACE((591,509,592));
#1944=IFCINDEXEDPOLYGONALFACE((1258,1176,1259));
#1945=IFCINDEXEDPOLYGONALFACE((1937,1855,1938));
#1946=IFCINDEXEDPOLYGONALFACE((2234,2152,2235));
#1947=IFCINDEXEDPOLYGONALFACE((589,468,591));
#1948=IFCINDEXEDPOLYGONALFACE((1256,1135,1258));
#1949=IFCINDEXEDPOLYGONALFACE((1935,1814,1937));
#1950=IFCINDEXEDPOLYGONALFACE((2232,2111,2234));
#1951=IFCINDEXEDPOLYGONALFACE((468,509,591));
#1952=IFCINDEXEDPOLYGONALFACE((1135,1176,1258));
#1953=IFCINDEXEDPOLYGONALFACE((1814,1855,1937));
#1954=IFCINDEXEDPOLYGONALFACE((2111,2152,2234));
#1955=IFCINDEXEDPOLYGONALFACE((590,591,556));
#1956=IFCINDEXEDPOLYGONALFACE((1257,1258,1223));
#1957=IFCINDEXEDPOLYGONALFACE((1936,1937,1902));
#1958=IFCINDEXEDPOLYGONALFACE((2233,2234,2199));
#1959=IFCINDEXEDPOLYGONALFACE((590,558,589));
#1960=IFCINDEXEDPOLYGONALFACE((1257,1225,1256));
#1961=IFCINDEXEDPOLYGONALFACE((1936,1904,1935));
#1962=IFCINDEXEDPOLYGONALFACE((2233,2201,2232));
#1963=IFCINDEXEDPOLYGONALFACE((592,509,474));
#1964=IFCINDEXEDPOLYGONALFACE((1259,1176,1141));
#1965=IFCINDEXEDPOLYGONALFACE((1938,1855,1820));
#1966=IFCINDEXEDPOLYGONALFACE((2235,2152,2117));
#1967=IFCINDEXEDPOLYGONALFACE((596,592,474));
#1968=IFCINDEXEDPOLYGONALFACE((1263,1259,1141));
#1969=IFCINDEXEDPOLYGONALFACE((1942,1938,1820));
#1970=IFCINDEXEDPOLYGONALFACE((2239,2235,2117));
#1971=IFCINDEXEDPOLYGONALFACE((596,597,592));
#1972=IFCINDEXEDPOLYGONALFACE((1263,1264,1259));
#1973=IFCINDEXEDPOLYGONALFACE((1942,1943,1938));
#1974=IFCINDEXEDPOLYGONALFACE((2239,2240,2235));
#1975=IFCINDEXEDPOLYGONALFACE((559,602,603));
#1976=IFCINDEXEDPOLYGONALFACE((1226,1269,1270));
#1977=IFCINDEXEDPOLYGONALFACE((1905,1948,1949));
#1978=IFCINDEXEDPOLYGONALFACE((2202,2245,2246));
#1979=IFCINDEXEDPOLYGONALFACE((593,603,594));
#1980=IFCINDEXEDPOLYGONALFACE((1260,1270,1261));
#1981=IFCINDEXEDPOLYGONALFACE((1939,1949,1940));
#1982=IFCINDEXEDPOLYGONALFACE((2236,2246,2237));
#1983=IFCINDEXEDPOLYGONALFACE((595,594,538));
#1984=IFCINDEXEDPOLYGONALFACE((1262,1261,1205));
#1985=IFCINDEXEDPOLYGONALFACE((1941,1940,1884));
#1986=IFCINDEXEDPOLYGONALFACE((2238,2237,2181));
#1987=IFCINDEXEDPOLYGONALFACE((473,595,538));
#1988=IFCINDEXEDPOLYGONALFACE((1140,1262,1205));
#1989=IFCINDEXEDPOLYGONALFACE((1819,1941,1884));
#1990=IFCINDEXEDPOLYGONALFACE((2116,2238,2181));
#1991=IFCINDEXEDPOLYGONALFACE((595,584,586));
#1992=IFCINDEXEDPOLYGONALFACE((1262,1251,1253));
#1993=IFCINDEXEDPOLYGONALFACE((1941,1930,1932));
#1994=IFCINDEXEDPOLYGONALFACE((2238,2227,2229));
#1995=IFCINDEXEDPOLYGONALFACE((474,493,596));
#1996=IFCINDEXEDPOLYGONALFACE((1141,1160,1263));
#1997=IFCINDEXEDPOLYGONALFACE((1820,1839,1942));
#1998=IFCINDEXEDPOLYGONALFACE((2117,2136,2239));
#1999=IFCINDEXEDPOLYGONALFACE((596,493,598));
#2000=IFCINDEXEDPOLYGONALFACE((1263,1160,1265));
#2001=IFCINDEXEDPOLYGONALFACE((1942,1839,1944));
#2002=IFCINDEXEDPOLYGONALFACE((2239,2136,2241));
#2003=IFCINDEXEDPOLYGONALFACE((597,596,560));
#2004=IFCINDEXEDPOLYGONALFACE((1264,1263,1227));
#2005=IFCINDEXEDPOLYGONALFACE((1943,1942,1906));
#2006=IFCINDEXEDPOLYGONALFACE((2240,2239,2203));
#2007=IFCINDEXEDPOLYGONALFACE((597,556,592));
#2008=IFCINDEXEDPOLYGONALFACE((1264,1223,1259));
#2009=IFCINDEXEDPOLYGONALFACE((1943,1902,1938));
#2010=IFCINDEXEDPOLYGONALFACE((2240,2199,2235));
#2011=IFCINDEXEDPOLYGONALFACE((224,598,493));
#2012=IFCINDEXEDPOLYGONALFACE((364,1265,1160));
#2013=IFCINDEXEDPOLYGONALFACE((268,1944,1839));
#2014=IFCINDEXEDPOLYGONALFACE((181,2241,2136));
#2015=IFCINDEXEDPOLYGONALFACE((487,527,604));
#2016=IFCINDEXEDPOLYGONALFACE((1154,1194,1271));
#2017=IFCINDEXEDPOLYGONALFACE((1833,1873,1950));
#2018=IFCINDEXEDPOLYGONALFACE((2130,2170,2247));
#2019=IFCINDEXEDPOLYGONALFACE((600,599,466));
#2020=IFCINDEXEDPOLYGONALFACE((1267,1266,1133));
#2021=IFCINDEXEDPOLYGONALFACE((1946,1945,1812));
#2022=IFCINDEXEDPOLYGONALFACE((2243,2242,2109));
#2023=IFCINDEXEDPOLYGONALFACE((606,554,604));
#2024=IFCINDEXEDPOLYGONALFACE((1273,1221,1271));
#2025=IFCINDEXEDPOLYGONALFACE((1952,1900,1950));
#2026=IFCINDEXEDPOLYGONALFACE((2249,2197,2247));
#2027=IFCINDEXEDPOLYGONALFACE((603,477,594));
#2028=IFCINDEXEDPOLYGONALFACE((1270,1144,1261));
#2029=IFCINDEXEDPOLYGONALFACE((1949,1823,1940));
#2030=IFCINDEXEDPOLYGONALFACE((2246,2120,2237));
#2031=IFCINDEXEDPOLYGONALFACE((602,600,542));
#2032=IFCINDEXEDPOLYGONALFACE((1269,1267,1209));
#2033=IFCINDEXEDPOLYGONALFACE((1948,1946,1888));
#2034=IFCINDEXEDPOLYGONALFACE((2245,2243,2185));
#2035=IFCINDEXEDPOLYGONALFACE((600,466,542));
#2036=IFCINDEXEDPOLYGONALFACE((1267,1133,1209));
#2037=IFCINDEXEDPOLYGONALFACE((1946,1812,1888));
#2038=IFCINDEXEDPOLYGONALFACE((2243,2109,2185));
#2039=IFCINDEXEDPOLYGONALFACE((601,602,559));
#2040=IFCINDEXEDPOLYGONALFACE((1268,1269,1226));
#2041=IFCINDEXEDPOLYGONALFACE((1947,1948,1905));
#2042=IFCINDEXEDPOLYGONALFACE((2244,2245,2202));
#2043=IFCINDEXEDPOLYGONALFACE((601,548,600));
#2044=IFCINDEXEDPOLYGONALFACE((1268,1215,1267));
#2045=IFCINDEXEDPOLYGONALFACE((1947,1894,1946));
#2046=IFCINDEXEDPOLYGONALFACE((2244,2191,2243));
#2047=IFCINDEXEDPOLYGONALFACE((477,602,542));
#2048=IFCINDEXEDPOLYGONALFACE((1144,1269,1209));
#2049=IFCINDEXEDPOLYGONALFACE((1823,1948,1888));
#2050=IFCINDEXEDPOLYGONALFACE((2120,2245,2185));
#2051=IFCINDEXEDPOLYGONALFACE((559,603,593));
#2052=IFCINDEXEDPOLYGONALFACE((1226,1270,1260));
#2053=IFCINDEXEDPOLYGONALFACE((1905,1949,1939));
#2054=IFCINDEXEDPOLYGONALFACE((2202,2246,2236));
#2055=IFCINDEXEDPOLYGONALFACE((477,603,602));
#2056=IFCINDEXEDPOLYGONALFACE((1144,1270,1269));
#2057=IFCINDEXEDPOLYGONALFACE((1823,1949,1948));
#2058=IFCINDEXEDPOLYGONALFACE((2120,2246,2245));
#2059=IFCINDEXEDPOLYGONALFACE((604,599,606));
#2060=IFCINDEXEDPOLYGONALFACE((1271,1266,1273));
#2061=IFCINDEXEDPOLYGONALFACE((1950,1945,1952));
#2062=IFCINDEXEDPOLYGONALFACE((2247,2242,2249));
#2063=IFCINDEXEDPOLYGONALFACE((566,605,554));
#2064=IFCINDEXEDPOLYGONALFACE((1233,1272,1221));
#2065=IFCINDEXEDPOLYGONALFACE((1912,1951,1900));
#2066=IFCINDEXEDPOLYGONALFACE((2209,2248,2197));
#2067=IFCINDEXEDPOLYGONALFACE((487,605,567));
#2068=IFCINDEXEDPOLYGONALFACE((1154,1272,1234));
#2069=IFCINDEXEDPOLYGONALFACE((1833,1951,1913));
#2070=IFCINDEXEDPOLYGONALFACE((2130,2248,2210));
#2071=IFCINDEXEDPOLYGONALFACE((554,605,604));
#2072=IFCINDEXEDPOLYGONALFACE((1221,1272,1271));
#2073=IFCINDEXEDPOLYGONALFACE((1900,1951,1950));
#2074=IFCINDEXEDPOLYGONALFACE((2197,2248,2247));
#2075=IFCINDEXEDPOLYGONALFACE((599,548,606));
#2076=IFCINDEXEDPOLYGONALFACE((1266,1215,1273));
#2077=IFCINDEXEDPOLYGONALFACE((1945,1894,1952));
#2078=IFCINDEXEDPOLYGONALFACE((2242,2191,2249));
#2079=IFCINDEXEDPOLYGONALFACE((485,607,574));
#2080=IFCINDEXEDPOLYGONALFACE((1152,1274,1241));
#2081=IFCINDEXEDPOLYGONALFACE((1831,1953,1920));
#2082=IFCINDEXEDPOLYGONALFACE((2128,2250,2217));
#2083=IFCINDEXEDPOLYGONALFACE((576,607,495));
#2084=IFCINDEXEDPOLYGONALFACE((1243,1274,1162));
#2085=IFCINDEXEDPOLYGONALFACE((1922,1953,1841));
#2086=IFCINDEXEDPOLYGONALFACE((2219,2250,2138));
#2087=IFCINDEXEDPOLYGONALFACE((669,630,660));
#2088=IFCINDEXEDPOLYGONALFACE((825,786,814));
#2089=IFCINDEXEDPOLYGONALFACE((1563,1524,1554));
#2090=IFCINDEXEDPOLYGONALFACE((1718,1679,1709));
#2091=IFCINDEXEDPOLYGONALFACE((2015,1976,2006));
#2092=IFCINDEXEDPOLYGONALFACE((616,635,634));
#2093=IFCINDEXEDPOLYGONALFACE((780,791,790));
#2094=IFCINDEXEDPOLYGONALFACE((1510,1529,1528));
#2095=IFCINDEXEDPOLYGONALFACE((1665,1684,1683));
#2096=IFCINDEXEDPOLYGONALFACE((1962,1981,1980));
#2097=IFCINDEXEDPOLYGONALFACE((697,672,458));
#2098=IFCINDEXEDPOLYGONALFACE((1591,1566,455));
#2099=IFCINDEXEDPOLYGONALFACE((1746,1721,452));
#2100=IFCINDEXEDPOLYGONALFACE((2043,2018,449));
#2101=IFCINDEXEDPOLYGONALFACE((671,635,633));
#2102=IFCINDEXEDPOLYGONALFACE((831,791,789));
#2103=IFCINDEXEDPOLYGONALFACE((1565,1529,1527));
#2104=IFCINDEXEDPOLYGONALFACE((1720,1684,1682));
#2105=IFCINDEXEDPOLYGONALFACE((2017,1981,1979));
#2106=IFCINDEXEDPOLYGONALFACE((651,665,694));
#2107=IFCINDEXEDPOLYGONALFACE((804,818,842));
#2108=IFCINDEXEDPOLYGONALFACE((1545,1559,1588));
#2109=IFCINDEXEDPOLYGONALFACE((1700,1714,1743));
#2110=IFCINDEXEDPOLYGONALFACE((1997,2011,2040));
#2111=IFCINDEXEDPOLYGONALFACE((679,677,678));
#2112=IFCINDEXEDPOLYGONALFACE((1573,1571,1572));
#2113=IFCINDEXEDPOLYGONALFACE((1728,1726,1727));
#2114=IFCINDEXEDPOLYGONALFACE((2025,2023,2024));
#2115=IFCINDEXEDPOLYGONALFACE((665,651,610));
#2116=IFCINDEXEDPOLYGONALFACE((818,804,774));
#2117=IFCINDEXEDPOLYGONALFACE((1559,1545,1504));
#2118=IFCINDEXEDPOLYGONALFACE((1714,1700,1659));
#2119=IFCINDEXEDPOLYGONALFACE((2011,1997,1956));
#2120=IFCINDEXEDPOLYGONALFACE((691,619,689));
#2121=IFCINDEXEDPOLYGONALFACE((1585,1513,1583));
#2122=IFCINDEXEDPOLYGONALFACE((1740,1668,1738));
#2123=IFCINDEXEDPOLYGONALFACE((2037,1965,2035));
#2124=IFCINDEXEDPOLYGONALFACE((693,616,644));
#2125=IFCINDEXEDPOLYGONALFACE((841,780,799));
#2126=IFCINDEXEDPOLYGONALFACE((1587,1510,1538));
#2127=IFCINDEXEDPOLYGONALFACE((1742,1665,1693));
#2128=IFCINDEXEDPOLYGONALFACE((2039,1962,1990));
#2129=IFCINDEXEDPOLYGONALFACE((667,656,746,628));
#2130=IFCINDEXEDPOLYGONALFACE((820,810,891,784));
#2131=IFCINDEXEDPOLYGONALFACE((1561,1550,1639,1522));
#2132=IFCINDEXEDPOLYGONALFACE((1716,1705,1794,1677));
#2133=IFCINDEXEDPOLYGONALFACE((2013,2002,2091,1974));
#2134=IFCINDEXEDPOLYGONALFACE((644,647,693));
#2135=IFCINDEXEDPOLYGONALFACE((799,802,841));
#2136=IFCINDEXEDPOLYGONALFACE((1538,1541,1587));
#2137=IFCINDEXEDPOLYGONALFACE((1693,1696,1742));
#2138=IFCINDEXEDPOLYGONALFACE((1990,1993,2039));
#2139=IFCINDEXEDPOLYGONALFACE((668,670,695));
#2140=IFCINDEXEDPOLYGONALFACE((824,827,843));
#2141=IFCINDEXEDPOLYGONALFACE((1562,1564,1589));
#2142=IFCINDEXEDPOLYGONALFACE((1717,1719,1744));
#2143=IFCINDEXEDPOLYGONALFACE((2014,2016,2041));
#2144=IFCINDEXEDPOLYGONALFACE((668,647,613));
#2145=IFCINDEXEDPOLYGONALFACE((824,802,777));
#2146=IFCINDEXEDPOLYGONALFACE((1562,1541,1507));
#2147=IFCINDEXEDPOLYGONALFACE((1717,1696,1662));
#2148=IFCINDEXEDPOLYGONALFACE((2014,1993,1959));
#2149=IFCINDEXEDPOLYGONALFACE((661,609,664));
#2150=IFCINDEXEDPOLYGONALFACE((1555,1503,1558));
#2151=IFCINDEXEDPOLYGONALFACE((1710,1658,1713));
#2152=IFCINDEXEDPOLYGONALFACE((2007,1955,2010));
#2153=IFCINDEXEDPOLYGONALFACE((696,627,715,641));
#2154=IFCINDEXEDPOLYGONALFACE((1590,1521,1608,1535));
#2155=IFCINDEXEDPOLYGONALFACE((1745,1676,1763,1690));
#2156=IFCINDEXEDPOLYGONALFACE((2042,1973,2060,1987));
#2157=IFCINDEXEDPOLYGONALFACE((681,648,683));
#2158=IFCINDEXEDPOLYGONALFACE((1575,1542,1577));
#2159=IFCINDEXEDPOLYGONALFACE((1730,1697,1732));
#2160=IFCINDEXEDPOLYGONALFACE((2027,1994,2029));
#2161=IFCINDEXEDPOLYGONALFACE((617,687,688));
#2162=IFCINDEXEDPOLYGONALFACE((1511,1581,1582));
#2163=IFCINDEXEDPOLYGONALFACE((1666,1736,1737));
#2164=IFCINDEXEDPOLYGONALFACE((1963,2033,2034));
#2165=IFCINDEXEDPOLYGONALFACE((678,676,625));
#2166=IFCINDEXEDPOLYGONALFACE((1572,1570,1519));
#2167=IFCINDEXEDPOLYGONALFACE((1727,1725,1674));
#2168=IFCINDEXEDPOLYGONALFACE((2024,2022,1971));
#2169=IFCINDEXEDPOLYGONALFACE((665,610,649));
#2170=IFCINDEXEDPOLYGONALFACE((803,818,774));
#2171=IFCINDEXEDPOLYGONALFACE((1559,1504,1543));
#2172=IFCINDEXEDPOLYGONALFACE((1714,1659,1698));
#2173=IFCINDEXEDPOLYGONALFACE((2011,1956,1995));
#2174=IFCINDEXEDPOLYGONALFACE((664,662,608));
#2175=IFCINDEXEDPOLYGONALFACE((1558,1556,1502));
#2176=IFCINDEXEDPOLYGONALFACE((1713,1711,1657));
#2177=IFCINDEXEDPOLYGONALFACE((2010,2008,1954));
#2178=IFCINDEXEDPOLYGONALFACE((697,673,636));
#2179=IFCINDEXEDPOLYGONALFACE((1591,1567,1530));
#2180=IFCINDEXEDPOLYGONALFACE((1746,1722,1685));
#2181=IFCINDEXEDPOLYGONALFACE((2043,2019,1982));
#2182=IFCINDEXEDPOLYGONALFACE((674,675,676));
#2183=IFCINDEXEDPOLYGONALFACE((1568,1569,1570));
#2184=IFCINDEXEDPOLYGONALFACE((1723,1724,1725));
#2185=IFCINDEXEDPOLYGONALFACE((2020,2021,2022));
#2186=IFCINDEXEDPOLYGONALFACE((641,643,696));
#2187=IFCINDEXEDPOLYGONALFACE((1535,1537,1590));
#2188=IFCINDEXEDPOLYGONALFACE((1690,1692,1745));
#2189=IFCINDEXEDPOLYGONALFACE((1987,1989,2042));
#2190=IFCINDEXEDPOLYGONALFACE((174,634,671));
#2191=IFCINDEXEDPOLYGONALFACE((5,790,831));
#2192=IFCINDEXEDPOLYGONALFACE((314,1528,1565));
#2193=IFCINDEXEDPOLYGONALFACE((28,1683,1720));
#2194=IFCINDEXEDPOLYGONALFACE((74,1980,2017));
#2195=IFCINDEXEDPOLYGONALFACE((649,640,709,611));
#2196=IFCINDEXEDPOLYGONALFACE((803,798,853,775));
#2197=IFCINDEXEDPOLYGONALFACE((1543,1534,1602,1505));
#2198=IFCINDEXEDPOLYGONALFACE((1698,1689,1757,1660));
#2199=IFCINDEXEDPOLYGONALFACE((1995,1986,2054,1957));
#2200=IFCINDEXEDPOLYGONALFACE((667,629,657));
#2201=IFCINDEXEDPOLYGONALFACE((820,785,811));
#2202=IFCINDEXEDPOLYGONALFACE((1561,1523,1551));
#2203=IFCINDEXEDPOLYGONALFACE((1716,1678,1706));
#2204=IFCINDEXEDPOLYGONALFACE((2013,1975,2003));
#2205=IFCINDEXEDPOLYGONALFACE((669,659,724,631));
#2206=IFCINDEXEDPOLYGONALFACE((825,813,897,787));
#2207=IFCINDEXEDPOLYGONALFACE((1563,1553,1617,1525));
#2208=IFCINDEXEDPOLYGONALFACE((1718,1708,1772,1680));
#2209=IFCINDEXEDPOLYGONALFACE((2015,2005,2069,1977));
#2210=IFCINDEXEDPOLYGONALFACE((623,690,692));
#2211=IFCINDEXEDPOLYGONALFACE((1517,1584,1586));
#2212=IFCINDEXEDPOLYGONALFACE((1672,1739,1741));
#2213=IFCINDEXEDPOLYGONALFACE((1969,2036,2038));
#2214=IFCINDEXEDPOLYGONALFACE((637,636,627));
#2215=IFCINDEXEDPOLYGONALFACE((458,457,673));
#2216=IFCINDEXEDPOLYGONALFACE((847,461,460,871,788,781,840,770,845,846,844));
#2217=IFCINDEXEDPOLYGONALFACE((1531,1530,1521));
#2218=IFCINDEXEDPOLYGONALFACE((455,454,1567));
#2219=IFCINDEXEDPOLYGONALFACE((1686,1685,1676));
#2220=IFCINDEXEDPOLYGONALFACE((452,451,1722));
#2221=IFCINDEXEDPOLYGONALFACE((1983,1982,1973));
#2222=IFCINDEXEDPOLYGONALFACE((449,448,2019));
#2223=IFCINDEXEDPOLYGONALFACE((319,321,671));
#2224=IFCINDEXEDPOLYGONALFACE((1,6,831));
#2225=IFCINDEXEDPOLYGONALFACE((25,1467,1565));
#2226=IFCINDEXEDPOLYGONALFACE((30,29,1720));
#2227=IFCINDEXEDPOLYGONALFACE((76,75,2017));
#2228=IFCINDEXEDPOLYGONALFACE((635,671,634));
#2229=IFCINDEXEDPOLYGONALFACE((791,831,790));
#2230=IFCINDEXEDPOLYGONALFACE((1529,1565,1528));
#2231=IFCINDEXEDPOLYGONALFACE((1684,1720,1683));
#2232=IFCINDEXEDPOLYGONALFACE((1981,2017,1980));
#2233=IFCINDEXEDPOLYGONALFACE((614,633,635));
#2234=IFCINDEXEDPOLYGONALFACE((778,789,791));
#2235=IFCINDEXEDPOLYGONALFACE((1508,1527,1529));
#2236=IFCINDEXEDPOLYGONALFACE((1663,1682,1684));
#2237=IFCINDEXEDPOLYGONALFACE((1960,1979,1981));
#2238=IFCINDEXEDPOLYGONALFACE((632,672,697));
#2239=IFCINDEXEDPOLYGONALFACE((1526,1566,1591));
#2240=IFCINDEXEDPOLYGONALFACE((1681,1721,1746));
#2241=IFCINDEXEDPOLYGONALFACE((1978,2018,2043));
#2242=IFCINDEXEDPOLYGONALFACE((641,624,643));
#2243=IFCINDEXEDPOLYGONALFACE((1535,1518,1537));
#2244=IFCINDEXEDPOLYGONALFACE((1690,1673,1692));
#2245=IFCINDEXEDPOLYGONALFACE((1987,1970,1989));
#2246=IFCINDEXEDPOLYGONALFACE((626,632,637));
#2247=IFCINDEXEDPOLYGONALFACE((458,672,173));
#2248=IFCINDEXEDPOLYGONALFACE((782,783,222,461,847,844,846,845,768,839));
#2249=IFCINDEXEDPOLYGONALFACE((1520,1526,1531));
#2250=IFCINDEXEDPOLYGONALFACE((455,1566,313));
#2251=IFCINDEXEDPOLYGONALFACE((1675,1681,1686));
#2252=IFCINDEXEDPOLYGONALFACE((452,1721,119));
#2253=IFCINDEXEDPOLYGONALFACE((1972,1978,1983));
#2254=IFCINDEXEDPOLYGONALFACE((449,2018,408));
#2255=IFCINDEXEDPOLYGONALFACE((666,638,654));
#2256=IFCINDEXEDPOLYGONALFACE((819,796,808));
#2257=IFCINDEXEDPOLYGONALFACE((1560,1532,1548));
#2258=IFCINDEXEDPOLYGONALFACE((1715,1687,1703));
#2259=IFCINDEXEDPOLYGONALFACE((2012,1984,2000));
#2260=IFCINDEXEDPOLYGONALFACE((652,649,646));
#2261=IFCINDEXEDPOLYGONALFACE((806,803,801));
#2262=IFCINDEXEDPOLYGONALFACE((1546,1543,1540));
#2263=IFCINDEXEDPOLYGONALFACE((1701,1698,1695));
#2264=IFCINDEXEDPOLYGONALFACE((1998,1995,1992));
#2265=IFCINDEXEDPOLYGONALFACE((640,649,652));
#2266=IFCINDEXEDPOLYGONALFACE((798,803,806));
#2267=IFCINDEXEDPOLYGONALFACE((1534,1543,1546));
#2268=IFCINDEXEDPOLYGONALFACE((1689,1698,1701));
#2269=IFCINDEXEDPOLYGONALFACE((1986,1995,1998));
#2270=IFCINDEXEDPOLYGONALFACE((674,643,624));
#2271=IFCINDEXEDPOLYGONALFACE((1568,1537,1518));
#2272=IFCINDEXEDPOLYGONALFACE((1723,1692,1673));
#2273=IFCINDEXEDPOLYGONALFACE((2020,1989,1970));
#2274=IFCINDEXEDPOLYGONALFACE((674,642,643));
#2275=IFCINDEXEDPOLYGONALFACE((1568,1536,1537));
#2276=IFCINDEXEDPOLYGONALFACE((1723,1691,1692));
#2277=IFCINDEXEDPOLYGONALFACE((2020,1988,1989));
#2278=IFCINDEXEDPOLYGONALFACE((696,626,637));
#2279=IFCINDEXEDPOLYGONALFACE((1590,1520,1531));
#2280=IFCINDEXEDPOLYGONALFACE((1745,1675,1686));
#2281=IFCINDEXEDPOLYGONALFACE((2042,1972,1983));
#2282=IFCINDEXEDPOLYGONALFACE((642,626,643));
#2283=IFCINDEXEDPOLYGONALFACE((1536,1520,1537));
#2284=IFCINDEXEDPOLYGONALFACE((1691,1675,1692));
#2285=IFCINDEXEDPOLYGONALFACE((1988,1972,1989));
#2286=IFCINDEXEDPOLYGONALFACE((645,614,647));
#2287=IFCINDEXEDPOLYGONALFACE((800,778,802));
#2288=IFCINDEXEDPOLYGONALFACE((1539,1508,1541));
#2289=IFCINDEXEDPOLYGONALFACE((1694,1663,1696));
#2290=IFCINDEXEDPOLYGONALFACE((1991,1960,1993));
#2291=IFCINDEXEDPOLYGONALFACE((668,645,647));
#2292=IFCINDEXEDPOLYGONALFACE((824,800,802));
#2293=IFCINDEXEDPOLYGONALFACE((1562,1539,1541));
#2294=IFCINDEXEDPOLYGONALFACE((1717,1694,1696));
#2295=IFCINDEXEDPOLYGONALFACE((2014,1991,1993));
#2296=IFCINDEXEDPOLYGONALFACE((644,613,647));
#2297=IFCINDEXEDPOLYGONALFACE((799,777,802));
#2298=IFCINDEXEDPOLYGONALFACE((1538,1507,1541));
#2299=IFCINDEXEDPOLYGONALFACE((1693,1662,1696));
#2300=IFCINDEXEDPOLYGONALFACE((1990,1959,1993));
#2301=IFCINDEXEDPOLYGONALFACE((638,652,646));
#2302=IFCINDEXEDPOLYGONALFACE((796,806,801));
#2303=IFCINDEXEDPOLYGONALFACE((1532,1546,1540));
#2304=IFCINDEXEDPOLYGONALFACE((1687,1701,1695));
#2305=IFCINDEXEDPOLYGONALFACE((1984,1998,1992));
#2306=IFCINDEXEDPOLYGONALFACE((693,614,635));
#2307=IFCINDEXEDPOLYGONALFACE((841,778,791));
#2308=IFCINDEXEDPOLYGONALFACE((1587,1508,1529));
#2309=IFCINDEXEDPOLYGONALFACE((1742,1663,1684));
#2310=IFCINDEXEDPOLYGONALFACE((2039,1960,1981));
#2311=IFCINDEXEDPOLYGONALFACE((681,685,618));
#2312=IFCINDEXEDPOLYGONALFACE((1575,1579,1512));
#2313=IFCINDEXEDPOLYGONALFACE((1730,1734,1667));
#2314=IFCINDEXEDPOLYGONALFACE((2027,2031,1964));
#2315=IFCINDEXEDPOLYGONALFACE((687,617,684));
#2316=IFCINDEXEDPOLYGONALFACE((1581,1511,1578));
#2317=IFCINDEXEDPOLYGONALFACE((1736,1666,1733));
#2318=IFCINDEXEDPOLYGONALFACE((2033,1963,2030));
#2319=IFCINDEXEDPOLYGONALFACE((646,649,610));
#2320=IFCINDEXEDPOLYGONALFACE((801,803,774));
#2321=IFCINDEXEDPOLYGONALFACE((1540,1543,1504));
#2322=IFCINDEXEDPOLYGONALFACE((1695,1698,1659));
#2323=IFCINDEXEDPOLYGONALFACE((1992,1995,1956));
#2324=IFCINDEXEDPOLYGONALFACE((668,695,612));
#2325=IFCINDEXEDPOLYGONALFACE((824,843,776));
#2326=IFCINDEXEDPOLYGONALFACE((1562,1589,1506));
#2327=IFCINDEXEDPOLYGONALFACE((1717,1744,1661));
#2328=IFCINDEXEDPOLYGONALFACE((2014,2041,1958));
#2329=IFCINDEXEDPOLYGONALFACE((649,611,665));
#2330=IFCINDEXEDPOLYGONALFACE((818,803,775));
#2331=IFCINDEXEDPOLYGONALFACE((1543,1505,1559));
#2332=IFCINDEXEDPOLYGONALFACE((1698,1660,1714));
#2333=IFCINDEXEDPOLYGONALFACE((1995,1957,2011));
#2334=IFCINDEXEDPOLYGONALFACE((666,653,639));
#2335=IFCINDEXEDPOLYGONALFACE((819,807,797));
#2336=IFCINDEXEDPOLYGONALFACE((1560,1547,1533));
#2337=IFCINDEXEDPOLYGONALFACE((1715,1702,1688));
#2338=IFCINDEXEDPOLYGONALFACE((2012,1999,1985));
#2339=IFCINDEXEDPOLYGONALFACE((652,639,710,640));
#2340=IFCINDEXEDPOLYGONALFACE((806,797,855,798));
#2341=IFCINDEXEDPOLYGONALFACE((1546,1533,1603,1534));
#2342=IFCINDEXEDPOLYGONALFACE((1701,1688,1758,1689));
#2343=IFCINDEXEDPOLYGONALFACE((1998,1985,2055,1986));
#2344=IFCINDEXEDPOLYGONALFACE((654,655,666));
#2345=IFCINDEXEDPOLYGONALFACE((808,809,819));
#2346=IFCINDEXEDPOLYGONALFACE((1548,1549,1560));
#2347=IFCINDEXEDPOLYGONALFACE((1703,1704,1715));
#2348=IFCINDEXEDPOLYGONALFACE((2000,2001,2012));
#2349=IFCINDEXEDPOLYGONALFACE((652,666,639));
#2350=IFCINDEXEDPOLYGONALFACE((806,819,797));
#2351=IFCINDEXEDPOLYGONALFACE((1546,1560,1533));
#2352=IFCINDEXEDPOLYGONALFACE((1701,1715,1688));
#2353=IFCINDEXEDPOLYGONALFACE((1998,2012,1985));
#2354=IFCINDEXEDPOLYGONALFACE((629,655,654));
#2355=IFCINDEXEDPOLYGONALFACE((785,809,808));
#2356=IFCINDEXEDPOLYGONALFACE((1523,1549,1548));
#2357=IFCINDEXEDPOLYGONALFACE((1678,1704,1703));
#2358=IFCINDEXEDPOLYGONALFACE((1975,2001,2000));
#2359=IFCINDEXEDPOLYGONALFACE((655,628,705,653));
#2360=IFCINDEXEDPOLYGONALFACE((809,784,849,807));
#2361=IFCINDEXEDPOLYGONALFACE((1549,1522,1598,1547));
#2362=IFCINDEXEDPOLYGONALFACE((1704,1677,1753,1702));
#2363=IFCINDEXEDPOLYGONALFACE((2001,1974,2050,1999));
#2364=IFCINDEXEDPOLYGONALFACE((657,658,667));
#2365=IFCINDEXEDPOLYGONALFACE((811,812,820));
#2366=IFCINDEXEDPOLYGONALFACE((1551,1552,1561));
#2367=IFCINDEXEDPOLYGONALFACE((1706,1707,1716));
#2368=IFCINDEXEDPOLYGONALFACE((2003,2004,2013));
#2369=IFCINDEXEDPOLYGONALFACE((655,667,628));
#2370=IFCINDEXEDPOLYGONALFACE((809,820,784));
#2371=IFCINDEXEDPOLYGONALFACE((1549,1561,1522));
#2372=IFCINDEXEDPOLYGONALFACE((1704,1716,1677));
#2373=IFCINDEXEDPOLYGONALFACE((2001,2013,1974));
#2374=IFCINDEXEDPOLYGONALFACE((630,658,657));
#2375=IFCINDEXEDPOLYGONALFACE((786,812,811));
#2376=IFCINDEXEDPOLYGONALFACE((1524,1552,1551));
#2377=IFCINDEXEDPOLYGONALFACE((1679,1707,1706));
#2378=IFCINDEXEDPOLYGONALFACE((1976,2004,2003));
#2379=IFCINDEXEDPOLYGONALFACE((658,631,711,656));
#2380=IFCINDEXEDPOLYGONALFACE((812,787,854,810));
#2381=IFCINDEXEDPOLYGONALFACE((1552,1525,1604,1550));
#2382=IFCINDEXEDPOLYGONALFACE((1707,1680,1759,1705));
#2383=IFCINDEXEDPOLYGONALFACE((2004,1977,2056,2002));
#2384=IFCINDEXEDPOLYGONALFACE((660,661,669));
#2385=IFCINDEXEDPOLYGONALFACE((814,815,825));
#2386=IFCINDEXEDPOLYGONALFACE((1554,1555,1563));
#2387=IFCINDEXEDPOLYGONALFACE((1709,1710,1718));
#2388=IFCINDEXEDPOLYGONALFACE((2006,2007,2015));
#2389=IFCINDEXEDPOLYGONALFACE((658,669,631));
#2390=IFCINDEXEDPOLYGONALFACE((812,825,787));
#2391=IFCINDEXEDPOLYGONALFACE((1552,1563,1525));
#2392=IFCINDEXEDPOLYGONALFACE((1707,1718,1680));
#2393=IFCINDEXEDPOLYGONALFACE((2004,2015,1977));
#2394=IFCINDEXEDPOLYGONALFACE((609,661,660));
#2395=IFCINDEXEDPOLYGONALFACE((765,815,814));
#2396=IFCINDEXEDPOLYGONALFACE((1503,1555,1554));
#2397=IFCINDEXEDPOLYGONALFACE((1658,1710,1709));
#2398=IFCINDEXEDPOLYGONALFACE((1955,2007,2006));
#2399=IFCINDEXEDPOLYGONALFACE((659,661,608));
#2400=IFCINDEXEDPOLYGONALFACE((813,815,764));
#2401=IFCINDEXEDPOLYGONALFACE((1553,1555,1502));
#2402=IFCINDEXEDPOLYGONALFACE((1708,1710,1657));
#2403=IFCINDEXEDPOLYGONALFACE((2005,2007,1954));
#2404=IFCINDEXEDPOLYGONALFACE((662,664,692));
#2405=IFCINDEXEDPOLYGONALFACE((1556,1558,1586));
#2406=IFCINDEXEDPOLYGONALFACE((1711,1713,1741));
#2407=IFCINDEXEDPOLYGONALFACE((2008,2010,2038));
#2408=IFCINDEXEDPOLYGONALFACE((661,664,608));
#2409=IFCINDEXEDPOLYGONALFACE((1555,1558,1502));
#2410=IFCINDEXEDPOLYGONALFACE((1710,1713,1657));
#2411=IFCINDEXEDPOLYGONALFACE((2007,2010,1954));
#2412=IFCINDEXEDPOLYGONALFACE((609,663,664));
#2413=IFCINDEXEDPOLYGONALFACE((1503,1557,1558));
#2414=IFCINDEXEDPOLYGONALFACE((1658,1712,1713));
#2415=IFCINDEXEDPOLYGONALFACE((1955,2009,2010));
#2416=IFCINDEXEDPOLYGONALFACE((623,692,663));
#2417=IFCINDEXEDPOLYGONALFACE((1517,1586,1557));
#2418=IFCINDEXEDPOLYGONALFACE((1672,1741,1712));
#2419=IFCINDEXEDPOLYGONALFACE((1969,2038,2009));
#2420=IFCINDEXEDPOLYGONALFACE((665,611,741,650));
#2421=IFCINDEXEDPOLYGONALFACE((818,775,887,805));
#2422=IFCINDEXEDPOLYGONALFACE((1559,1505,1634,1544));
#2423=IFCINDEXEDPOLYGONALFACE((1714,1660,1789,1699));
#2424=IFCINDEXEDPOLYGONALFACE((2011,1957,2086,1996));
#2425=IFCINDEXEDPOLYGONALFACE((694,665,650));
#2426=IFCINDEXEDPOLYGONALFACE((842,818,805));
#2427=IFCINDEXEDPOLYGONALFACE((1588,1559,1544));
#2428=IFCINDEXEDPOLYGONALFACE((1743,1714,1699));
#2429=IFCINDEXEDPOLYGONALFACE((2040,2011,1996));
#2430=IFCINDEXEDPOLYGONALFACE((653,666,655));
#2431=IFCINDEXEDPOLYGONALFACE((807,819,809));
#2432=IFCINDEXEDPOLYGONALFACE((1547,1560,1549));
#2433=IFCINDEXEDPOLYGONALFACE((1702,1715,1704));
#2434=IFCINDEXEDPOLYGONALFACE((1999,2012,2001));
#2435=IFCINDEXEDPOLYGONALFACE((638,666,652));
#2436=IFCINDEXEDPOLYGONALFACE((796,819,806));
#2437=IFCINDEXEDPOLYGONALFACE((1532,1560,1546));
#2438=IFCINDEXEDPOLYGONALFACE((1687,1715,1701));
#2439=IFCINDEXEDPOLYGONALFACE((1984,2012,1998));
#2440=IFCINDEXEDPOLYGONALFACE((656,667,658));
#2441=IFCINDEXEDPOLYGONALFACE((810,820,812));
#2442=IFCINDEXEDPOLYGONALFACE((1550,1561,1552));
#2443=IFCINDEXEDPOLYGONALFACE((1705,1716,1707));
#2444=IFCINDEXEDPOLYGONALFACE((2002,2013,2004));
#2445=IFCINDEXEDPOLYGONALFACE((629,667,655));
#2446=IFCINDEXEDPOLYGONALFACE((785,820,809));
#2447=IFCINDEXEDPOLYGONALFACE((1523,1561,1549));
#2448=IFCINDEXEDPOLYGONALFACE((1678,1716,1704));
#2449=IFCINDEXEDPOLYGONALFACE((1975,2013,2001));
#2450=IFCINDEXEDPOLYGONALFACE((615,694,695));
#2451=IFCINDEXEDPOLYGONALFACE((779,842,843));
#2452=IFCINDEXEDPOLYGONALFACE((1509,1588,1589));
#2453=IFCINDEXEDPOLYGONALFACE((1664,1743,1744));
#2454=IFCINDEXEDPOLYGONALFACE((1961,2040,2041));
#2455=IFCINDEXEDPOLYGONALFACE((612,645,668));
#2456=IFCINDEXEDPOLYGONALFACE((776,800,824));
#2457=IFCINDEXEDPOLYGONALFACE((1506,1539,1562));
#2458=IFCINDEXEDPOLYGONALFACE((1661,1694,1717));
#2459=IFCINDEXEDPOLYGONALFACE((1958,1991,2014));
#2460=IFCINDEXEDPOLYGONALFACE((659,669,661));
#2461=IFCINDEXEDPOLYGONALFACE((813,825,815));
#2462=IFCINDEXEDPOLYGONALFACE((1553,1563,1555));
#2463=IFCINDEXEDPOLYGONALFACE((1708,1718,1710));
#2464=IFCINDEXEDPOLYGONALFACE((2005,2015,2007));
#2465=IFCINDEXEDPOLYGONALFACE((630,669,658));
#2466=IFCINDEXEDPOLYGONALFACE((786,825,812));
#2467=IFCINDEXEDPOLYGONALFACE((1524,1563,1552));
#2468=IFCINDEXEDPOLYGONALFACE((1679,1718,1707));
#2469=IFCINDEXEDPOLYGONALFACE((1976,2015,2004));
#2470=IFCINDEXEDPOLYGONALFACE((668,613,670));
#2471=IFCINDEXEDPOLYGONALFACE((824,777,827));
#2472=IFCINDEXEDPOLYGONALFACE((1562,1507,1564));
#2473=IFCINDEXEDPOLYGONALFACE((1717,1662,1719));
#2474=IFCINDEXEDPOLYGONALFACE((2014,1959,2016));
#2475=IFCINDEXEDPOLYGONALFACE((319,671,633));
#2476=IFCINDEXEDPOLYGONALFACE((1,831,789));
#2477=IFCINDEXEDPOLYGONALFACE((25,1565,1527));
#2478=IFCINDEXEDPOLYGONALFACE((30,1720,1682));
#2479=IFCINDEXEDPOLYGONALFACE((76,2017,1979));
#2480=IFCINDEXEDPOLYGONALFACE((671,321,174));
#2481=IFCINDEXEDPOLYGONALFACE((831,6,5));
#2482=IFCINDEXEDPOLYGONALFACE((1565,1467,314));
#2483=IFCINDEXEDPOLYGONALFACE((1720,29,28));
#2484=IFCINDEXEDPOLYGONALFACE((2017,75,74));
#2485=IFCINDEXEDPOLYGONALFACE((637,697,636));
#2486=IFCINDEXEDPOLYGONALFACE((1531,1591,1530));
#2487=IFCINDEXEDPOLYGONALFACE((1686,1746,1685));
#2488=IFCINDEXEDPOLYGONALFACE((1983,2043,1982));
#2489=IFCINDEXEDPOLYGONALFACE((676,675,701,625));
#2490=IFCINDEXEDPOLYGONALFACE((1570,1569,1594,1519));
#2491=IFCINDEXEDPOLYGONALFACE((1725,1724,1749,1674));
#2492=IFCINDEXEDPOLYGONALFACE((2022,2021,2046,1971));
#2493=IFCINDEXEDPOLYGONALFACE((621,642,674));
#2494=IFCINDEXEDPOLYGONALFACE((1515,1536,1568));
#2495=IFCINDEXEDPOLYGONALFACE((1670,1691,1723));
#2496=IFCINDEXEDPOLYGONALFACE((1967,1988,2020));
#2497=IFCINDEXEDPOLYGONALFACE((674,624,722,675));
#2498=IFCINDEXEDPOLYGONALFACE((1568,1518,1615,1569));
#2499=IFCINDEXEDPOLYGONALFACE((1723,1673,1770,1724));
#2500=IFCINDEXEDPOLYGONALFACE((2020,1970,2067,2021));
#2501=IFCINDEXEDPOLYGONALFACE((621,678,677));
#2502=IFCINDEXEDPOLYGONALFACE((1515,1572,1571));
#2503=IFCINDEXEDPOLYGONALFACE((1670,1727,1726));
#2504=IFCINDEXEDPOLYGONALFACE((1967,2024,2023));
#2505=IFCINDEXEDPOLYGONALFACE((674,676,621));
#2506=IFCINDEXEDPOLYGONALFACE((1568,1570,1515));
#2507=IFCINDEXEDPOLYGONALFACE((1723,1725,1670));
#2508=IFCINDEXEDPOLYGONALFACE((2020,2022,1967));
#2509=IFCINDEXEDPOLYGONALFACE((679,680,618));
#2510=IFCINDEXEDPOLYGONALFACE((1573,1574,1512));
#2511=IFCINDEXEDPOLYGONALFACE((1728,1729,1667));
#2512=IFCINDEXEDPOLYGONALFACE((2025,2026,1964));
#2513=IFCINDEXEDPOLYGONALFACE((678,621,676));
#2514=IFCINDEXEDPOLYGONALFACE((1572,1515,1570));
#2515=IFCINDEXEDPOLYGONALFACE((1727,1670,1725));
#2516=IFCINDEXEDPOLYGONALFACE((2024,1967,2022));
#2517=IFCINDEXEDPOLYGONALFACE((680,679,678));
#2518=IFCINDEXEDPOLYGONALFACE((1574,1573,1572));
#2519=IFCINDEXEDPOLYGONALFACE((1729,1728,1727));
#2520=IFCINDEXEDPOLYGONALFACE((2026,2025,2024));
#2521=IFCINDEXEDPOLYGONALFACE((682,683,684));
#2522=IFCINDEXEDPOLYGONALFACE((1576,1577,1578));
#2523=IFCINDEXEDPOLYGONALFACE((1731,1732,1733));
#2524=IFCINDEXEDPOLYGONALFACE((2028,2029,2030));
#2525=IFCINDEXEDPOLYGONALFACE((622,677,679));
#2526=IFCINDEXEDPOLYGONALFACE((1516,1571,1573));
#2527=IFCINDEXEDPOLYGONALFACE((1671,1726,1728));
#2528=IFCINDEXEDPOLYGONALFACE((1968,2023,2025));
#2529=IFCINDEXEDPOLYGONALFACE((678,625,736,680));
#2530=IFCINDEXEDPOLYGONALFACE((1572,1519,1629,1574));
#2531=IFCINDEXEDPOLYGONALFACE((1727,1674,1784,1729));
#2532=IFCINDEXEDPOLYGONALFACE((2024,1971,2081,2026));
#2533=IFCINDEXEDPOLYGONALFACE((681,683,685));
#2534=IFCINDEXEDPOLYGONALFACE((1575,1577,1579));
#2535=IFCINDEXEDPOLYGONALFACE((1730,1732,1734));
#2536=IFCINDEXEDPOLYGONALFACE((2027,2029,2031));
#2537=IFCINDEXEDPOLYGONALFACE((684,683,648));
#2538=IFCINDEXEDPOLYGONALFACE((1578,1577,1542));
#2539=IFCINDEXEDPOLYGONALFACE((1733,1732,1697));
#2540=IFCINDEXEDPOLYGONALFACE((2030,2029,1994));
#2541=IFCINDEXEDPOLYGONALFACE((683,622,685));
#2542=IFCINDEXEDPOLYGONALFACE((1577,1516,1579));
#2543=IFCINDEXEDPOLYGONALFACE((1732,1671,1734));
#2544=IFCINDEXEDPOLYGONALFACE((2029,1968,2031));
#2545=IFCINDEXEDPOLYGONALFACE((622,683,682));
#2546=IFCINDEXEDPOLYGONALFACE((1516,1577,1576));
#2547=IFCINDEXEDPOLYGONALFACE((1671,1732,1731));
#2548=IFCINDEXEDPOLYGONALFACE((1968,2029,2028));
#2549=IFCINDEXEDPOLYGONALFACE((684,648,686));
#2550=IFCINDEXEDPOLYGONALFACE((1578,1542,1580));
#2551=IFCINDEXEDPOLYGONALFACE((1733,1697,1735));
#2552=IFCINDEXEDPOLYGONALFACE((2030,1994,2032));
#2553=IFCINDEXEDPOLYGONALFACE((682,684,617));
#2554=IFCINDEXEDPOLYGONALFACE((1576,1578,1511));
#2555=IFCINDEXEDPOLYGONALFACE((1731,1733,1666));
#2556=IFCINDEXEDPOLYGONALFACE((2028,2030,1963));
#2557=IFCINDEXEDPOLYGONALFACE((622,679,685));
#2558=IFCINDEXEDPOLYGONALFACE((1516,1573,1579));
#2559=IFCINDEXEDPOLYGONALFACE((1671,1728,1734));
#2560=IFCINDEXEDPOLYGONALFACE((1968,2025,2031));
#2561=IFCINDEXEDPOLYGONALFACE((618,685,679));
#2562=IFCINDEXEDPOLYGONALFACE((1512,1579,1573));
#2563=IFCINDEXEDPOLYGONALFACE((1667,1734,1728));
#2564=IFCINDEXEDPOLYGONALFACE((1964,2031,2025));
#2565=IFCINDEXEDPOLYGONALFACE((686,687,684));
#2566=IFCINDEXEDPOLYGONALFACE((1580,1581,1578));
#2567=IFCINDEXEDPOLYGONALFACE((1735,1736,1733));
#2568=IFCINDEXEDPOLYGONALFACE((2032,2033,2030));
#2569=IFCINDEXEDPOLYGONALFACE((687,686,619));
#2570=IFCINDEXEDPOLYGONALFACE((1581,1580,1513));
#2571=IFCINDEXEDPOLYGONALFACE((1736,1735,1668));
#2572=IFCINDEXEDPOLYGONALFACE((2033,2032,1965));
#2573=IFCINDEXEDPOLYGONALFACE((691,689,690));
#2574=IFCINDEXEDPOLYGONALFACE((1585,1583,1584));
#2575=IFCINDEXEDPOLYGONALFACE((1740,1738,1739));
#2576=IFCINDEXEDPOLYGONALFACE((2037,2035,2036));
#2577=IFCINDEXEDPOLYGONALFACE((690,689,620));
#2578=IFCINDEXEDPOLYGONALFACE((1584,1583,1514));
#2579=IFCINDEXEDPOLYGONALFACE((1739,1738,1669));
#2580=IFCINDEXEDPOLYGONALFACE((2036,2035,1966));
#2581=IFCINDEXEDPOLYGONALFACE((623,691,690));
#2582=IFCINDEXEDPOLYGONALFACE((1517,1585,1584));
#2583=IFCINDEXEDPOLYGONALFACE((1672,1740,1739));
#2584=IFCINDEXEDPOLYGONALFACE((1969,2037,2036));
#2585=IFCINDEXEDPOLYGONALFACE((690,620,692));
#2586=IFCINDEXEDPOLYGONALFACE((1584,1514,1586));
#2587=IFCINDEXEDPOLYGONALFACE((1739,1669,1741));
#2588=IFCINDEXEDPOLYGONALFACE((2036,1966,2038));
#2589=IFCINDEXEDPOLYGONALFACE((691,623,688));
#2590=IFCINDEXEDPOLYGONALFACE((1585,1517,1582));
#2591=IFCINDEXEDPOLYGONALFACE((1740,1672,1737));
#2592=IFCINDEXEDPOLYGONALFACE((2037,1969,2034));
#2593=IFCINDEXEDPOLYGONALFACE((688,687,691));
#2594=IFCINDEXEDPOLYGONALFACE((1582,1581,1585));
#2595=IFCINDEXEDPOLYGONALFACE((1737,1736,1740));
#2596=IFCINDEXEDPOLYGONALFACE((2034,2033,2037));
#2597=IFCINDEXEDPOLYGONALFACE((619,691,687));
#2598=IFCINDEXEDPOLYGONALFACE((1513,1585,1581));
#2599=IFCINDEXEDPOLYGONALFACE((1668,1740,1736));
#2600=IFCINDEXEDPOLYGONALFACE((1965,2037,2033));
#2601=IFCINDEXEDPOLYGONALFACE((662,692,620));
#2602=IFCINDEXEDPOLYGONALFACE((1556,1586,1514));
#2603=IFCINDEXEDPOLYGONALFACE((1711,1741,1669));
#2604=IFCINDEXEDPOLYGONALFACE((2008,2038,1966));
#2605=IFCINDEXEDPOLYGONALFACE((663,692,664));
#2606=IFCINDEXEDPOLYGONALFACE((1557,1586,1558));
#2607=IFCINDEXEDPOLYGONALFACE((1712,1741,1713));
#2608=IFCINDEXEDPOLYGONALFACE((2009,2038,2010));
#2609=IFCINDEXEDPOLYGONALFACE((614,693,647));
#2610=IFCINDEXEDPOLYGONALFACE((778,841,802));
#2611=IFCINDEXEDPOLYGONALFACE((1508,1587,1541));
#2612=IFCINDEXEDPOLYGONALFACE((1663,1742,1696));
#2613=IFCINDEXEDPOLYGONALFACE((1960,2039,1993));
#2614=IFCINDEXEDPOLYGONALFACE((616,693,635));
#2615=IFCINDEXEDPOLYGONALFACE((780,841,791));
#2616=IFCINDEXEDPOLYGONALFACE((1510,1587,1529));
#2617=IFCINDEXEDPOLYGONALFACE((1665,1742,1684));
#2618=IFCINDEXEDPOLYGONALFACE((1962,2039,1981));
#2619=IFCINDEXEDPOLYGONALFACE((612,694,650));
#2620=IFCINDEXEDPOLYGONALFACE((776,842,805));
#2621=IFCINDEXEDPOLYGONALFACE((1506,1588,1544));
#2622=IFCINDEXEDPOLYGONALFACE((1661,1743,1699));
#2623=IFCINDEXEDPOLYGONALFACE((1958,2040,1996));
#2624=IFCINDEXEDPOLYGONALFACE((651,694,615));
#2625=IFCINDEXEDPOLYGONALFACE((804,842,779));
#2626=IFCINDEXEDPOLYGONALFACE((1545,1588,1509));
#2627=IFCINDEXEDPOLYGONALFACE((1700,1743,1664));
#2628=IFCINDEXEDPOLYGONALFACE((1997,2040,1961));
#2629=IFCINDEXEDPOLYGONALFACE((615,695,670));
#2630=IFCINDEXEDPOLYGONALFACE((779,843,827));
#2631=IFCINDEXEDPOLYGONALFACE((1509,1589,1564));
#2632=IFCINDEXEDPOLYGONALFACE((1664,1744,1719));
#2633=IFCINDEXEDPOLYGONALFACE((1961,2041,2016));
#2634=IFCINDEXEDPOLYGONALFACE((612,695,694));
#2635=IFCINDEXEDPOLYGONALFACE((776,843,842));
#2636=IFCINDEXEDPOLYGONALFACE((1506,1589,1588));
#2637=IFCINDEXEDPOLYGONALFACE((1661,1744,1743));
#2638=IFCINDEXEDPOLYGONALFACE((1958,2041,2040));
#2639=IFCINDEXEDPOLYGONALFACE((626,696,643));
#2640=IFCINDEXEDPOLYGONALFACE((1520,1590,1537));
#2641=IFCINDEXEDPOLYGONALFACE((1675,1745,1692));
#2642=IFCINDEXEDPOLYGONALFACE((1972,2042,1989));
#2643=IFCINDEXEDPOLYGONALFACE((627,696,637));
#2644=IFCINDEXEDPOLYGONALFACE((1521,1590,1531));
#2645=IFCINDEXEDPOLYGONALFACE((1676,1745,1686));
#2646=IFCINDEXEDPOLYGONALFACE((1973,2042,1983));
#2647=IFCINDEXEDPOLYGONALFACE((673,697,458));
#2648=IFCINDEXEDPOLYGONALFACE((1567,1591,455));
#2649=IFCINDEXEDPOLYGONALFACE((1722,1746,452));
#2650=IFCINDEXEDPOLYGONALFACE((2019,2043,449));
#2651=IFCINDEXEDPOLYGONALFACE((632,697,637));
#2652=IFCINDEXEDPOLYGONALFACE((1526,1591,1531));
#2653=IFCINDEXEDPOLYGONALFACE((1681,1746,1686));
#2654=IFCINDEXEDPOLYGONALFACE((1978,2043,1983));
#2655=IFCINDEXEDPOLYGONALFACE((737,734,618));
#2656=IFCINDEXEDPOLYGONALFACE((1630,1627,1512));
#2657=IFCINDEXEDPOLYGONALFACE((1785,1782,1667));
#2658=IFCINDEXEDPOLYGONALFACE((2082,2079,1964));
#2659=IFCINDEXEDPOLYGONALFACE((723,720,699));
#2660=IFCINDEXEDPOLYGONALFACE((1616,1613,1592));
#2661=IFCINDEXEDPOLYGONALFACE((1771,1768,1747));
#2662=IFCINDEXEDPOLYGONALFACE((2068,2065,2044));
#2663=IFCINDEXEDPOLYGONALFACE((759,756,758,757,701,675,722,624,641,715,627,636,673,457,456));
#2664=IFCINDEXEDPOLYGONALFACE((781,788,867));
#2665=IFCINDEXEDPOLYGONALFACE((459,871,460));
#2666=IFCINDEXEDPOLYGONALFACE((1652,1649,1651,1650,1594,1569,1615,1518,1535,1608,1521,1530,1567,454,453));
#2667=IFCINDEXEDPOLYGONALFACE((1807,1804,1806,1805,1749,1724,1770,1673,1690,1763,1676,1685,1722,451,450));
#2668=IFCINDEXEDPOLYGONALFACE((2104,2101,2103,2102,2046,2021,2067,1970,1987,2060,1973,1982,2019,448,447));
#2669=IFCINDEXEDPOLYGONALFACE((312,718,714,721,702,757,758,756,759,456));
#2670=IFCINDEXEDPOLYGONALFACE((866,863,867));
#2671=IFCINDEXEDPOLYGONALFACE((459,172,872));
#2672=IFCINDEXEDPOLYGONALFACE((118,1611,1607,1614,1595,1650,1651,1649,1652,453));
#2673=IFCINDEXEDPOLYGONALFACE((407,1766,1762,1769,1750,1805,1806,1804,1807,450));
#2674=IFCINDEXEDPOLYGONALFACE((123,2063,2059,2066,2047,2102,2103,2101,2104,447));
#2675=IFCINDEXEDPOLYGONALFACE((711,751,748));
#2676=IFCINDEXEDPOLYGONALFACE((1604,1644,1641));
#2677=IFCINDEXEDPOLYGONALFACE((1759,1799,1796));
#2678=IFCINDEXEDPOLYGONALFACE((2056,2096,2093));
#2679=IFCINDEXEDPOLYGONALFACE((709,744,740));
#2680=IFCINDEXEDPOLYGONALFACE((853,889,885));
#2681=IFCINDEXEDPOLYGONALFACE((1602,1637,1633));
#2682=IFCINDEXEDPOLYGONALFACE((1757,1792,1788));
#2683=IFCINDEXEDPOLYGONALFACE((2054,2089,2085));
#2684=IFCINDEXEDPOLYGONALFACE((689,730,728));
#2685=IFCINDEXEDPOLYGONALFACE((1583,1623,1621));
#2686=IFCINDEXEDPOLYGONALFACE((1738,1778,1776));
#2687=IFCINDEXEDPOLYGONALFACE((2035,2075,2073));
#2688=IFCINDEXEDPOLYGONALFACE((734,733,681));
#2689=IFCINDEXEDPOLYGONALFACE((1627,1626,1575));
#2690=IFCINDEXEDPOLYGONALFACE((1782,1781,1730));
#2691=IFCINDEXEDPOLYGONALFACE((2079,2078,2027));
#2692=IFCINDEXEDPOLYGONALFACE((700,729,731));
#2693=IFCINDEXEDPOLYGONALFACE((1593,1622,1624));
#2694=IFCINDEXEDPOLYGONALFACE((1748,1777,1779));
#2695=IFCINDEXEDPOLYGONALFACE((2045,2074,2076));
#2696=IFCINDEXEDPOLYGONALFACE((750,745,749));
#2697=IFCINDEXEDPOLYGONALFACE((895,890,894));
#2698=IFCINDEXEDPOLYGONALFACE((1643,1638,1642));
#2699=IFCINDEXEDPOLYGONALFACE((1798,1793,1797));
#2700=IFCINDEXEDPOLYGONALFACE((2095,2090,2094));
#2701=IFCINDEXEDPOLYGONALFACE((734,737,703));
#2702=IFCINDEXEDPOLYGONALFACE((1627,1630,1596));
#2703=IFCINDEXEDPOLYGONALFACE((1782,1785,1751));
#2704=IFCINDEXEDPOLYGONALFACE((2079,2082,2048));
#2705=IFCINDEXEDPOLYGONALFACE((704,732,733));
#2706=IFCINDEXEDPOLYGONALFACE((1597,1625,1626));
#2707=IFCINDEXEDPOLYGONALFACE((1752,1780,1781));
#2708=IFCINDEXEDPOLYGONALFACE((2049,2077,2078));
#2709=IFCINDEXEDPOLYGONALFACE((732,700,731));
#2710=IFCINDEXEDPOLYGONALFACE((1625,1593,1624));
#2711=IFCINDEXEDPOLYGONALFACE((743,741,611,709));
#2712=IFCINDEXEDPOLYGONALFACE((888,887,775,853));
#2713=IFCINDEXEDPOLYGONALFACE((1636,1634,1505,1602));
#2714=IFCINDEXEDPOLYGONALFACE((1791,1789,1660,1757));
#2715=IFCINDEXEDPOLYGONALFACE((2088,2086,1957,2054));
#2716=IFCINDEXEDPOLYGONALFACE((755,753,707));
#2717=IFCINDEXEDPOLYGONALFACE((910,908,851));
#2718=IFCINDEXEDPOLYGONALFACE((1648,1646,1600));
#2719=IFCINDEXEDPOLYGONALFACE((1803,1801,1755));
#2720=IFCINDEXEDPOLYGONALFACE((2100,2098,2052));
#2721=IFCINDEXEDPOLYGONALFACE((707,754,755));
#2722=IFCINDEXEDPOLYGONALFACE((851,909,910));
#2723=IFCINDEXEDPOLYGONALFACE((1600,1647,1648));
#2724=IFCINDEXEDPOLYGONALFACE((1755,1802,1803));
#2725=IFCINDEXEDPOLYGONALFACE((2052,2099,2100));
#2726=IFCINDEXEDPOLYGONALFACE((319,763,698));
#2727=IFCINDEXEDPOLYGONALFACE((25,1656,26));
#2728=IFCINDEXEDPOLYGONALFACE((30,1811,72));
#2729=IFCINDEXEDPOLYGONALFACE((76,2108,130));
#2730=IFCINDEXEDPOLYGONALFACE((726,699,725));
#2731=IFCINDEXEDPOLYGONALFACE((1619,1592,1618));
#2732=IFCINDEXEDPOLYGONALFACE((1774,1747,1773));
#2733=IFCINDEXEDPOLYGONALFACE((2071,2044,2070));
#2734=IFCINDEXEDPOLYGONALFACE((706,743,740));
#2735=IFCINDEXEDPOLYGONALFACE((885,850,888));
#2736=IFCINDEXEDPOLYGONALFACE((1599,1636,1633));
#2737=IFCINDEXEDPOLYGONALFACE((1754,1791,1788));
#2738=IFCINDEXEDPOLYGONALFACE((2051,2088,2085));
#2739=IFCINDEXEDPOLYGONALFACE((744,739,740));
#2740=IFCINDEXEDPOLYGONALFACE((889,884,885));
#2741=IFCINDEXEDPOLYGONALFACE((1637,1632,1633));
#2742=IFCINDEXEDPOLYGONALFACE((1792,1787,1788));
#2743=IFCINDEXEDPOLYGONALFACE((2089,2084,2085));
#2744=IFCINDEXEDPOLYGONALFACE((748,708,749));
#2745=IFCINDEXEDPOLYGONALFACE((893,852,894));
#2746=IFCINDEXEDPOLYGONALFACE((1641,1601,1642));
#2747=IFCINDEXEDPOLYGONALFACE((1796,1756,1797));
#2748=IFCINDEXEDPOLYGONALFACE((2093,2053,2094));
#2749=IFCINDEXEDPOLYGONALFACE((712,744,745));
#2750=IFCINDEXEDPOLYGONALFACE((857,889,890));
#2751=IFCINDEXEDPOLYGONALFACE((1605,1637,1638));
#2752=IFCINDEXEDPOLYGONALFACE((1760,1792,1793));
#2753=IFCINDEXEDPOLYGONALFACE((2057,2089,2090));
#2754=IFCINDEXEDPOLYGONALFACE((726,723,699));
#2755=IFCINDEXEDPOLYGONALFACE((1619,1616,1592));
#2756=IFCINDEXEDPOLYGONALFACE((1774,1771,1747));
#2757=IFCINDEXEDPOLYGONALFACE((2071,2068,2044));
#2758=IFCINDEXEDPOLYGONALFACE((311,698,763));
#2759=IFCINDEXEDPOLYGONALFACE((27,26,1656));
#2760=IFCINDEXEDPOLYGONALFACE((73,72,1811));
#2761=IFCINDEXEDPOLYGONALFACE((122,130,2108));
#2762=IFCINDEXEDPOLYGONALFACE((319,633,763));
#2763=IFCINDEXEDPOLYGONALFACE((25,1527,1656));
#2764=IFCINDEXEDPOLYGONALFACE((30,1682,1811));
#2765=IFCINDEXEDPOLYGONALFACE((76,1979,2108));
#2766=IFCINDEXEDPOLYGONALFACE((760,614,645));
#2767=IFCINDEXEDPOLYGONALFACE((1653,1508,1539));
#2768=IFCINDEXEDPOLYGONALFACE((1808,1663,1694));
#2769=IFCINDEXEDPOLYGONALFACE((2105,1960,1991));
#2770=IFCINDEXEDPOLYGONALFACE((633,614,761));
#2771=IFCINDEXEDPOLYGONALFACE((1527,1508,1654));
#2772=IFCINDEXEDPOLYGONALFACE((1682,1663,1809));
#2773=IFCINDEXEDPOLYGONALFACE((1979,1960,2106));
#2774=IFCINDEXEDPOLYGONALFACE((761,614,760));
#2775=IFCINDEXEDPOLYGONALFACE((1654,1508,1653));
#2776=IFCINDEXEDPOLYGONALFACE((1809,1663,1808));
#2777=IFCINDEXEDPOLYGONALFACE((2106,1960,2105));
#2778=IFCINDEXEDPOLYGONALFACE((723,608,662));
#2779=IFCINDEXEDPOLYGONALFACE((1616,1502,1556));
#2780=IFCINDEXEDPOLYGONALFACE((1771,1657,1711));
#2781=IFCINDEXEDPOLYGONALFACE((2068,1954,2008));
#2782=IFCINDEXEDPOLYGONALFACE((719,727,728));
#2783=IFCINDEXEDPOLYGONALFACE((1612,1620,1621));
#2784=IFCINDEXEDPOLYGONALFACE((1767,1775,1776));
#2785=IFCINDEXEDPOLYGONALFACE((2064,2072,2073));
#2786=IFCINDEXEDPOLYGONALFACE((719,720,727));
#2787=IFCINDEXEDPOLYGONALFACE((1612,1613,1620));
#2788=IFCINDEXEDPOLYGONALFACE((1767,1768,1775));
#2789=IFCINDEXEDPOLYGONALFACE((2064,2065,2072));
#2790=IFCINDEXEDPOLYGONALFACE((723,662,727));
#2791=IFCINDEXEDPOLYGONALFACE((1616,1556,1620));
#2792=IFCINDEXEDPOLYGONALFACE((1771,1711,1775));
#2793=IFCINDEXEDPOLYGONALFACE((2068,2008,2072));
#2794=IFCINDEXEDPOLYGONALFACE((620,727,662));
#2795=IFCINDEXEDPOLYGONALFACE((1514,1620,1556));
#2796=IFCINDEXEDPOLYGONALFACE((1669,1775,1711));
#2797=IFCINDEXEDPOLYGONALFACE((1966,2072,2008));
#2798=IFCINDEXEDPOLYGONALFACE((752,713,751));
#2799=IFCINDEXEDPOLYGONALFACE((1645,1606,1644));
#2800=IFCINDEXEDPOLYGONALFACE((1800,1761,1799));
#2801=IFCINDEXEDPOLYGONALFACE((2097,2058,2096));
#2802=IFCINDEXEDPOLYGONALFACE((726,752,724));
#2803=IFCINDEXEDPOLYGONALFACE((1619,1645,1617));
#2804=IFCINDEXEDPOLYGONALFACE((1774,1800,1772));
#2805=IFCINDEXEDPOLYGONALFACE((2071,2097,2069));
#2806=IFCINDEXEDPOLYGONALFACE((726,608,723));
#2807=IFCINDEXEDPOLYGONALFACE((1619,1502,1616));
#2808=IFCINDEXEDPOLYGONALFACE((1774,1657,1771));
#2809=IFCINDEXEDPOLYGONALFACE((2071,1954,2068));
#2810=IFCINDEXEDPOLYGONALFACE((752,725,713));
#2811=IFCINDEXEDPOLYGONALFACE((1645,1618,1606));
#2812=IFCINDEXEDPOLYGONALFACE((1800,1773,1761));
#2813=IFCINDEXEDPOLYGONALFACE((2097,2070,2058));
#2814=IFCINDEXEDPOLYGONALFACE((726,724,659,608));
#2815=IFCINDEXEDPOLYGONALFACE((1619,1617,1553,1502));
#2816=IFCINDEXEDPOLYGONALFACE((1774,1772,1708,1657));
#2817=IFCINDEXEDPOLYGONALFACE((2071,2069,2005,1954));
#2818=IFCINDEXEDPOLYGONALFACE((727,620,728));
#2819=IFCINDEXEDPOLYGONALFACE((1620,1514,1621));
#2820=IFCINDEXEDPOLYGONALFACE((1775,1669,1776));
#2821=IFCINDEXEDPOLYGONALFACE((2072,1966,2073));
#2822=IFCINDEXEDPOLYGONALFACE((723,727,720));
#2823=IFCINDEXEDPOLYGONALFACE((1616,1620,1613));
#2824=IFCINDEXEDPOLYGONALFACE((1771,1775,1768));
#2825=IFCINDEXEDPOLYGONALFACE((2068,2072,2065));
#2826=IFCINDEXEDPOLYGONALFACE((730,689,619));
#2827=IFCINDEXEDPOLYGONALFACE((1623,1583,1513));
#2828=IFCINDEXEDPOLYGONALFACE((1778,1738,1668));
#2829=IFCINDEXEDPOLYGONALFACE((2075,2035,1965));
#2830=IFCINDEXEDPOLYGONALFACE((728,620,689));
#2831=IFCINDEXEDPOLYGONALFACE((1621,1514,1583));
#2832=IFCINDEXEDPOLYGONALFACE((1776,1669,1738));
#2833=IFCINDEXEDPOLYGONALFACE((2073,1966,2035));
#2834=IFCINDEXEDPOLYGONALFACE((731,729,730));
#2835=IFCINDEXEDPOLYGONALFACE((1624,1622,1623));
#2836=IFCINDEXEDPOLYGONALFACE((1779,1777,1778));
#2837=IFCINDEXEDPOLYGONALFACE((2076,2074,2075));
#2838=IFCINDEXEDPOLYGONALFACE((719,728,730));
#2839=IFCINDEXEDPOLYGONALFACE((1612,1621,1623));
#2840=IFCINDEXEDPOLYGONALFACE((1767,1776,1778));
#2841=IFCINDEXEDPOLYGONALFACE((730,619,731));
#2842=IFCINDEXEDPOLYGONALFACE((1623,1513,1624));
#2843=IFCINDEXEDPOLYGONALFACE((1778,1668,1779));
#2844=IFCINDEXEDPOLYGONALFACE((2075,1965,2076));
#2845=IFCINDEXEDPOLYGONALFACE((730,729,719));
#2846=IFCINDEXEDPOLYGONALFACE((1623,1622,1612));
#2847=IFCINDEXEDPOLYGONALFACE((1778,1777,1767));
#2848=IFCINDEXEDPOLYGONALFACE((2075,2074,2064));
#2849=IFCINDEXEDPOLYGONALFACE((732,686,648));
#2850=IFCINDEXEDPOLYGONALFACE((1625,1580,1542));
#2851=IFCINDEXEDPOLYGONALFACE((1780,1735,1697));
#2852=IFCINDEXEDPOLYGONALFACE((2077,2032,1994));
#2853=IFCINDEXEDPOLYGONALFACE((700,732,704));
#2854=IFCINDEXEDPOLYGONALFACE((1593,1625,1597));
#2855=IFCINDEXEDPOLYGONALFACE((1748,1780,1752));
#2856=IFCINDEXEDPOLYGONALFACE((2045,2077,2049));
#2857=IFCINDEXEDPOLYGONALFACE((732,731,686));
#2858=IFCINDEXEDPOLYGONALFACE((1625,1624,1580));
#2859=IFCINDEXEDPOLYGONALFACE((1780,1779,1735));
#2860=IFCINDEXEDPOLYGONALFACE((2077,2076,2032));
#2861=IFCINDEXEDPOLYGONALFACE((733,732,648));
#2862=IFCINDEXEDPOLYGONALFACE((1626,1625,1542));
#2863=IFCINDEXEDPOLYGONALFACE((1781,1780,1697));
#2864=IFCINDEXEDPOLYGONALFACE((2078,2077,1994));
#2865=IFCINDEXEDPOLYGONALFACE((731,619,686));
#2866=IFCINDEXEDPOLYGONALFACE((1624,1513,1580));
#2867=IFCINDEXEDPOLYGONALFACE((1779,1668,1735));
#2868=IFCINDEXEDPOLYGONALFACE((2076,1965,2032));
#2869=IFCINDEXEDPOLYGONALFACE((681,618,734));
#2870=IFCINDEXEDPOLYGONALFACE((1575,1512,1627));
#2871=IFCINDEXEDPOLYGONALFACE((1730,1667,1782));
#2872=IFCINDEXEDPOLYGONALFACE((2027,1964,2079));
#2873=IFCINDEXEDPOLYGONALFACE((703,704,733));
#2874=IFCINDEXEDPOLYGONALFACE((1596,1597,1626));
#2875=IFCINDEXEDPOLYGONALFACE((1751,1752,1781));
#2876=IFCINDEXEDPOLYGONALFACE((2048,2049,2078));
#2877=IFCINDEXEDPOLYGONALFACE((733,648,681));
#2878=IFCINDEXEDPOLYGONALFACE((1626,1542,1575));
#2879=IFCINDEXEDPOLYGONALFACE((1781,1697,1730));
#2880=IFCINDEXEDPOLYGONALFACE((2078,1994,2027));
#2881=IFCINDEXEDPOLYGONALFACE((701,757,738));
#2882=IFCINDEXEDPOLYGONALFACE((1594,1650,1631));
#2883=IFCINDEXEDPOLYGONALFACE((1749,1805,1786));
#2884=IFCINDEXEDPOLYGONALFACE((2046,2102,2083));
#2885=IFCINDEXEDPOLYGONALFACE((733,734,703));
#2886=IFCINDEXEDPOLYGONALFACE((1626,1627,1596));
#2887=IFCINDEXEDPOLYGONALFACE((1781,1782,1751));
#2888=IFCINDEXEDPOLYGONALFACE((2078,2079,2048));
#2889=IFCINDEXEDPOLYGONALFACE((738,735,737));
#2890=IFCINDEXEDPOLYGONALFACE((1631,1628,1630));
#2891=IFCINDEXEDPOLYGONALFACE((1786,1783,1785));
#2892=IFCINDEXEDPOLYGONALFACE((2083,2080,2082));
#2893=IFCINDEXEDPOLYGONALFACE((737,735,703));
#2894=IFCINDEXEDPOLYGONALFACE((1630,1628,1596));
#2895=IFCINDEXEDPOLYGONALFACE((1785,1783,1751));
#2896=IFCINDEXEDPOLYGONALFACE((2082,2080,2048));
#2897=IFCINDEXEDPOLYGONALFACE((737,618,680,736));
#2898=IFCINDEXEDPOLYGONALFACE((1630,1512,1574,1629));
#2899=IFCINDEXEDPOLYGONALFACE((1785,1667,1729,1784));
#2900=IFCINDEXEDPOLYGONALFACE((2082,1964,2026,2081));
#2901=IFCINDEXEDPOLYGONALFACE((738,737,736));
#2902=IFCINDEXEDPOLYGONALFACE((1631,1630,1629));
#2903=IFCINDEXEDPOLYGONALFACE((1786,1785,1784));
#2904=IFCINDEXEDPOLYGONALFACE((2083,2082,2081));
#2905=IFCINDEXEDPOLYGONALFACE((738,736,625,701));
#2906=IFCINDEXEDPOLYGONALFACE((1631,1629,1519,1594));
#2907=IFCINDEXEDPOLYGONALFACE((1786,1784,1674,1749));
#2908=IFCINDEXEDPOLYGONALFACE((2083,2081,1971,2046));
#2909=IFCINDEXEDPOLYGONALFACE((702,735,738));
#2910=IFCINDEXEDPOLYGONALFACE((1595,1628,1631));
#2911=IFCINDEXEDPOLYGONALFACE((1750,1783,1786));
#2912=IFCINDEXEDPOLYGONALFACE((2047,2080,2083));
#2913=IFCINDEXEDPOLYGONALFACE((753,742,707));
#2914=IFCINDEXEDPOLYGONALFACE((1646,1635,1600));
#2915=IFCINDEXEDPOLYGONALFACE((1801,1790,1755));
#2916=IFCINDEXEDPOLYGONALFACE((2098,2087,2052));
#2917=IFCINDEXEDPOLYGONALFACE((706,740,739));
#2918=IFCINDEXEDPOLYGONALFACE((850,885,884));
#2919=IFCINDEXEDPOLYGONALFACE((1599,1633,1632));
#2920=IFCINDEXEDPOLYGONALFACE((1754,1788,1787));
#2921=IFCINDEXEDPOLYGONALFACE((2051,2085,2084));
#2922=IFCINDEXEDPOLYGONALFACE((744,709,640,710));
#2923=IFCINDEXEDPOLYGONALFACE((889,853,798,855));
#2924=IFCINDEXEDPOLYGONALFACE((1637,1602,1534,1603));
#2925=IFCINDEXEDPOLYGONALFACE((1792,1757,1689,1758));
#2926=IFCINDEXEDPOLYGONALFACE((2089,2054,1986,2055));
#2927=IFCINDEXEDPOLYGONALFACE((753,741,743));
#2928=IFCINDEXEDPOLYGONALFACE((908,887,888));
#2929=IFCINDEXEDPOLYGONALFACE((1646,1634,1636));
#2930=IFCINDEXEDPOLYGONALFACE((1801,1789,1791));
#2931=IFCINDEXEDPOLYGONALFACE((2098,2086,2088));
#2932=IFCINDEXEDPOLYGONALFACE((740,743,709));
#2933=IFCINDEXEDPOLYGONALFACE((888,853,885));
#2934=IFCINDEXEDPOLYGONALFACE((1633,1636,1602));
#2935=IFCINDEXEDPOLYGONALFACE((1788,1791,1757));
#2936=IFCINDEXEDPOLYGONALFACE((2085,2088,2054));
#2937=IFCINDEXEDPOLYGONALFACE((706,742,743));
#2938=IFCINDEXEDPOLYGONALFACE((850,886,888));
#2939=IFCINDEXEDPOLYGONALFACE((1599,1635,1636));
#2940=IFCINDEXEDPOLYGONALFACE((1754,1790,1791));
#2941=IFCINDEXEDPOLYGONALFACE((2051,2087,2088));
#2942=IFCINDEXEDPOLYGONALFACE((753,743,742));
#2943=IFCINDEXEDPOLYGONALFACE((908,888,886));
#2944=IFCINDEXEDPOLYGONALFACE((1646,1636,1635));
#2945=IFCINDEXEDPOLYGONALFACE((1801,1791,1790));
#2946=IFCINDEXEDPOLYGONALFACE((2098,2088,2087));
#2947=IFCINDEXEDPOLYGONALFACE((745,710,639,653,705));
#2948=IFCINDEXEDPOLYGONALFACE((890,855,797,807,849));
#2949=IFCINDEXEDPOLYGONALFACE((1638,1603,1533,1547,1598));
#2950=IFCINDEXEDPOLYGONALFACE((1793,1758,1688,1702,1753));
#2951=IFCINDEXEDPOLYGONALFACE((2090,2055,1985,1999,2050));
#2952=IFCINDEXEDPOLYGONALFACE((712,739,744));
#2953=IFCINDEXEDPOLYGONALFACE((857,884,889));
#2954=IFCINDEXEDPOLYGONALFACE((1605,1632,1637));
#2955=IFCINDEXEDPOLYGONALFACE((1760,1787,1792));
#2956=IFCINDEXEDPOLYGONALFACE((2057,2084,2089));
#2957=IFCINDEXEDPOLYGONALFACE((710,745,744));
#2958=IFCINDEXEDPOLYGONALFACE((855,890,889));
#2959=IFCINDEXEDPOLYGONALFACE((1603,1638,1637));
#2960=IFCINDEXEDPOLYGONALFACE((1758,1793,1792));
#2961=IFCINDEXEDPOLYGONALFACE((2055,2090,2089));
#2962=IFCINDEXEDPOLYGONALFACE((746,748,749));
#2963=IFCINDEXEDPOLYGONALFACE((891,893,894));
#2964=IFCINDEXEDPOLYGONALFACE((1639,1641,1642));
#2965=IFCINDEXEDPOLYGONALFACE((1794,1796,1797));
#2966=IFCINDEXEDPOLYGONALFACE((2091,2093,2094));
#2967=IFCINDEXEDPOLYGONALFACE((751,747,748));
#2968=IFCINDEXEDPOLYGONALFACE((896,892,893));
#2969=IFCINDEXEDPOLYGONALFACE((1644,1640,1641));
#2970=IFCINDEXEDPOLYGONALFACE((1799,1795,1796));
#2971=IFCINDEXEDPOLYGONALFACE((2096,2092,2093));
#2972=IFCINDEXEDPOLYGONALFACE((749,705,628,746));
#2973=IFCINDEXEDPOLYGONALFACE((894,849,784,891));
#2974=IFCINDEXEDPOLYGONALFACE((1642,1598,1522,1639));
#2975=IFCINDEXEDPOLYGONALFACE((1797,1753,1677,1794));
#2976=IFCINDEXEDPOLYGONALFACE((2094,2050,1974,2091));
#2977=IFCINDEXEDPOLYGONALFACE((708,748,747));
#2978=IFCINDEXEDPOLYGONALFACE((852,893,892));
#2979=IFCINDEXEDPOLYGONALFACE((1601,1641,1640));
#2980=IFCINDEXEDPOLYGONALFACE((1756,1796,1795));
#2981=IFCINDEXEDPOLYGONALFACE((2053,2093,2092));
#2982=IFCINDEXEDPOLYGONALFACE((748,746,656,711));
#2983=IFCINDEXEDPOLYGONALFACE((893,891,810,854));
#2984=IFCINDEXEDPOLYGONALFACE((1641,1639,1550,1604));
#2985=IFCINDEXEDPOLYGONALFACE((1796,1794,1705,1759));
#2986=IFCINDEXEDPOLYGONALFACE((2093,2091,2002,2056));
#2987=IFCINDEXEDPOLYGONALFACE((750,712,745));
#2988=IFCINDEXEDPOLYGONALFACE((895,857,890));
#2989=IFCINDEXEDPOLYGONALFACE((1643,1605,1638));
#2990=IFCINDEXEDPOLYGONALFACE((1798,1760,1793));
#2991=IFCINDEXEDPOLYGONALFACE((2095,2057,2090));
#2992=IFCINDEXEDPOLYGONALFACE((705,749,745));
#2993=IFCINDEXEDPOLYGONALFACE((849,894,890));
#2994=IFCINDEXEDPOLYGONALFACE((1598,1642,1638));
#2995=IFCINDEXEDPOLYGONALFACE((1753,1797,1793));
#2996=IFCINDEXEDPOLYGONALFACE((2050,2094,2090));
#2997=IFCINDEXEDPOLYGONALFACE((749,708,750));
#2998=IFCINDEXEDPOLYGONALFACE((894,852,895));
#2999=IFCINDEXEDPOLYGONALFACE((1642,1601,1643));
#3000=IFCINDEXEDPOLYGONALFACE((1797,1756,1798));
#3001=IFCINDEXEDPOLYGONALFACE((2094,2053,2095));
#3002=IFCINDEXEDPOLYGONALFACE((752,711,631,724));
#3003=IFCINDEXEDPOLYGONALFACE((1645,1604,1525,1617));
#3004=IFCINDEXEDPOLYGONALFACE((1800,1759,1680,1772));
#3005=IFCINDEXEDPOLYGONALFACE((2097,2056,1977,2069));
#3006=IFCINDEXEDPOLYGONALFACE((713,747,751));
#3007=IFCINDEXEDPOLYGONALFACE((856,892,896));
#3008=IFCINDEXEDPOLYGONALFACE((1606,1640,1644));
#3009=IFCINDEXEDPOLYGONALFACE((1761,1795,1799));
#3010=IFCINDEXEDPOLYGONALFACE((2058,2092,2096));
#3011=IFCINDEXEDPOLYGONALFACE((752,751,711));
#3012=IFCINDEXEDPOLYGONALFACE((1645,1644,1604));
#3013=IFCINDEXEDPOLYGONALFACE((1800,1799,1759));
#3014=IFCINDEXEDPOLYGONALFACE((2097,2096,2056));
#3015=IFCINDEXEDPOLYGONALFACE((725,752,726));
#3016=IFCINDEXEDPOLYGONALFACE((1618,1645,1619));
#3017=IFCINDEXEDPOLYGONALFACE((1773,1800,1774));
#3018=IFCINDEXEDPOLYGONALFACE((2070,2097,2071));
#3019=IFCINDEXEDPOLYGONALFACE((762,612,755));
#3020=IFCINDEXEDPOLYGONALFACE((1655,1506,1648));
#3021=IFCINDEXEDPOLYGONALFACE((1810,1661,1803));
#3022=IFCINDEXEDPOLYGONALFACE((2107,1958,2100));
#3023=IFCINDEXEDPOLYGONALFACE((753,612,650,741));
#3024=IFCINDEXEDPOLYGONALFACE((908,776,805,887));
#3025=IFCINDEXEDPOLYGONALFACE((1646,1506,1544,1634));
#3026=IFCINDEXEDPOLYGONALFACE((1801,1661,1699,1789));
#3027=IFCINDEXEDPOLYGONALFACE((2098,1958,1996,2086));
#3028=IFCINDEXEDPOLYGONALFACE((754,716,760));
#3029=IFCINDEXEDPOLYGONALFACE((1647,1609,1653));
#3030=IFCINDEXEDPOLYGONALFACE((1802,1764,1808));
#3031=IFCINDEXEDPOLYGONALFACE((2099,2061,2105));
#3032=IFCINDEXEDPOLYGONALFACE((753,755,612));
#3033=IFCINDEXEDPOLYGONALFACE((908,910,776));
#3034=IFCINDEXEDPOLYGONALFACE((1646,1648,1506));
#3035=IFCINDEXEDPOLYGONALFACE((1801,1803,1661));
#3036=IFCINDEXEDPOLYGONALFACE((2098,2100,1958));
#3037=IFCINDEXEDPOLYGONALFACE((762,754,760));
#3038=IFCINDEXEDPOLYGONALFACE((1655,1647,1653));
#3039=IFCINDEXEDPOLYGONALFACE((1810,1802,1808));
#3040=IFCINDEXEDPOLYGONALFACE((2107,2099,2105));
#3041=IFCINDEXEDPOLYGONALFACE((738,757,702));
#3042=IFCINDEXEDPOLYGONALFACE((1631,1650,1595));
#3043=IFCINDEXEDPOLYGONALFACE((1786,1805,1750));
#3044=IFCINDEXEDPOLYGONALFACE((2083,2102,2047));
#3045=IFCINDEXEDPOLYGONALFACE((760,645,762));
#3046=IFCINDEXEDPOLYGONALFACE((1653,1539,1655));
#3047=IFCINDEXEDPOLYGONALFACE((1808,1694,1810));
#3048=IFCINDEXEDPOLYGONALFACE((2105,1991,2107));
#3049=IFCINDEXEDPOLYGONALFACE((761,760,716));
#3050=IFCINDEXEDPOLYGONALFACE((1654,1653,1609));
#3051=IFCINDEXEDPOLYGONALFACE((1809,1808,1764));
#3052=IFCINDEXEDPOLYGONALFACE((2106,2105,2061));
#3053=IFCINDEXEDPOLYGONALFACE((716,717,761));
#3054=IFCINDEXEDPOLYGONALFACE((1609,1610,1654));
#3055=IFCINDEXEDPOLYGONALFACE((1764,1765,1809));
#3056=IFCINDEXEDPOLYGONALFACE((2061,2062,2106));
#3057=IFCINDEXEDPOLYGONALFACE((761,717,763));
#3058=IFCINDEXEDPOLYGONALFACE((1654,1610,1656));
#3059=IFCINDEXEDPOLYGONALFACE((1809,1765,1811));
#3060=IFCINDEXEDPOLYGONALFACE((2106,2062,2108));
#3061=IFCINDEXEDPOLYGONALFACE((612,762,645));
#3062=IFCINDEXEDPOLYGONALFACE((1506,1655,1539));
#3063=IFCINDEXEDPOLYGONALFACE((1661,1810,1694));
#3064=IFCINDEXEDPOLYGONALFACE((1958,2107,1991));
#3065=IFCINDEXEDPOLYGONALFACE((755,754,762));
#3066=IFCINDEXEDPOLYGONALFACE((1648,1647,1655));
#3067=IFCINDEXEDPOLYGONALFACE((1803,1802,1810));
#3068=IFCINDEXEDPOLYGONALFACE((2100,2099,2107));
#3069=IFCINDEXEDPOLYGONALFACE((761,763,633));
#3070=IFCINDEXEDPOLYGONALFACE((1654,1656,1527));
#3071=IFCINDEXEDPOLYGONALFACE((1809,1811,1682));
#3072=IFCINDEXEDPOLYGONALFACE((2106,2108,1979));
#3073=IFCINDEXEDPOLYGONALFACE((311,763,717));
#3074=IFCINDEXEDPOLYGONALFACE((27,1656,1610));
#3075=IFCINDEXEDPOLYGONALFACE((73,1811,1765));
#3076=IFCINDEXEDPOLYGONALFACE((122,2108,2062));
#3077=IFCINDEXEDPOLYGONALFACE((795,826,828));
#3078=IFCINDEXEDPOLYGONALFACE((815,765,817));
#3079=IFCINDEXEDPOLYGONALFACE((795,828,766));
#3080=IFCINDEXEDPOLYGONALFACE((834,832,833));
#3081=IFCINDEXEDPOLYGONALFACE((837,834,767));
#3082=IFCINDEXEDPOLYGONALFACE((834,837,771));
#3083=IFCINDEXEDPOLYGONALFACE((772,829,832));
#3084=IFCINDEXEDPOLYGONALFACE((829,766,828));
#3085=IFCINDEXEDPOLYGONALFACE((764,817,816));
#3086=IFCINDEXEDPOLYGONALFACE((826,795,821));
#3087=IFCINDEXEDPOLYGONALFACE((815,817,764));
#3088=IFCINDEXEDPOLYGONALFACE((821,793,794));
#3089=IFCINDEXEDPOLYGONALFACE((821,795,792));
#3090=IFCINDEXEDPOLYGONALFACE((817,822,816));
#3091=IFCINDEXEDPOLYGONALFACE((817,823,822));
#3092=IFCINDEXEDPOLYGONALFACE((821,822,793));
#3093=IFCINDEXEDPOLYGONALFACE((821,794,826));
#3094=IFCINDEXEDPOLYGONALFACE((822,792,816));
#3095=IFCINDEXEDPOLYGONALFACE((822,821,792));
#3096=IFCINDEXEDPOLYGONALFACE((823,817,765));
#3097=IFCINDEXEDPOLYGONALFACE((823,793,822));
#3098=IFCINDEXEDPOLYGONALFACE((794,769,826));
#3099=IFCINDEXEDPOLYGONALFACE((826,769,828));
#3100=IFCINDEXEDPOLYGONALFACE((829,830,773));
#3101=IFCINDEXEDPOLYGONALFACE((766,829,772));
#3102=IFCINDEXEDPOLYGONALFACE((829,828,830));
#3103=IFCINDEXEDPOLYGONALFACE((832,829,773));
#3104=IFCINDEXEDPOLYGONALFACE((828,769,830));
#3105=IFCINDEXEDPOLYGONALFACE((833,767,834));
#3106=IFCINDEXEDPOLYGONALFACE((771,772,832));
#3107=IFCINDEXEDPOLYGONALFACE((832,773,833));
#3108=IFCINDEXEDPOLYGONALFACE((768,845,838));
#3109=IFCINDEXEDPOLYGONALFACE((832,834,771));
#3110=IFCINDEXEDPOLYGONALFACE((838,835,837));
#3111=IFCINDEXEDPOLYGONALFACE((837,835,771));
#3112=IFCINDEXEDPOLYGONALFACE((767,836,837));
#3113=IFCINDEXEDPOLYGONALFACE((838,837,836));
#3114=IFCINDEXEDPOLYGONALFACE((768,838,836));
#3115=IFCINDEXEDPOLYGONALFACE((770,835,838));
#3116=IFCINDEXEDPOLYGONALFACE((838,845,770));
#3117=IFCINDEXEDPOLYGONALFACE((900,897,813,764));
#3118=IFCINDEXEDPOLYGONALFACE((1,789,914));
#3119=IFCINDEXEDPOLYGONALFACE((854,896,893));
#3120=IFCINDEXEDPOLYGONALFACE((816,901,764));
#3121=IFCINDEXEDPOLYGONALFACE((911,863,868));
#3122=IFCINDEXEDPOLYGONALFACE((908,886,851));
#3123=IFCINDEXEDPOLYGONALFACE((864,912,913));
#3124=IFCINDEXEDPOLYGONALFACE((865,912,864));
#3125=IFCINDEXEDPOLYGONALFACE((898,900,899));
#3126=IFCINDEXEDPOLYGONALFACE((905,792,795));
#3127=IFCINDEXEDPOLYGONALFACE((877,835,876));
#3128=IFCINDEXEDPOLYGONALFACE((879,878,870));
#3129=IFCINDEXEDPOLYGONALFACE((904,903,905));
#3130=IFCINDEXEDPOLYGONALFACE((876,875,862));
#3131=IFCINDEXEDPOLYGONALFACE((902,901,816));
#3132=IFCINDEXEDPOLYGONALFACE((873,874,875));
#3133=IFCINDEXEDPOLYGONALFACE((868,869,911));
#3134=IFCINDEXEDPOLYGONALFACE((866,915,872));
#3135=IFCINDEXEDPOLYGONALFACE((910,916,776));
#3136=IFCINDEXEDPOLYGONALFACE((914,175,320));
#3137=IFCINDEXEDPOLYGONALFACE((912,789,778));
#3138=IFCINDEXEDPOLYGONALFACE((789,912,914));
#3139=IFCINDEXEDPOLYGONALFACE((788,871,915));
#3140=IFCINDEXEDPOLYGONALFACE((868,861,869));
#3141=IFCINDEXEDPOLYGONALFACE((915,871,459));
#3142=IFCINDEXEDPOLYGONALFACE((873,869,861));
#3143=IFCINDEXEDPOLYGONALFACE((873,840,869));
#3144=IFCINDEXEDPOLYGONALFACE((911,781,867));
#3145=IFCINDEXEDPOLYGONALFACE((840,781,869));
#3146=IFCINDEXEDPOLYGONALFACE((878,882,858));
#3147=IFCINDEXEDPOLYGONALFACE((904,906,859));
#3148=IFCINDEXEDPOLYGONALFACE((867,915,866));
#3149=IFCINDEXEDPOLYGONALFACE((874,862,875));
#3150=IFCINDEXEDPOLYGONALFACE((770,840,873));
#3151=IFCINDEXEDPOLYGONALFACE((873,861,874));
#3152=IFCINDEXEDPOLYGONALFACE((770,876,835));
#3153=IFCINDEXEDPOLYGONALFACE((873,875,770));
#3154=IFCINDEXEDPOLYGONALFACE((877,881,858));
#3155=IFCINDEXEDPOLYGONALFACE((876,770,875));
#3156=IFCINDEXEDPOLYGONALFACE((881,877,876));
#3157=IFCINDEXEDPOLYGONALFACE((878,879,882));
#3158=IFCINDEXEDPOLYGONALFACE((771,835,877));
#3159=IFCINDEXEDPOLYGONALFACE((880,879,870));
#3160=IFCINDEXEDPOLYGONALFACE((772,879,880));
#3161=IFCINDEXEDPOLYGONALFACE((879,771,882));
#3162=IFCINDEXEDPOLYGONALFACE((771,879,772));
#3163=IFCINDEXEDPOLYGONALFACE((880,870,883));
#3164=IFCINDEXEDPOLYGONALFACE((772,880,766));
#3165=IFCINDEXEDPOLYGONALFACE((876,862,881));
#3166=IFCINDEXEDPOLYGONALFACE((771,877,882));
#3167=IFCINDEXEDPOLYGONALFACE((858,882,877));
#3168=IFCINDEXEDPOLYGONALFACE((906,883,859));
#3169=IFCINDEXEDPOLYGONALFACE((898,854,787,897));
#3170=IFCINDEXEDPOLYGONALFACE((898,856,896));
#3171=IFCINDEXEDPOLYGONALFACE((898,896,854));
#3172=IFCINDEXEDPOLYGONALFACE((898,897,900));
#3173=IFCINDEXEDPOLYGONALFACE((899,900,848));
#3174=IFCINDEXEDPOLYGONALFACE((899,856,898));
#3175=IFCINDEXEDPOLYGONALFACE((900,901,848));
#3176=IFCINDEXEDPOLYGONALFACE((901,900,764));
#3177=IFCINDEXEDPOLYGONALFACE((902,907,901));
#3178=IFCINDEXEDPOLYGONALFACE((816,792,902));
#3179=IFCINDEXEDPOLYGONALFACE((903,904,859));
#3180=IFCINDEXEDPOLYGONALFACE((905,795,904));
#3181=IFCINDEXEDPOLYGONALFACE((902,905,860));
#3182=IFCINDEXEDPOLYGONALFACE((766,880,906));
#3183=IFCINDEXEDPOLYGONALFACE((906,795,766));
#3184=IFCINDEXEDPOLYGONALFACE((860,905,903));
#3185=IFCINDEXEDPOLYGONALFACE((792,905,902));
#3186=IFCINDEXEDPOLYGONALFACE((906,904,795));
#3187=IFCINDEXEDPOLYGONALFACE((883,906,880));
#3188=IFCINDEXEDPOLYGONALFACE((907,902,860));
#3189=IFCINDEXEDPOLYGONALFACE((907,848,901));
#3190=IFCINDEXEDPOLYGONALFACE((913,909,864));
#3191=IFCINDEXEDPOLYGONALFACE((916,910,909));
#3192=IFCINDEXEDPOLYGONALFACE((781,911,869));
#3193=IFCINDEXEDPOLYGONALFACE((863,911,867));
#3194=IFCINDEXEDPOLYGONALFACE((912,865,914));
#3195=IFCINDEXEDPOLYGONALFACE((913,912,778));
#3196=IFCINDEXEDPOLYGONALFACE((778,800,913));
#3197=IFCINDEXEDPOLYGONALFACE((913,800,916));
#3198=IFCINDEXEDPOLYGONALFACE((175,914,865));
#3199=IFCINDEXEDPOLYGONALFACE((1,914,320));
#3200=IFCINDEXEDPOLYGONALFACE((872,915,459));
#3201=IFCINDEXEDPOLYGONALFACE((788,915,867));
#3202=IFCINDEXEDPOLYGONALFACE((913,916,909));
#3203=IFCINDEXEDPOLYGONALFACE((776,916,800));
#3204=IFCINDEXEDPOLYGONALFACE((930,1091,1087));
#3205=IFCINDEXEDPOLYGONALFACE((1075,1078,945));
#3206=IFCINDEXEDPOLYGONALFACE((987,918,975));
#3207=IFCINDEXEDPOLYGONALFACE((981,973,972));
#3208=IFCINDEXEDPOLYGONALFACE((1053,943,1056));
#3209=IFCINDEXEDPOLYGONALFACE((986,193,985));
#3210=IFCINDEXEDPOLYGONALFACE((1049,1096,1051));
#3211=IFCINDEXEDPOLYGONALFACE((964,924,1037));
#3212=IFCINDEXEDPOLYGONALFACE((1013,1010,955));
#3213=IFCINDEXEDPOLYGONALFACE((1029,1026,278));
#3214=IFCINDEXEDPOLYGONALFACE((1015,1016,257));
#3215=IFCINDEXEDPOLYGONALFACE((948,1005,1012));
#3216=IFCINDEXEDPOLYGONALFACE((1063,929,1064));
#3217=IFCINDEXEDPOLYGONALFACE((950,1080,1079));
#3218=IFCINDEXEDPOLYGONALFACE((268,1030,1027));
#3219=IFCINDEXEDPOLYGONALFACE((965,239,243));
#3220=IFCINDEXEDPOLYGONALFACE((463,176,966));
#3221=IFCINDEXEDPOLYGONALFACE((986,946,999));
#3222=IFCINDEXEDPOLYGONALFACE((1064,1066,374));
#3223=IFCINDEXEDPOLYGONALFACE((1087,1091,364));
#3224=IFCINDEXEDPOLYGONALFACE((1036,1037,1035));
#3225=IFCINDEXEDPOLYGONALFACE((1061,925,1059));
#3226=IFCINDEXEDPOLYGONALFACE((1087,1086,1085));
#3227=IFCINDEXEDPOLYGONALFACE((1040,1042,963));
#3228=IFCINDEXEDPOLYGONALFACE((942,988,993));
#3229=IFCINDEXEDPOLYGONALFACE((975,918,967));
#3230=IFCINDEXEDPOLYGONALFACE((1080,1081,1082));
#3231=IFCINDEXEDPOLYGONALFACE((992,953,993));
#3232=IFCINDEXEDPOLYGONALFACE((931,1047,1044));
#3233=IFCINDEXEDPOLYGONALFACE((928,1034,1032));
#3234=IFCINDEXEDPOLYGONALFACE((971,959,973));
#3235=IFCINDEXEDPOLYGONALFACE((1084,1081,923));
#3236=IFCINDEXEDPOLYGONALFACE((1020,1022,939));
#3237=IFCINDEXEDPOLYGONALFACE((1004,998,1000));
#3238=IFCINDEXEDPOLYGONALFACE((919,1069,1067));
#3239=IFCINDEXEDPOLYGONALFACE((1057,943,1055));
#3240=IFCINDEXEDPOLYGONALFACE((1093,936,1092));
#3241=IFCINDEXEDPOLYGONALFACE((1058,937,1057));
#3242=IFCINDEXEDPOLYGONALFACE((923,1085,1086));
#3243=IFCINDEXEDPOLYGONALFACE((1023,1025,944));
#3244=IFCINDEXEDPOLYGONALFACE((1001,1002,922));
#3245=IFCINDEXEDPOLYGONALFACE((1064,929,1066));
#3246=IFCINDEXEDPOLYGONALFACE((921,1017,1018));
#3247=IFCINDEXEDPOLYGONALFACE((1022,1020,279));
#3248=IFCINDEXEDPOLYGONALFACE((1051,1050,940));
#3249=IFCINDEXEDPOLYGONALFACE((208,1006,186));
#3250=IFCINDEXEDPOLYGONALFACE((995,993,996));
#3251=IFCINDEXEDPOLYGONALFACE((921,1018,1016));
#3252=IFCINDEXEDPOLYGONALFACE((273,1025,1023));
#3253=IFCINDEXEDPOLYGONALFACE((1071,1072,949));
#3254=IFCINDEXEDPOLYGONALFACE((985,926,983));
#3255=IFCINDEXEDPOLYGONALFACE((956,1013,1014));
#3256=IFCINDEXEDPOLYGONALFACE((191,1000,1002));
#3257=IFCINDEXEDPOLYGONALFACE((919,1068,1069));
#3258=IFCINDEXEDPOLYGONALFACE((1031,928,1028));
#3259=IFCINDEXEDPOLYGONALFACE((947,979,977));
#3260=IFCINDEXEDPOLYGONALFACE((1048,1046,1047));
#3261=IFCINDEXEDPOLYGONALFACE((966,1014,463));
#3262=IFCINDEXEDPOLYGONALFACE((992,987,989));
#3263=IFCINDEXEDPOLYGONALFACE((1070,949,1072));
#3264=IFCINDEXEDPOLYGONALFACE((951,990,980));
#3265=IFCINDEXEDPOLYGONALFACE((1019,296,1020));
#3266=IFCINDEXEDPOLYGONALFACE((1052,957,965));
#3267=IFCINDEXEDPOLYGONALFACE((1011,941,1008));
#3268=IFCINDEXEDPOLYGONALFACE((958,411,463));
#3269=IFCINDEXEDPOLYGONALFACE((957,954,965));
#3270=IFCINDEXEDPOLYGONALFACE((976,997,954));
#3271=IFCINDEXEDPOLYGONALFACE((223,465,1052));
#3272=IFCINDEXEDPOLYGONALFACE((412,957,1052));
#3273=IFCINDEXEDPOLYGONALFACE((1013,955,1014));
#3274=IFCINDEXEDPOLYGONALFACE((959,972,973));
#3275=IFCINDEXEDPOLYGONALFACE((971,960,281,961));
#3276=IFCINDEXEDPOLYGONALFACE((962,1042,1040));
#3277=IFCINDEXEDPOLYGONALFACE((1038,1040,964));
#3278=IFCINDEXEDPOLYGONALFACE((964,1037,1038));
#3279=IFCINDEXEDPOLYGONALFACE((1052,965,243));
#3280=IFCINDEXEDPOLYGONALFACE((245,976,236));
#3281=IFCINDEXEDPOLYGONALFACE((934,975,961));
#3282=IFCINDEXEDPOLYGONALFACE((976,954,968));
#3283=IFCINDEXEDPOLYGONALFACE((965,997,239));
#3284=IFCINDEXEDPOLYGONALFACE((968,977,976));
#3285=IFCINDEXEDPOLYGONALFACE((367,1073,1074));
#3286=IFCINDEXEDPOLYGONALFACE((975,971,961));
#3287=IFCINDEXEDPOLYGONALFACE((967,959,971));
#3288=IFCINDEXEDPOLYGONALFACE((926,982,981));
#3289=IFCINDEXEDPOLYGONALFACE((976,977,236));
#3290=IFCINDEXEDPOLYGONALFACE((981,982,181));
#3291=IFCINDEXEDPOLYGONALFACE((971,973,960));
#3292=IFCINDEXEDPOLYGONALFACE((975,934,987));
#3293=IFCINDEXEDPOLYGONALFACE((974,981,181));
#3294=IFCINDEXEDPOLYGONALFACE((973,974,282,960));
#3295=IFCINDEXEDPOLYGONALFACE((971,975,967));
#3296=IFCINDEXEDPOLYGONALFACE((976,245,997));
#3297=IFCINDEXEDPOLYGONALFACE((977,968,947));
#3298=IFCINDEXEDPOLYGONALFACE((979,980,237));
#3299=IFCINDEXEDPOLYGONALFACE((979,250,977));
#3300=IFCINDEXEDPOLYGONALFACE((947,978,979));
#3301=IFCINDEXEDPOLYGONALFACE((990,255,980));
#3302=IFCINDEXEDPOLYGONALFACE((237,980,255));
#3303=IFCINDEXEDPOLYGONALFACE((980,979,978));
#3304=IFCINDEXEDPOLYGONALFACE((250,979,237));
#3305=IFCINDEXEDPOLYGONALFACE((250,236,977));
#3306=IFCINDEXEDPOLYGONALFACE((951,980,978));
#3307=IFCINDEXEDPOLYGONALFACE((973,981,974));
#3308=IFCINDEXEDPOLYGONALFACE((926,981,972));
#3309=IFCINDEXEDPOLYGONALFACE((982,985,984));
#3310=IFCINDEXEDPOLYGONALFACE((982,926,985));
#3311=IFCINDEXEDPOLYGONALFACE((984,985,193));
#3312=IFCINDEXEDPOLYGONALFACE((983,986,985));
#3313=IFCINDEXEDPOLYGONALFACE((982,984,196,181));
#3314=IFCINDEXEDPOLYGONALFACE((986,983,946));
#3315=IFCINDEXEDPOLYGONALFACE((1016,991,921));
#3316=IFCINDEXEDPOLYGONALFACE((999,216,986));
#3317=IFCINDEXEDPOLYGONALFACE((992,989,272,953));
#3318=IFCINDEXEDPOLYGONALFACE((988,992,993));
#3319=IFCINDEXEDPOLYGONALFACE((987,934,304,989));
#3320=IFCINDEXEDPOLYGONALFACE((987,992,918));
#3321=IFCINDEXEDPOLYGONALFACE((951,991,1015));
#3322=IFCINDEXEDPOLYGONALFACE((228,255,990));
#3323=IFCINDEXEDPOLYGONALFACE((1015,228,990));
#3324=IFCINDEXEDPOLYGONALFACE((1015,990,951));
#3325=IFCINDEXEDPOLYGONALFACE((992,988,918));
#3326=IFCINDEXEDPOLYGONALFACE((995,996,271));
#3327=IFCINDEXEDPOLYGONALFACE((995,271,1019));
#3328=IFCINDEXEDPOLYGONALFACE((1019,939,994));
#3329=IFCINDEXEDPOLYGONALFACE((942,993,995));
#3330=IFCINDEXEDPOLYGONALFACE((994,942,995));
#3331=IFCINDEXEDPOLYGONALFACE((993,953,300,996));
#3332=IFCINDEXEDPOLYGONALFACE((239,997,245));
#3333=IFCINDEXEDPOLYGONALFACE((954,997,965));
#3334=IFCINDEXEDPOLYGONALFACE((946,998,999));
#3335=IFCINDEXEDPOLYGONALFACE((1000,214,1004));
#3336=IFCINDEXEDPOLYGONALFACE((1000,998,922));
#3337=IFCINDEXEDPOLYGONALFACE((214,1000,191));
#3338=IFCINDEXEDPOLYGONALFACE((999,1004,190));
#3339=IFCINDEXEDPOLYGONALFACE((216,999,190));
#3340=IFCINDEXEDPOLYGONALFACE((1002,1000,922));
#3341=IFCINDEXEDPOLYGONALFACE((1003,1002,1001));
#3342=IFCINDEXEDPOLYGONALFACE((1003,209,1002));
#3343=IFCINDEXEDPOLYGONALFACE((1001,948,1003));
#3344=IFCINDEXEDPOLYGONALFACE((1006,208,1012));
#3345=IFCINDEXEDPOLYGONALFACE((190,1004,214));
#3346=IFCINDEXEDPOLYGONALFACE((998,1004,999));
#3347=IFCINDEXEDPOLYGONALFACE((1007,186,1006));
#3348=IFCINDEXEDPOLYGONALFACE((1012,1005,1006));
#3349=IFCINDEXEDPOLYGONALFACE((1003,1012,183));
#3350=IFCINDEXEDPOLYGONALFACE((1005,1007,1006));
#3351=IFCINDEXEDPOLYGONALFACE((1007,1005,941));
#3352=IFCINDEXEDPOLYGONALFACE((1008,1010,1011));
#3353=IFCINDEXEDPOLYGONALFACE((1011,202,1007));
#3354=IFCINDEXEDPOLYGONALFACE((1010,1013,1009));
#3355=IFCINDEXEDPOLYGONALFACE((1013,956,197,1009));
#3356=IFCINDEXEDPOLYGONALFACE((184,1010,1009));
#3357=IFCINDEXEDPOLYGONALFACE((955,1010,1008));
#3358=IFCINDEXEDPOLYGONALFACE((184,1011,1010));
#3359=IFCINDEXEDPOLYGONALFACE((941,1011,1007));
#3360=IFCINDEXEDPOLYGONALFACE((183,1012,208));
#3361=IFCINDEXEDPOLYGONALFACE((948,1012,1003));
#3362=IFCINDEXEDPOLYGONALFACE((202,1011,184));
#3363=IFCINDEXEDPOLYGONALFACE((202,186,1007));
#3364=IFCINDEXEDPOLYGONALFACE((1014,955,958));
#3365=IFCINDEXEDPOLYGONALFACE((463,1014,958));
#3366=IFCINDEXEDPOLYGONALFACE((1014,966,185,956));
#3367=IFCINDEXEDPOLYGONALFACE((209,1003,183));
#3368=IFCINDEXEDPOLYGONALFACE((209,191,1002));
#3369=IFCINDEXEDPOLYGONALFACE((216,193,986));
#3370=IFCINDEXEDPOLYGONALFACE((1015,991,1016));
#3371=IFCINDEXEDPOLYGONALFACE((257,1016,231));
#3372=IFCINDEXEDPOLYGONALFACE((257,228,1015));
#3373=IFCINDEXEDPOLYGONALFACE((1053,262,1018));
#3374=IFCINDEXEDPOLYGONALFACE((1057,937,230,1054));
#3375=IFCINDEXEDPOLYGONALFACE((1016,1018,231));
#3376=IFCINDEXEDPOLYGONALFACE((1053,1018,1017));
#3377=IFCINDEXEDPOLYGONALFACE((1020,296,279));
#3378=IFCINDEXEDPOLYGONALFACE((262,231,1018));
#3379=IFCINDEXEDPOLYGONALFACE((1019,271,296));
#3380=IFCINDEXEDPOLYGONALFACE((995,1019,994));
#3381=IFCINDEXEDPOLYGONALFACE((939,1022,1021));
#3382=IFCINDEXEDPOLYGONALFACE((1019,1020,939));
#3383=IFCINDEXEDPOLYGONALFACE((1023,1021,1022));
#3384=IFCINDEXEDPOLYGONALFACE((1023,292,273));
#3385=IFCINDEXEDPOLYGONALFACE((1023,1022,292));
#3386=IFCINDEXEDPOLYGONALFACE((1022,279,292));
#3387=IFCINDEXEDPOLYGONALFACE((1024,1025,1026));
#3388=IFCINDEXEDPOLYGONALFACE((1023,944,1021));
#3389=IFCINDEXEDPOLYGONALFACE((920,1024,1026));
#3390=IFCINDEXEDPOLYGONALFACE((1025,273,287));
#3391=IFCINDEXEDPOLYGONALFACE((944,1025,1024));
#3392=IFCINDEXEDPOLYGONALFACE((287,1026,1025));
#3393=IFCINDEXEDPOLYGONALFACE((1026,287,278));
#3394=IFCINDEXEDPOLYGONALFACE((1028,1030,1031));
#3395=IFCINDEXEDPOLYGONALFACE((1026,1029,920));
#3396=IFCINDEXEDPOLYGONALFACE((1029,278,285,1027));
#3397=IFCINDEXEDPOLYGONALFACE((1030,920,1029));
#3398=IFCINDEXEDPOLYGONALFACE((1029,1027,1030));
#3399=IFCINDEXEDPOLYGONALFACE((1030,268,1031));
#3400=IFCINDEXEDPOLYGONALFACE((1030,1028,920));
#3401=IFCINDEXEDPOLYGONALFACE((1034,1033,1107,970));
#3402=IFCINDEXEDPOLYGONALFACE((1035,1032,1034));
#3403=IFCINDEXEDPOLYGONALFACE((1031,268,1033));
#3404=IFCINDEXEDPOLYGONALFACE((1031,1034,928));
#3405=IFCINDEXEDPOLYGONALFACE((1033,1034,1031));
#3406=IFCINDEXEDPOLYGONALFACE((1035,1034,970));
#3407=IFCINDEXEDPOLYGONALFACE((1036,933,1037));
#3408=IFCINDEXEDPOLYGONALFACE((924,1032,1035));
#3409=IFCINDEXEDPOLYGONALFACE((1035,970,1106,1036));
#3410=IFCINDEXEDPOLYGONALFACE((1037,933,1038));
#3411=IFCINDEXEDPOLYGONALFACE((1035,1037,924));
#3412=IFCINDEXEDPOLYGONALFACE((1040,1039,1100,962));
#3413=IFCINDEXEDPOLYGONALFACE((1040,1038,1039));
#3414=IFCINDEXEDPOLYGONALFACE((1038,933,1126,1039));
#3415=IFCINDEXEDPOLYGONALFACE((1041,1042,1044));
#3416=IFCINDEXEDPOLYGONALFACE((1040,963,964));
#3417=IFCINDEXEDPOLYGONALFACE((917,1041,1044));
#3418=IFCINDEXEDPOLYGONALFACE((1042,962,1122,1043));
#3419=IFCINDEXEDPOLYGONALFACE((963,1042,1041));
#3420=IFCINDEXEDPOLYGONALFACE((1043,1044,1042));
#3421=IFCINDEXEDPOLYGONALFACE((1044,1043,931));
#3422=IFCINDEXEDPOLYGONALFACE((1046,1048,1049));
#3423=IFCINDEXEDPOLYGONALFACE((1047,931,1045));
#3424=IFCINDEXEDPOLYGONALFACE((1047,1045,1048));
#3425=IFCINDEXEDPOLYGONALFACE((1047,1046,917));
#3426=IFCINDEXEDPOLYGONALFACE((1044,1047,917));
#3427=IFCINDEXEDPOLYGONALFACE((1045,952,1048));
#3428=IFCINDEXEDPOLYGONALFACE((1049,1048,952));
#3429=IFCINDEXEDPOLYGONALFACE((1095,1050,1051));
#3430=IFCINDEXEDPOLYGONALFACE((1046,1049,940));
#3431=IFCINDEXEDPOLYGONALFACE((1049,1051,940));
#3432=IFCINDEXEDPOLYGONALFACE((1095,1051,932));
#3433=IFCINDEXEDPOLYGONALFACE((223,1052,243));
#3434=IFCINDEXEDPOLYGONALFACE((1052,465,412));
#3435=IFCINDEXEDPOLYGONALFACE((943,1053,1017));
#3436=IFCINDEXEDPOLYGONALFACE((262,1053,229));
#3437=IFCINDEXEDPOLYGONALFACE((943,1057,1056));
#3438=IFCINDEXEDPOLYGONALFACE((229,1053,1056));
#3439=IFCINDEXEDPOLYGONALFACE((1055,1058,1057));
#3440=IFCINDEXEDPOLYGONALFACE((1054,229,1056));
#3441=IFCINDEXEDPOLYGONALFACE((1056,1057,1054));
#3442=IFCINDEXEDPOLYGONALFACE((1058,1055,925));
#3443=IFCINDEXEDPOLYGONALFACE((925,1061,1058));
#3444=IFCINDEXEDPOLYGONALFACE((1061,1062,1058));
#3445=IFCINDEXEDPOLYGONALFACE((1063,1061,1059));
#3446=IFCINDEXEDPOLYGONALFACE((1064,374,381,1060));
#3447=IFCINDEXEDPOLYGONALFACE((224,1063,1060));
#3448=IFCINDEXEDPOLYGONALFACE((1061,1063,224));
#3449=IFCINDEXEDPOLYGONALFACE((1062,1061,224));
#3450=IFCINDEXEDPOLYGONALFACE((1058,1062,241,937));
#3451=IFCINDEXEDPOLYGONALFACE((929,1063,1059));
#3452=IFCINDEXEDPOLYGONALFACE((1063,1064,1060));
#3453=IFCINDEXEDPOLYGONALFACE((929,1065,1066));
#3454=IFCINDEXEDPOLYGONALFACE((1066,1067,383));
#3455=IFCINDEXEDPOLYGONALFACE((1067,1065,919));
#3456=IFCINDEXEDPOLYGONALFACE((1066,1065,1067));
#3457=IFCINDEXEDPOLYGONALFACE((383,1067,369));
#3458=IFCINDEXEDPOLYGONALFACE((383,374,1066));
#3459=IFCINDEXEDPOLYGONALFACE((1070,388,1069));
#3460=IFCINDEXEDPOLYGONALFACE((392,1073,367));
#3461=IFCINDEXEDPOLYGONALFACE((1067,1069,369));
#3462=IFCINDEXEDPOLYGONALFACE((1070,1069,1068));
#3463=IFCINDEXEDPOLYGONALFACE((949,1070,1068));
#3464=IFCINDEXEDPOLYGONALFACE((388,369,1069));
#3465=IFCINDEXEDPOLYGONALFACE((388,1070,375));
#3466=IFCINDEXEDPOLYGONALFACE((1072,1071,1073));
#3467=IFCINDEXEDPOLYGONALFACE((375,1070,1072));
#3468=IFCINDEXEDPOLYGONALFACE((1071,1074,1073));
#3469=IFCINDEXEDPOLYGONALFACE((392,375,1072));
#3470=IFCINDEXEDPOLYGONALFACE((1072,1073,392));
#3471=IFCINDEXEDPOLYGONALFACE((1074,1071,945));
#3472=IFCINDEXEDPOLYGONALFACE((1078,1075,1079));
#3473=IFCINDEXEDPOLYGONALFACE((1078,1074,945));
#3474=IFCINDEXEDPOLYGONALFACE((1078,969,396,1076));
#3475=IFCINDEXEDPOLYGONALFACE((1080,935,400,1077));
#3476=IFCINDEXEDPOLYGONALFACE((1076,367,1074));
#3477=IFCINDEXEDPOLYGONALFACE((1079,1077,368,969));
#3478=IFCINDEXEDPOLYGONALFACE((1076,1074,1078));
#3479=IFCINDEXEDPOLYGONALFACE((1078,1079,969));
#3480=IFCINDEXEDPOLYGONALFACE((950,1079,1075));
#3481=IFCINDEXEDPOLYGONALFACE((1079,1080,1077));
#3482=IFCINDEXEDPOLYGONALFACE((1082,1084,1083));
#3483=IFCINDEXEDPOLYGONALFACE((1080,950,1081));
#3484=IFCINDEXEDPOLYGONALFACE((935,1080,1082));
#3485=IFCINDEXEDPOLYGONALFACE((1082,1081,1084));
#3486=IFCINDEXEDPOLYGONALFACE((1084,938,377,1083));
#3487=IFCINDEXEDPOLYGONALFACE((1083,935,1082));
#3488=IFCINDEXEDPOLYGONALFACE((1084,1086,938));
#3489=IFCINDEXEDPOLYGONALFACE((1091,1090,1092));
#3490=IFCINDEXEDPOLYGONALFACE((1086,1084,923));
#3491=IFCINDEXEDPOLYGONALFACE((1087,1088,1086));
#3492=IFCINDEXEDPOLYGONALFACE((1085,930,1087));
#3493=IFCINDEXEDPOLYGONALFACE((1091,1092,1089));
#3494=IFCINDEXEDPOLYGONALFACE((1088,1087,364));
#3495=IFCINDEXEDPOLYGONALFACE((1086,1088,378,938));
#3496=IFCINDEXEDPOLYGONALFACE((1089,364,1091));
#3497=IFCINDEXEDPOLYGONALFACE((1090,1093,1092));
#3498=IFCINDEXEDPOLYGONALFACE((1090,1091,930));
#3499=IFCINDEXEDPOLYGONALFACE((1093,1090,927));
#3500=IFCINDEXEDPOLYGONALFACE((1092,936,1110,1089));
#3501=IFCINDEXEDPOLYGONALFACE((1094,1095,932));
#3502=IFCINDEXEDPOLYGONALFACE((1095,1093,927));
#3503=IFCINDEXEDPOLYGONALFACE((927,1050,1095));
#3504=IFCINDEXEDPOLYGONALFACE((1094,936,1093));
#3505=IFCINDEXEDPOLYGONALFACE((1094,1093,1095));
#3506=IFCINDEXEDPOLYGONALFACE((1096,1049,952));
#3507=IFCINDEXEDPOLYGONALFACE((1096,932,1051));
#3508=IFCINDEXEDPOLYGONALFACE((1158,1164,1165));
#3509=IFCINDEXEDPOLYGONALFACE((1837,1843,1844));
#3510=IFCINDEXEDPOLYGONALFACE((2134,2140,2141));
#3511=IFCINDEXEDPOLYGONALFACE((1420,1421,1308));
#3512=IFCINDEXEDPOLYGONALFACE((1401,1398,1298));
#3513=IFCINDEXEDPOLYGONALFACE((1306,1447,1445));
#3514=IFCINDEXEDPOLYGONALFACE((1380,1383,39));
#3515=IFCINDEXEDPOLYGONALFACE((1456,1454,1458));
#3516=IFCINDEXEDPOLYGONALFACE((1284,1461,1462));
#3517=IFCINDEXEDPOLYGONALFACE((1297,1359,1361));
#3518=IFCINDEXEDPOLYGONALFACE((1325,1371,1370));
#3519=IFCINDEXEDPOLYGONALFACE((1406,1282,1405));
#3520=IFCINDEXEDPOLYGONALFACE((1355,1324,147));
#3521=IFCINDEXEDPOLYGONALFACE((1307,1353,1351));
#3522=IFCINDEXEDPOLYGONALFACE((1314,1326,1335));
#3523=IFCINDEXEDPOLYGONALFACE((415,464,1466));
#3524=IFCINDEXEDPOLYGONALFACE((1465,1323,11,7,1319));
#3525=IFCINDEXEDPOLYGONALFACE((1383,1382,1384));
#3526=IFCINDEXEDPOLYGONALFACE((1390,1391,1300));
#3527=IFCINDEXEDPOLYGONALFACE((1407,1411,1309));
#3528=IFCINDEXEDPOLYGONALFACE((1440,1315,1439));
#3529=IFCINDEXEDPOLYGONALFACE((1341,1343,1293));
#3530=IFCINDEXEDPOLYGONALFACE((1358,1357,1277));
#3531=IFCINDEXEDPOLYGONALFACE((1446,1447,1306));
#3532=IFCINDEXEDPOLYGONALFACE((1352,1353,1307));
#3533=IFCINDEXEDPOLYGONALFACE((1329,1288,1334));
#3534=IFCINDEXEDPOLYGONALFACE((1389,1391,32));
#3535=IFCINDEXEDPOLYGONALFACE((1431,1430,1427));
#3536=IFCINDEXEDPOLYGONALFACE((1458,1457,1463));
#3537=IFCINDEXEDPOLYGONALFACE((1377,1375,1281));
#3538=IFCINDEXEDPOLYGONALFACE((1389,1388,1300));
#3539=IFCINDEXEDPOLYGONALFACE((78,1350,1346));
#3540=IFCINDEXEDPOLYGONALFACE((1348,103,86));
#3541=IFCINDEXEDPOLYGONALFACE((1387,1385,1285));
#3542=IFCINDEXEDPOLYGONALFACE((1416,1413,1278));
#3543=IFCINDEXEDPOLYGONALFACE((1450,1280,1455));
#3544=IFCINDEXEDPOLYGONALFACE((1392,1275,1396));
#3545=IFCINDEXEDPOLYGONALFACE((1364,135,1354));
#3546=IFCINDEXEDPOLYGONALFACE((1312,1343,1341));
#3547=IFCINDEXEDPOLYGONALFACE((319,1433,1435));
#3548=IFCINDEXEDPOLYGONALFACE((149,1335,140));
#3549=IFCINDEXEDPOLYGONALFACE((25,1404,1406));
#3550=IFCINDEXEDPOLYGONALFACE((85,1361,1359));
#3551=IFCINDEXEDPOLYGONALFACE((1392,1396,1292));
#3552=IFCINDEXEDPOLYGONALFACE((1419,1421,1286));
#3553=IFCINDEXEDPOLYGONALFACE((1417,1332,1416));
#3554=IFCINDEXEDPOLYGONALFACE((1363,1366,1361));
#3555=IFCINDEXEDPOLYGONALFACE((1453,1280,1452));
#3556=IFCINDEXEDPOLYGONALFACE((1380,1379,1378));
#3557=IFCINDEXEDPOLYGONALFACE((1333,1334,1339));
#3558=IFCINDEXEDPOLYGONALFACE((1328,1330,1375));
#3559=IFCINDEXEDPOLYGONALFACE((1444,1443,1448));
#3560=IFCINDEXEDPOLYGONALFACE((1341,1340,79,1312));
#3561=IFCINDEXEDPOLYGONALFACE((1334,1333,1304));
#3562=IFCINDEXEDPOLYGONALFACE((1380,1303,1383));
#3563=IFCINDEXEDPOLYGONALFACE((1407,1296,1411));
#3564=IFCINDEXEDPOLYGONALFACE((344,1441,1444));
#3565=IFCINDEXEDPOLYGONALFACE((1460,1457,1284));
#3566=IFCINDEXEDPOLYGONALFACE((1431,1429,1436));
#3567=IFCINDEXEDPOLYGONALFACE((1341,1333,1339));
#3568=IFCINDEXEDPOLYGONALFACE((1337,1336,1295));
#3569=IFCINDEXEDPOLYGONALFACE((1362,1359,1357));
#3570=IFCINDEXEDPOLYGONALFACE((1445,1443,1306));
#3571=IFCINDEXEDPOLYGONALFACE((1422,1299,1428));
#3572=IFCINDEXEDPOLYGONALFACE((1345,1337,1338));
#3573=IFCINDEXEDPOLYGONALFACE((1355,1322,1324));
#3574=IFCINDEXEDPOLYGONALFACE((1434,1435,1276));
#3575=IFCINDEXEDPOLYGONALFACE((1426,1424,1428));
#3576=IFCINDEXEDPOLYGONALFACE((1429,1431,1316));
#3577=IFCINDEXEDPOLYGONALFACE((1314,1335,1356));
#3578=IFCINDEXEDPOLYGONALFACE((1438,1315,1442));
#3579=IFCINDEXEDPOLYGONALFACE((1,1460,1462));
#3580=IFCINDEXEDPOLYGONALFACE((416,1322,1355));
#3581=IFCINDEXEDPOLYGONALFACE((1464,1319,12,1320));
#3582=IFCINDEXEDPOLYGONALFACE((1466,2,1323));
#3583=IFCINDEXEDPOLYGONALFACE((1319,1464,1465));
#3584=IFCINDEXEDPOLYGONALFACE((2,1466,464));
#3585=IFCINDEXEDPOLYGONALFACE((147,1324,143));
#3586=IFCINDEXEDPOLYGONALFACE((129,462,1355));
#3587=IFCINDEXEDPOLYGONALFACE((1314,1324,1322));
#3588=IFCINDEXEDPOLYGONALFACE((76,1369,1366));
#3589=IFCINDEXEDPOLYGONALFACE((1372,1373,1371));
#3590=IFCINDEXEDPOLYGONALFACE((1324,1356,143));
#3591=IFCINDEXEDPOLYGONALFACE((1335,1326,1336));
#3592=IFCINDEXEDPOLYGONALFACE((1277,1349,1358));
#3593=IFCINDEXEDPOLYGONALFACE((1330,1328,88,1329));
#3594=IFCINDEXEDPOLYGONALFACE((1334,1330,1329));
#3595=IFCINDEXEDPOLYGONALFACE((1304,1327,1330));
#3596=IFCINDEXEDPOLYGONALFACE((1375,1330,1327));
#3597=IFCINDEXEDPOLYGONALFACE((1402,1400,1404));
#3598=IFCINDEXEDPOLYGONALFACE((1398,1399,1289));
#3599=IFCINDEXEDPOLYGONALFACE((1385,53,34));
#3600=IFCINDEXEDPOLYGONALFACE((1413,1414,1290));
#3601=IFCINDEXEDPOLYGONALFACE((1334,1288,1339));
#3602=IFCINDEXEDPOLYGONALFACE((1330,1334,1304));
#3603=IFCINDEXEDPOLYGONALFACE((1335,149,1356));
#3604=IFCINDEXEDPOLYGONALFACE((1336,1326,1295));
#3605=IFCINDEXEDPOLYGONALFACE((1336,1337,153));
#3606=IFCINDEXEDPOLYGONALFACE((140,1335,1336));
#3607=IFCINDEXEDPOLYGONALFACE((153,1337,141));
#3608=IFCINDEXEDPOLYGONALFACE((153,140,1336));
#3609=IFCINDEXEDPOLYGONALFACE((1344,1346,1343));
#3610=IFCINDEXEDPOLYGONALFACE((1337,1295,1338));
#3611=IFCINDEXEDPOLYGONALFACE((141,1337,1345));
#3612=IFCINDEXEDPOLYGONALFACE((1341,1339,1340));
#3613=IFCINDEXEDPOLYGONALFACE((1339,1288,111,1340));
#3614=IFCINDEXEDPOLYGONALFACE((1342,1343,1346));
#3615=IFCINDEXEDPOLYGONALFACE((1341,1293,1333));
#3616=IFCINDEXEDPOLYGONALFACE((1305,1342,1346));
#3617=IFCINDEXEDPOLYGONALFACE((1343,1312,107,1344));
#3618=IFCINDEXEDPOLYGONALFACE((1293,1343,1342));
#3619=IFCINDEXEDPOLYGONALFACE((1351,1338,1307));
#3620=IFCINDEXEDPOLYGONALFACE((1346,1344,78));
#3621=IFCINDEXEDPOLYGONALFACE((1345,1338,1351));
#3622=IFCINDEXEDPOLYGONALFACE((158,1351,132));
#3623=IFCINDEXEDPOLYGONALFACE((158,141,1345));
#3624=IFCINDEXEDPOLYGONALFACE((1350,103,1348));
#3625=IFCINDEXEDPOLYGONALFACE((1349,1348,86));
#3626=IFCINDEXEDPOLYGONALFACE((1347,1348,1349));
#3627=IFCINDEXEDPOLYGONALFACE((1348,1305,1350));
#3628=IFCINDEXEDPOLYGONALFACE((1305,1348,1347));
#3629=IFCINDEXEDPOLYGONALFACE((1349,86,99));
#3630=IFCINDEXEDPOLYGONALFACE((1347,1349,1277));
#3631=IFCINDEXEDPOLYGONALFACE((1346,1350,1305));
#3632=IFCINDEXEDPOLYGONALFACE((78,103,1350));
#3633=IFCINDEXEDPOLYGONALFACE((1345,1351,158));
#3634=IFCINDEXEDPOLYGONALFACE((80,1362,1358));
#3635=IFCINDEXEDPOLYGONALFACE((1354,1353,1352));
#3636=IFCINDEXEDPOLYGONALFACE((1279,1364,1354));
#3637=IFCINDEXEDPOLYGONALFACE((1351,1353,132));
#3638=IFCINDEXEDPOLYGONALFACE((1353,1354,162));
#3639=IFCINDEXEDPOLYGONALFACE((162,1354,135));
#3640=IFCINDEXEDPOLYGONALFACE((162,132,1353));
#3641=IFCINDEXEDPOLYGONALFACE((1279,1354,1352));
#3642=IFCINDEXEDPOLYGONALFACE((129,1355,147));
#3643=IFCINDEXEDPOLYGONALFACE((1355,462,416));
#3644=IFCINDEXEDPOLYGONALFACE((143,1356,149));
#3645=IFCINDEXEDPOLYGONALFACE((1324,1314,1356));
#3646=IFCINDEXEDPOLYGONALFACE((1358,99,80));
#3647=IFCINDEXEDPOLYGONALFACE((99,1358,1349));
#3648=IFCINDEXEDPOLYGONALFACE((1359,94,85));
#3649=IFCINDEXEDPOLYGONALFACE((1358,1362,1357));
#3650=IFCINDEXEDPOLYGONALFACE((1360,1361,1366));
#3651=IFCINDEXEDPOLYGONALFACE((1357,1359,1297));
#3652=IFCINDEXEDPOLYGONALFACE((1283,1360,1366));
#3653=IFCINDEXEDPOLYGONALFACE((1361,85,92,1363));
#3654=IFCINDEXEDPOLYGONALFACE((1297,1361,1360));
#3655=IFCINDEXEDPOLYGONALFACE((80,94,1362));
#3656=IFCINDEXEDPOLYGONALFACE((1359,1362,94));
#3657=IFCINDEXEDPOLYGONALFACE((1301,1373,1365));
#3658=IFCINDEXEDPOLYGONALFACE((1366,1363,76));
#3659=IFCINDEXEDPOLYGONALFACE((1364,1279,1374));
#3660=IFCINDEXEDPOLYGONALFACE((1279,1365,1374));
#3661=IFCINDEXEDPOLYGONALFACE((165,1374,133));
#3662=IFCINDEXEDPOLYGONALFACE((165,135,1364));
#3663=IFCINDEXEDPOLYGONALFACE((1366,1369,1283));
#3664=IFCINDEXEDPOLYGONALFACE((76,1367,1369));
#3665=IFCINDEXEDPOLYGONALFACE((1371,1368,1370));
#3666=IFCINDEXEDPOLYGONALFACE((1370,1283,1369));
#3667=IFCINDEXEDPOLYGONALFACE((1370,1369,1367));
#3668=IFCINDEXEDPOLYGONALFACE((1370,1367,145,1325));
#3669=IFCINDEXEDPOLYGONALFACE((1283,1370,1368));
#3670=IFCINDEXEDPOLYGONALFACE((1372,133,1373));
#3671=IFCINDEXEDPOLYGONALFACE((1301,1368,1371));
#3672=IFCINDEXEDPOLYGONALFACE((1371,1325,134,1372));
#3673=IFCINDEXEDPOLYGONALFACE((1373,133,1374));
#3674=IFCINDEXEDPOLYGONALFACE((1371,1373,1301));
#3675=IFCINDEXEDPOLYGONALFACE((1364,1374,165));
#3676=IFCINDEXEDPOLYGONALFACE((1373,1374,1365));
#3677=IFCINDEXEDPOLYGONALFACE((1327,1281,1375));
#3678=IFCINDEXEDPOLYGONALFACE((1375,1377,1376));
#3679=IFCINDEXEDPOLYGONALFACE((1376,1377,30));
#3680=IFCINDEXEDPOLYGONALFACE((1375,1376,89,1328));
#3681=IFCINDEXEDPOLYGONALFACE((1281,1378,1379));
#3682=IFCINDEXEDPOLYGONALFACE((1379,30,1377));
#3683=IFCINDEXEDPOLYGONALFACE((1379,1377,1281));
#3684=IFCINDEXEDPOLYGONALFACE((1380,1381,1379));
#3685=IFCINDEXEDPOLYGONALFACE((1378,1303,1380));
#3686=IFCINDEXEDPOLYGONALFACE((1383,1384,48));
#3687=IFCINDEXEDPOLYGONALFACE((1380,39,46,1381));
#3688=IFCINDEXEDPOLYGONALFACE((1381,30,1379));
#3689=IFCINDEXEDPOLYGONALFACE((48,39,1383));
#3690=IFCINDEXEDPOLYGONALFACE((34,1384,1385));
#3691=IFCINDEXEDPOLYGONALFACE((1382,1383,1303));
#3692=IFCINDEXEDPOLYGONALFACE((1385,1382,1285));
#3693=IFCINDEXEDPOLYGONALFACE((34,48,1384));
#3694=IFCINDEXEDPOLYGONALFACE((1382,1385,1384));
#3695=IFCINDEXEDPOLYGONALFACE((53,1385,1387));
#3696=IFCINDEXEDPOLYGONALFACE((1387,1388,40));
#3697=IFCINDEXEDPOLYGONALFACE((53,1387,40));
#3698=IFCINDEXEDPOLYGONALFACE((1285,1386,1387));
#3699=IFCINDEXEDPOLYGONALFACE((1388,1387,1386));
#3700=IFCINDEXEDPOLYGONALFACE((1386,1300,1388));
#3701=IFCINDEXEDPOLYGONALFACE((1388,1389,57));
#3702=IFCINDEXEDPOLYGONALFACE((57,1389,32));
#3703=IFCINDEXEDPOLYGONALFACE((57,40,1388));
#3704=IFCINDEXEDPOLYGONALFACE((1396,1395,1397));
#3705=IFCINDEXEDPOLYGONALFACE((1391,1389,1300));
#3706=IFCINDEXEDPOLYGONALFACE((1392,1391,1390));
#3707=IFCINDEXEDPOLYGONALFACE((1392,1393,1391));
#3708=IFCINDEXEDPOLYGONALFACE((1390,1275,1392));
#3709=IFCINDEXEDPOLYGONALFACE((1396,1397,1394));
#3710=IFCINDEXEDPOLYGONALFACE((1392,1292,61,1393));
#3711=IFCINDEXEDPOLYGONALFACE((1393,32,1391));
#3712=IFCINDEXEDPOLYGONALFACE((1396,1394,33,1292));
#3713=IFCINDEXEDPOLYGONALFACE((1289,1397,1398));
#3714=IFCINDEXEDPOLYGONALFACE((1395,1396,1275));
#3715=IFCINDEXEDPOLYGONALFACE((1398,1395,1298));
#3716=IFCINDEXEDPOLYGONALFACE((1397,1289,65,1394));
#3717=IFCINDEXEDPOLYGONALFACE((1395,1398,1397));
#3718=IFCINDEXEDPOLYGONALFACE((1399,1398,1401));
#3719=IFCINDEXEDPOLYGONALFACE((1401,1402,1331));
#3720=IFCINDEXEDPOLYGONALFACE((1401,1331,42,1399));
#3721=IFCINDEXEDPOLYGONALFACE((1298,1400,1401));
#3722=IFCINDEXEDPOLYGONALFACE((1402,1401,1400));
#3723=IFCINDEXEDPOLYGONALFACE((1282,1404,1400));
#3724=IFCINDEXEDPOLYGONALFACE((1402,1404,1403));
#3725=IFCINDEXEDPOLYGONALFACE((1403,1404,25));
#3726=IFCINDEXEDPOLYGONALFACE((1402,1403,43,1331));
#3727=IFCINDEXEDPOLYGONALFACE((1296,1412,1411));
#3728=IFCINDEXEDPOLYGONALFACE((1406,1404,1282));
#3729=IFCINDEXEDPOLYGONALFACE((1407,1406,1405));
#3730=IFCINDEXEDPOLYGONALFACE((1407,1408,1406));
#3731=IFCINDEXEDPOLYGONALFACE((1405,1296,1407));
#3732=IFCINDEXEDPOLYGONALFACE((1411,1412,1409));
#3733=IFCINDEXEDPOLYGONALFACE((1407,1309,1479,1408));
#3734=IFCINDEXEDPOLYGONALFACE((1408,25,1406));
#3735=IFCINDEXEDPOLYGONALFACE((1409,1309,1411));
#3736=IFCINDEXEDPOLYGONALFACE((1290,1412,1413));
#3737=IFCINDEXEDPOLYGONALFACE((1412,1296,1410));
#3738=IFCINDEXEDPOLYGONALFACE((1413,1410,1278));
#3739=IFCINDEXEDPOLYGONALFACE((1290,1409,1412));
#3740=IFCINDEXEDPOLYGONALFACE((1410,1413,1412));
#3741=IFCINDEXEDPOLYGONALFACE((1416,1332,1414));
#3742=IFCINDEXEDPOLYGONALFACE((1417,1419,1418));
#3743=IFCINDEXEDPOLYGONALFACE((1415,1417,1416));
#3744=IFCINDEXEDPOLYGONALFACE((1413,1416,1414));
#3745=IFCINDEXEDPOLYGONALFACE((1415,1416,1278));
#3746=IFCINDEXEDPOLYGONALFACE((1419,1415,1308));
#3747=IFCINDEXEDPOLYGONALFACE((1417,1415,1419));
#3748=IFCINDEXEDPOLYGONALFACE((1418,1419,1286));
#3749=IFCINDEXEDPOLYGONALFACE((1418,1332,1417));
#3750=IFCINDEXEDPOLYGONALFACE((1422,1423,1421));
#3751=IFCINDEXEDPOLYGONALFACE((1308,1421,1419));
#3752=IFCINDEXEDPOLYGONALFACE((1426,1311,1495,1424));
#3753=IFCINDEXEDPOLYGONALFACE((1422,1421,1420));
#3754=IFCINDEXEDPOLYGONALFACE((1299,1422,1420));
#3755=IFCINDEXEDPOLYGONALFACE((1428,1425,1426));
#3756=IFCINDEXEDPOLYGONALFACE((1422,1313,1491,1423));
#3757=IFCINDEXEDPOLYGONALFACE((1423,1286,1421));
#3758=IFCINDEXEDPOLYGONALFACE((1299,1425,1428));
#3759=IFCINDEXEDPOLYGONALFACE((1311,1426,1427));
#3760=IFCINDEXEDPOLYGONALFACE((1427,1425,1316));
#3761=IFCINDEXEDPOLYGONALFACE((1425,1427,1426));
#3762=IFCINDEXEDPOLYGONALFACE((1433,1429,1276));
#3763=IFCINDEXEDPOLYGONALFACE((1428,1424,1469,1313));
#3764=IFCINDEXEDPOLYGONALFACE((1422,1428,1313));
#3765=IFCINDEXEDPOLYGONALFACE((1433,1432,1436));
#3766=IFCINDEXEDPOLYGONALFACE((1431,1427,1316));
#3767=IFCINDEXEDPOLYGONALFACE((1430,1311,1427));
#3768=IFCINDEXEDPOLYGONALFACE((1431,1317,1475,1430));
#3769=IFCINDEXEDPOLYGONALFACE((1432,1433,319));
#3770=IFCINDEXEDPOLYGONALFACE((1436,1429,1433));
#3771=IFCINDEXEDPOLYGONALFACE((1438,1437,1435));
#3772=IFCINDEXEDPOLYGONALFACE((1276,1435,1433));
#3773=IFCINDEXEDPOLYGONALFACE((339,1440,325));
#3774=IFCINDEXEDPOLYGONALFACE((1438,1435,1434));
#3775=IFCINDEXEDPOLYGONALFACE((1436,1432,1476,1317));
#3776=IFCINDEXEDPOLYGONALFACE((1431,1436,1317));
#3777=IFCINDEXEDPOLYGONALFACE((1315,1438,1434));
#3778=IFCINDEXEDPOLYGONALFACE((1437,319,1435));
#3779=IFCINDEXEDPOLYGONALFACE((1438,330,337,1437));
#3780=IFCINDEXEDPOLYGONALFACE((1440,339,1442));
#3781=IFCINDEXEDPOLYGONALFACE((1442,1315,1440));
#3782=IFCINDEXEDPOLYGONALFACE((325,1440,1441));
#3783=IFCINDEXEDPOLYGONALFACE((1441,1439,1294));
#3784=IFCINDEXEDPOLYGONALFACE((1439,1441,1440));
#3785=IFCINDEXEDPOLYGONALFACE((1441,1294,1444));
#3786=IFCINDEXEDPOLYGONALFACE((339,330,1442));
#3787=IFCINDEXEDPOLYGONALFACE((1438,1442,330));
#3788=IFCINDEXEDPOLYGONALFACE((1445,348,1448));
#3789=IFCINDEXEDPOLYGONALFACE((344,325,1441));
#3790=IFCINDEXEDPOLYGONALFACE((1443,1444,1294));
#3791=IFCINDEXEDPOLYGONALFACE((344,1444,331));
#3792=IFCINDEXEDPOLYGONALFACE((348,1445,323));
#3793=IFCINDEXEDPOLYGONALFACE((1448,1443,1445));
#3794=IFCINDEXEDPOLYGONALFACE((1450,1449,1447));
#3795=IFCINDEXEDPOLYGONALFACE((1453,1287,356,1451));
#3796=IFCINDEXEDPOLYGONALFACE((1445,1447,323));
#3797=IFCINDEXEDPOLYGONALFACE((1450,1447,1446));
#3798=IFCINDEXEDPOLYGONALFACE((348,331,1448));
#3799=IFCINDEXEDPOLYGONALFACE((1444,1448,331));
#3800=IFCINDEXEDPOLYGONALFACE((1280,1450,1446));
#3801=IFCINDEXEDPOLYGONALFACE((1449,323,1447));
#3802=IFCINDEXEDPOLYGONALFACE((1450,1291,352,1449));
#3803=IFCINDEXEDPOLYGONALFACE((1453,1451,324,1291,1455));
#3804=IFCINDEXEDPOLYGONALFACE((1455,1280,1453));
#3805=IFCINDEXEDPOLYGONALFACE((1287,1453,1454));
#3806=IFCINDEXEDPOLYGONALFACE((1454,1452,1302));
#3807=IFCINDEXEDPOLYGONALFACE((1452,1454,1453));
#3808=IFCINDEXEDPOLYGONALFACE((1454,1302,1458));
#3809=IFCINDEXEDPOLYGONALFACE((1450,1455,1291));
#3810=IFCINDEXEDPOLYGONALFACE((1460,1459,1463));
#3811=IFCINDEXEDPOLYGONALFACE((1456,1287,1454));
#3812=IFCINDEXEDPOLYGONALFACE((1457,1458,1302));
#3813=IFCINDEXEDPOLYGONALFACE((1458,1310,333,1456));
#3814=IFCINDEXEDPOLYGONALFACE((1459,1460,1));
#3815=IFCINDEXEDPOLYGONALFACE((1463,1457,1460));
#3816=IFCINDEXEDPOLYGONALFACE((1320,1,1462));
#3817=IFCINDEXEDPOLYGONALFACE((1284,1462,1460));
#3818=IFCINDEXEDPOLYGONALFACE((1318,1464,1461));
#3819=IFCINDEXEDPOLYGONALFACE((1462,1461,1464));
#3820=IFCINDEXEDPOLYGONALFACE((1463,1459,334,1310));
#3821=IFCINDEXEDPOLYGONALFACE((1458,1463,1310));
#3822=IFCINDEXEDPOLYGONALFACE((1464,1318,1465));
#3823=IFCINDEXEDPOLYGONALFACE((1462,1464,1320));
#3824=IFCINDEXEDPOLYGONALFACE((1318,1321,1465));
#3825=IFCINDEXEDPOLYGONALFACE((1465,1321,1466));
#3826=IFCINDEXEDPOLYGONALFACE((1465,1466,1323));
#3827=IFCINDEXEDPOLYGONALFACE((415,1466,1321));
#3828=IFCINDEXEDPOLYGONALFACE((1780,1748,1779));
#3829=IFCINDEXEDPOLYGONALFACE((2077,2045,2076));
#3830=IFCINDEXEDPOLYGONALFACE((2064,2073,2075));
#3831=IFCCARTESIANPOINTLIST3D(((0.28900000000000137,0.67400000000192484,0.33999999999999958),(0.28900000000000131,0.67400000000192473,0.20800000000000035),(0.29017157287525536,0.67117157287717844,0.20800000000000035),(0.29300000000000137,0.67000000000192494,0.20800000000000035),(0.29300000000000137,0.67000000000192494,0.33599999999999969),(0.29041811645728954,0.67094486050071156,0.33858188354270713),(0.28900000000000131,0.67400000000192473,0.27016591090303538),(0.29300000000000137,0.67000000000192494,0.27199999999999991),(0.29300000000000137,0.67000000000192494,0.30108295545144448),(0.29300000000000137,0.67000000000192494,0.24291704454855556),(0.28900000000000131,0.67400000000192473,0.24291704454848248),(0.28900000000000137,0.67400000000192484,0.30508295545151748),(0.29017157287536421,0.67117157287706963,0.25654147772700303),(0.29010925726765857,0.67123529270179205,0.28654147772291355),(0.2901188219064344,0.67122532654489431,0.23227073886346786),(0.29023374961312093,0.67111073386723186,0.31000118179538388),(1.0559999999999874,0.76000000000192425,0.75320000000000153),(0.2930000000000017,0.76000000000192425,0.75320000000000153),(0.2930000000000017,0.76000000000192425,1.1544000000000059),(1.0559999999999874,0.76000000000192425,1.1544000000000056),(1.0559999999999874,0.76000000000192425,0.74520000000000164),(1.0559999999999874,0.76000000000192425,0.33999999999999986),(0.2930000000000017,0.76000000000192425,0.33999999999999986),(0.29300000000000154,0.76000000000192425,0.74520000000000164),(0.28900000000000137,0.67400000000192672,1.1584000000000054),(0.29041811645729043,0.67094486050071078,1.1598181164572956),(0.29300000000000143,0.67000000000192494,1.1624000000000057),(0.29300000000000143,0.67000000000192494,1.5636000000000077),(0.29041811645729487,0.67094486050070723,1.5661818835427248),(0.28900000000000142,0.67400000000192617,1.5676000000000074),(0.29300000000000143,0.67000000000192494,1.4417363753956696),(0.28900000000000137,0.67400000000192639,1.3629998435137427),(0.28900000000000137,0.67400000000192661,1.2980680591343756),(0.28900000000000137,0.67400000000192628,1.4652999217568752),(0.29300000000000143,0.67000000000192494,1.3020682418014013),(0.29300000000000143,0.67000000000192494,1.3719023085985358),(0.29300000000000143,0.67000000000192494,1.5026682418014023),(0.29300000000000143,0.67000000000192494,1.4068193419971025),(0.28900000000000142,0.67400000000192617,1.5164499608784412),(0.28900000000000137,0.67400000000192628,1.4141498826353089),(0.29300000000000143,0.67000000000192494,1.2322341750042676),(0.28900000000000137,0.67400000000192661,1.2282338730809266),(0.28900000000000137,0.67400000000192672,1.1933167800542022),(0.29300000000000143,0.67000000000192494,1.5286829666014405),(0.29300000000000143,0.67000000000192494,1.1973170333985725),(0.28900000000000142,0.67400000000192617,1.532682906973283),(0.2901177149940094,0.67122647640472333,1.5245664777322181),(0.28900000000000142,0.67400000000192617,1.4908747848313946),(0.29300000000000143,0.67000000000192494,1.4722023085985361),(0.29003201551119645,0.67131838331152838,1.4780875000056544),(0.29013576360067739,0.6712078413658894,1.4528301117015647),(0.29025887932016392,0.67108688184116183,1.4265405114632681),(0.28900000000000137,0.67400000000192628,1.4397250586823556),(0.29001809760612285,0.67133386832599784,1.5013384401948666),(0.29300000000000143,0.67000000000192494,1.5461415374042879),(0.28971599500790024,0.67171629441410186,1.5457952180718895),(0.28900000000000142,0.67400000000192639,1.3885747065882619),(0.29002690064230185,0.67132405526982619,1.4013625000049907),(0.2900649166822688,0.67128241174798209,1.3773036243490053),(0.29300000000000143,0.67000000000192494,1.3369852751999687),(0.28900000000000142,0.67400000000192639,1.330533951324059),(0.29025761125188099,0.67108807556022265,1.3514587191038365),(0.29025269177901863,0.671092716469326,1.3281809348696538),(0.29300000000000143,0.67000000000192494,1.2671512084028342),(0.28900000000000137,0.67400000000192661,1.2631509661076512),(0.2903123056961795,0.67103751804768397,1.214775566813713),(0.29009759602729468,0.67124753725390873,1.2386668879029834),(0.29020002714629017,0.67114340202207534,1.1921327278114959),(0.29012639306229432,0.67121748618029486,1.3051909397698809),(0.28975591756348884,0.67165992967282984,1.280609655923564),(0.29002241176950139,0.67132905104517038,1.2597398914586226),(0.29041811645729493,0.67094486050070701,1.5690181164572903),(0.29300000000000143,0.67000000000192494,1.5716000000000072),(0.29300000000000148,0.67000000000192494,1.9728000000000114),(0.29041811645729865,0.6709448605007039,1.9753818835427348),(0.28900000000000142,0.6740000000019255,1.9768000000000117),(0.29300000000000148,0.67000000000192494,1.850936365528016),(0.28900000000000142,0.67400000000192573,1.772199946757679),(0.28900000000000142,0.67400000000192584,1.7072681562201886),(0.28900000000000142,0.67400000000192561,1.8744999733788454),(0.29300000000000148,0.67000000000192494,1.7112682015747265),(0.29300000000000148,0.67000000000192494,1.7811023023620858),(0.29300000000000148,0.67000000000192494,1.9118681827640138),(0.29300000000000148,0.67000000000192494,1.8160193527557655),(0.28900000000000142,0.67400000000192561,1.9256499866894285),(0.28900000000000137,0.67400000000192573,1.8233499600682623),(0.29300000000000143,0.67000000000192494,1.6414341007873665),(0.28900000000000142,0.67400000000192606,1.6374340248677677),(0.28900000000000142,0.67400000000192606,1.602517065676218),(0.29300000000000148,0.67000000000192494,1.937882987227761),(0.29300000000000148,0.67000000000192494,1.6065170503936868),(0.28900000000000142,0.67400000000192561,1.9418829343238011),(0.2901177149916761,0.67122647640714816,1.9337664777467771),(0.28900000000000142,0.67400000000192561,1.9000750332764675),(0.29300000000000148,0.67000000000192494,1.8814022741460148),(0.29003201550816088,0.67131838331488802,1.8872875000167748),(0.2901357636018384,0.67120784136469858,1.8620301117851419),(0.29025887930745242,0.67108688185312282,1.8357405116229437),(0.28900000000000142,0.67400000000192573,1.8489249134812233),(0.29001809761191311,0.6713338683195218,1.9105384402050922),(0.29300000000000148,0.67000000000192494,1.9553415124246007),(0.28971599501125556,0.67171629440927672,1.954995218065837),(0.28900000000000142,0.67400000000192573,1.7977750066553009),(0.29002690063826692,0.67132405527430927,1.8105625000133099),(0.29006491668153317,0.67128241174877668,1.7865036244293668),(0.29300000000000148,0.67000000000192494,1.7461852519684058),(0.28900000000000142,0.67400000000192584,1.7397340514889339),(0.29025761125695632,0.67108807555544292,1.7606587192296876),(0.29025269177265756,0.67109271647533708,1.7373809351154654),(0.29300000000000148,0.67000000000192494,1.6763511511810465),(0.28900000000000142,0.67400000000192584,1.6723510905439782),(0.29031230569484923,0.67103751804889078,1.6239755667993139),(0.29009759602668361,0.67124753725455311,1.647866887816253),(0.29020002714530257,0.67114340202304346,1.6013327278383238),(0.29012639305771842,0.67121748618502064,1.714390940014225),(0.28975591758582842,0.67165992964186017,1.689809655930236),(0.29002241177387439,0.67132905104029528,1.6689398914031965),(1.0859999999999841,0.67000000000192461,1.1624000000000054),(1.0859999999999841,0.67000000000192461,1.5636000000000077),(1.0859999999999839,0.67000000000192461,2.4010000000000176),(0.29300000000000148,0.67000000000192461,2.4010000000000176),(0.29300000000000137,0.67000000000192461,1.9808000000000112),(1.0859999999999839,0.67000000000192461,1.9808000000000112),(1.0559999999999874,0.76000000000192425,1.5716000000000077),(0.29300000000000154,0.76000000000192425,1.5716000000000077),(0.29300000000000143,0.76000000000192425,1.9728000000000117),(1.0559999999999874,0.76000000000192425,1.9728000000000117),(0.2901715728752553,0.67117157287717866,2.4010000000000176),(0.28900000000000148,0.67400000000192484,2.4010000000000176),(0.29041811645729865,0.6709448605007039,1.9782181164572878),(0.29300000000000154,0.67000000000192494,2.1216636375530666),(0.28900000000000142,0.67400000000192517,2.1889000024261445),(0.28900000000000142,0.67400000000192539,2.0828500012130782),(0.28900000000000142,0.67400000000192539,2.0466340892010848),(0.28900000000000142,0.67400000000192517,2.1358750042457411),(0.29300000000000154,0.67000000000192494,2.2613318187765419),(0.29300000000000148,0.67000000000192494,2.051231821081664),(0.29300000000000148,0.67000000000192494,2.0864477293173653),(0.29300000000000154,0.67000000000192494,2.1914977258596791),(0.28900000000000142,0.67400000000192506,2.2949499987869513),(0.28900000000000142,0.67400000000192506,2.2419250006065479),(0.29300000000000154,0.67000000000192494,2.3311659116934047),(0.28900000000000142,0.67400000000192495,2.3479749969673547),(0.29300000000000148,0.67000000000192494,2.0157170441533174),(0.28900000000000142,0.6740000000019255,2.0117170446005481),(0.29300000000000154,0.67000000000192494,2.3660829558467116),(0.28900000000000148,0.67400000000192495,2.3660829505472214),(0.29017157290174234,0.67117157285069162,2.3570289744258122),(0.28900000000000148,0.67400000000192495,2.3214624978771528),(0.29300000000000154,0.67000000000192494,2.2962488629298483),(0.29013540979544594,0.67120820435038364,2.308206246381503),(0.29021085971536154,0.67113282430577392,2.2820848644803484),(0.28900000000000142,0.67400000000192506,2.2684374996967498),(0.29060752743071089,0.6707943682381079,2.3790144871805845),(0.29002253520136639,0.6713289134490612,2.2551812467569818),(0.29300000000000154,0.67000000000192494,2.2264147746232359),(0.29007564580759532,0.67127086963542415,2.2313380995657255),(0.28900000000000142,0.67400000000192506,2.2154125015163459),(0.29010337603549052,0.67124145516665024,2.2021562473557386),(0.29300000000000154,0.67000000000192494,2.1565806817063731),(0.29025899908837888,0.67108676914899124,2.1752832230340324),(0.28900000000000148,0.67400000000192517,2.162387503335943),(0.29004114750929655,0.6713083105810872,2.1491312479879916),(0.29006760173685758,0.67127951467273983,2.1254143923771167),(0.28900000000000142,0.67400000000192539,2.1093625003032801),(0.29008144566674282,0.6712646681018043,2.0961062486489523),(0.29029280477811331,0.67105532785878463,2.0687308526574504),(0.29005725320386144,0.67129071203387725,2.3317275864290483),(0.29020070131357795,0.67114274137446606,2.0460973059181602),(0.29026802689428377,0.67107830136078561,2.0030459945894701),(0.28977536007326554,0.67163320948671223,2.0244953114511901),(1.0859999999999839,0.67000000000192461,0.34399999999999975),(1.0859999999999839,0.67000000000192461,0.74520000000000142),(0.29300000000000137,0.67000000000192461,0.74520000000000142),(0.29300000000000148,0.67000000000192461,0.34399999999999975),(0.28900000000000148,0.7560000000019248,2.3710000000000155),(0.29017157287525702,0.75882842712667253,2.3710000000000155),(0.29300000000000148,0.7600000000019248,2.3710000000000155),(0.29300000000000154,0.7600000000019248,1.9808000000000119),(0.29041811645727345,0.75905513950312431,1.9782181164573345),(0.28900000000000153,0.7560000000019248,1.9768000000000117),(0.29300000000000148,0.7600000000019248,2.2313318218060574),(0.28900000000000153,0.7560000000019248,2.1739000000000135),(0.28900000000000148,0.7560000000019248,2.2724500000000147),(0.28900000000000148,0.7560000000019248,2.3360829554515363),(0.28900000000000153,0.7560000000019248,2.2231750000000146),(0.29300000000000148,0.7600000000019248,2.1060659109030344),(0.29300000000000148,0.7600000000019248,2.3011659109030367),(0.29300000000000148,0.7600000000019248,2.1686988663545463),(0.28900000000000153,0.7560000000019248,2.0753500000000127),(0.28900000000000142,0.7560000000019248,2.1246250000000133),(0.29300000000000154,0.7600000000019248,2.0434329554515234),(0.28900000000000153,0.7560000000019248,2.0260750000000121),(0.29300000000000154,0.7600000000019248,2.0121164777257676),(0.29300000000000143,0.7600000000019248,2.3360829554515266),(0.28900000000000153,0.7560000000019248,1.9942585222742513),(0.28900000000000148,0.7560000000019248,2.3042664777257755),(0.2901715728752669,0.75882842712668241,2.320174716589233),(0.29017157287524464,0.75882842712666021,2.3438340040646479),(0.29013290080341991,0.7587892189243044,2.2970660452142107),(0.29300000000000154,0.7600000000019248,2.2662488663545468),(0.28900000000000153,0.7560000000019248,2.2478125000000144),(0.29004740409283886,0.75869855098513894,2.2601312500005832),(0.29004399027196659,0.75869481103199021,2.2360059240652186),(0.29300000000000148,0.7600000000019248,2.2000153440803016),(0.29013261983794053,0.75878893008463011,2.2108332070499004),(0.29029449131616886,0.75894622177933824,2.1848837380735961),(0.28900000000000153,0.7560000000019248,2.1985375000000142),(0.28900000000000142,0.7560000000019248,2.1492625000000132),(0.29300000000000148,0.7600000000019248,2.1373823886287906),(0.290008240167211,0.75865506555721729,2.1369437500005986),(0.29005899730599427,0.75871118113822722,2.1125592479153004),(0.29300000000000154,0.7600000000019248,2.0747494331772791),(0.28900000000000148,0.7560000000019248,2.099987500000013),(0.29003939204852974,0.75868975845905096,2.1609817367595703),(0.28900000000000153,0.7560000000019248,2.0507125000000124),(0.29015557417372106,0.75881233741389875,2.063031250000634),(0.29009375165376439,0.75874840327473503,2.0877925316241188),(0.29003467890371221,0.75868456156685515,2.0383937500006204),(0.29003211595985651,0.75868172786363119,2.0144824686912783),(1.0859999999999839,0.67000000000192461,0.20800000000000035),(1.0859999999999839,0.67000000000192461,0.33599999999999969),(0.28900000000000164,0.75600000000192469,0.33999999999999991),(0.28900000000000159,0.75600000000192469,0.74920000000000164),(0.29041811645729088,0.75905513950313896,0.74778188354271047),(0.29017157287525547,0.75882842712667098,0.33999999999999991),(0.29300000000000165,0.7600000000019248,0.619336356456621),(0.28900000000000164,0.75600000000192469,0.54460000000000075),(0.28900000000000164,0.75600000000192469,0.64689999629988659),(0.28900000000000164,0.75600000000192469,0.67936590597780611),(0.28900000000000164,0.75600000000192469,0.5957499944498289),(0.2930000000000017,0.7600000000019248,0.47966817822831043),(0.29300000000000165,0.7600000000019248,0.68226817822831143),(0.29300000000000165,0.7600000000019248,0.65080226734246605),(0.29300000000000165,0.7600000000019248,0.54950226734246566),(0.28900000000000164,0.75600000000192469,0.44230000370011519),(0.28900000000000164,0.75600000000192469,0.49345000555017277),(0.2930000000000017,0.7600000000019248,0.40983408911415514),(0.28900000000000164,0.75600000000192469,0.39115000185005755),(0.29300000000000159,0.7600000000019248,0.71028295544292408),(0.28900000000000159,0.75600000000192469,0.71428294928878922),(0.2930000000000017,0.7600000000019248,0.37491704455707742),(0.28900000000000164,0.75600000000192469,0.37491704331098286),(0.29017157287158291,0.75882842712299836,0.3830335223359746),(0.28900000000000164,0.75600000000192469,0.41672500277508634),(0.2930000000000017,0.7600000000019248,0.44475113367123276),(0.2902489442724121,0.7589037376594443,0.4295125000565852),(0.29007362385403018,0.75872696216746516,0.69627556689072279),(0.29011322454819838,0.75876884949058709,0.45434821790882568),(0.28900000000000164,0.75600000000192469,0.46787500462514392),(0.28999682058540083,0.75864214182319745,0.48066250004997535),(0.2930000000000017,0.7600000000019248,0.5145852227853881),(0.29010697476072522,0.75876231876790923,0.50540880865045568),(0.29038311099495345,0.75902520940546325,0.5320437451536566),(0.28900000000000164,0.75600000000192469,0.51902500647520156),(0.29069077836959378,0.7592661132059727,0.36151676115989945),(0.28900000000000159,0.75600000000192469,0.57017499352479994),(0.29300000000000165,0.7600000000019248,0.58441931189954333),(0.29006120961634596,0.75871357901881986,0.55738750004307269),(0.29005062778621538,0.75870207393587719,0.58120356617070768),(0.29022989068326488,0.75888556656212192,0.60644201859133451),(0.28900000000000164,0.75600000000192469,0.62132499537485775),(0.29023314618686202,0.75888868828152767,0.63411250003714792),(0.29008900466055876,0.75874337495510591,0.6585146055232538),(0.29002713094914462,0.75867620059352026,0.40630404520605623),(0.2902404465741365,0.75889566311938095,0.71993770145332481),(0.29041811645727683,0.7590551395031272,1.5690181164573243),(0.28900000000000153,0.7560000000019248,1.5676000000000077),(0.29041811645727345,0.75905513950312431,1.9753818835426888),(0.29300000000000154,0.7600000000019248,1.693463643611955),(0.28900000000000153,0.7560000000019248,1.7722000000000098),(0.28900000000000153,0.7560000000019248,1.8371318218060673),(0.28900000000000153,0.7560000000019248,1.6699000000000088),(0.29300000000000154,0.7600000000019248,1.8331318218059833),(0.29300000000000154,0.7600000000019248,1.7632977327089692),(0.29300000000000154,0.7600000000019248,1.6325318218059814),(0.29300000000000154,0.7600000000019248,1.7283806881604624),(0.28900000000000153,0.7560000000019248,1.6187500000000083),(0.28900000000000153,0.7560000000019248,1.7210500000000091),(0.29300000000000154,0.7600000000019248,1.9029659109029975),(0.28900000000000153,0.7560000000019248,1.9069659109030392),(0.28900000000000153,0.7560000000019248,1.9418829554515256),(0.29300000000000154,0.7600000000019248,1.6065170445485146),(0.29300000000000154,0.7600000000019248,1.9378829554515045),(0.28900000000000153,0.7560000000019248,1.6025170445484938),(0.2901177149947049,0.75877352359984895,1.6106335222752601),(0.28900000000000153,0.7560000000019248,1.6443250000000085),(0.29300000000000154,0.7600000000019248,1.6629977327089682),(0.29003201551201785,0.7586816166932302,1.6571125000009803),(0.29013576359958199,0.75879215863683636,1.682369888335798),(0.29025887932526812,0.75891311816749041,1.708659488609064),(0.28900000000000153,0.7560000000019248,1.6954750000000089),(0.29001809760332198,0.75866613167471908,1.633861559811135),(0.29300000000000154,0.7600000000019248,1.5890585222742613),(0.2897159950064303,0.75828370558763381,1.5894047819266797),(0.28900000000000153,0.7560000000019248,1.7466250000000096),(0.29002690064360354,0.75867594473546951,1.7338375000009512),(0.29006491668200962,0.75871758825558744,1.7578963756895407),(0.29300000000000154,0.7600000000019248,1.7982147772574761),(0.28900000000000153,0.7560000000019248,1.8046659109030383),(0.29025761124888916,0.75891192444080913,1.7837412809552888),(0.29025269178146706,0.75890728353683712,1.8070190652466325),(0.29300000000000154,0.7600000000019248,1.8680488663544901),(0.28900000000000153,0.7560000000019248,1.8720488663545534),(0.2903123056966368,0.75896248195658045,1.9204244331788285),(0.29009759602723129,0.75875246274987385,1.8965331120503801),(0.29020002714668053,0.75885659798215666,1.9430672722051565),(0.2901263930639526,0.75878251382526718,1.8300090603466039),(0.28975591755260482,0.75834007031593087,1.8545903440811196),(0.29002241176659321,0.75867094895543707,1.8754601085136307),(0.29300000000000148,0.67000000000192461,0.7532000000000012),(1.0859999999999841,0.67000000000192461,0.7532000000000012),(1.0859999999999841,0.67000000000192461,1.1544000000000054),(0.29300000000000137,0.67000000000192461,1.1544000000000054),(1.0559999999999874,0.76000000000192425,1.1624000000000057),(0.2930000000000017,0.76000000000192425,1.1624000000000059),(0.2930000000000017,0.76000000000192425,1.5636000000000079),(1.0559999999999874,0.76000000000192425,1.5636000000000079),(0.28900000000000137,0.67400000000192739,0.74920000000000131),(0.29041811645728965,0.67094486050071134,0.34141811645729286),(0.29041811645728949,0.67094486050071167,0.74778188354271047),(0.29300000000000137,0.67000000000192494,0.62333617630650784),(0.28900000000000137,0.67400000000192617,0.54460000000000053),(0.28900000000000137,0.67400000000192573,0.47966817819394919),(0.28900000000000137,0.67400000000192672,0.64690000000000081),(0.29300000000000137,0.67000000000192494,0.48366826438947713),(0.29300000000000137,0.67000000000192494,0.55350222034799246),(0.29300000000000137,0.67000000000192494,0.68426808815325457),(0.29300000000000137,0.67000000000192494,0.5884191983272502),(0.28900000000000137,0.67400000000192695,0.69805000000000128),(0.28900000000000137,0.67400000000192639,0.59575000000000067),(0.29300000000000137,0.67000000000192494,0.41383430843096175),(0.28900000000000137,0.67400000000192539,0.40983408909697439),(0.28900000000000137,0.67400000000192506,0.37491704454848696),(0.29300000000000137,0.67000000000192494,0.71028266954829711),(0.29300000000000131,0.67000000000192494,0.37891697797925744),(0.28900000000000137,0.67400000000192706,0.7142829554515141),(0.29011771499466527,0.67122647640404176,0.70616647772758001),(0.28900000000000137,0.67400000000192684,0.67247500000000093),(0.29300000000000137,0.67000000000192494,0.65380213222988126),(0.29003201551211288,0.67131838331051397,0.65968750000166254),(0.29013576359907362,0.67120784136753453,0.63443011165652763),(0.29025887932608946,0.67108688183558618,0.60814051137554326),(0.28900000000000137,0.67400000000192661,0.6213250000000009),(0.29001809760234709,0.6713338683302208,0.68293844019173255),(0.29300000000000137,0.67000000000192494,0.72774133477414926),(0.28971599500587392,0.67171629441701552,0.72739521807501606),(0.28900000000000137,0.67400000000192628,0.57017500000000054),(0.29002690064356407,0.67132405526842376,0.5829625000015568),(0.29006491668165224,0.671282411748648,0.55890362430250973),(0.29300000000000137,0.67000000000192494,0.51858524236873482),(0.28900000000000137,0.67400000000192584,0.51213408909697489),(0.29025761124773514,0.67108807556412708,0.53305871902895052),(0.29025269178171575,0.67109271646677715,0.50978093472163644),(0.29300000000000137,0.67000000000192494,0.44875128641021944),(0.28900000000000137,0.6740000000019255,0.44475113364546182),(0.29031230569636518,0.67103751804751544,0.39637556681970554),(0.29009759602721774,0.67124753725398989,0.42026688795784606),(0.29020002714669602,0.67114340202167755,0.37373272778491423),(0.29012639306421439,0.67121748617831201,0.48679093962097797),(0.28975591754895424,0.67165992969297927,0.46220965592089397),(0.2900224117659092,0.67132905104917495,0.44133989149421815),(0.29041811645729082,0.75905513950313896,0.75061811645729271),(0.28900000000000159,0.75600000000192469,1.1584000000000059),(0.29041811645728099,0.75905513950313053,1.1569818835426966),(0.29300000000000159,0.7600000000019248,0.87506364360938593),(0.28900000000000159,0.75600000000192469,0.95380002672101094),(0.28900000000000159,0.75600000000192469,1.0187318604912712),(0.28900000000000159,0.75600000000192469,0.85150004008151359),(0.29300000000000159,0.7600000000019248,1.0147318218046957),(0.29300000000000159,0.7600000000019248,0.94489773270704069),(0.29300000000000159,0.7600000000019248,0.81413182180469368),(0.29300000000000159,0.7600000000019248,0.90998068815821342),(0.28900000000000159,0.75600000000192469,0.80035004676176469),(0.28900000000000164,0.75600000000192469,0.90265003340126215),(0.29300000000000159,0.7600000000019248,1.0845659109023507),(0.28900000000000159,0.75600000000192469,1.0885659302456385),(0.28900000000000159,0.75600000000192469,1.1234829651228222),(0.29300000000000159,0.7600000000019248,0.78811704454882903),(0.29300000000000159,0.7600000000019248,1.119482955451178),(0.28900000000000159,0.75600000000192469,0.7841170883191998),(0.290117714994159,0.75877352359928152,0.79223352227950483),(0.28900000000000164,0.75600000000192469,0.82592504342163908),(0.29300000000000159,0.7600000000019248,0.84459773270703975),(0.29003201551090024,0.75868161669199319,0.83871250000494035),(0.29013576360320709,0.75879215864055494,0.86396988826197896),(0.29025887931613104,0.75891311815889273,0.89025948846278169),(0.28900000000000159,0.75600000000192469,0.87707503674138787),(0.29001809761090841,0.75866613168320385,0.81546155981702084),(0.29300000000000159,0.7600000000019248,0.77065852227441523),(0.28971599501067852,0.75828370559374281,0.77100478193616706),(0.28900000000000159,0.75600000000192469,0.92822503006113655),(0.29002690064250825,0.75867594473425248,0.91543750000463808),(0.29006491668397616,0.7587175882577113,0.93949637561550525),(0.29300000000000159,0.7600000000019248,0.97981477725586819),(0.28900000000000159,0.75600000000192469,0.98626594360614106),(0.29025761125698352,0.75891192444843203,0.96534128082862003),(0.29025269177792951,0.75890728353349413,0.98861906499508112),(0.29300000000000159,0.7600000000019248,1.0496488663535233),(0.28900000000000159,0.75600000000192469,1.0536488953684549),(0.29031230569710575,0.75896248195700577,1.1020244331836948),(0.29009759602751684,0.75875246275017494,1.0781331121303501),(0.29020002714628629,0.7588565979817703,1.1246672721583251),(0.2901263930613377,0.75878251382256656,1.0116090600937773),(0.28975591757867059,0.75834007035206608,1.0361903440836042),(0.29002241177217258,0.75867094896165688,1.0570601085729909),(1.0859999999999841,0.67000000000192461,1.5716000000000074),(1.0859999999999841,0.67000000000192461,1.9728000000000114),(0.079000000000002554,0.76000000000192425,0.33999999999999986),(0.079000000000002679,0.76000000000192425,2.3710000000000155),(0.28500000000000147,0.76000000000192425,2.3710000000000155),(0.28500000000000159,0.76000000000192425,0.33999999999999986),(0.049000000000002056,0.67000000000192461,2.4010000000000176),(0.049000000000002056,0.67000000000192461,0.20800000000000035),(0.28500000000000131,0.67000000000192461,0.2080000000000001),(0.28500000000000147,0.67000000000192461,2.4010000000000176),(0.049000000000002056,0.69000000000192441,2.4010000000000176),(0.049000000000002056,0.69000000000192441,0.20800000000000035),(1.0859999999999839,0.69000000000192108,2.4010000000000176),(1.0859999999999839,0.69000000000192108,0.20800000000000035),(1.0709999999999875,0.69000000000192108,2.3860000000000161),(0.064000000000002166,0.6900000000019243,2.3860000000000166),(0.064000000000002236,0.6900000000019243,0.22000000000000033),(1.0709999999999877,0.69000000000192108,0.22000000000000033),(0.064000000000002374,0.74000000000192434,2.3860000000000161),(0.064000000000002444,0.74000000000192434,0.22000000000000033),(1.0709999999999873,0.74000000000191768,2.3860000000000157),(1.0709999999999875,0.74000000000191768,0.22000000000000033),(1.0559999999999874,0.74000000000191768,2.371000000000016),(0.079000000000002277,0.74000000000192412,2.3710000000000164),(0.079000000000002416,0.74000000000192412,0.33999999999999991),(1.0559999999999874,0.74000000000191768,0.34000000000000002),(1.0559999999999874,0.76000000000192425,2.371000000000016),(1.0559999999999874,0.76000000000192425,1.9808000000000117),(1.0559999999999874,0.75882842712667131,0.74802842712474937),(1.0559999999999874,0.75600000000192191,0.74920000000000164),(1.0559999999999874,0.75882842712667109,0.75037157287525347),(1.0559999999999874,0.75882842712664778,1.1572284271247535),(1.0559999999999874,0.75600000000189826,1.1584000000000059),(1.0559999999999874,0.75882842712664755,1.1595715728752578),(1.0559999999999874,0.75882842712663801,1.5664284271247555),(1.0559999999999874,0.75600000000188861,1.5676000000000077),(1.0559999999999874,0.75882842712663789,1.5687715728752596),(1.0559999999999874,0.75882842712662979,1.9756284271247597),(1.0559999999999874,0.75600000000188028,1.9768000000000117),(1.0559999999999874,0.75882842712662968,1.9779715728752636),(1.0859999999999839,0.67117157287715978,1.9779715728752651),(1.0859999999999839,0.67400000000190607,1.9768000000000114),(1.0859999999999839,0.67117157287715989,1.9756284271247575),(1.0859999999999839,0.67117157287716867,1.5687715728752614),(1.0859999999999839,0.67400000000191507,1.5676000000000074),(1.0859999999999839,0.67117157287716867,1.5664284271247539),(1.0859999999999839,0.67117157287717832,1.1595715728752594),(1.0859999999999839,0.67400000000192439,1.1584000000000054),(1.0859999999999839,0.6711715728771781,1.1572284271247517),(1.0859999999999839,0.67117157287717977,0.75037157287525513),(1.0859999999999839,0.67400000000192606,0.74920000000000131),(1.0859999999999839,0.67117157287717977,0.74802842712474749),(1.0859999999999839,0.6711715728771821,0.3411715728752539),(1.0859999999999839,0.6740000000019275,0.33999999999999986),(1.0859999999999839,0.67117157287718199,0.33882842712474553),(0.28782842712474765,0.67117157287717866,2.4010000000000176),(0.28782842712475148,0.75882842712667786,2.3710000000000155),(0.2878284271247476,0.67117157287717855,0.20800000000000035),(0.28782842712474782,0.75882842712667098,0.33999999999999991),(0.67249999218832024,0.75600000000192236,0.74920000000000164),(0.67450000440808366,0.76000000000192258,0.74520000000000164),(0.42866817344051433,0.7560000000019228,0.74920000000000164),(0.48375000661213186,0.7600000000019228,0.74520000000000164),(0.38837499889797739,0.76000000000192303,0.74520000000000164),(0.32791704865582072,0.76000000000192314,0.74520000000000164),(0.43606250275505465,0.7600000000019228,0.74520000000000164),(0.55058408281441729,0.75600000000192269,0.74920000000000175),(0.35883408672025791,0.75600000000192291,0.74920000000000164),(0.48962613593914001,0.7560000000019228,0.74920000000000164),(0.57912500551010782,0.76000000000192269,0.74520000000000164),(0.61154202968969451,0.75600000000192258,0.74920000000000164),(0.62681250055100646,0.76000000000192258,0.74520000000000164),(0.91633181093612615,0.75600000000192213,0.74920000000000164),(0.86525000220403547,0.76000000000192214,0.74520000000000164),(0.96062500110201132,0.76000000000192203,0.74520000000000164),(0.76987500330605951,0.76000000000192236,0.74520000000000164),(0.91293750606111279,0.76000000000192214,0.74520000000000164),(0.79441590156222319,0.75600000000192225,0.74920000000000175),(0.98616589765638252,0.75600000000192202,0.74920000000000164),(0.85537384843750053,0.75600000000192213,0.74920000000000164),(0.73345795468694608,0.75600000000192236,0.74920000000000164),(0.88585282968681323,0.75600000000192213,0.74920000000000164),(0.72218750826516109,0.76000000000192247,0.74520000000000164),(1.0210829566398592,0.75600000000192191,0.74920000000000164),(1.00831249614291,0.76000000000192203,0.74520000000000164),(0.98446875303055004,0.76000000000192203,0.74520000000000164),(0.32391704336012966,0.75600000000192291,0.74920000000000175),(1.0385414712639884,0.76000000000192192,0.74520000000000164),(0.95124885429625428,0.75600000000192202,0.74920000000000164),(0.97254687566062814,0.75877984217975447,0.74807619148638504),(0.99749183755228521,0.75881596310702437,0.74804083645969144),(1.0217851035772305,0.75902229317960324,0.74782025646610206),(0.81756249834695827,0.76000000000192236,0.74520000000000164),(0.94859066798397118,0.75897731826052628,0.74787124989227738),(0.93678124917347283,0.76000000000192203,0.74520000000000164),(0.53143751046920928,0.76000000000192269,0.74520000000000164),(0.52010510156510437,0.75600000000192269,0.74920000000000164),(0.50759375854067057,0.7600000000019228,0.74520000000000164),(0.49567187880530428,0.75894330398925602,0.74790868263887766),(0.4591471546898272,0.7560000000019228,0.74920000000000164),(0.47011560844962658,0.75890037790066556,0.74795459761934369),(0.44486045009328801,0.75868415566622416,0.74816568851530463),(0.39375113008038609,0.75600000000192291,0.74920000000000164),(0.41221875082651604,0.76000000000192303,0.74520000000000164),(0.40029687897436111,0.7589365940574635,0.74791595569790326),(0.35814602377689903,0.76000000000192303,0.74520000000000164),(0.37352488330352296,0.75883365358510957,0.74802319099079451),(0.34303153585394547,0.7588046853140773,0.74805197130066137),(0.45990625468359331,0.7600000000019228,0.74520000000000164),(0.4227284982692624,0.75906460815516252,0.74777063744372996),(0.90109233309745995,0.75872442614454128,0.74812873730358731),(0.87650073235935144,0.75887156680719747,0.74798461919889425),(0.84140625027549698,0.76000000000192236,0.74520000000000164),(0.824894882811536,0.75600000000192225,0.74920000000000164),(0.82948437663067454,0.75895973394727767,0.74789072015875302),(0.80423946117880551,0.75891700612417079,0.74793698287951793),(0.76393692031291016,0.75600000000192225,0.74920000000000164),(0.77917642383486752,0.75860017608866026,0.74823958620834585),(0.74603125137752102,0.76000000000192247,0.74520000000000164),(0.73410937727703984,0.75898145829214669,0.74786662829499384),(0.70297897343763316,0.75600000000192236,0.74920000000000164),(0.70956003548524926,0.75895452103698358,0.74789644311146941),(0.88909375413257408,0.76000000000192214,0.74520000000000164),(0.85301176061215234,0.7590090437754099,0.74783546116822919),(0.69834375633662238,0.76000000000192247,0.74520000000000164),(0.79371875523459823,0.76000000000192236,0.74520000000000164),(0.75686557573895263,0.75905008540519603,0.74778785220457933),(0.92486341131625205,0.75881359322210284,0.74804318363658817),(0.31976848267504809,0.75888256483470617,0.74797323276787431),(0.53534460525629979,0.75857729168291765,0.74825901415346274),(0.5552812535815691,0.76000000000192269,0.74520000000000164),(0.58106306406373009,0.75600000000192269,0.74920000000000175),(0.56720312839290943,0.75877235094430484,0.74808341295209035),(0.60296875743864653,0.76000000000192258,0.74520000000000164),(0.61489062807317074,0.75897012668300423,0.74787924382957871),(0.64202101093900732,0.75600000000192258,0.74920000000000175),(0.63899143377301504,0.75897877551407522,0.74786962477666963),(0.65065625247954517,0.76000000000192258,0.74520000000000164),(0.59099743178932829,0.75898458820477976,0.74786312471720262),(0.68462899195774629,0.75877852071258656,0.74807746809894049),(0.66189355407754624,0.7590548640667355,0.74778220943099594),(0.67449999999999444,0.76000000000192247,0.75320000000000153),(0.86525001151157932,0.76000000000192214,0.75320000000000131),(0.96062499424419501,0.76000000000192203,0.7532000000000012),(1.02108293518525,0.76000000000192192,0.75320000000000131),(0.91293750287788722,0.76000000000192203,0.75320000000000131),(0.76987500575578682,0.76000000000192236,0.75320000000000131),(0.72218749136630234,0.76000000000192247,0.75320000000000153),(0.48374998848840972,0.7600000000019228,0.75320000000000153),(0.38837500575579387,0.76000000000192303,0.75320000000000165),(0.57912499424420205,0.76000000000192258,0.75320000000000153),(0.43606249712210177,0.7600000000019228,0.75320000000000153),(0.62681250863368654,0.76000000000192258,0.75320000000000153),(0.34068751438948597,0.76000000000192303,0.75320000000000165),(0.31045854391895861,0.76000000000192314,0.75320000000000165),(0.81756252014527142,0.76000000000192236,0.75320000000000153),(0.84140626582842548,0.76000000000192214,0.75320000000000131),(0.82948437698516997,0.75895973403451078,0.75050927993720495),(0.80423946147720149,0.75891700622044822,0.75046301722309561),(0.74603126007263298,0.76000000000192236,0.75320000000000153),(0.75795312762010081,0.75894409696678777,0.75049217927819034),(0.78110266768345249,0.75902823193520697,0.75058660922205911),(0.79371875143894077,0.76000000000192236,0.75320000000000131),(0.53143747985471745,0.76000000000192269,0.75320000000000153),(0.99085396471472242,0.76000000000192203,0.75320000000000131),(1.0059684667670037,0.7588284271330259,0.75037157288161316),(1.0300556492100956,0.75882842713421994,0.75037157288280731),(0.98277126816303517,0.75888759251251636,0.75043200262053056),(0.93678124856104106,0.76000000000192203,0.75320000000000131),(0.92485937613562885,0.75890451171079809,0.75044976151343334),(0.89871401691346198,0.75886913751914442,0.75041287784493416),(0.8740713764262058,0.75875983976666761,0.75030460978917857),(0.85187782719844474,0.75906787930776465,0.75063326733671476),(0.88909375719473316,0.76000000000192214,0.75320000000000131),(0.47438664981510031,0.75866327261425437,0.75021554376939525),(0.50759373417156362,0.76000000000192269,0.75320000000000153),(0.51951562970318821,0.75898153896104381,0.7505334619006595),(0.54405590656934233,0.75895501299409651,0.75050409602988621),(0.44928078087421025,0.7589131057477192,0.75045886612625357),(0.5552812485610481,0.76000000000192269,0.75320000000000153),(0.49678381683657485,0.75905136075516366,0.75061365169523275),(0.45990624280525572,0.7600000000019228,0.75320000000000153),(0.42561400058120696,0.75893719041796659,0.75048468925168932),(0.41221875143894787,0.7600000000019228,0.75320000000000153),(0.40029688044100231,0.75893659404068448,0.75048404428395799),(0.37352488436923309,0.75883365344315545,0.75037680886672853),(0.602968739927356,0.76000000000192258,0.75320000000000153),(0.59104687908800657,0.75887521662776192,0.75041914952676558),(0.56748595565300541,0.75853494438619251,0.7501058026939692),(0.34939769268777282,0.75881374247785638,0.75035696407354391),(0.36453126007263997,0.76000000000192303,0.75320000000000153),(0.31378436481149136,0.75872479892656597,0.75027160951711436),(0.68773949154829173,0.75876441956745466,0.75030898210560826),(0.66307406401569591,0.75887439595992701,0.75041830126063258),(0.65065625431684049,0.76000000000192258,0.75320000000000153),(0.63873437867412852,0.75897055943158398,0.75052123598000109),(0.61487591392070784,0.75899015030003103,0.75054312190819517),(0.71206039478058192,0.75885066319701056,0.75039398514826439),(0.73497567571820777,0.75903711528233841,0.75059693819254036),(0.6983437456831485,0.76000000000192247,0.75320000000000153),(0.95965831989325112,0.7587498133452063,0.75029508578834314),(0.68749999894494651,0.67400000000192672,0.74920000000000131),(0.68949999999999267,0.67000000000192661,0.74520000000000142),(0.49124999999999708,0.67000000000192694,0.74520000000000142),(0.48824999841742789,0.67400000000192695,0.74920000000000131),(0.42866817888348652,0.67400000000192706,0.74920000000000131),(0.39212499999999922,0.67000000000192705,0.74520000000000142),(0.35883408838669795,0.67400000000192728,0.74920000000000131),(0.44168749999999812,0.67000000000192705,0.74520000000000142),(0.34256250000000038,0.67000000000192717,0.74520000000000142),(0.80666364195318829,0.6700000000019265,0.74520000000000142),(0.88674999947246513,0.67400000000192639,0.74920000000000131),(0.78712499920870593,0.67400000000192661,0.74920000000000131),(0.73731249907682628,0.67400000000192661,0.74920000000000131),(0.94633182097658619,0.67000000000192628,0.74520000000000142),(0.87649773146488719,0.67000000000192639,0.74520000000000142),(0.74808182097659037,0.6700000000019265,0.74520000000000142),(0.98637499973622456,0.67400000000192617,0.74920000000000131),(0.9365624996043449,0.67400000000192628,0.74920000000000131),(1.0161659104882848,0.67000000000192617,0.74520000000000142),(1.0361874998681042,0.67400000000192617,0.74920000000000142),(0.5878749986811872,0.67400000000192684,0.74920000000000131),(0.59037499999999488,0.67000000000192683,0.74520000000000142),(0.63993749999999383,0.67000000000192661,0.74520000000000142),(0.63768749881306686,0.67400000000192684,0.74920000000000142),(1.0510829552441345,0.67000000000192617,0.74520000000000142),(0.32391704313830366,0.67400000000192728,0.74920000000000131),(0.32791704475585087,0.67000000000192717,0.74520000000000142),(0.33523977203288663,0.67125566768279277,0.74811009280301544),(1.0510829547515894,0.67400000000192617,0.74920000000000131),(1.0436352225811962,0.67117157282661877,0.7480284270741866),(0.54081249999999592,0.67000000000192694,0.74520000000000142),(0.53806249854930754,0.67400000000192695,0.74920000000000131),(0.51315624742832167,0.67400000000192695,0.74920000000000131),(1.0112812487471181,0.67400000000192617,0.74920000000000131),(0.98124886573243542,0.67000000000192628,0.74520000000000142),(0.99882812023160672,0.67101455083466144,0.74786215951244206),(0.3673437499999998,0.67000000000192705,0.74520000000000142),(0.39375113363509223,0.67400000000192706,0.74920000000000131),(0.5160312499999965,0.67000000000192694,0.74520000000000142),(0.37973437439212498,0.67121970003628062,0.7480757489634936),(0.83693749934058559,0.67400000000192639,0.74920000000000142),(0.50070312352028257,0.67124554929488967,0.74810051741979078),(0.45845908865045726,0.67400000000192706,0.74920000000000131),(0.46646874999999766,0.67000000000192694,0.74520000000000142),(0.52842187351376113,0.67110504401150173,0.7479602952402794),(0.56296874967029353,0.67400000000192684,0.74920000000000131),(0.56559374999999545,0.67000000000192683,0.74520000000000142),(0.57798437321922036,0.67111034549242243,0.74796584468394545),(0.61278124769208109,0.67400000000192684,0.74920000000000131),(0.6151562499999943,0.67000000000192683,0.74520000000000142),(0.62754687292468592,0.67111579374098063,0.74797152561675462),(0.66259374993405284,0.67400000000192672,0.74920000000000131),(0.66471874999999314,0.67000000000192661,0.74520000000000142),(0.67710937263016413,0.6711213895731527,0.74797733721383663),(0.7124062479558404,0.67400000000192672,0.74920000000000142),(0.71879091048829158,0.67000000000192661,0.74520000000000142),(0.70226919622208828,0.67110536216557537,0.74796062887697201),(0.47577538772855138,0.6712492941218472,0.74810406906965077),(0.55320338846304307,0.67108443939053863,0.74793852265306116),(0.60276595663829313,0.67108450885519033,0.74793859660653228),(0.40525831831366971,0.67112739186483072,0.74798354495036368),(0.65232852932492713,0.67108459387177655,0.74793868711179101),(0.41690624999999876,0.67000000000192705,0.74520000000000142),(0.3125829447051901,0.67144695498480123,0.74827927932161675),(1.068541477622059,0.67000000000192617,0.74520000000000142),(1.0685414773757866,0.67400000000192617,0.74920000000000131),(0.97466500389181532,0.67127769520913683,0.74813070923415548),(0.96146875072533089,0.67400000000192628,0.74920000000000142),(0.9490156205610889,0.67134060904284409,0.74818791561573639),(0.91141477622073674,0.67000000000192628,0.74520000000000142),(0.92339312191179013,0.67120505690816334,0.74806151936960685),(0.89784447227969544,0.67110452374665075,0.74795974949137467),(0.91165624848335891,0.67400000000192628,0.74920000000000131),(0.86184375046157136,0.67400000000192639,0.74920000000000131),(0.84158068670903774,0.67000000000192639,0.74520000000000142),(0.84939062121677,0.6712780504759891,0.74813103919766655),(0.82242392522442487,0.67112993708877644,0.74798616921140271),(0.87331289917806654,0.67130966446061358,0.74816008355881347),(0.81203124821959971,0.67400000000192661,0.74920000000000131),(0.7980151714045215,0.67122066972014749,0.74807668614638356),(0.7773727314648895,0.6700000000019265,0.74520000000000142),(0.76221875019781216,0.67400000000192661,0.74920000000000142),(0.74976562187740481,0.67134574094298205,0.74819247537133038),(0.77372801989184969,0.67130708458121713,0.74815773672542274),(0.72597136241958493,0.67131763846613857,0.74816731134047876),(0.35746424098417767,0.67096034650402869,0.74780009742369802),(0.45186745414759411,0.67110548235172374,0.74796075489181302),(0.42855540972043826,0.67096986924920055,0.74781118892870457),(1.0211288954769675,0.67137883029135803,0.74822150117464969),(1.0648176085019982,0.67103114170969058,0.74788064925729425),(0.29041811645728954,0.67094486050071167,0.75061811645729215),(0.68949999543983997,0.6700000000019265,0.75320000000000131),(0.80666363629848892,0.67000000000192639,0.75320000000000131),(0.94633181795097798,0.67400000000192628,0.74920000000000131),(0.94633181358908358,0.67000000000192617,0.75320000000000131),(0.87649772494378642,0.67000000000192628,0.75320000000000131),(0.84158068062113767,0.67000000000192639,0.75320000000000131),(0.56833636021457068,0.67400000000192684,0.74920000000000142),(0.49124999771992073,0.67000000000192683,0.75320000000000131),(0.4326681772905962,0.67000000000192694,0.75320000000000131),(0.59037499657988035,0.67000000000192661,0.75320000000000131),(0.49850227113178902,0.67400000000192695,0.74920000000000131),(0.53341931761490113,0.67400000000192695,0.74920000000000131),(0.62791818010728173,0.67400000000192684,0.74920000000000131),(0.54081249258974773,0.67000000000192683,0.75320000000000131),(0.63993750057001286,0.67000000000192661,0.75320000000000131),(1.016165902234381,0.67000000000192617,0.75320000000000131),(1.0161659109172023,0.67400000000192617,0.74920000000000131),(0.36283408864529881,0.67000000000192705,0.75320000000000131),(0.32791704432265018,0.67000000000192705,0.75320000000000131),(1.0510829556773353,0.67000000000192594,0.75320000000000131),(0.74808181586916445,0.6700000000019265,0.75320000000000153),(0.71879090565450221,0.6700000000019265,0.75320000000000131),(0.98124885791173233,0.67000000000192617,0.75320000000000131),(0.9812488644340901,0.67400000000192628,0.74920000000000131),(0.69995312281026245,0.67122294543109851,0.7503211168987548),(0.65770909005363709,0.67400000000192672,0.74920000000000131),(0.66471874800492636,0.67000000000192661,0.75320000000000131),(0.67482362908386406,0.67123742552163013,0.7503072189435066),(0.72485937268882028,0.67130600904646021,0.75024324286897648),(0.74865467715389811,0.67131772157678171,0.75023261353207982),(0.77737272608382668,0.67000000000192639,0.75320000000000131),(0.7746718724417081,0.67134050106156773,0.75021218049637828),(0.79918625675101573,0.67127284589187231,0.75027380273050381),(0.82412216033962415,0.67081261649419532,0.75078326948655061),(0.84765044219675045,0.67125949309819399,0.75028630442383071),(0.87429687196221362,0.67134337972514679,0.75020962064195928),(0.91141476926643494,0.67000000000192628,0.75320000000000131),(0.91654090800462229,0.67400000000192628,0.74920000000000131),(0.89980803879315452,0.67121163599945133,0.75033206935409968),(0.9247162775104627,0.67105189663960396,0.75049654173972369),(0.51603124515483423,0.67000000000192683,0.75320000000000131),(0.50364062357970851,0.67103387000498205,0.75051633220364045),(0.46358522464867685,0.67400000000192706,0.74920000000000131),(0.46195908750525844,0.67000000000192694,0.75320000000000131),(0.47739097037159345,0.67116993505276423,0.75037321164861726),(0.52785909864166847,0.67105307757071953,0.75049525450653121),(0.55407143096805911,0.67120251362053662,0.75034096695613206),(0.59812727016092615,0.67400000000192684,0.74920000000000131),(0.61515624401479385,0.67000000000192661,0.75320000000000131),(0.60276562287779956,0.67102872046971562,0.75052203473856427),(0.57839847678781897,0.67106153446241112,0.75048606922102423),(0.56559374914496674,0.67000000000192683,0.75320000000000131),(0.62660113766236325,0.67103162901213298,0.75051881114672159),(0.65072841321495589,0.671096758645637,0.75044842052138738),(0.44731363337630986,0.67122799830154856,0.75031625129855406),(0.39775113296794751,0.67000000000192705,0.75320000000000131),(0.42389113526143735,0.67111196182706101,0.7504324676152736),(1.0336244284371989,0.67117157275893191,0.7503715729935031),(0.96379033868268615,0.67117157266592009,0.75037157308651492),(0.99870738476003473,0.67117157279988604,0.75037157295254908),(1.0566642691337547,0.67117157286871476,0.75037157288372025),(0.37629261128289154,0.67131230567409506,0.75023751806754335),(0.3524012902030092,0.67109759600461905,0.75044753727792668),(0.39893545019513965,0.671200027110743,0.75034340205688177),(0.31524599465892195,0.67107830132952428,0.7504680269277183),(0.68749999750136714,0.67400000000192617,0.33999999999999986),(0.68950001242961978,0.67000000000192816,0.33599999999999969),(0.80666364030357118,0.67400000000192661,0.33999999999999986),(0.88775000621480171,0.67000000000192772,0.33599999999999958),(0.94633180885181878,0.67000000000192761,0.33599999999999958),(0.78862499689258359,0.67000000000192783,0.33599999999999963),(0.94633182265040283,0.67400000000192706,0.33999999999999986),(0.87649773147698706,0.67400000000192684,0.33999999999999986),(0.84158068589027923,0.67400000000192672,0.33999999999999986),(0.83818748912406549,0.67000000000192783,0.33599999999999963),(0.49124999378518347,0.67000000000192839,0.33599999999999974),(0.4882499987506842,0.6740000000019255,0.33999999999999986),(0.42866818234683302,0.67400000000192539,0.33999999999999986),(0.39212500932221961,0.67000000000192861,0.3359999999999998),(0.35883409117341714,0.67400000000192506,0.33999999999999986),(0.44168750155370151,0.67000000000192839,0.3359999999999998),(0.34256251709073782,0.67000000000192872,0.3359999999999998),(1.0161659138238188,0.67400000000192728,0.33999999999999986),(1.0161659044259013,0.67000000000192761,0.33599999999999958),(1.0510829397833152,0.6700000000019275,0.33599999999999958),(0.58787499562740031,0.67400000000192584,0.33999999999999986),(0.59037500310740165,0.67000000000192828,0.33599999999999969),(0.63993752019813799,0.67000000000192816,0.33599999999999969),(0.63768749656438373,0.67400000000192606,0.33999999999999986),(1.0510829544132758,0.67400000000192739,0.33999999999999986),(0.32391704558670925,0.67400000000192495,0.33999999999999986),(0.32791706021666994,0.67000000000192872,0.3359999999999998),(0.33523977541931765,0.67125566788532076,0.33891009299400432),(0.74708181890246916,0.67400000000192639,0.33999999999999986),(0.73906250466110179,0.67000000000192805,0.33599999999999969),(0.76384375077684263,0.67000000000192805,0.33599999999999969),(0.77687272960302023,0.67400000000192639,0.33999999999999986),(0.54081248601666532,0.67000000000192828,0.33599999999999974),(0.53806249968766762,0.67400000000192573,0.33999999999999986),(0.51315625171780133,0.67400000000192561,0.33999999999999986),(0.36734376320647871,0.67000000000192861,0.3359999999999998),(0.39375113676012508,0.67400000000192517,0.33999999999999986),(0.51603123990092448,0.67000000000192839,0.33599999999999974),(0.37973438028502188,0.6712197000585588,0.33887574898502931),(0.50070312914227977,0.67124554923530888,0.33890051736320748),(0.46646874766944246,0.67000000000192839,0.33599999999999974),(0.45845909304738403,0.6740000000019255,0.33999999999999986),(0.52842187971460008,0.6711050439267352,0.33876029515137451),(0.56296874765753391,0.67400000000192573,0.33999999999999986),(0.56559373213240627,0.67000000000192828,0.33599999999999974),(0.57798437930792501,0.67111034540825598,0.33876584459600811),(0.61278124359726649,0.67400000000192584,0.33999999999999986),(0.61515627408239693,0.67000000000192816,0.33599999999999969),(0.62754687889227445,0.67111579366140606,0.33877152553394169),(0.66259374953150085,0.67400000000192617,0.33999999999999986),(0.66471876631387894,0.67000000000192816,0.33599999999999969),(0.67710937847236297,0.67112138950054845,0.33877733713858182),(0.7172909082019181,0.67400000000192628,0.33999999999999986),(0.70342528438223206,0.67116973089992382,0.33882658394714177),(0.47577539332851332,0.67124929407114031,0.33890406902161874),(0.55320339461114232,0.67108443926100314,0.33873852251514847),(0.60276596266920324,0.67108450870401681,0.33873859644559068),(0.75145312784064022,0.67102618995543639,0.33867515491278261),(0.72742164392444364,0.67104263013910137,0.33869331830544464),(0.71428125854536073,0.67000000000192805,0.33599999999999969),(0.4052583246821449,0.67112739187497183,0.3387835449608263),(0.65232853523260503,0.67108459370209772,0.33873868693116033),(0.7752983607396845,0.67103217857940667,0.3386817971593733),(0.41690625543796062,0.67000000000192861,0.3359999999999998),(0.7994733204257124,0.67109919410173391,0.33875414689684463),(0.82412216594145904,0.67162406585987333,0.33921790878562741),(0.81340624300832465,0.67000000000192783,0.33599999999999963),(0.31258294606667053,0.6714469549796378,0.339079279317333),(0.8472216248263611,0.67111677415654258,0.33877254553154706),(0.86296873523980644,0.67000000000192772,0.33599999999999963),(0.87535937677983311,0.67100753857855555,0.33865427478412247),(0.91141477706369489,0.67400000000192695,0.33999999999999986),(0.91704089510368303,0.67000000000192772,0.33599999999999958),(0.90065510914471225,0.67111571091530053,0.33877143942108834),(0.92606639437588667,0.67132343282246942,0.33897253900459623),(0.98124886906848718,0.67000000000192761,0.33599999999999958),(0.98124886823711077,0.67400000000192728,0.33999999999999986),(0.35746424617834927,0.67096034663656101,0.33860009757863213),(0.45186745984697879,0.67110548231085898,0.33876075484896512),(0.42855541580573125,0.67096986918836088,0.33861118885810026),(1.0336244331454303,0.67117157286295148,0.33882842711051614),(0.96379034404743558,0.67117157284980278,0.33882842709736727),(0.99870738859647434,0.67117157285632612,0.33882842710389072),(1.0566642732877809,0.67117157287019713,0.33882842711776195),(0.68949999999999267,0.67000000000192816,0.34399999999999992),(0.56833635106059055,0.67400000000192828,0.33999999999999986),(0.49124999999999702,0.67000000000192839,0.34399999999999992),(0.43266817750430742,0.67000000000192861,0.34399999999999992),(0.59037500461784187,0.67000000000192828,0.34399999999999992),(0.49850225911486956,0.6740000000019285,0.33999999999999986),(0.62791817134971795,0.67400000000192817,0.33999999999999986),(0.53341929672658273,0.67400000000192828,0.33999999999999986),(0.63993750692676432,0.67000000000192816,0.34399999999999992),(0.54081250230891942,0.67000000000192828,0.34399999999999992),(0.88774999999998827,0.67000000000192772,0.34399999999999992),(0.78862499538214337,0.67000000000192783,0.34399999999999992),(0.73906249307322092,0.67000000000192805,0.34399999999999992),(0.98687500461783306,0.67000000000192761,0.34399999999999992),(0.93731250230891061,0.67000000000192772,0.34399999999999992),(1.0364375069267555,0.6700000000019275,0.34399999999999992),(0.36283408413430746,0.67000000000192861,0.34399999999999992),(0.32791704668500149,0.67000000000192872,0.34399999999999992),(1.0510829625506779,0.6700000000019275,0.34399999999999992),(1.0437602279734781,0.67117157288474527,0.34117157286768968),(1.0116562557722943,0.67000000000192761,0.34399999999999992),(0.99926562566637722,0.67132212667495617,0.34102863761134788),(0.83818749769106582,0.67000000000192783,0.34399999999999992),(1.0685414728329798,0.6740000000019275,0.33999999999999986),(1.0685414812753307,0.6700000000019275,0.34399999999999992),(0.97515131336149474,0.67106235998470753,0.34128517567249234),(0.96209375346337189,0.67000000000192761,0.34399999999999992),(0.94970312598485296,0.67101806480693604,0.34133390501053101),(0.92389803491937905,0.67114489698606705,0.34119850276301694),(0.89859366696175846,0.67122405817384401,0.34112004392965867),(0.86296874884552699,0.67000000000192772,0.34399999999999992),(0.85057812664633126,0.67109207368700596,0.3412533721498926),(0.82324325143819121,0.67122944640079496,0.34111486001323155),(0.91253125115444944,0.67000000000192772,0.34399999999999992),(0.87443628129632378,0.67103373326555793,0.34131648334294223),(0.81340624653660465,0.67000000000192783,0.34399999999999992),(0.51603125115445825,0.67000000000192839,0.34399999999999992),(0.50364062884978666,0.67103387013315308,0.34131633206197942),(0.46195908875215225,0.67000000000192839,0.34399999999999992),(0.46358522150315645,0.6740000000019285,0.33999999999999986),(0.47739097628558891,0.67116993519280155,0.34117321150841762),(0.52785910372072242,0.67105307774969014,0.34129525431153607),(0.55407143612809107,0.67120251385087804,0.34114096673074912),(0.59812725284400692,0.67400000000192828,0.33999999999999986),(0.61515625577230304,0.67000000000192816,0.34399999999999992),(0.60276562826218905,0.67102872064037289,0.34132203454921534),(0.5783984820599678,0.67106153467411922,0.34128606899180075),(0.5655937534633807,0.67000000000192828,0.34399999999999992),(0.62660114277686929,0.67103162920709214,0.34131881093088062),(0.65770908985542897,0.67400000000192817,0.33999999999999986),(0.65073406301991343,0.67109710698944336,0.34124805302411765),(0.66471875808122549,0.67000000000192816,0.34399999999999992),(0.67710937778983304,0.67112138967067347,0.34122266268508944),(0.70342528399729043,0.67116973105371713,0.34117341589886424),(0.728288788005508,0.6711770022657072,0.34116615388891836),(0.7638437442276822,0.67000000000192805,0.34399999999999992),(0.77623437713448262,0.67100661231002978,0.34134676986938678),(0.7522423829557715,0.67104065523579937,0.34130885181471038),(0.79978965485789466,0.67101599320944383,0.34133622383402629),(0.71428124191875975,0.67000000000192805,0.34399999999999992),(0.44731363845692673,0.67122799846367942,0.34111625114270583),(0.39775113081930746,0.67000000000192861,0.34399999999999992),(0.42389114065822647,0.67111196192114553,0.34123246751709252),(1.0214172903309959,0.67096693147024511,0.3413922240736369),(0.34537556949406262,0.67103751795808309,0.34131230579494365),(0.36926689081104236,0.6712475371474298,0.34109759612827489),(0.32273272948945342,0.6711434019139263,0.34120002725662868),(1.0648801139903339,0.67132444653871015,0.34102654852646513),(0.40088798298743894,0.67121761338514307,0.34112626989528699),(0.28500000000000164,0.7600000000019248,1.3555000146318863),(0.28500000000000164,0.7600000000019248,1.8632500219478296),(0.2850000000000017,0.7600000000019248,0.84775000731594308),(0.28500000000000159,0.7600000000019248,1.6093750182898581),(0.28500000000000164,0.7600000000019248,0.59387500365797152),(0.28500000000000164,0.7600000000019248,2.117124996342044),(0.28500000000000164,0.7600000000019248,1.1016250109739147),(0.2850000000000017,0.7600000000019248,1.4824375310927504),(0.28500000000000164,0.7600000000019248,0.7208124908550787),(0.28500000000000164,0.7600000000019248,1.9901875091449368),(0.28500000000000164,0.7600000000019248,1.2285624981710219),(0.2850000000000017,0.7600000000019248,1.545906289323183),(0.2850000000000017,0.7600000000019248,0.784281249085511),(0.28500000000000159,0.7600000000019248,1.1650937399405896),(0.28900000000000153,0.7560000000019248,1.3630000400765323),(0.28900000000000159,0.75600000000192469,1.2607000601147944),(0.28900000000000153,0.7560000000019248,1.4653000200382702),(0.28900000000000153,0.7560000000019248,1.8744998812645262),(0.28900000000000159,0.75600000000192469,1.0561000000000047),(0.28900000000000159,0.75600000000192469,1.2095500701339255),(0.28900000000000159,0.75600000000192469,0.69805000192267952),(0.28900000000000159,0.75600000000192469,1.1072499861332448),(0.28500000000000164,0.7600000000019248,1.7363125054869653),(0.28500000000000159,0.7600000000019248,1.2920312564014542),(0.28500000000000164,0.7600000000019248,2.2440625128029086),(0.28500000000000164,0.7600000000019248,1.7997812637173973),(0.2850000000000017,0.7600000000019248,0.65734373262464652),(0.28500000000000164,0.7600000000019248,1.672843747256533),(0.28500000000000164,0.7600000000019248,0.97468752377680745),(0.28500000000000164,0.7600000000019248,2.0536562381116119),(0.28500000000000164,0.7600000000019248,0.46693751646086423),(0.28500000000000164,0.7600000000019248,2.1805937545724761),(0.2850000000000017,0.7600000000019248,0.91121876554637515),(0.2850000000000017,0.7600000000019248,1.0381562820072396),(0.28500000000000164,0.7600000000019248,0.53040627469129642),(0.28900000000000159,0.75600000000192469,1.3118500500956631),(0.28900000000000153,0.7560000000019248,1.823349901053773),(0.28500000000000164,0.7600000000019248,0.40346875823043199),(0.28500000000000164,0.7600000000019248,2.3075312710333407),(0.28900000000000148,0.7560000000019248,2.3217250000000154),(0.28500000000000164,0.7600000000019248,0.37491704681574384),(0.28500000000000164,0.7600000000019248,2.3360829824480289),(0.28500000000000164,0.7600000000019248,1.9267187801782617),(0.28900000000000153,0.7560000000019248,1.9256498614752791),(0.28900000000000153,0.7560000000019248,1.9000748713699027),(0.28900000000000159,0.7560000000019248,1.414150030057401),(0.28500000000000164,0.7600000000019248,1.4189687728623186),(0.2850000000000017,0.7600000000019248,1.4507031519775346),(0.28782842700959804,0.75882842724182076,0.38303352431703724),(0.28900000000000148,0.7560000000019248,2.3535414777257468),(0.28500000000000164,0.7600000000019248,1.8949844010630459),(0.28500000000000164,0.7600000000019248,0.43520313734564808),(0.28900000000000159,0.75600000000192469,1.0049500138667646),(0.28900000000000159,0.7560000000019248,1.5164500100191389),(0.2877966023017996,0.75885989782624952,1.9128625000037671),(0.28500000000000164,0.7600000000019248,1.958453159293478),(0.28785701039896378,0.75879955203398664,1.9382776720738799),(0.28900000000000153,0.7560000000019248,1.9512248515806558),(0.28794191798194746,0.75871018792668254,1.8872875000036193),(0.28797035702859303,0.75867898845331794,0.42951250193937923),(0.28784971309227875,0.75880697974743483,0.45500890612271339),(0.28500000000000164,0.7600000000019248,0.49867189557608033),(0.28778019261791732,0.75887585274629243,0.48100538370996332),(0.28794405028403547,0.75870787147691754,0.50623750159850889),(0.28797191099249636,0.7586772644738603,1.9640125000033555),(0.28795274327800235,0.75869838973178605,1.9877688339694399),(0.28500000000000164,0.7600000000019248,2.0219218589963956),(0.28900000000000153,0.7560000000019248,2.0014375000000122),(0.28792138275780066,0.75873231088878113,2.0137562500025417),(0.28783713319342874,0.7588196941773192,2.040007847919846),(0.28795707653818148,0.75869364035418896,1.8636058578902892),(0.28500000000000164,0.7600000000019248,1.8315156428326134),(0.28900000000000153,0.7560000000019248,1.8489248911591496),(0.28795699844625228,0.75869372608095942,0.52992076735762894),(0.28500000000000164,0.7600000000019248,0.56214065380651246),(0.28798193156488039,0.7586660990515437,1.8361375000036919),(0.28786379636309994,0.75879260996228526,1.8108862147794134),(0.28500000000000164,0.7600000000019248,1.7680468846021811),(0.28774178372902737,0.7589124941192148,1.7845982007645682),(0.28900000000000153,0.7560000000019248,1.7977749109483965),(0.28798104126913526,0.75866709447938929,0.40624628423956355),(0.28500000000000164,0.7600000000019248,2.0853906172268277),(0.28781136569007565,0.75884538625982956,2.0648558766174263),(0.2879676125369256,0.75868202830727327,2.1123062500023955),(0.28500000000000164,0.7600000000019248,2.1488593754572602),(0.28788179649178564,0.75877403118054199,2.1377424946392525),(0.28771292919904101,0.7589393902722017,2.1634144992849502),(0.28797650625386828,0.75867215466075189,2.0885505898410557),(0.28500000000000164,0.7600000000019248,2.2123281336876923),(0.28798969943151281,0.75865738542922379,2.2108562500022639),(0.28791964509059159,0.75873416761657331,2.2356165058405959),(0.28500000000000164,0.7600000000019248,2.2757968919181244),(0.28900000000000153,0.7560000000019248,2.297087500000015),(0.28790650496019332,0.7587481318976641,2.2847687500022569),(0.28751642388178583,0.75910927818941221,2.2601819316318243),(0.28797430782298433,0.75867460146273036,2.1870617405925961),(0.28798829015297511,0.75865897009608541,2.3094062500021457),(0.28796644352613338,0.75868332122873861,2.3333413184121441),(0.28784957223735408,0.75880712273955309,0.55391468351914286),(0.28787738225627096,0.75877860960949939,0.58296250116941239),(0.28500000000000164,0.7600000000019248,0.62560935350943037),(0.28777224707480564,0.75888351281726663,0.6098414498372775),(0.28792555966174027,0.75872783809565525,1.7594125000039775),(0.28799783994895761,0.758648198567071,1.7338375000039137),(0.28500000000000164,0.7600000000019248,1.7045781263717492),(0.2879362665623455,0.75871630975503845,1.709809620583929),(0.28790149347686111,0.75875342252739031,1.6826875000041939),(0.28500000000000164,0.7600000000019248,1.6411093681413167),(0.28778915144347778,0.75886716484290517,1.6561142122781787),(0.28788625921044919,0.75876938761836743,1.6311055061764193),(0.28900000000000153,0.7560000000019248,1.5931749901053842),(0.2850000000000017,0.7600000000019248,1.577640668438399),(0.28796695662210342,0.75868275388600848,1.6072406872543008),(0.28799636213386043,0.75864987055777777,1.580387500004212),(0.28788675440282607,0.7587688714358799,1.5555307401565497),(0.2850000000000017,0.7600000000019248,1.5141719102079667),(0.28900000000000153,0.7560000000019248,1.5420250050095732),(0.28760085317495515,0.75903900687298209,1.5300390627920479),(0.28787565721072911,0.75878039486711757,1.5059045140298217),(0.28900000000000153,0.7560000000019248,1.4908750150287045),(0.28798448560177514,0.75866323970063876,1.4780875000069871),(0.2879476109604277,0.7587039951250667,1.4542463030782633),(0.28900000000000159,0.7560000000019248,1.4397250250478355),(0.28793737807199932,0.75871510774603856,1.4269375000075382),(0.28500000000000164,0.7600000000019248,1.3872343937471026),(0.28781755985294299,0.75883925280417619,1.4008734773223008),(0.28900000000000159,0.75600000000192469,1.3885750350669666),(0.28784607391048672,0.75881066954779031,1.3754458038229769),(0.28900000000000159,0.75600000000192469,1.3374250450860976),(0.2850000000000017,0.7600000000019248,1.3237656355166703),(0.28797501137790699,0.75867381886290486,1.3502125000079741),(0.28795174880149371,0.75869947754635614,1.3264396430101013),(0.28782480350818085,0.75883204610680677,1.3020228251033252),(0.28500000000000159,0.7600000000019248,1.2602968772862382),(0.28763826109481899,0.75900658916500852,1.276164062885814),(0.28826611318282119,0.75830922166235759,0.36151676229334623),(0.28790426803416341,0.75875049580918319,0.63462987490255762),(0.28900000000000159,0.75600000000192469,0.67247500178534536),(0.2850000000000017,0.7600000000019248,0.68907811173986266),(0.28797227021183242,0.75867686566681403,0.65848716927754125),(0.28798904763562821,0.7586581185530723,0.68526250055046833),(0.28787395400133359,0.75878215535312776,0.71033843604206437),(0.2850000000000017,0.7600000000019248,0.75254686997029474),(0.28900000000000159,0.75600000000192469,0.77477499306662168),(0.28770075187067623,0.75895058288214479,0.73667968807727724),(0.28900000000000159,0.75600000000192469,0.72362499986266737),(0.28790989099827136,0.75874454629925492,0.76198750003117821),(0.28799300550375084,0.75865366125659284,0.78756250002997752),(0.28500000000000164,0.7600000000019248,0.81601562820072693),(0.28794162281068886,0.75871050830105313,0.81150221967252179),(0.28791791197629396,0.75873601712515504,0.83871250002997),(0.28500000000000164,0.7600000000019248,0.87948438643115923),(0.28780156807863705,0.75885503350449002,0.86506243131426797),(0.28787038987778857,0.75878583236398423,0.89024610869487586),(0.2850000000000017,0.7600000000019248,0.94295314466159141),(0.28796230959598795,0.75868788427352707,0.9141410885622322),(0.28800029402886124,0.75864541787825146,0.94101250002596259),(0.28789587523256155,0.75875933083338476,0.96571433445631272),(0.2850000000000017,0.7600000000019248,1.0064219028920236),(0.28900000000000159,0.75600000000192469,0.97937499306662368),(0.28900000000000159,0.75600000000192469,1.0305250069333847),(0.28752535252485517,0.75910203072795168,0.9905546879918038),(0.28786758074803259,0.75878872384151907,1.0177375000240336),(0.28797645113969744,0.75867221605101265,1.0433125000219812),(0.28500000000000164,0.7600000000019248,1.0698906611224559),(0.28795123500886122,0.7587000392465435,1.0670938721638996),(0.28900000000000159,0.75600000000192469,1.081674993066625),(0.28795035992028828,0.75870099543708669,1.0944625000198558),(0.28500000000000164,0.7600000000019248,1.1333593608253736),(0.28782925237412266,0.75882760163644292,1.1203189102266362),(0.2878250634818178,0.75883178677421337,1.1459400809910389),(0.28900000000000159,0.75600000000192469,1.1328250069333856),(0.28900000000000159,0.75600000000192469,1.1839749949904401),(0.28500000000000159,0.7600000000019248,1.1968281190558059),(0.28796535095357023,0.75868452858664304,1.1711875000089595),(0.28795441734033589,0.75869655672840608,1.1949158252132486),(0.28783344585961418,0.75882339947076449,1.2191751102854684),(0.28900000000000159,0.75600000000192469,1.2351250651243597),(0.28756546898714119,0.75906893611661097,1.2444296878983507),(0.28900000000000159,0.75600000000192469,1.2862750551052289),(0.29041811645728088,0.75905513950313053,1.1598181164573149),(0.29041811645727689,0.7590551395031272,1.5661818835426913),(0.29300000000000154,0.7600000000019248,1.2842636436115238),(0.28900000000000153,0.75600000000192469,1.4279318218059776),(0.29300000000000154,0.7600000000019248,1.4239318218057657),(0.29300000000000154,0.7600000000019248,1.3540977327086448),(0.29300000000000159,0.7600000000019248,1.2233318218057647),(0.29300000000000154,0.7600000000019248,1.3191806881600843),(0.29300000000000154,0.7600000000019248,1.4937659109028867),(0.28900000000000159,0.7560000000019248,1.4977659109029928),(0.28900000000000153,0.7560000000019248,1.5326829554515002),(0.29300000000000159,0.7600000000019248,1.1973170445485666),(0.29300000000000154,0.7600000000019248,1.5286829554514474),(0.28900000000000159,0.75600000000192469,1.1933170445485133),(0.29011771499455868,0.75877352359969685,1.2014335222761885),(0.29300000000000159,0.7600000000019248,1.2537977327086443),(0.2900320155117036,0.75868161669288237,1.2479125000018556),(0.29013576360066545,0.7587921586379478,1.273169888313884),(0.29025887932260563,0.75891311816498508,1.2994594885656983),(0.2900180976055215,0.75866613167717889,1.2246615598125481),(0.29300000000000159,0.7600000000019248,1.1798585222742861),(0.28971599500763406,0.75828370558936486,1.1802047819291961),(0.29002690064329206,0.75867594473512345,1.3246375000017798),(0.29006491668262213,0.75871758825624902,1.348696375666897),(0.29300000000000154,0.7600000000019248,1.3890147772572055),(0.28900000000000153,0.75600000000192469,1.3954659109029923),(0.29025761125137817,0.75891192444315314,1.3745412809165503),(0.29025269178041674,0.75890728353584469,1.3978190651695035),(0.29300000000000159,0.7600000000019248,1.4588488663543262),(0.28900000000000159,0.75600000000192469,1.4628488663544852),(0.29031230569681199,0.75896248195673932,1.5112244331800335),(0.29009759602733204,0.75875246274997998,1.4873331120761755),(0.29020002714655202,0.75885659798203065,1.5338672721886726),(0.29012639306316529,0.75878251382445394,1.4208090602687069),(0.28975591756065067,0.75834007032708495,1.4453903440817264),(0.29002241176844962,0.75867094895750642,1.4662601085323188),(0.6724999921883198,0.75600000000189882,1.1584000000000059),(0.67449999999999444,0.76000000000189893,1.1544000000000056),(0.42866817344051367,0.75600000000189926,1.1584000000000059),(0.48374999999999807,0.76000000000189927,1.1544000000000056),(0.38837499559191063,0.76000000000189949,1.1544000000000056),(0.32791704744546074,0.7600000000018996,1.1544000000000056),(0.43606249779595435,0.76000000000189927,1.1544000000000056),(0.55058408281441673,0.75600000000189915,1.1584000000000059),(0.35883408672025713,0.75600000000189937,1.1584000000000059),(0.48962613593913934,0.75600000000189915,1.1584000000000059),(0.57912500440808545,0.76000000000189905,1.1544000000000056),(0.61154202968969407,0.75600000000189904,1.1584000000000059),(0.62681250661212917,0.76000000000189905,1.1544000000000056),(0.91633181093612603,0.7560000000018986,1.1584000000000059),(0.86524999999999097,0.7600000000018986,1.1544000000000056),(0.96062500440807819,0.76000000000189849,1.1544000000000059),(0.76987499559190353,0.76000000000189871,1.1544000000000056),(0.91293750220403458,0.76000000000189849,1.1544000000000056),(0.79441590156222297,0.75600000000189871,1.1584000000000059),(0.98616589765638252,0.75600000000189849,1.1584000000000059),(0.85537384843750019,0.7560000000018986,1.1584000000000059),(0.73345795468694563,0.75600000000189882,1.1584000000000059),(0.88585282968681323,0.7560000000018986,1.1584000000000059),(0.72218749338785981,0.76000000000189893,1.1544000000000059),(1.0210829566398592,0.75600000000189826,1.1584000000000059),(1.0083125066121219,0.76000000000189838,1.1544000000000056),(0.98446875551010016,0.76000000000189849,1.1544000000000056),(0.32391704336012894,0.75600000000189937,1.1584000000000059),(1.0385414806853468,0.76000000000189838,1.1544000000000056),(0.95124885429625428,0.75600000000189849,1.1584000000000059),(0.97254687566062814,0.75877984217973093,1.1572761914863889),(0.99749183755228521,0.75881596310700083,1.1572408364596953),(1.0217851035772307,0.7590222931795797,1.1570202564661061),(0.81756249779594725,0.76000000000189871,1.1544000000000056),(0.94859066798397118,0.75897731826050274,1.1570712498922813),(0.93678125330605644,0.76000000000189849,1.1544000000000056),(0.53143750220404173,0.76000000000189916,1.1544000000000056),(0.52010510156510381,0.75600000000189915,1.1584000000000059),(0.50759375110201987,0.76000000000189916,1.1544000000000056),(0.49567187880530439,0.75894330398923249,1.1571086826388817),(0.45914715468982648,0.75600000000189926,1.1584000000000056),(0.47011560844962658,0.75890037790064202,1.1571545976193478),(0.44486045009328823,0.75868415566620062,1.1573656885153087),(0.39375113008038537,0.75600000000189937,1.1584000000000059),(0.41221874669393249,0.76000000000189927,1.1544000000000056),(0.40029687897436117,0.75893659405743996,1.1571159556979072),(0.35814602151868563,0.76000000000189949,1.1544000000000056),(0.37352488330352285,0.75883365358508603,1.1572231909907986),(0.34303153585394558,0.75880468531405376,1.1572519713006655),(0.45990624889797621,0.76000000000189927,1.1544000000000059),(0.42272849826926251,0.75906460815513888,1.1569706374437339),(0.90109233309745995,0.75872442614451774,1.1573287373035914),(0.87650073235935133,0.75887156680717383,1.1571846191988984),(0.84140624889796911,0.7600000000018986,1.1544000000000059),(0.82489488281153589,0.75600000000189871,1.1584000000000059),(0.82948437663067442,0.75895973394725402,1.1570907201587572),(0.80423946117880551,0.75891700612414725,1.1571369828795219),(0.76393692031290994,0.75600000000189871,1.1584000000000059),(0.77917642383486729,0.75860017608863672,1.15743958620835),(0.74603124448988167,0.76000000000189893,1.1544000000000059),(0.73410937727703984,0.75898145829212316,1.1570666282949977),(0.70297897343763283,0.75600000000189882,1.1584000000000059),(0.70956003548524926,0.75895452103696004,1.1570964431114734),(0.88909375110201272,0.7600000000018986,1.1544000000000056),(0.85301176061215223,0.75900904377538636,1.1570354611682332),(0.6983437511020163,0.76000000000189893,1.1544000000000056),(0.79371874669392528,0.76000000000189871,1.1544000000000056),(0.75686557573895252,0.75905008540517249,1.1569878522045833),(0.92486341131625205,0.7588135932220792,1.1572431836365922),(0.31976848267504832,0.75888256483468264,1.1571732327678783),(0.53534460525629923,0.75857729168289401,1.1574590141534666),(0.55528125330606348,0.76000000000189916,1.1544000000000056),(0.58106306406372965,0.75600000000189904,1.1584000000000059),(0.56720312839290943,0.7587723509442813,1.1572834129520944),(0.6029687555101072,0.76000000000189905,1.1544000000000056),(0.61489062807317085,0.75897012668298069,1.1570792438295827),(0.64202101093900699,0.75600000000189904,1.1584000000000059),(0.63899143377301504,0.75897877551405168,1.1570696247766736),(0.65065624889797269,0.76000000000189905,1.1544000000000056),(0.5909974317893284,0.75898458820475623,1.1570631247172065),(0.68462899195774629,0.75877852071256302,1.1572774680989446),(0.66189355407754635,0.75905486406671174,1.1569822094309998),(0.67449999999999444,0.76000000000189893,1.1624000000000057),(0.86525001151158487,0.7600000000018986,1.1624000000000054),(0.96062499424419234,0.76000000000189849,1.1624000000000057),(1.0210829413507256,0.76000000000189838,1.1624000000000054),(0.91293750287788855,0.76000000000189849,1.1624000000000057),(0.7698750057557896,0.76000000000189871,1.1624000000000057),(0.72218751438948592,0.76000000000189893,1.1624000000000057),(0.48374998848840428,0.76000000000189916,1.1624000000000057),(0.38837500575579686,0.76000000000189949,1.1624000000000057),(0.57912499424419939,0.76000000000189905,1.1624000000000057),(0.43606249712210055,0.76000000000189927,1.1624000000000059),(0.62681248561050307,0.76000000000189905,1.1624000000000057),(0.34068749136630538,0.76000000000189949,1.1624000000000059),(0.31045852932463253,0.7600000000018996,1.1624000000000059),(0.81756249712209339,0.76000000000189871,1.1624000000000057),(0.84140625431683913,0.7600000000018986,1.1624000000000054),(0.82948437698517008,0.75895973403448702,1.1597092799372088),(0.80423946147719927,0.75891700622042468,1.1596630172230995),(0.74603124856104397,0.76000000000189871,1.1624000000000057),(0.75795312762010081,0.7589440969667639,1.1596921792781942),(0.78110266768345138,0.75902823193518354,1.1597866092220632),(0.79371876295053545,0.76000000000189871,1.1624000000000057),(0.53143750287789571,0.76000000000189916,1.1624000000000057),(0.99085397930905283,0.76000000000189838,1.1624000000000057),(1.0059684667670037,0.75882842713300225,1.1595715728816174),(1.0300556492100961,0.75882842713419629,1.1595715728828115),(0.98277126816303417,0.75888759251249283,1.1596320026205345),(0.93678126007263429,0.76000000000189849,1.1624000000000057),(0.92485937613562885,0.75890451171077455,1.1596497615134373),(0.89871401691346064,0.75886913751912077,1.1596128778449384),(0.87407137642620292,0.75875983976664374,1.1595046097891823),(0.8518778271984434,0.75906787930774111,1.1598332673367191),(0.8890937456831427,0.7600000000018986,1.1624000000000054),(0.47438664981509937,0.75866327261423039,1.1594155437693991),(0.50759374568314997,0.76000000000189916,1.1624000000000057),(0.51951562970318832,0.75898153896101983,1.1597334619006632),(0.54405590656934655,0.75895501299407286,1.1597040960298901),(0.44928078087420537,0.75891310574769477,1.159658866126257),(0.55528123704945376,0.76000000000189916,1.1624000000000057),(0.4967838168365743,0.75905136075514001,1.1598136516952369),(0.45990625431684623,0.76000000000189927,1.1624000000000059),(0.42561400058119364,0.75893719041794272,1.1596846892516932),(0.4122187399273548,0.76000000000189927,1.1624000000000057),(0.40029688044100242,0.75893659404066038,1.1596840442839615),(0.37352488436922826,0.75883365344313158,1.1595768088667326),(0.60296875143894513,0.76000000000189905,1.1624000000000057),(0.59104687908800668,0.75887521662773794,1.1596191495267694),(0.56748595565300741,0.7585349443861682,1.1593058026939727),(0.34939769268776311,0.75881374247783184,1.1595569640735472),(0.36453124856105107,0.76000000000189949,1.1624000000000057),(0.31378436481146449,0.75872479892654099,1.1594716095171174),(0.68773949154829084,0.75876441956743079,1.1595089821056122),(0.66307406401568991,0.75887439595990314,1.1596183012606365),(0.65065624280524881,0.76000000000189905,1.1624000000000057),(0.63873437867412863,0.75897055943156011,1.1597212359800049),(0.61487591392070784,0.75899015030000749,1.1597431219081993),(0.71206039478058381,0.75885066319698669,1.1595939851482682),(0.73497567571820854,0.75903711528231499,1.1597969381925446),(0.69834375719474029,0.76000000000189893,1.1624000000000057),(0.95965831989324946,0.75874981334518266,1.1594950857883473),(0.28500000000000142,0.67000000000192494,1.3044999076758788),(0.28500000000000142,0.67000000000192494,0.75625004616206992),(0.28500000000000142,0.67000000000192494,1.8527499538379479),(0.28500000000000142,0.67000000000192494,1.0303749769189743),(0.28500000000000147,0.67000000000192494,2.126874884594852),(0.28500000000000136,0.67000000000192494,0.4821249307569046),(0.28500000000000142,0.67000000000192494,1.5786250230810439),(0.28500000000000142,0.67000000000192494,1.1674373499732957),(0.28500000000000147,0.67000000000192494,1.9898123268922696),(0.28500000000000136,0.67000000000192494,0.34506237305432202),(0.28500000000000142,0.67000000000192494,1.4415624653784611),(0.28900000000000137,0.67400000000192706,0.95380000000000342),(0.28900000000000131,0.6740000000019255,0.44229999999999992),(0.28900000000000142,0.67400000000192606,1.6699000000000086),(0.28900000000000137,0.67400000000192661,1.2607000155891406),(0.28900000000000137,0.67400000000192684,1.0560999334630297),(0.28900000000000131,0.67400000000192573,0.49345000000000011),(0.28900000000000137,0.67400000000192661,1.311850023383708),(0.28500000000000142,0.67000000000192494,1.7156875807836265),(0.28500000000000131,0.67000000000192494,0.61918748845948701),(0.28500000000000147,0.67000000000192494,2.263937442297435),(0.28500000000000142,0.67000000000192494,1.0989062557702656),(0.28500000000000147,0.67000000000192494,1.9212812326892394),(0.28500000000000142,0.67000000000192494,1.2359686288245872),(0.28500000000000142,0.67000000000192494,0.8933126038646525),(0.28500000000000142,0.67000000000192494,1.3730311865271698),(0.28500000000000153,0.67000000000192494,2.0583436057435609),(0.28500000000000131,0.67000000000192494,0.41359365190561331),(0.28500000000000142,0.67000000000192494,1.5100937442297524),(0.28500000000000142,0.67000000000192494,1.6471563019323354),(0.28500000000000147,0.67000000000192494,1.7842186749866566),(0.28500000000000136,0.67000000000192494,0.55065620960819595),(0.28500000000000147,0.67000000000192494,2.1954061634461439),(0.28500000000000142,0.67000000000192494,0.96184369806768288),(0.28900000000000137,0.67400000000192684,1.1072499667315174),(0.28900000000000131,0.67400000000192517,0.39114999999999989),(0.28900000000000137,0.67400000000192728,0.85150006653697718),(0.28900000000000142,0.67400000000192584,1.7210500000000089),(0.28900000000000137,0.67400000000192706,0.90264996673151554),(0.28500000000000153,0.67000000000192494,2.3324687211487265),(0.28500000000000136,0.67000000000192494,0.68771876731077852),(0.28500000000000136,0.67000000000192494,0.82478132501336121),(0.28900000000000137,0.67400000000192728,0.8003500332684893),(0.28500000000000131,0.67000000000192494,0.27783397233307333),(0.28900000000000131,0.67400000000192484,0.27399999999999985),(0.28900000000000131,0.67400000000192484,0.30699999999999972),(0.28500000000000131,0.67000000000192494,0.24291698616653684),(0.28500000000000153,0.67000000000192494,2.3660830138334812),(0.28900000000000131,0.67400000000192473,0.24099999999999996),(0.28782842719127916,0.67117157294371022,2.3570289780977873),(0.28900000000000142,0.6740000000019255,2.0298250000000122),(0.28500000000000153,0.67000000000192494,2.2982029893989502),(0.28500000000000147,0.67000000000192494,1.6128905701825589),(0.28900000000000142,0.67400000000192606,1.6187500000000081),(0.28900000000000142,0.67400000000192606,1.6443249913001083),(0.28773764325214857,0.67108361363795088,1.6315374999652226),(0.28900000000000137,0.67400000000192672,1.2095500077945729),(0.28900000000000137,0.67400000000192695,1.0049500332684913),(0.28500000000000147,0.67000000000192494,1.6814220336821115),(0.28789908223970939,0.67124403879620909,1.6571124999645241),(0.2879112614865299,0.67125690748488209,2.3082062501819376),(0.28770566690232785,0.67105392352402149,2.2810703090910067),(0.28793635077884056,0.67128378128768051,2.2551812469089052),(0.28500000000000147,0.67000000000192494,2.2296718951959198),(0.2879566526467004,0.67130589437541954,1.6807883682167841),(0.28900000000000142,0.67400000000192584,1.6954750086999086),(0.28794629257257548,0.67129456841402713,1.7082624999601146),(0.28500000000000147,0.67000000000192494,1.7499531278851415),(0.28778572726872664,0.67112950813043648,1.7348418611761007),(0.28900000000000142,0.67400000000192584,1.7466249913001095),(0.28794049977773767,0.67128827341962838,2.2315975942064208),(0.2878895342539684,0.67123402968481161,1.7598271152456402),(0.28500000000000147,0.67000000000192494,1.8184842220881718),(0.28793817276568945,0.67128575226102705,1.810562499951138),(0.28777782292275,0.67112185827333448,1.8372824281342393),(0.28795216060326878,0.67130097281189582,1.7867952730470258),(0.28796933446730405,0.67131987820967576,2.202156246717653),(0.28500000000000147,0.67000000000192494,2.1611404316963676),(0.28777363154548102,0.67111781887473654,2.175899948292388),(0.28786322293213901,0.67120680211404049,2.1491312473445086),(0.28820563179786268,0.67160752747824959,2.3790144890455109),(0.28794291378343378,0.67129089342165082,2.3317453361691616),(0.28500000000000147,0.67000000000192494,1.8870156855877245),(0.28789815608540548,0.67124306487308427,1.8621643519806319),(0.28792949818645913,0.67127639203168743,1.9128624999452171),(0.28500000000000147,0.67000000000192494,1.9555467797907542),(0.28776982030711168,0.67111415602375835,1.9397254410913516),(0.28797027571736866,0.67132092139859523,1.8859936519239515),(0.28900000000000142,0.67400000000192561,1.9512249913001114),(0.28794170884457732,0.67128958507543413,2.1255926724234668),(0.28500000000000153,0.67000000000192494,2.0926093374933368),(0.2879060544748917,0.67125139173791737,1.9645068582301461),(0.28900000000000142,0.6740000000019255,2.0033124963644648),(0.28500000000000147,0.67000000000192494,2.024077873993785),(0.28797097497085206,0.67132169685952681,1.9883676876249221),(0.28779434782576718,0.6711378993348206,2.0129613826458828),(0.28768194047281848,0.6710323080872771,2.0381408090260273),(0.28900000000000148,0.67400000000192539,2.0563375036355596),(0.28788253973348421,0.67122674114547209,2.0695937485064593),(0.28800418473113493,0.67135900130801662,2.0961062481176973),(0.28793347606706982,0.67128067689424953,1.6075972002095045),(0.28900000000000137,0.67400000000192617,1.5931750086999077),(0.28800097966125449,0.6713553599370492,1.5803874999737282),(0.28500000000000147,0.67000000000192494,1.5443594759795285),(0.28786749397150119,0.67121118693479176,1.5552181407144128),(0.28772954608592838,0.67107603383166903,1.5288374421977255),(0.28900000000000142,0.67400000000192617,1.5420250272809923),(0.28500000000000142,0.67000000000192494,1.4758280124799763),(0.28796088779095702,0.6713105495953603,1.5036624999884056),(0.28794539611690695,0.67129359247264964,1.4797778459703883),(0.2877713833432638,0.67111565703260101,1.4545017237161431),(0.28500000000000142,0.67000000000192494,1.4072969182769459),(0.28777189387987456,0.67111614766195982,1.4269374999881934),(0.28794199928924985,0.67128990033917035,1.4031097889339477),(0.28799630842283824,0.67135006871314828,1.3757874999896418),(0.28500000000000142,0.67000000000192494,1.3387654547773937),(0.28785441523887695,0.67119780199962831,1.3503981384904804),(0.28776711625737161,0.67111156312046161,1.324293844980871),(0.28900000000000137,0.67400000000192639,1.3374249961027227),(0.28900000000000137,0.67400000000192661,1.2862750506646929),(0.28500000000000142,0.67000000000192494,1.2702343605743633),(0.28797332060352049,0.67132430110468533,1.2990624999903693),(0.28793940890513703,0.67128709099342321,1.275077646522307),(0.28776035986879911,0.67110510563515935,1.2495581108058011),(0.28900000000000137,0.67400000000192661,1.2351249805135878),(0.28500000000000142,0.67000000000192494,1.2017028970748109),(0.28780354445485717,0.67114690720819248,1.2223374999906569),(0.28794844492736832,0.6712969142633135,1.1985909547184475),(0.28900000000000137,0.67400000000192672,1.183975035075558),(0.28798956623782462,0.67134246473223091,1.1711874999919978),(0.28500000000000142,0.67000000000192494,1.1331718028717808),(0.28784074043842173,0.67118394003070214,1.1455658817686445),(0.2878002106848272,0.67114363515817899,1.1197236517490678),(0.28900000000000137,0.67400000000192684,1.1328250499027364),(0.28900000000000137,0.67400000000192684,1.0816748835602987),(0.28500000000000142,0.67000000000192494,1.0646407086687504),(0.28798362275249928,0.67133579369032359,1.0944624999950159),(0.28793232710351707,0.6712794379721253,1.0703608309661192),(0.28775006850663609,0.67109532735103705,1.0445895076274805),(0.28900000000000137,0.67400000000192695,1.0305249833657606),(0.28500000000000142,0.67000000000192494,0.99610924516919797),(0.28783266271125274,0.67117581481601973,1.0177374999949083),(0.28795297221343419,0.67130186080857446,0.99404364893823893),(0.28900000000000137,0.67400000000192695,0.97937508317122213),(0.28798073545004393,0.67133256374648043,0.9665874999953592),(0.28500000000000142,0.67000000000192494,0.9275781509661678),(0.28782651660646758,0.67116966364852604,0.94072182780562064),(0.28782920861453432,0.67117235458294944,0.9151281667971275),(0.28900000000000137,0.67400000000192706,0.92822491682878472),(0.28900000000000137,0.67400000000192706,0.87707501663424647),(0.28500000000000142,0.67000000000192494,0.85904705676313731),(0.28797552986403024,0.67132675814450304,0.86428749999568732),(0.28781921254852239,0.67116238822328755,0.83829552131482132),(0.28793809059728831,0.67128566331644635,0.88829419850311797),(0.28500000000000142,0.67000000000192494,0.790515593263585),(0.28900000000000137,0.67400000000192728,0.82592511643970823),(0.28784227841983434,0.67118549233909075,0.81282130814856035),(0.28900000000000137,0.67400000000192739,0.77477495009727049),(0.28796979311291893,0.67132038643529479,0.76198749999605242),(0.28500000000000142,0.67000000000192494,0.72198449906055484),(0.28781178726021306,0.67115503033542379,0.73586643990506162),(0.2879413350734028,0.67128917946452693,0.78594031970462486),(0.28900000000000137,0.67400000000192728,0.72362500000000129),(0.28785444787853814,0.67119783524789689,0.7105085531709967),(0.28500000000000136,0.67000000000192494,0.65345303556100243),(0.28796352151435306,0.67131345198746939,0.65968749999721321),(0.28780424558211232,0.67114759632866761,0.6334346429265757),(0.28794430044650104,0.67129240053362427,0.68359064910758638),(0.28500000000000131,0.67000000000192494,0.58492194135797226),(0.28786575368748085,0.67120939866839524,0.60819002945091327),(0.28795671106675325,0.67130595849004226,0.55738749999733428),(0.28500000000000136,0.67000000000192494,0.51639047785841974),(0.28779659209894182,0.67114009220058868,0.53100019041626445),(0.28794697739502839,0.67129531439483481,0.58124528351447657),(0.28900000000000137,0.67400000000192606,0.51902500000000029),(0.28787623061968481,0.67122019831432278,0.50586585874427514),(0.28900000000000137,0.67400000000192561,0.46787499999999982),(0.28500000000000131,0.67000000000192494,0.44785938365538941),(0.28794935745237338,0.67129790995565741,0.45508749999747228),(0.2877888311289884,0.67113252359679221,0.42856314315090177),(0.28794935633903901,0.67129790874044271,0.47890432632697982),(0.28900000000000131,0.67400000000192539,0.4167249999999999),(0.28500000000000136,0.67000000000192494,0.379327920155837),(0.28788591165713406,0.671230250210477,0.40353615757444133),(0.28900000000000131,0.67400000000192506,0.36557499999999987),(0.28794145604139421,0.6712893107249045,0.3527874999976241),(0.28500000000000136,0.67000000000192494,0.31144826501782813),(0.28779167417542312,0.67113529141320538,0.32629954384958526),(0.28795142741592233,0.67130017107983564,0.3765678883009288),(0.28768062012587431,0.67103111540653149,0.294641191717888),(0.28779370047309127,0.67113726744950974,0.27186700430372274),(0.28778718757119265,0.67113092603233171,0.23235004556623393),(0.29041811645729043,0.67094486050071078,1.1569818835427153),(0.29300000000000143,0.67000000000192494,1.032536397488601),(0.28900000000000137,0.67400000000192706,0.88886817819401986),(0.29300000000000137,0.67000000000192494,0.89286819874430134),(0.29300000000000143,0.67000000000192494,0.96270240470654589),(0.29300000000000143,0.67000000000192494,1.0934681987443031),(0.29300000000000143,0.67000000000192494,0.99761940109757352),(0.29300000000000137,0.67000000000192494,0.82303399278205658),(0.28900000000000137,0.67400000000192728,0.81903408909701059),(0.28900000000000137,0.67400000000192728,0.78411704454850595),(0.29300000000000143,0.67000000000192494,1.1194830036089778),(0.29300000000000137,0.67000000000192494,0.78811699639102895),(0.28900000000000137,0.67400000000192684,1.1234829554515009),(0.2901177149944843,0.67122647640422983,1.1153664777288639),(0.29300000000000143,0.67000000000192494,1.0630024047065469),(0.29003201551184865,0.67131838331080651,1.0688875000027978),(0.2901357635996864,0.67120784136690592,1.0436301116718094),(0.29025887932414463,0.67108688183741605,1.0173405114054495),(0.29001809760367186,0.6713338683287392,1.092138440192558),(0.29300000000000143,0.67000000000192494,1.136941395214397),(0.28971599500657391,0.67171629441600889,1.1365952180739449),(0.29002690064320291,0.6713240552688251,0.99216250000256689),(0.29006491668193923,0.67128241174833803,0.96810362431860475),(0.29300000000000143,0.67000000000192494,0.92778519513532876),(0.28900000000000137,0.67400000000192706,0.92133408909701142),(0.29025761124926319,0.67108807556268812,0.94225871905512515),(0.29025269178085272,0.67109271646759283,0.91898093477355158),(0.29300000000000143,0.67000000000192494,0.8579512023532736),(0.28900000000000137,0.67400000000192728,0.85395113364551523),(0.29031230569635247,0.67103751804752687,0.80557556681789777),(0.29009759602727431,0.67124753725393016,0.82946688793836676),(0.29020002714656651,0.67114340202180445,0.78293272779532153),(0.29012639306359833,0.67121748617894816,0.89599093967338783),(0.28975591755414609,0.67165992968578181,0.8714096559216824),(0.29002241176724697,0.67132905104768359,0.85053989148151377),(0.68750000105503895,0.67400000000192506,1.1584000000000054),(0.68949999999999267,0.67000000000192517,1.1544000000000054),(0.49124999999999708,0.6700000000019255,1.1544000000000054),(0.48825000052752021,0.6740000000019255,1.1584000000000054),(0.42866818085826475,0.6740000000019255,1.1584000000000054),(0.39212499999999922,0.67000000000192561,1.1544000000000054),(0.358834090429133,0.67400000000192561,1.1584000000000054),(0.44168749999999812,0.67000000000192561,1.1544000000000054),(0.34256250000000027,0.67000000000192572,1.1544000000000054),(0.80666364195318829,0.67000000000192494,1.1544000000000054),(0.88674999947246502,0.67400000000192484,1.1584000000000054),(0.78712500026375209,0.67400000000192495,1.1584000000000054),(0.73731250171444207,0.67400000000192506,1.1584000000000054),(0.94633182097658608,0.67000000000192461,1.1544000000000054),(0.87649773146488719,0.67000000000192472,1.1544000000000054),(0.74808182097659037,0.67000000000192506,1.1544000000000054),(0.98637500079127094,0.67400000000192473,1.1584000000000054),(0.93656250013186793,0.67400000000192473,1.1584000000000054),(1.016165910488285,0.6700000000019245,1.1544000000000054),(1.0361875014506738,0.6740000000019245,1.1584000000000056),(0.58787499973623314,0.67400000000192539,1.1584000000000054),(0.59037499999999477,0.67000000000192528,1.1544000000000054),(0.63993749999999372,0.67000000000192517,1.1544000000000054),(0.63768750039563604,0.67400000000192517,1.1584000000000054),(1.0510829552441343,0.6700000000019245,1.1544000000000054),(0.32391704626961371,0.67400000000192573,1.1584000000000054),(0.32791704475585082,0.67000000000192572,1.1544000000000054),(0.33523977203288641,0.67125566768279132,1.1573100928030196),(1.0510829558404644,0.6740000000019245,1.1584000000000054),(1.0436352225811962,0.67117157282661721,1.1572284270741906),(0.54081249999999592,0.67000000000192528,1.1544000000000056),(0.53806249907683024,0.67400000000192539,1.1584000000000054),(0.51315624874712873,0.67400000000192539,1.1584000000000054),(1.0112812511209723,0.67400000000192473,1.1584000000000054),(0.98124886573243564,0.67000000000192461,1.1544000000000054),(0.99882812023160672,0.67101455083465966,1.157062159512446),(0.3673437499999998,0.67000000000192572,1.1544000000000054),(0.39375113458865246,0.67400000000192561,1.1584000000000054),(0.5160312499999965,0.6700000000019255,1.1544000000000054),(0.37973437439212493,0.67121970003627895,1.1572757489634975),(0.83693749881306212,0.67400000000192495,1.1584000000000054),(0.50070312352028234,0.67124554929488811,1.1573005174197948),(0.45845908963784598,0.6740000000019255,1.1584000000000054),(0.4664687499999976,0.6700000000019255,1.1544000000000056),(0.52842187351376091,0.67110504401150006,1.1571602952402833),(0.56296874940653174,0.67400000000192539,1.1584000000000054),(0.56559374999999545,0.67000000000192528,1.1544000000000054),(0.57798437321922025,0.67111034549242088,1.1571658446839492),(0.61278125006593465,0.67400000000192517,1.1584000000000054),(0.61515624999999419,0.67000000000192517,1.1544000000000054),(0.62754687292468592,0.67111579374097907,1.1571715256167587),(0.66259375072533755,0.67400000000192517,1.1584000000000054),(0.66471874999999314,0.67000000000192517,1.1544000000000054),(0.67710937263016413,0.67112138957315115,1.1571773372138405),(0.71240625138474067,0.67400000000192506,1.1584000000000054),(0.71879091048829158,0.67000000000192506,1.1544000000000054),(0.70226919622208861,0.6711053621655737,1.157160628876976),(0.47577538772855116,0.67124929412184553,1.1573040690696548),(0.55320338846304307,0.67108443939053708,1.1571385226530653),(0.60276595663829291,0.67108450885518889,1.1571385966065362),(0.40525831831366937,0.67112739186482917,1.1571835449503678),(0.65232852932492702,0.67108459387177488,1.157138687111795),(0.4169062499999987,0.67000000000192561,1.1544000000000054),(0.31258294470519138,0.67144695498479967,1.1574792793216209),(1.0685414776220592,0.6700000000019245,1.1544000000000054),(1.0685414768651778,0.6740000000019245,1.1584000000000054),(0.97466500389181421,0.67127769520913527,1.1573307092341596),(0.96146875046156943,0.67400000000192473,1.1584000000000054),(0.94901562056108901,0.67134060904284243,1.1573879156157403),(0.91141477622073674,0.67000000000192472,1.1544000000000054),(0.92339312191178957,0.67120505690816179,1.157261519369611),(0.89784447227969422,0.67110452374664897,1.1571597494913786),(0.91165624980216653,0.67400000000192484,1.1584000000000054),(0.86184374914276352,0.67400000000192484,1.1584000000000054),(0.84158068670903774,0.67000000000192494,1.1544000000000054),(0.84939062121677,0.67127805047598743,1.1573310391976706),(0.82242392522442442,0.67112993708877478,1.1571861692114067),(0.8733128991780672,0.67130966446061191,1.1573600835588174),(0.81203124848336061,0.67400000000192495,1.1584000000000054),(0.79801517140452061,0.67122066972014593,1.1572766861463875),(0.77737273146488928,0.67000000000192494,1.1544000000000054),(0.76221875204414358,0.67400000000192506,1.1584000000000054),(0.74976562187740481,0.67134574094298038,1.1573924753713345),(0.77372801989185003,0.67130708458121546,1.1573577367254266),(0.72597136241958493,0.67131763846613712,1.1573673113404828),(0.35746424098417751,0.67096034650402714,1.157000097423702),(0.45186745414759422,0.67110548235172218,1.157160754891817),(0.42855540972043804,0.6709698692491991,1.1570111889287087),(1.0211288954769673,0.67137883029135637,1.1574215011746536),(1.0648176085019982,0.67103114170968881,1.1570806492572983),(0.68949999543983997,0.67000000000192506,1.1624000000000054),(0.80666363360348736,0.67000000000192494,1.1624000000000054),(0.94633182400057037,0.67400000000192473,1.1584000000000054),(0.94633181680173573,0.67000000000192461,1.1624000000000054),(0.87649772064245879,0.67000000000192472,1.1624000000000054),(0.84158067712297302,0.67000000000192472,1.1624000000000054),(0.5683363597657165,0.67400000000192539,1.1584000000000054),(0.49125000228007337,0.6700000000019255,1.1624000000000054),(0.43266818319824968,0.67000000000192561,1.1624000000000054),(0.5903749988599567,0.67000000000192528,1.1624000000000054),(0.49850226982428775,0.6740000000019255,1.1584000000000054),(0.53341931285328004,0.67400000000192539,1.1584000000000054),(0.62791818085371554,0.67400000000192517,1.1584000000000054),(0.54081249600986236,0.67000000000192528,1.1624000000000054),(0.63993750171005104,0.67000000000192517,1.1624000000000054),(1.0161659129610126,0.6700000000019245,1.1624000000000054),(1.0161659100585549,0.67400000000192473,1.1584000000000054),(0.36283409615927825,0.67000000000192572,1.1624000000000054),(0.32791704351948708,0.67000000000192572,1.1624000000000054),(1.0510829564804984,0.6700000000019245,1.1624000000000057),(0.74808181452166367,0.67000000000192506,1.1624000000000054),(0.71879090498075193,0.67000000000192506,1.1624000000000054),(0.98124886032122138,0.67000000000192461,1.1624000000000054),(0.9812488670295626,0.67400000000192473,1.1584000000000054),(0.69995312281026245,0.67122294543109695,1.1595211168987589),(0.65770909333943717,0.67400000000192517,1.1584000000000054),(0.66471874857494562,0.67000000000192517,1.1624000000000054),(0.67482362908386451,0.67123742552162868,1.1595072189435107),(0.72485937268882028,0.67130600904645876,1.1594432428689807),(0.74865467715389789,0.67131772157678027,1.159432613532084),(0.77737272406257552,0.67000000000192494,1.1624000000000057),(0.7746718724417081,0.67134050106156629,1.1594121804963824),(0.79918625675101551,0.67127284589187064,1.159473802730508),(0.82412216033962427,0.67081261649419377,1.1599832694865548),(0.84765044219675034,0.67125949309819255,1.159486304423835),(0.87429687196221362,0.67134337972514524,1.1594096206419635),(0.91141477328224996,0.67000000000192461,1.1624000000000054),(0.91654091151484873,0.67400000000192484,1.1584000000000054),(0.8998080387931543,0.67121163599944988,1.1595320693541038),(0.92471627751046204,0.6710518966396023,1.1596965417397278),(0.5160312491449679,0.6700000000019255,1.1624000000000054),(0.5036406235797084,0.6710338700049806,1.1597163322036448),(0.46358522679529535,0.6740000000019255,1.1584000000000054),(0.46195909273916147,0.6700000000019255,1.1624000000000054),(0.47739097037159384,0.67116993505276279,1.1595732116486215),(0.52785909864166769,0.67105307757071808,1.1596952545065353),(0.55407143096805811,0.67120251362053518,1.1595409669561363),(0.59812726836799412,0.67400000000192539,1.1584000000000054),(0.61515624572485128,0.67000000000192517,1.1624000000000054),(0.60276562287779945,0.67102872046971418,1.1597220347385684),(0.57839847678781842,0.67106153446240979,1.1596860692210282),(0.56559375199506223,0.67000000000192528,1.1624000000000057),(0.62660113766236247,0.67103162901213154,1.1597188111467258),(0.65072841321495556,0.67109675864563556,1.1596484205213915),(0.44731363337630958,0.67122799830154711,1.1595162512985582),(0.39775113967876397,0.67000000000192561,1.1624000000000054),(0.42389113526143785,0.67111196182705957,1.1596324676152778),(1.0336244284371991,0.67117157275893025,1.1595715729935072),(0.96379033868268615,0.67117157266591865,1.1595715730865193),(0.99870738476003484,0.67117157279988449,1.1595715729525533),(1.0566642691337547,0.6711715728687131,1.1595715728837244),(0.37629261128289154,0.67131230567409361,1.1594375180675476),(0.35240129020300998,0.67109759600461771,1.1596475372779309),(0.39893545019513899,0.67120002711074156,1.159543402056886),(0.31524599465892233,0.67107830132952284,1.1596680269277224),(0.68750000105503872,0.67400000000191573,1.5676000000000074),(0.68949999999999267,0.67000000000191562,1.5636000000000077),(0.49124999999999708,0.67000000000191584,1.5636000000000079),(0.48825000052751999,0.67400000000191596,1.5676000000000074),(0.42866817888348646,0.67400000000191618,1.5676000000000074),(0.39212499999999922,0.67000000000191595,1.5636000000000077),(0.35883409049679005,0.67400000000191629,1.5676000000000074),(0.44168749999999812,0.67000000000191595,1.5636000000000077),(0.34256250000000027,0.67000000000191606,1.5636000000000077),(0.80666364195318829,0.67000000000191529,1.5636000000000077),(0.88675000158255735,0.67400000000191529,1.5676000000000074),(0.78712500131879803,0.67400000000191562,1.5676000000000074),(0.73731250118691827,0.67400000000191562,1.5676000000000074),(0.94633182097658586,0.67000000000191517,1.5636000000000077),(0.87649773146488708,0.67000000000191529,1.5636000000000077),(0.74808182097659048,0.6700000000019154,1.5636000000000077),(0.98637500184631666,0.67400000000191518,1.5676000000000074),(0.936562501714437,0.67400000000191529,1.5676000000000074),(1.016165910488285,0.67000000000191506,1.5636000000000077),(1.0361874998681042,0.67400000000191518,1.5676000000000074),(0.58787500079127941,0.67400000000191584,1.5676000000000074),(0.59037499999999488,0.67000000000191573,1.5636000000000077),(0.63993749999999383,0.67000000000191562,1.5636000000000079),(0.63768750092315896,0.67400000000191573,1.5676000000000074),(1.0510829552441343,0.67000000000191506,1.5636000000000077),(0.32391704524839565,0.67400000000191629,1.5676000000000074),(0.32791704475585093,0.67000000000191606,1.5636000000000074),(0.33523977203288641,0.67125566768278166,1.5665100928030216),(1.0510829547515894,0.67400000000191507,1.5676000000000074),(1.0436352225811962,0.67117157282660778,1.5664284270741928),(0.54081249999999592,0.67000000000191573,1.5636000000000077),(0.53806250065939965,0.67400000000191584,1.5676000000000074),(0.51315624953841377,0.67400000000191596,1.5676000000000074),(1.0112812508572104,0.67400000000191518,1.5676000000000074),(0.98124886573243542,0.67000000000191517,1.5636000000000077),(0.99882812023160672,0.67101455083465034,1.5662621595124482),(0.3673437499999998,0.67000000000191595,1.5636000000000077),(0.39375113574518433,0.67400000000191618,1.5676000000000074),(0.5160312499999965,0.67000000000191584,1.5636000000000077),(0.37973437439212493,0.67121970003626952,1.5664757489634997),(0.83693750145067758,0.67400000000191551,1.5676000000000074),(0.50070312352028234,0.67124554929487856,1.566500517419797),(0.4584590907605493,0.67400000000191596,1.5676000000000074),(0.4664687499999976,0.67000000000191584,1.5636000000000077),(0.5284218735137608,0.67110504401149063,1.5663602952402855),(0.56296875178038552,0.67400000000191584,1.5676000000000074),(0.56559374999999545,0.67000000000191573,1.5636000000000077),(0.57798437321922014,0.67111034549241133,1.5663658446839517),(0.61278124980217297,0.67400000000191584,1.5676000000000074),(0.6151562499999943,0.67000000000191573,1.5636000000000077),(0.62754687292468592,0.67111579374096952,1.5663715256167607),(0.66259375204414483,0.67400000000191573,1.5676000000000074),(0.66471874999999314,0.67000000000191562,1.5636000000000077),(0.67710937263016413,0.6711213895731416,1.5663773372138428),(0.7124062500659325,0.67400000000191562,1.5676000000000074),(0.71879091048829158,0.6700000000019154,1.5636000000000077),(0.70226919622208894,0.67110536216556427,1.5663606288769782),(0.47577538772855077,0.67124929412183609,1.566504069069657),(0.55320338846304284,0.67108443939052742,1.5663385226530673),(0.60276595663829291,0.67108450885517923,1.5663385966065384),(0.40525831831367048,0.67112739186481962,1.5663835449503698),(0.65232852932492713,0.67108459387176533,1.5663386871117972),(0.4169062499999987,0.67000000000191595,1.5636000000000077),(0.31258294470520048,0.67144695498479079,1.5666792793216235),(1.068541477622059,0.67000000000191506,1.5636000000000077),(1.0685414773757866,0.67400000000191507,1.5676000000000074),(0.97466500389181454,0.67127769520912572,1.5665307092341616),(0.96146875283542288,0.67400000000191529,1.5676000000000074),(0.9490156205610889,0.67134060904283299,1.5665879156157425),(0.91141477622073674,0.67000000000191517,1.5636000000000077),(0.92339312191178957,0.67120505690815235,1.566461519369613),(0.89784447227969422,0.67110452374663954,1.5663597494913808),(0.91165625059345112,0.67400000000191529,1.5676000000000074),(0.86184375257166357,0.67400000000191551,1.5676000000000074),(0.84158068670903752,0.67000000000191529,1.5636000000000077),(0.84939062121677,0.67127805047597811,1.5665310391976728),(0.82242392522442431,0.67112993708876534,1.5663861692114089),(0.8733128991780672,0.67130966446060247,1.5665600835588196),(0.8120312503296917,0.67400000000191551,1.5676000000000074),(0.79801517140452038,0.67122066972013639,1.5664766861463897),(0.77737273146488928,0.6700000000019154,1.5636000000000077),(0.76221875230790426,0.67400000000191562,1.5676000000000074),(0.74976562187740481,0.67134574094297095,1.5665924753713365),(0.77372801989185036,0.67130708458120603,1.5665577367254289),(0.72597136241958515,0.67131763846612769,1.566567311340485),(0.35746424098417751,0.67096034650401759,1.5662000974237043),(0.45186745414759322,0.67110548235171263,1.5663607548918193),(0.42855540972043821,0.67096986924918944,1.5662111889287107),(1.0211288954769673,0.67137883029134704,1.5666215011746558),(1.0648176085019982,0.67103114170967937,1.5662806492573005),(0.68949999543983997,0.67000000000191562,1.5716000000000074),(0.80666364272379265,0.6700000000019154,1.5716000000000074),(0.94633181806971367,0.67400000000191529,1.5676000000000074),(0.9463318259220409,0.67000000000191517,1.5716000000000074),(0.87649773888306948,0.67000000000191529,1.5716000000000072),(0.84158068624327842,0.67000000000191529,1.5716000000000074),(0.56833635609365707,0.67400000000191584,1.5676000000000074),(0.49125000228007337,0.67000000000191584,1.5716000000000074),(0.43266818319824979,0.67000000000191595,1.5716000000000074),(0.5903749988599567,0.67000000000191573,1.5716000000000074),(0.49850226707024325,0.67400000000191596,1.5676000000000074),(0.5334193096402291,0.67400000000191584,1.5676000000000074),(0.62791817707596431,0.67400000000191573,1.5676000000000074),(0.54081249600986236,0.67000000000191584,1.5716000000000074),(0.63993750171005104,0.67000000000191573,1.5716000000000074),(1.0161659129610126,0.67000000000191506,1.5716000000000074),(1.0161659109765699,0.67400000000191518,1.5676000000000074),(0.36283409615927831,0.67000000000191606,1.5716000000000074),(0.32791704351948714,0.67000000000191606,1.5716000000000074),(1.0510829564804982,0.67000000000191506,1.5716000000000074),(0.74808181452166367,0.6700000000019154,1.5716000000000074),(0.71879090498075193,0.67000000000191562,1.5716000000000074),(0.98124886944152678,0.67000000000191517,1.5716000000000074),(0.98124886452314186,0.67400000000191518,1.5676000000000074),(0.69995312281026245,0.67122294543108751,1.5687211168987607),(0.65770908756711788,0.67400000000191573,1.5676000000000074),(0.66471874857494562,0.67000000000191562,1.5716000000000074),(0.67482362908386417,0.67123742552161925,1.5687072189435125),(0.72485937268882017,0.67130600904644933,1.5686432428689827),(0.74865467715389789,0.67131772157677083,1.5686326135320861),(0.7773727331828808,0.6700000000019154,1.5716000000000072),(0.7746718724417081,0.67134050106155663,1.5686121804963842),(0.79918625675101551,0.6712728458918612,1.5686738027305098),(0.82412216033962415,0.67081261649418433,1.5691832694865564),(0.84765044219675045,0.67125949309818311,1.5686863044238368),(0.8742968719622134,0.67134337972513569,1.5686096206419655),(0.91141478240255525,0.67000000000191529,1.5716000000000074),(0.9165409075785601,0.67400000000191529,1.5676000000000074),(0.8998080387931543,0.67121163599944034,1.5687320693541056),(0.92471627751046215,0.67105189663959297,1.5688965417397296),(0.5160312491449679,0.67000000000191584,1.5716000000000074),(0.5036406235797084,0.67103387000497106,1.5689163322036466),(0.46358522450025741,0.67400000000191596,1.5676000000000074),(0.46195909273916153,0.67000000000191595,1.5716000000000074),(0.4773909703715935,0.67116993505275313,1.5687732116486233),(0.52785909864166825,0.67105307757070864,1.5688952545065371),(0.55407143096805878,0.67120251362052552,1.5687409669561383),(0.59812726658481086,0.67400000000191584,1.5676000000000074),(0.61515624572485128,0.67000000000191573,1.5716000000000074),(0.60276562287779945,0.67102872046970474,1.5689220347385702),(0.57839847678781875,0.67106153446240024,1.5688860692210302),(0.56559375199506223,0.67000000000191573,1.5716000000000074),(0.62660113766236303,0.6710316290121221,1.5689188111467278),(0.65072841321495578,0.67109675864562601,1.5688484205213933),(0.44731363337630969,0.67122799830153768,1.56871625129856),(0.39775113967876402,0.67000000000191595,1.5716000000000074),(0.42389113526143724,0.67111196182705002,1.5688324676152796),(1.0336244284371989,0.67117157275892081,1.5687715729935092),(0.96379033868268615,0.67117157266590921,1.568771573086521),(0.99870738476003473,0.67117157279987494,1.5687715729525551),(1.0566642691337544,0.67117157286870366,1.5687715728837264),(0.37629261128289149,0.67131230567408418,1.5686375180675494),(0.35240129020300925,0.67109759600460817,1.5688475372779327),(0.39893545019513948,0.6712000271107319,1.568743402056888),(0.3152459946589285,0.6710783013295134,1.5688680269277242),(0.6724999921883198,0.75600000000188927,1.5676000000000077),(0.67449999999999444,0.76000000000188928,1.5636000000000079),(0.42866817344051367,0.7560000000018896,1.5676000000000077),(0.48374999999999807,0.76000000000188961,1.5636000000000079),(0.38837500440808903,0.76000000000188972,1.5636000000000079),(0.32791704744546074,0.76000000000188983,1.5636000000000079),(0.43606250661213269,0.76000000000188972,1.5636000000000079),(0.55058408281441673,0.75600000000188938,1.5676000000000077),(0.35883408672025713,0.7560000000018896,1.5676000000000077),(0.48962613593913934,0.75600000000188949,1.5676000000000077),(0.579124995591907,0.76000000000188939,1.5636000000000079),(0.61154202968969407,0.75600000000188938,1.5676000000000077),(0.62681249779595083,0.76000000000188928,1.5636000000000079),(0.91633181093612603,0.75600000000188883,1.5676000000000077),(0.86524999999999097,0.76000000000188905,1.5636000000000079),(0.96062499559190007,0.76000000000188872,1.5636000000000079),(0.76987500440808188,0.76000000000188916,1.5636000000000079),(0.91293749338785635,0.76000000000188883,1.5636000000000079),(0.79441590156222297,0.75600000000188894,1.5676000000000077),(0.98616589765638252,0.75600000000188872,1.5676000000000077),(0.85537384843750019,0.75600000000188894,1.5676000000000077),(0.73345795468694563,0.75600000000188916,1.5676000000000077),(0.88585282968681323,0.75600000000188883,1.5676000000000077),(0.72218750220403827,0.76000000000188916,1.5636000000000079),(1.0210829566398592,0.75600000000188872,1.5676000000000077),(1.0083124977959437,0.76000000000188872,1.5636000000000079),(0.98446874669392193,0.76000000000188872,1.5636000000000079),(0.32391704336012894,0.75600000000188983,1.5676000000000077),(1.0385414718691688,0.76000000000188861,1.5636000000000079),(0.95124885429625428,0.75600000000188883,1.5676000000000077),(0.97254687566062814,0.75877984217972116,1.5664761914863912),(0.99749183755228543,0.75881596310699106,1.5664408364596976),(1.0217851035772307,0.75902229317957004,1.5662202564661083),(0.81756250661212559,0.76000000000188905,1.5636000000000079),(0.9485906679839714,0.75897731826049297,1.5662712498922835),(0.9367812444898781,0.76000000000188883,1.5636000000000079),(0.53143749338786328,0.76000000000188961,1.5636000000000079),(0.52010510156510381,0.75600000000188949,1.5676000000000077),(0.50759375110201987,0.76000000000188961,1.5636000000000079),(0.49567187880530439,0.75894330398922272,1.5663086826388841),(0.45914715468982648,0.75600000000188949,1.5676000000000077),(0.47011560844962658,0.75890037790063225,1.5663545976193498),(0.44486045009328823,0.75868415566619085,1.5665656885153108),(0.39375113008038537,0.7560000000018896,1.5676000000000077),(0.41221875551011078,0.76000000000188972,1.5636000000000079),(0.40029687897436117,0.7589365940574303,1.5663159556979096),(0.35814602151868563,0.76000000000188983,1.5636000000000079),(0.37352488330352285,0.75883365358507637,1.5664231909908006),(0.34303153585394558,0.7588046853140441,1.5664519713006675),(0.45990624889797621,0.76000000000188961,1.5636000000000079),(0.42272849826926245,0.75906460815512922,1.5661706374437363),(0.90109233309745995,0.75872442614450797,1.5665287373035934),(0.87650073235935133,0.75887156680716428,1.5663846191989004),(0.84140624889796911,0.76000000000188905,1.5636000000000079),(0.82489488281153589,0.75600000000188894,1.5676000000000077),(0.82948437663067454,0.75895973394724436,1.5662907201587593),(0.80423946117880551,0.75891700612413748,1.5663369828795242),(0.76393692031290994,0.75600000000188916,1.5676000000000077),(0.77917642383486729,0.75860017608862718,1.566639586208352),(0.74603125330606013,0.76000000000188916,1.5636000000000079),(0.73410937727703984,0.7589814582921135,1.566266628295),(0.70297897343763283,0.75600000000188916,1.5676000000000077),(0.70956003548524926,0.75895452103695027,1.5662964431114756),(0.88909375110201272,0.76000000000188883,1.5636000000000079),(0.85301176061215256,0.7590090437753767,1.5662354611682354),(0.6983437511020163,0.76000000000188928,1.5636000000000079),(0.79371875551010374,0.76000000000188905,1.5636000000000079),(0.75686557573895252,0.75905008540516272,1.5661878522045856),(0.92486341131625205,0.75881359322206954,1.5664431836365944),(0.31976848267504826,0.75888256483467287,1.5663732327678805),(0.53534460525629923,0.75857729168288446,1.5666590141534689),(0.55528124448988525,0.76000000000188939,1.5636000000000079),(0.58106306406372965,0.75600000000188938,1.5676000000000081),(0.56720312839290954,0.75877235094427153,1.5664834129520964),(0.60296874669392897,0.76000000000188939,1.5636000000000079),(0.61489062807317085,0.75897012668297115,1.5662792438295849),(0.64202101093900699,0.75600000000188927,1.5676000000000081),(0.63899143377301504,0.75897877551404203,1.5662696247766756),(0.65065624889797269,0.76000000000188928,1.5636000000000079),(0.59099743178932851,0.75898458820474646,1.5662631247172087),(0.68462899195774629,0.75877852071255336,1.5664774680989466),(0.66189355407754635,0.7590548640667022,1.5661822094310021),(0.67449999999999444,0.76000000000188928,1.5716000000000077),(0.86525001151158487,0.76000000000188883,1.5716000000000077),(0.96062499424419234,0.76000000000188872,1.5716000000000074),(1.0210829413507256,0.76000000000188872,1.5716000000000074),(0.91293750287788855,0.76000000000188883,1.5716000000000074),(0.7698750057557896,0.76000000000188905,1.5716000000000077),(0.72218751438948592,0.76000000000188916,1.5716000000000077),(0.48374998848840417,0.76000000000188961,1.5716000000000077),(0.3883750057557967,0.76000000000188972,1.5716000000000077),(0.57912499424419928,0.76000000000188939,1.5716000000000077),(0.43606249712210038,0.76000000000188961,1.5716000000000077),(0.62681248561050307,0.76000000000188928,1.5716000000000077),(0.34068749136630522,0.76000000000188983,1.5716000000000077),(0.31045852932463242,0.76000000000188983,1.5716000000000077),(0.81756249712209339,0.76000000000188905,1.5716000000000077),(0.84140625431683913,0.76000000000188905,1.5716000000000074),(0.82948437698516986,0.75895973403447736,1.5689092799372109),(0.80423946147719916,0.75891700622041491,1.5688630172231015),(0.74603124856104397,0.76000000000188916,1.5716000000000074),(0.75795312762010081,0.75894409696675424,1.5688921792781962),(0.78110266768345138,0.75902823193517377,1.5689866092220652),(0.79371876295053534,0.76000000000188905,1.5716000000000074),(0.5314375028778956,0.76000000000188939,1.5716000000000077),(0.99085397930905283,0.76000000000188872,1.5716000000000074),(1.0059684667670037,0.75882842713299259,1.5687715728816192),(1.0300556492100961,0.75882842713418674,1.5687715728828131),(0.98277126816303417,0.75888759251248306,1.5688320026205365),(0.93678126007263429,0.76000000000188872,1.5716000000000074),(0.92485937613562885,0.7589045117107649,1.5688497615134394),(0.89871401691346064,0.75886913751911111,1.5688128778449402),(0.87407137642620292,0.75875983976663397,1.5687046097891844),(0.8518778271984434,0.75906787930773145,1.5690332673367209),(0.8890937456831427,0.76000000000188883,1.5716000000000074),(0.47438664981509937,0.75866327261422062,1.5686155437694009),(0.50759374568314986,0.76000000000188961,1.5716000000000077),(0.51951562970318821,0.75898153896101017,1.568933461900665),(0.54405590656934644,0.75895501299406309,1.5689040960298921),(0.44928078087420537,0.75891310574768522,1.568858866126259),(0.55528123704945365,0.76000000000188939,1.5716000000000077),(0.49678381683657413,0.75905136075513036,1.5690136516952387),(0.45990625431684612,0.76000000000188961,1.5716000000000077),(0.42561400058119364,0.75893719041793317,1.568884689251695),(0.41221873992735469,0.76000000000188972,1.5716000000000077),(0.40029688044100237,0.75893659404065072,1.5688840442839633),(0.37352488436922826,0.75883365344312204,1.5687768088667344),(0.60296875143894502,0.76000000000188928,1.5716000000000074),(0.59104687908800657,0.75887521662772817,1.5688191495267709),(0.56748595565300719,0.75853494438615843,1.5685058026939744),(0.34939769268776294,0.75881374247782207,1.568756964073549),(0.36453124856105096,0.76000000000188972,1.5716000000000077),(0.31378436481145183,0.758724798926531,1.5686716095171187),(0.68773949154829084,0.75876441956742113,1.5687089821056139),(0.66307406401568991,0.75887439595989359,1.5688183012606385),(0.65065624280524881,0.76000000000188928,1.5716000000000077),(0.63873437867412852,0.75897055943155034,1.5689212359800067),(0.61487591392070762,0.75899015029999795,1.5689431219082011),(0.71206039478058381,0.75885066319697692,1.5687939851482702),(0.73497567571820854,0.75903711528230522,1.5689969381925464),(0.69834375719474018,0.76000000000188916,1.5716000000000074),(0.95965831989324946,0.758749813345173,1.568695085788349),(0.68749999999999256,0.67400000000190685,1.9768000000000114),(0.68949999999999267,0.67000000000190674,1.9728000000000114),(0.49124999999999702,0.67000000000190707,1.9728000000000114),(0.48824999894495053,0.67400000000190707,1.9768000000000114),(0.42866817911794952,0.67400000000190718,1.9768000000000114),(0.39212499999999917,0.67000000000190729,1.9728000000000117),(0.35883408850392901,0.67400000000190718,1.9768000000000114),(0.44168749999999812,0.67000000000190718,1.9728000000000114),(0.34256250000000021,0.67000000000190729,1.9728000000000114),(0.8066636419531884,0.67000000000190651,1.9728000000000114),(0.88675000105503465,0.67400000000190641,1.9768000000000114),(0.78712499947246717,0.67400000000190652,1.9768000000000114),(0.73731249868118343,0.67400000000190663,1.9768000000000114),(0.94633182097658619,0.6700000000019064,1.9728000000000114),(0.87649773146488719,0.6700000000019064,1.9728000000000117),(0.74808182097659048,0.67000000000190663,1.9728000000000114),(0.98637500052750926,0.6740000000019063,1.9768000000000112),(0.93656250184631851,0.67400000000190641,1.9768000000000114),(1.0161659104882848,0.67000000000190618,1.9728000000000112),(1.0361874992087001,0.6740000000019063,1.9768000000000114),(0.58787500052751807,0.67400000000190696,1.9768000000000114),(0.59037499999999477,0.67000000000190685,1.9728000000000117),(0.63993749999999372,0.67000000000190674,1.9728000000000114),(0.63768750131880181,0.67400000000190685,1.9768000000000114),(1.0510829552441345,0.67000000000190607,1.9728000000000114),(0.32391704425196521,0.6740000000019073,1.9768000000000114),(0.32791704475585082,0.67000000000190729,1.9728000000000114),(0.33523977203288635,0.67125566768277289,1.9757100928030256),(1.0510829536379271,0.67400000000190607,1.9768000000000114),(1.0436352225811962,0.67117157282659889,1.9756284270741966),(0.54081249999999592,0.67000000000190707,1.9728000000000114),(0.53806249973623432,0.67400000000190696,1.9768000000000114),(0.51315624934059245,0.67400000000190707,1.9768000000000114),(1.0112812488130583,0.6740000000019063,1.9768000000000114),(0.98124886573243542,0.67000000000190618,1.9728000000000117),(0.99882812023160672,0.67101455083464134,1.9754621595124522),(0.36734374999999975,0.67000000000190729,1.9728000000000114),(0.39375113486598567,0.67400000000190718,1.9768000000000114),(0.5160312499999965,0.67000000000190707,1.9728000000000114),(0.37973437439212487,0.67121970003626075,1.9756757489635037),(0.83693750026375102,0.67400000000190652,1.9768000000000114),(0.50070312352028234,0.67124554929486979,1.9757005174198008),(0.45845909008649649,0.67400000000190707,1.9768000000000114),(0.46646874999999749,0.67000000000190718,1.9728000000000114),(0.5284218735137608,0.67110504401148174,1.9755602952402895),(0.56296875013187619,0.67400000000190696,1.9768000000000114),(0.56559374999999545,0.67000000000190685,1.9728000000000114),(0.57798437321922003,0.67111034549240245,1.9755658446839555),(0.61278125092315994,0.67400000000190696,1.9768000000000114),(0.61515624999999419,0.67000000000190685,1.9728000000000114),(0.62754687292468581,0.67111579374096064,1.9755715256167647),(0.66259375171444368,0.67400000000190685,1.9768000000000114),(0.66471874999999314,0.67000000000190674,1.9728000000000114),(0.67710937263016413,0.67112138957313283,1.9755773372138468),(0.71240624828554144,0.67400000000190663,1.9768000000000114),(0.71879091048829158,0.67000000000190674,1.9728000000000114),(0.70226919622208828,0.6711053621655555,1.975560628876982),(0.47577538772855149,0.67124929412182721,1.9757040690696608),(0.55320338846304284,0.67108443939051876,1.9755385226530711),(0.60276595663829291,0.67108450885517046,1.9755385966065424),(0.40525831831366904,0.67112739186481074,1.9755835449503738),(0.65232852932492702,0.67108459387175667,1.975538687111801),(0.41690624999999865,0.67000000000190718,1.9728000000000114),(0.31258294470520892,0.67144695498478235,1.9758792793216275),(1.0685414776220592,0.67000000000190607,1.9728000000000114),(1.0685414768189554,0.67400000000190607,1.9768000000000117),(0.97466500389181498,0.67127769520911684,1.9757307092341656),(0.96146875224196038,0.6740000000019063,1.9768000000000114),(0.9490156205610889,0.67134060904282422,1.9757879156157465),(0.91141477622073674,0.6700000000019064,1.9728000000000114),(0.92339312191179002,0.67120505690814336,1.975661519369617),(0.89784447227969499,0.67110452374663065,1.9755597494913848),(0.91165625145067664,0.67400000000190641,1.9768000000000114),(0.86184375065939278,0.67400000000190652,1.9768000000000114),(0.84158068670903774,0.67000000000190651,1.9728000000000117),(0.84939062121677,0.67127805047596911,1.9757310391976766),(0.82242392522442476,0.67112993708875646,1.9755861692114127),(0.87331289917806687,0.67130966446059359,1.9757600835588236),(0.81203124986810915,0.67400000000190652,1.9768000000000114),(0.79801517140452116,0.67122066972012762,1.9756766861463937),(0.7773727314648895,0.67000000000190663,1.9728000000000114),(0.7622187490768253,0.67400000000190663,1.9768000000000114),(0.7497656218774047,0.67134574094296218,1.9757924753713405),(0.77372801989184969,0.67130708458119714,1.9757577367254329),(0.72597136241958493,0.67131763846611869,1.9757673113404888),(0.35746424098417745,0.67096034650400893,1.975400097423708),(0.45186745414759455,0.67110548235170386,1.975560754891823),(0.42855540972043815,0.67096986924918078,1.9754111889287147),(1.0211288954769673,0.67137883029133816,1.9758215011746598),(1.0648176085019982,0.6710311417096706,1.9754806492573043),(0.68950000456014526,0.67000000000190674,1.9808000000000117),(0.80666364272379254,0.67000000000190651,1.9808000000000112),(0.9463318177945903,0.67400000000190641,1.9768000000000114),(0.94633181680173539,0.67000000000190618,1.9808000000000112),(0.87649772976276397,0.6700000000019064,1.9808000000000112),(0.8415806862432782,0.67000000000190651,1.9808000000000112),(0.56833635664390092,0.67400000000190696,1.9768000000000114),(0.49125000228007332,0.67000000000190707,1.9808000000000112),(0.43266818319824968,0.67000000000190718,1.9808000000000112),(0.59037499885995659,0.67000000000190685,1.9808000000000112),(0.49850226942464787,0.67400000000190707,1.9768000000000114),(0.53341931497599637,0.67400000000190696,1.9768000000000114),(0.6279181754093639,0.67400000000190685,1.9768000000000114),(0.54081250513016765,0.67000000000190707,1.9808000000000117),(0.63993750171005093,0.67000000000190674,1.9808000000000112),(1.0161659038407069,0.67000000000190607,1.9808000000000112),(1.016165908897287,0.6740000000019063,1.9768000000000114),(0.3628340870389728,0.67000000000190729,1.9808000000000112),(0.32791704351948708,0.67000000000190729,1.9808000000000112),(1.0510829564804982,0.67000000000190607,1.9808000000000112),(0.74808182364196885,0.67000000000190663,1.980800000000011),(0.71879091410105711,0.67000000000190663,1.9808000000000112),(0.98124886032122105,0.67000000000190618,1.9808000000000112),(0.98124886334593875,0.6740000000019063,1.9768000000000114),(0.69995312281026245,0.67122294543107874,1.9779211168987647),(0.65770908673381734,0.67400000000190685,1.9768000000000114),(0.66471874857494551,0.67000000000190674,1.9808000000000112),(0.67482362908386451,0.67123742552161025,1.9779072189435167),(0.72485937268882028,0.67130600904644033,1.9778432428689865),(0.74865467715389789,0.67131772157676184,1.9778326135320898),(0.77737273318288058,0.67000000000190651,1.9808000000000112),(0.7746718724417081,0.67134050106154786,1.977812180496388),(0.79918625675101551,0.67127284589185243,1.9778738027305138),(0.82412216033962404,0.67081261649417545,1.9783832694865604),(0.84765044219675001,0.67125949309817412,1.9778863044238408),(0.8742968719622134,0.67134337972512692,1.9778096206419693),(0.91141477328224973,0.6700000000019064,1.9808000000000112),(0.91654091035358065,0.67400000000190641,1.9768000000000114),(0.89980803879315419,0.67121163599943146,1.9779320693541096),(0.92471627751046193,0.67105189663958398,1.9780965417397336),(0.51603124914496779,0.67000000000190707,1.9808000000000112),(0.50364062357970829,0.67103387000496217,1.9781163322036506),(0.46358522387329959,0.67400000000190707,1.9768000000000114),(0.46195909273916141,0.67000000000190718,1.9808000000000112),(0.47739097037159373,0.67116993505274436,1.9779732116486273),(0.52785909864166758,0.67105307757069976,1.9780952545065409),(0.554071430968058,0.67120251362051675,1.9779409669561419),(0.59812726796835425,0.67400000000190696,1.9768000000000114),(0.61515625484515646,0.67000000000190685,1.9808000000000112),(0.60276562287779922,0.67102872046969586,1.9781220347385742),(0.57839847678781831,0.67106153446239136,1.978086069221034),(0.56559375199506212,0.67000000000190685,1.9808000000000112),(0.62660113766236247,0.67103162901211311,1.9781188111467316),(0.65072841321495556,0.67109675864561724,1.9780484205213973),(0.44731363337630958,0.67122799830152868,1.9779162512985637),(0.39775113967876391,0.67000000000190718,1.9808000000000112),(0.42389113526143785,0.67111196182704114,1.9780324676152836),(1.0336244284371989,0.67117157275891193,1.9779715729935132),(0.96379033868268604,0.67117157266590022,1.977971573086525),(0.99870738476003484,0.67117157279986606,1.9779715729525589),(1.0566642691337542,0.67117157286869467,1.9779715728837302),(0.37629261128289154,0.67131230567407529,1.9778375180675534),(0.35240129020301014,0.67109759600459928,1.9780475372779365),(0.39893545019513899,0.67120002711072313,1.9779434020568918),(0.31524599465893316,0.67107830132950452,1.9780680269277282),(0.6724999921883198,0.75600000000188095,1.9768000000000117),(0.67449999999999444,0.76000000000188106,1.9728000000000117),(0.42866817344051367,0.75600000000188128,1.9768000000000117),(0.48374999999999796,0.76000000000188128,1.9728000000000117),(0.38837500440808892,0.76000000000188139,1.9728000000000117),(0.32791703862928218,0.76000000000188161,1.9728000000000117),(0.43606250661213264,0.76000000000188139,1.9728000000000117),(0.55058408281441673,0.75600000000188117,1.9768000000000117),(0.35883408672025713,0.75600000000188139,1.9768000000000117),(0.48962613593913934,0.75600000000188128,1.9768000000000119),(0.579124995591907,0.76000000000188117,1.9728000000000117),(0.61154202968969407,0.75600000000188095,1.9768000000000117),(0.62681249779595072,0.76000000000188106,1.9728000000000117),(0.91633181093612603,0.75600000000188061,1.9768000000000117),(0.86524999999999097,0.76000000000188062,1.9728000000000117),(0.96062499559190007,0.7600000000018805,1.9728000000000117),(0.76987500440808188,0.76000000000188084,1.9728000000000117),(0.91293749338785624,0.76000000000188062,1.9728000000000117),(0.79441590156222297,0.75600000000188072,1.9768000000000117),(0.98616589765638252,0.7560000000018805,1.9768000000000117),(0.85537384843750019,0.75600000000188061,1.9768000000000117),(0.73345795468694563,0.75600000000188083,1.9768000000000117),(0.88585282968681323,0.75600000000188061,1.9768000000000117),(0.72218750220403816,0.76000000000188084,1.9728000000000117),(1.0210829566398592,0.7560000000018805,1.9768000000000117),(1.0083124977959437,0.7600000000018805,1.9728000000000117),(0.98446874669392193,0.7600000000018805,1.9728000000000121),(0.32391704336012894,0.7560000000018815,1.9768000000000117),(1.0385414718691688,0.76000000000188039,1.9728000000000117),(0.95124885429625428,0.7560000000018805,1.9768000000000117),(0.97254687566062814,0.75877984217971295,1.975676191486395),(0.99749183755228543,0.75881596310698285,1.9756408364597013),(1.0217851035772307,0.7590222931795616,1.9754202564661123),(0.81756250661212559,0.76000000000188073,1.9728000000000117),(0.9485906679839714,0.75897731826048465,1.9754712498922875),(0.9367812444898781,0.76000000000188062,1.9728000000000117),(0.53143749338786328,0.76000000000188117,1.9728000000000117),(0.52010510156510381,0.75600000000188117,1.9768000000000117),(0.50759375110201976,0.76000000000188128,1.9728000000000117),(0.49567187880530428,0.7589433039892145,1.9755086826388879),(0.45914715468982648,0.75600000000188128,1.9768000000000117),(0.47011560844962658,0.75890037790062403,1.9755545976193538),(0.44486045009328817,0.75868415566618252,1.9757656885153145),(0.39375113008038537,0.75600000000188139,1.9768000000000119),(0.41221875551011072,0.76000000000188139,1.9728000000000117),(0.40029687897436111,0.75893659405742186,1.9755159556979134),(0.35814602151868546,0.76000000000188139,1.9728000000000117),(0.37352488330352285,0.75883365358506805,1.9756231909908046),(0.34303153585394547,0.75880468531403567,1.9756519713006715),(0.45990624889797616,0.76000000000188128,1.9728000000000117),(0.4227284982692624,0.75906460815512078,1.9753706374437401),(0.90109233309745995,0.75872442614449975,1.9757287373035974),(0.87650073235935133,0.75887156680715595,1.9755846191989044),(0.84140624889796911,0.76000000000188073,1.9728000000000117),(0.82489488281153589,0.75600000000188072,1.9768000000000114),(0.82948437663067454,0.75895973394723604,1.975490720158763),(0.80423946117880551,0.75891700612412916,1.9755369828795279),(0.76393692031290994,0.75600000000188072,1.9768000000000117),(0.77917642383486729,0.75860017608861874,1.9758395862083558),(0.74603125330606013,0.76000000000188084,1.9728000000000117),(0.73410937727703984,0.75898145829210517,1.975466628295004),(0.70297897343763283,0.75600000000188083,1.9768000000000117),(0.70956003548524926,0.75895452103694205,1.9754964431114794),(0.88909375110201272,0.76000000000188062,1.9728000000000117),(0.85301176061215256,0.75900904377536826,1.9754354611682392),(0.6983437511020163,0.76000000000188084,1.9728000000000117),(0.79371875551010374,0.76000000000188073,1.9728000000000117),(0.75686557573895252,0.7590500854051544,1.9753878522045893),(0.92486341131625205,0.75881359322206132,1.9756431836365982),(0.31976848267504826,0.75888256483466454,1.9755732327678845),(0.53534460525629923,0.75857729168287602,1.9758590141534729),(0.55528124448988525,0.76000000000188117,1.9728000000000117),(0.58106306406372965,0.75600000000188117,1.9768000000000119),(0.56720312839290943,0.75877235094426332,1.9756834129521004),(0.60296874669392886,0.76000000000188117,1.9728000000000117),(0.61489062807317085,0.75897012668296282,1.9754792438295887),(0.64202101093900699,0.75600000000188095,1.9768000000000119),(0.63899143377301482,0.7589787755140337,1.9754696247766796),(0.65065624889797269,0.76000000000188106,1.9728000000000117),(0.5909974317893284,0.75898458820473824,1.9754631247172127),(0.68462899195774629,0.75877852071254515,1.9756774680989506),(0.66189355407754624,0.75905486406669387,1.9753822094310058),(0.67449999999999444,0.76000000000188084,1.9808000000000117),(0.86524999999999097,0.76000000000188062,1.9808000000000117),(0.96062499999998929,0.7600000000018805,1.9808000000000117),(1.0210829450966736,0.76000000000188039,1.9808000000000117),(0.91293748848837464,0.76000000000188062,1.9808000000000117),(0.76987499999999265,0.76000000000188073,1.9808000000000117),(0.7221874884883781,0.76000000000188084,1.9808000000000117),(0.4837499999999979,0.76000000000188128,1.9808000000000117),(0.38837499999999969,0.76000000000188139,1.9808000000000117),(0.57912499999999612,0.76000000000188117,1.9808000000000117),(0.43606251151161424,0.76000000000188128,1.9808000000000117),(0.62681251151161077,0.76000000000188106,1.9808000000000117),(0.34068748848838509,0.76000000000188139,1.9808000000000117),(0.31045851594004292,0.76000000000188161,1.9808000000000117),(0.81756251151160719,0.76000000000188073,1.9808000000000117),(0.84140624424418364,0.76000000000188062,1.9808000000000117),(0.82948437698516997,0.75895973403446915,1.9781092799372146),(0.8042394614771986,0.75891700622040681,1.9780630172231053),(0.74603124424418532,0.76000000000188084,1.9808000000000117),(0.75795312762010081,0.75894409696674603,1.9780921792782002),(0.78110266768345094,0.75902823193516566,1.9781866092220692),(0.79371875575579998,0.76000000000188073,1.9808000000000117),(0.53143748848838168,0.76000000000188117,1.9808000000000117),(0.9908539725483313,0.7600000000018805,1.9808000000000117),(1.0059684667670037,0.75882842713298437,1.9779715728816232),(1.0300556492100976,0.75882842713417842,1.9779715728828173),(0.98277126816303284,0.75888759251247495,1.9780320026205402),(0.93678124424418185,0.7600000000018805,1.9808000000000117),(0.92485937613562907,0.75890451171075657,1.9780497615134431),(0.89871401691345987,0.7588691375191029,1.9780128778449442),(0.87407137642620136,0.75875983976662575,1.9779046097891881),(0.85187782719844274,0.75906787930772335,1.9782332673367249),(0.88909375575579819,0.76000000000188062,1.9808000000000117),(0.47438664981509937,0.7586632726142124,1.9778155437694049),(0.50759375575580512,0.76000000000188117,1.9808000000000117),(0.51951562970318821,0.75898153896100196,1.978133461900669),(0.54405590656934688,0.75895501299405477,1.9781040960298959),(0.4492807808742052,0.7589131057476769,1.9780588661262628),(0.5552812442441889,0.76000000000188117,1.9808000000000117),(0.49678381683657413,0.75905136075512203,1.9782136516952424),(0.45990624424419069,0.76000000000188128,1.9808000000000117),(0.42561400058119314,0.75893719041792496,1.9780846892516988),(0.41221875575580691,0.76000000000188139,1.9808000000000119),(0.40029688044100226,0.75893659404064251,1.9780840442839673),(0.37352488436922809,0.75883365344311371,1.9779768088667384),(0.60296875575580344,0.76000000000188106,1.9808000000000117),(0.59104687908800657,0.75887521662771995,1.9780191495267752),(0.56748595565300741,0.75853494438615021,1.9777058026939784),(0.34939769268776277,0.75881374247781386,1.9779569640735528),(0.36453124424419242,0.76000000000188139,1.9808000000000117),(0.31378436481144095,0.75872479892652234,1.9778716095171223),(0.68773949154829117,0.75876441956741292,1.9779089821056179),(0.66307406401568947,0.75887439595988526,1.9780183012606425),(0.65065624424418711,0.76000000000188106,1.9808000000000117),(0.63873437867412852,0.75897055943154212,1.9781212359800107),(0.61487591392070773,0.75899015029998962,1.9781431219082053),(0.71206039478058436,0.7588506631969687,1.977993985148274),(0.73497567571820877,0.75903711528229711,1.9781969381925506),(0.69834375575580176,0.76000000000188084,1.9808000000000117),(0.95965831989324757,0.75874981334516489,1.9778950857883533)));
#3832=IFCPOLYGONALFACESET(#3831,.T.,(#554,#555,#556,#557,#558,#559,#560,#561,#562,#563,#564,#565,#566,#567,#568,#569,#570,#571,#572,#573,#574,#575,#576,#577,#578,#579,#580,#581,#582,#583,#584,#585,#586,#587,#588,#589,#590,#591,#592,#593,#594,#595,#596,#597,#598,#599,#600,#601,#602,#603,#604,#605,#606,#607,#608,#609,#610,#611,#612,#613,#614,#615,#616,#617,#618,#619,#620,#621,#622,#623,#624,#625,#626,#627,#628,#629,#630,#631,#632,#633,#634,#635,#636,#637,#638,#639,#640,#641,#642,#643,#644,#645,#646,#647,#648,#649,#650,#651,#652,#653,#654,#655,#656,#657,#658,#659,#660,#661,#662,#663,#664,#665,#666,#667,#668,#669,#670,#671,#672,#673,#674,#675,#676,#677,#678,#679,#680,#681,#682,#683,#684,#685,#686,#687,#688,#689,#690,#691,#692,#693,#694,#695,#696,#697,#698,#699,#700,#701,#702,#703,#704,#705,#706,#707,#708,#709,#710,#711,#712,#713,#714,#715,#716,#717,#718,#719,#720,#721,#722,#723,#724,#725,#726,#727,#728,#729,#730,#731,#732,#733,#734,#735,#736,#737,#738,#739,#740,#741,#742,#743,#744,#745,#746,#747,#748,#749,#750,#751,#752,#753,#754,#755,#756,#757,#758,#759,#760,#761,#762,#763,#764,#765,#766,#767,#768,#769,#770,#771,#772,#773,#774,#775,#776,#777,#778,#779,#780,#781,#782,#783,#784,#785,#786,#787,#788,#789,#790,#791,#792,#793,#794,#795,#796,#797,#798,#799,#800,#801,#802,#803,#804,#805,#806,#807,#808,#809,#810,#811,#812,#813,#814,#815,#816,#817,#818,#819,#820,#821,#822,#823,#824,#825,#826,#827,#828,#829,#830,#831,#832,#833,#834,#835,#836,#837,#838,#839,#840,#841,#842,#843,#844,#845,#846,#847,#848,#849,#850,#851,#852,#853,#854,#855,#856,#857,#858,#859,#860,#861,#862,#863,#864,#865,#866,#867,#868,#869,#870,#871,#872,#873,#874,#875,#876,#877,#878,#879,#880,#881,#882,#883,#884,#885,#886,#887,#888,#889,#890,#891,#892,#893,#894,#895,#896,#897,#898,#899,#900,#901,#902,#903,#904,#905,#906,#907,#908,#909,#910,#911,#912,#913,#914,#915,#916,#917,#918,#919,#920,#921,#922,#923,#924,#925,#926,#927,#928,#929,#930,#931,#932,#933,#934,#935,#936,#937,#938,#939,#940,#941,#942,#943,#944,#945,#946,#947,#948,#949,#950,#951,#952,#953,#954,#955,#956,#957,#958,#959,#960,#961,#962,#963,#964,#965,#966,#967,#968,#969,#970,#971,#972,#973,#974,#975,#976,#977,#978,#979,#980,#981,#982,#983,#984,#985,#986,#987,#988,#989,#990,#991,#992,#993,#994,#995,#996,#997,#998,#999,#1000,#1001,#1002,#1003,#1004,#1005,#1006,#1007,#1008,#1009,#1010,#1011,#1012,#1013,#1014,#1015,#1016,#1017,#1018,#1019,#1020,#1021,#1022,#1023,#1024,#1025,#1026,#1027,#1028,#1029,#1030,#1031,#1032,#1033,#1034,#1035,#1036,#1037,#1038,#1039,#1040,#1041,#1042,#1043,#1044,#1045,#1046,#1047,#1048,#1049,#1050,#1051,#1052,#1053,#1054,#1055,#1056,#1057,#1058,#1059,#1060,#1061,#1062,#1063,#1064,#1065,#1066,#1067,#1068,#1069,#1070,#1071,#1072,#1073,#1074,#1075,#1076,#1077,#1078,#1079,#1080,#1081,#1082,#1083,#1084,#1085,#1086,#1087,#1088,#1089,#1090,#1091,#1092,#1093,#1094,#1095,#1096,#1097,#1098,#1099,#1100,#1101,#1102,#1103,#1104,#1105,#1106,#1107,#1108,#1109,#1110,#1111,#1112,#1113,#1114,#1115,#1116,#1117,#1118,#1119,#1120,#1121,#1122,#1123,#1124,#1125,#1126,#1127,#1128,#1129,#1130,#1131,#1132,#1133,#1134,#1135,#1136,#1137,#1138,#1139,#1140,#1141,#1142,#1143,#1144,#1145,#1146,#1147,#1148,#1149,#1150,#1151,#1152,#1153,#1154,#1155,#1156,#1157,#1158,#1159,#1160,#1161,#1162,#1163,#1164,#1165,#1166,#1167,#1168,#1169,#1170,#1171,#1172,#1173,#1174,#1175,#1176,#1177,#1178,#1179,#1180,#1181,#1182,#1183,#1184,#1185,#1186,#1187,#1188,#1189,#1190,#1191,#1192,#1193,#1194,#1195,#1196,#1197,#1198,#1199,#1200,#1201,#1202,#1203,#1204,#1205,#1206,#1207,#1208,#1209,#1210,#1211,#1212,#1213,#1214,#1215,#1216,#1217,#1218,#1219,#1220,#1221,#1222,#1223,#1224,#1225,#1226,#1227,#1228,#1229,#1230,#1231,#1232,#1233,#1234,#1235,#1236,#1237,#1238,#1239,#1240,#1241,#1242,#1243,#1244,#1245,#1246,#1247,#1248,#1249,#1250,#1251,#1252,#1253,#1254,#1255,#1256,#1257,#1258,#1259,#1260,#1261,#1262,#1263,#1264,#1265,#1266,#1267,#1268,#1269,#1270,#1271,#1272,#1273,#1274,#1275,#1276,#1277,#1278,#1279,#1280,#1281,#1282,#1283,#1284,#1285,#1286,#1287,#1288,#1289,#1290,#1291,#1292,#1293,#1294,#1295,#1296,#1297,#1298,#1299,#1300,#1301,#1302,#1303,#1304,#1305,#1306,#1307,#1308,#1309,#1310,#1311,#1312,#1313,#1314,#1315,#1316,#1317,#1318,#1319,#1320,#1321,#1322,#1323,#1324,#1325,#1326,#1327,#1328,#1329,#1330,#1331,#1332,#1333,#1334,#1335,#1336,#1337,#1338,#1339,#1340,#1341,#1342,#1343,#1344,#1345,#1346,#1347,#1348,#1349,#1350,#1351,#1352,#1353,#1354,#1355,#1356,#1357,#1358,#1359,#1360,#1361,#1362,#1363,#1364,#1365,#1366,#1367,#1368,#1369,#1370,#1371,#1372,#1373,#1374,#1375,#1376,#1377,#1378,#1379,#1380,#1381,#1382,#1383,#1384,#1385,#1386,#1387,#1388,#1389,#1390,#1391,#1392,#1393,#1394,#1395,#1396,#1397,#1398,#1399,#1400,#1401,#1402,#1403,#1404,#1405,#1406,#1407,#1408,#1409,#1410,#1411,#1412,#1413,#1414,#1415,#1416,#1417,#1418,#1419,#1420,#1421,#1422,#1423,#1424,#1425,#1426,#1427,#1428,#1429,#1430,#1431,#1432,#1433,#1434,#1435,#1436,#1437,#1438,#1439,#1440,#1441,#1442,#1443,#1444,#1445,#1446,#1447,#1448,#1449,#1450,#1451,#1452,#1453,#1454,#1455,#1456,#1457,#1458,#1459,#1460,#1461,#1462,#1463,#1464,#1465,#1466,#1467,#1468,#1469,#1470,#1471,#1472,#1473,#1474,#1475,#1476,#1477,#1478,#1479,#1480,#1481,#1482,#1483,#1484,#1485,#1486,#1487,#1488,#1489,#1490,#1491,#1492,#1493,#1494,#1495,#1496,#1497,#1498,#1499,#1500,#1501,#1502,#1503,#1504,#1505,#1506,#1507,#1508,#1509,#1510,#1511,#1512,#1513,#1514,#1515,#1516,#1517,#1518,#1519,#1520,#1521,#1522,#1523,#1524,#1525,#1526,#1527,#1528,#1529,#1530,#1531,#1532,#1533,#1534,#1535,#1536,#1537,#1538,#1539,#1540,#1541,#1542,#1543,#1544,#1545,#1546,#1547,#1548,#1549,#1550,#1551,#1552,#1553,#1554,#1555,#1556,#1557,#1558,#1559,#1560,#1561,#1562,#1563,#1564,#1565,#1566,#1567,#1568,#1569,#1570,#1571,#1572,#1573,#1574,#1575,#1576,#1577,#1578,#1579,#1580,#1581,#1582,#1583,#1584,#1585,#1586,#1587,#1588,#1589,#1590,#1591,#1592,#1593,#1594,#1595,#1596,#1597,#1598,#1599,#1600,#1601,#1602,#1603,#1604,#1605,#1606,#1607,#1608,#1609,#1610,#1611,#1612,#1613,#1614,#1615,#1616,#1617,#1618,#1619,#1620,#1621,#1622,#1623,#1624,#1625,#1626,#1627,#1628,#1629,#1630,#1631,#1632,#1633,#1634,#1635,#1636,#1637,#1638,#1639,#1640,#1641,#1642,#1643,#1644,#1645,#1646,#1647,#1648,#1649,#1650,#1651,#1652,#1653,#1654,#1655,#1656,#1657,#1658,#1659,#1660,#1661,#1662,#1663,#1664,#1665,#1666,#1667,#1668,#1669,#1670,#1671,#1672,#1673,#1674,#1675,#1676,#1677,#1678,#1679,#1680,#1681,#1682,#1683,#1684,#1685,#1686,#1687,#1688,#1689,#1690,#1691,#1692,#1693,#1694,#1695,#1696,#1697,#1698,#1699,#1700,#1701,#1702,#1703,#1704,#1705,#1706,#1707,#1708,#1709,#1710,#1711,#1712,#1713,#1714,#1715,#1716,#1717,#1718,#1719,#1720,#1721,#1722,#1723,#1724,#1725,#1726,#1727,#1728,#1729,#1730,#1731,#1732,#1733,#1734,#1735,#1736,#1737,#1738,#1739,#1740,#1741,#1742,#1743,#1744,#1745,#1746,#1747,#1748,#1749,#1750,#1751,#1752,#1753,#1754,#1755,#1756,#1757,#1758,#1759,#1760,#1761,#1762,#1763,#1764,#1765,#1766,#1767,#1768,#1769,#1770,#1771,#1772,#1773,#1774,#1775,#1776,#1777,#1778,#1779,#1780,#1781,#1782,#1783,#1784,#1785,#1786,#1787,#1788,#1789,#1790,#1791,#1792,#1793,#1794,#1795,#1796,#1797,#1798,#1799,#1800,#1801,#1802,#1803,#1804,#1805,#1806,#1807,#1808,#1809,#1810,#1811,#1812,#1813,#1814,#1815,#1816,#1817,#1818,#1819,#1820,#1821,#1822,#1823,#1824,#1825,#1826,#1827,#1828,#1829,#1830,#1831,#1832,#1833,#1834,#1835,#1836,#1837,#1838,#1839,#1840,#1841,#1842,#1843,#1844,#1845,#1846,#1847,#1848,#1849,#1850,#1851,#1852,#1853,#1854,#1855,#1856,#1857,#1858,#1859,#1860,#1861,#1862,#1863,#1864,#1865,#1866,#1867,#1868,#1869,#1870,#1871,#1872,#1873,#1874,#1875,#1876,#1877,#1878,#1879,#1880,#1881,#1882,#1883,#1884,#1885,#1886,#1887,#1888,#1889,#1890,#1891,#1892,#1893,#1894,#1895,#1896,#1897,#1898,#1899,#1900,#1901,#1902,#1903,#1904,#1905,#1906,#1907,#1908,#1909,#1910,#1911,#1912,#1913,#1914,#1915,#1916,#1917,#1918,#1919,#1920,#1921,#1922,#1923,#1924,#1925,#1926,#1927,#1928,#1929,#1930,#1931,#1932,#1933,#1934,#1935,#1936,#1937,#1938,#1939,#1940,#1941,#1942,#1943,#1944,#1945,#1946,#1947,#1948,#1949,#1950,#1951,#1952,#1953,#1954,#1955,#1956,#1957,#1958,#1959,#1960,#1961,#1962,#1963,#1964,#1965,#1966,#1967,#1968,#1969,#1970,#1971,#1972,#1973,#1974,#1975,#1976,#1977,#1978,#1979,#1980,#1981,#1982,#1983,#1984,#1985,#1986,#1987,#1988,#1989,#1990,#1991,#1992,#1993,#1994,#1995,#1996,#1997,#1998,#1999,#2000,#2001,#2002,#2003,#2004,#2005,#2006,#2007,#2008,#2009,#2010,#2011,#2012,#2013,#2014,#2015,#2016,#2017,#2018,#2019,#2020,#2021,#2022,#2023,#2024,#2025,#2026,#2027,#2028,#2029,#2030,#2031,#2032,#2033,#2034,#2035,#2036,#2037,#2038,#2039,#2040,#2041,#2042,#2043,#2044,#2045,#2046,#2047,#2048,#2049,#2050,#2051,#2052,#2053,#2054,#2055,#2056,#2057,#2058,#2059,#2060,#2061,#2062,#2063,#2064,#2065,#2066,#2067,#2068,#2069,#2070,#2071,#2072,#2073,#2074,#2075,#2076,#2077,#2078,#2079,#2080,#2081,#2082,#2083,#2084,#2085,#2086,#2087,#2088,#2089,#2090,#2091,#2092,#2093,#2094,#2095,#2096,#2097,#2098,#2099,#2100,#2101,#2102,#2103,#2104,#2105,#2106,#2107,#2108,#2109,#2110,#2111,#2112,#2113,#2114,#2115,#2116,#2117,#2118,#2119,#2120,#2121,#2122,#2123,#2124,#2125,#2126,#2127,#2128,#2129,#2130,#2131,#2132,#2133,#2134,#2135,#2136,#2137,#2138,#2139,#2140,#2141,#2142,#2143,#2144,#2145,#2146,#2147,#2148,#2149,#2150,#2151,#2152,#2153,#2154,#2155,#2156,#2157,#2158,#2159,#2160,#2161,#2162,#2163,#2164,#2165,#2166,#2167,#2168,#2169,#2170,#2171,#2172,#2173,#2174,#2175,#2176,#2177,#2178,#2179,#2180,#2181,#2182,#2183,#2184,#2185,#2186,#2187,#2188,#2189,#2190,#2191,#2192,#2193,#2194,#2195,#2196,#2197,#2198,#2199,#2200,#2201,#2202,#2203,#2204,#2205,#2206,#2207,#2208,#2209,#2210,#2211,#2212,#2213,#2214,#2215,#2216,#2217,#2218,#2219,#2220,#2221,#2222,#2223,#2224,#2225,#2226,#2227,#2228,#2229,#2230,#2231,#2232,#2233,#2234,#2235,#2236,#2237,#2238,#2239,#2240,#2241,#2242,#2243,#2244,#2245,#2246,#2247,#2248,#2249,#2250,#2251,#2252,#2253,#2254,#2255,#2256,#2257,#2258,#2259,#2260,#2261,#2262,#2263,#2264,#2265,#2266,#2267,#2268,#2269,#2270,#2271,#2272,#2273,#2274,#2275,#2276,#2277,#2278,#2279,#2280,#2281,#2282,#2283,#2284,#2285,#2286,#2287,#2288,#2289,#2290,#2291,#2292,#2293,#2294,#2295,#2296,#2297,#2298,#2299,#2300,#2301,#2302,#2303,#2304,#2305,#2306,#2307,#2308,#2309,#2310,#2311,#2312,#2313,#2314,#2315,#2316,#2317,#2318,#2319,#2320,#2321,#2322,#2323,#2324,#2325,#2326,#2327,#2328,#2329,#2330,#2331,#2332,#2333,#2334,#2335,#2336,#2337,#2338,#2339,#2340,#2341,#2342,#2343,#2344,#2345,#2346,#2347,#2348,#2349,#2350,#2351,#2352,#2353,#2354,#2355,#2356,#2357,#2358,#2359,#2360,#2361,#2362,#2363,#2364,#2365,#2366,#2367,#2368,#2369,#2370,#2371,#2372,#2373,#2374,#2375,#2376,#2377,#2378,#2379,#2380,#2381,#2382,#2383,#2384,#2385,#2386,#2387,#2388,#2389,#2390,#2391,#2392,#2393,#2394,#2395,#2396,#2397,#2398,#2399,#2400,#2401,#2402,#2403,#2404,#2405,#2406,#2407,#2408,#2409,#2410,#2411,#2412,#2413,#2414,#2415,#2416,#2417,#2418,#2419,#2420,#2421,#2422,#2423,#2424,#2425,#2426,#2427,#2428,#2429,#2430,#2431,#2432,#2433,#2434,#2435,#2436,#2437,#2438,#2439,#2440,#2441,#2442,#2443,#2444,#2445,#2446,#2447,#2448,#2449,#2450,#2451,#2452,#2453,#2454,#2455,#2456,#2457,#2458,#2459,#2460,#2461,#2462,#2463,#2464,#2465,#2466,#2467,#2468,#2469,#2470,#2471,#2472,#2473,#2474,#2475,#2476,#2477,#2478,#2479,#2480,#2481,#2482,#2483,#2484,#2485,#2486,#2487,#2488,#2489,#2490,#2491,#2492,#2493,#2494,#2495,#2496,#2497,#2498,#2499,#2500,#2501,#2502,#2503,#2504,#2505,#2506,#2507,#2508,#2509,#2510,#2511,#2512,#2513,#2514,#2515,#2516,#2517,#2518,#2519,#2520,#2521,#2522,#2523,#2524,#2525,#2526,#2527,#2528,#2529,#2530,#2531,#2532,#2533,#2534,#2535,#2536,#2537,#2538,#2539,#2540,#2541,#2542,#2543,#2544,#2545,#2546,#2547,#2548,#2549,#2550,#2551,#2552,#2553,#2554,#2555,#2556,#2557,#2558,#2559,#2560,#2561,#2562,#2563,#2564,#2565,#2566,#2567,#2568,#2569,#2570,#2571,#2572,#2573,#2574,#2575,#2576,#2577,#2578,#2579,#2580,#2581,#2582,#2583,#2584,#2585,#2586,#2587,#2588,#2589,#2590,#2591,#2592,#2593,#2594,#2595,#2596,#2597,#2598,#2599,#2600,#2601,#2602,#2603,#2604,#2605,#2606,#2607,#2608,#2609,#2610,#2611,#2612,#2613,#2614,#2615,#2616,#2617,#2618,#2619,#2620,#2621,#2622,#2623,#2624,#2625,#2626,#2627,#2628,#2629,#2630,#2631,#2632,#2633,#2634,#2635,#2636,#2637,#2638,#2639,#2640,#2641,#2642,#2643,#2644,#2645,#2646,#2647,#2648,#2649,#2650,#2651,#2652,#2653,#2654,#2655,#2656,#2657,#2658,#2659,#2660,#2661,#2662,#2663,#2664,#2665,#2666,#2667,#2668,#2669,#2670,#2671,#2672,#2673,#2674,#2675,#2676,#2677,#2678,#2679,#2680,#2681,#2682,#2683,#2684,#2685,#2686,#2687,#2688,#2689,#2690,#2691,#2692,#2693,#2694,#2695,#2696,#2697,#2698,#2699,#2700,#2701,#2702,#2703,#2704,#2705,#2706,#2707,#2708,#2709,#2710,#2711,#2712,#2713,#2714,#2715,#2716,#2717,#2718,#2719,#2720,#2721,#2722,#2723,#2724,#2725,#2726,#2727,#2728,#2729,#2730,#2731,#2732,#2733,#2734,#2735,#2736,#2737,#2738,#2739,#2740,#2741,#2742,#2743,#2744,#2745,#2746,#2747,#2748,#2749,#2750,#2751,#2752,#2753,#2754,#2755,#2756,#2757,#2758,#2759,#2760,#2761,#2762,#2763,#2764,#2765,#2766,#2767,#2768,#2769,#2770,#2771,#2772,#2773,#2774,#2775,#2776,#2777,#2778,#2779,#2780,#2781,#2782,#2783,#2784,#2785,#2786,#2787,#2788,#2789,#2790,#2791,#2792,#2793,#2794,#2795,#2796,#2797,#2798,#2799,#2800,#2801,#2802,#2803,#2804,#2805,#2806,#2807,#2808,#2809,#2810,#2811,#2812,#2813,#2814,#2815,#2816,#2817,#2818,#2819,#2820,#2821,#2822,#2823,#2824,#2825,#2826,#2827,#2828,#2829,#2830,#2831,#2832,#2833,#2834,#2835,#2836,#2837,#2838,#2839,#2840,#2841,#2842,#2843,#2844,#2845,#2846,#2847,#2848,#2849,#2850,#2851,#2852,#2853,#2854,#2855,#2856,#2857,#2858,#2859,#2860,#2861,#2862,#2863,#2864,#2865,#2866,#2867,#2868,#2869,#2870,#2871,#2872,#2873,#2874,#2875,#2876,#2877,#2878,#2879,#2880,#2881,#2882,#2883,#2884,#2885,#2886,#2887,#2888,#2889,#2890,#2891,#2892,#2893,#2894,#2895,#2896,#2897,#2898,#2899,#2900,#2901,#2902,#2903,#2904,#2905,#2906,#2907,#2908,#2909,#2910,#2911,#2912,#2913,#2914,#2915,#2916,#2917,#2918,#2919,#2920,#2921,#2922,#2923,#2924,#2925,#2926,#2927,#2928,#2929,#2930,#2931,#2932,#2933,#2934,#2935,#2936,#2937,#2938,#2939,#2940,#2941,#2942,#2943,#2944,#2945,#2946,#2947,#2948,#2949,#2950,#2951,#2952,#2953,#2954,#2955,#2956,#2957,#2958,#2959,#2960,#2961,#2962,#2963,#2964,#2965,#2966,#2967,#2968,#2969,#2970,#2971,#2972,#2973,#2974,#2975,#2976,#2977,#2978,#2979,#2980,#2981,#2982,#2983,#2984,#2985,#2986,#2987,#2988,#2989,#2990,#2991,#2992,#2993,#2994,#2995,#2996,#2997,#2998,#2999,#3000,#3001,#3002,#3003,#3004,#3005,#3006,#3007,#3008,#3009,#3010,#3011,#3012,#3013,#3014,#3015,#3016,#3017,#3018,#3019,#3020,#3021,#3022,#3023,#3024,#3025,#3026,#3027,#3028,#3029,#3030,#3031,#3032,#3033,#3034,#3035,#3036,#3037,#3038,#3039,#3040,#3041,#3042,#3043,#3044,#3045,#3046,#3047,#3048,#3049,#3050,#3051,#3052,#3053,#3054,#3055,#3056,#3057,#3058,#3059,#3060,#3061,#3062,#3063,#3064,#3065,#3066,#3067,#3068,#3069,#3070,#3071,#3072,#3073,#3074,#3075,#3076,#3077,#3078,#3079,#3080,#3081,#3082,#3083,#3084,#3085,#3086,#3087,#3088,#3089,#3090,#3091,#3092,#3093,#3094,#3095,#3096,#3097,#3098,#3099,#3100,#3101,#3102,#3103,#3104,#3105,#3106,#3107,#3108,#3109,#3110,#3111,#3112,#3113,#3114,#3115,#3116,#3117,#3118,#3119,#3120,#3121,#3122,#3123,#3124,#3125,#3126,#3127,#3128,#3129,#3130,#3131,#3132,#3133,#3134,#3135,#3136,#3137,#3138,#3139,#3140,#3141,#3142,#3143,#3144,#3145,#3146,#3147,#3148,#3149,#3150,#3151,#3152,#3153,#3154,#3155,#3156,#3157,#3158,#3159,#3160,#3161,#3162,#3163,#3164,#3165,#3166,#3167,#3168,#3169,#3170,#3171,#3172,#3173,#3174,#3175,#3176,#3177,#3178,#3179,#3180,#3181,#3182,#3183,#3184,#3185,#3186,#3187,#3188,#3189,#3190,#3191,#3192,#3193,#3194,#3195,#3196,#3197,#3198,#3199,#3200,#3201,#3202,#3203,#3204,#3205,#3206,#3207,#3208,#3209,#3210,#3211,#3212,#3213,#3214,#3215,#3216,#3217,#3218,#3219,#3220,#3221,#3222,#3223,#3224,#3225,#3226,#3227,#3228,#3229,#3230,#3231,#3232,#3233,#3234,#3235,#3236,#3237,#3238,#3239,#3240,#3241,#3242,#3243,#3244,#3245,#3246,#3247,#3248,#3249,#3250,#3251,#3252,#3253,#3254,#3255,#3256,#3257,#3258,#3259,#3260,#3261,#3262,#3263,#3264,#3265,#3266,#3267,#3268,#3269,#3270,#3271,#3272,#3273,#3274,#3275,#3276,#3277,#3278,#3279,#3280,#3281,#3282,#3283,#3284,#3285,#3286,#3287,#3288,#3289,#3290,#3291,#3292,#3293,#3294,#3295,#3296,#3297,#3298,#3299,#3300,#3301,#3302,#3303,#3304,#3305,#3306,#3307,#3308,#3309,#3310,#3311,#3312,#3313,#3314,#3315,#3316,#3317,#3318,#3319,#3320,#3321,#3322,#3323,#3324,#3325,#3326,#3327,#3328,#3329,#3330,#3331,#3332,#3333,#3334,#3335,#3336,#3337,#3338,#3339,#3340,#3341,#3342,#3343,#3344,#3345,#3346,#3347,#3348,#3349,#3350,#3351,#3352,#3353,#3354,#3355,#3356,#3357,#3358,#3359,#3360,#3361,#3362,#3363,#3364,#3365,#3366,#3367,#3368,#3369,#3370,#3371,#3372,#3373,#3374,#3375,#3376,#3377,#3378,#3379,#3380,#3381,#3382,#3383,#3384,#3385,#3386,#3387,#3388,#3389,#3390,#3391,#3392,#3393,#3394,#3395,#3396,#3397,#3398,#3399,#3400,#3401,#3402,#3403,#3404,#3405,#3406,#3407,#3408,#3409,#3410,#3411,#3412,#3413,#3414,#3415,#3416,#3417,#3418,#3419,#3420,#3421,#3422,#3423,#3424,#3425,#3426,#3427,#3428,#3429,#3430,#3431,#3432,#3433,#3434,#3435,#3436,#3437,#3438,#3439,#3440,#3441,#3442,#3443,#3444,#3445,#3446,#3447,#3448,#3449,#3450,#3451,#3452,#3453,#3454,#3455,#3456,#3457,#3458,#3459,#3460,#3461,#3462,#3463,#3464,#3465,#3466,#3467,#3468,#3469,#3470,#3471,#3472,#3473,#3474,#3475,#3476,#3477,#3478,#3479,#3480,#3481,#3482,#3483,#3484,#3485,#3486,#3487,#3488,#3489,#3490,#3491,#3492,#3493,#3494,#3495,#3496,#3497,#3498,#3499,#3500,#3501,#3502,#3503,#3504,#3505,#3506,#3507,#3508,#3509,#3510,#3511,#3512,#3513,#3514,#3515,#3516,#3517,#3518,#3519,#3520,#3521,#3522,#3523,#3524,#3525,#3526,#3527,#3528,#3529,#3530,#3531,#3532,#3533,#3534,#3535,#3536,#3537,#3538,#3539,#3540,#3541,#3542,#3543,#3544,#3545,#3546,#3547,#3548,#3549,#3550,#3551,#3552,#3553,#3554,#3555,#3556,#3557,#3558,#3559,#3560,#3561,#3562,#3563,#3564,#3565,#3566,#3567,#3568,#3569,#3570,#3571,#3572,#3573,#3574,#3575,#3576,#3577,#3578,#3579,#3580,#3581,#3582,#3583,#3584,#3585,#3586,#3587,#3588,#3589,#3590,#3591,#3592,#3593,#3594,#3595,#3596,#3597,#3598,#3599,#3600,#3601,#3602,#3603,#3604,#3605,#3606,#3607,#3608,#3609,#3610,#3611,#3612,#3613,#3614,#3615,#3616,#3617,#3618,#3619,#3620,#3621,#3622,#3623,#3624,#3625,#3626,#3627,#3628,#3629,#3630,#3631,#3632,#3633,#3634,#3635,#3636,#3637,#3638,#3639,#3640,#3641,#3642,#3643,#3644,#3645,#3646,#3647,#3648,#3649,#3650,#3651,#3652,#3653,#3654,#3655,#3656,#3657,#3658,#3659,#3660,#3661,#3662,#3663,#3664,#3665,#3666,#3667,#3668,#3669,#3670,#3671,#3672,#3673,#3674,#3675,#3676,#3677,#3678,#3679,#3680,#3681,#3682,#3683,#3684,#3685,#3686,#3687,#3688,#3689,#3690,#3691,#3692,#3693,#3694,#3695,#3696,#3697,#3698,#3699,#3700,#3701,#3702,#3703,#3704,#3705,#3706,#3707,#3708,#3709,#3710,#3711,#3712,#3713,#3714,#3715,#3716,#3717,#3718,#3719,#3720,#3721,#3722,#3723,#3724,#3725,#3726,#3727,#3728,#3729,#3730,#3731,#3732,#3733,#3734,#3735,#3736,#3737,#3738,#3739,#3740,#3741,#3742,#3743,#3744,#3745,#3746,#3747,#3748,#3749,#3750,#3751,#3752,#3753,#3754,#3755,#3756,#3757,#3758,#3759,#3760,#3761,#3762,#3763,#3764,#3765,#3766,#3767,#3768,#3769,#3770,#3771,#3772,#3773,#3774,#3775,#3776,#3777,#3778,#3779,#3780,#3781,#3782,#3783,#3784,#3785,#3786,#3787,#3788,#3789,#3790,#3791,#3792,#3793,#3794,#3795,#3796,#3797,#3798,#3799,#3800,#3801,#3802,#3803,#3804,#3805,#3806,#3807,#3808,#3809,#3810,#3811,#3812,#3813,#3814,#3815,#3816,#3817,#3818,#3819,#3820,#3821,#3822,#3823,#3824,#3825,#3826,#3827,#3828,#3829,#3830),$);
#3833=IFCINDEXEDCOLOURMAP(#3832,1.,#553,(1,1,1,1,1,1,1,1,1,1,1,1,1,1,1,1,1,1,1,1,1,1,1,1,1,1,1,1,1,1,1,1,1,1,1,1,1,1,1,1,1,1,1,1,1,1,1,1,1,1,1,1,1,1,1,1,1,1,1,1,1,1,1,1,1,1,1,1,1,1,1,1,1,1,1,1,1,1,1,1,1,1,1,1,1,1,1,1,1,1,1,1,1,1,1,1,1,1,1,1,1,1,1,1,1,1,1,1,1,1,1,1,1,1,1,1,1,1,1,1,1,1,1,1,1,1,1,1,1,1,1,1,1,1,1,1,1,1,1,1,1,1,1,1,1,1,1,1,1,1,1,1,1,1,1,1,1,1,1,1,1,1,1,1,1,1,1,1,1,1,1,1,1,1,1,1,1,1,1,1,1,1,1,1,1,1,1,1,1,1,1,1,1,1,1,1,1,1,1,1,1,1,1,1,1,1,1,1,1,1,1,1,1,1,1,1,1,1,1,1,1,1,1,1,1,1,1,1,1,1,1,1,1,1,1,1,1,1,1,1,1,1,1,1,1,1,1,1,1,1,1,1,1,1,1,1,1,1,1,1,1,1,1,1,1,1,1,1,1,1,1,1,1,1,1,1,1,1,1,1,1,1,1,1,1,1,1,1,1,1,1,1,1,1,1,1,1,1,1,1,1,1,1,1,1,1,1,1,1,1,1,1,1,1,1,1,1,1,1,1,1,1,1,1,1,1,1,1,1,1,1,1,1,1,1,1,1,1,1,1,1,1,1,1,1,1,1,1,1,1,1,1,1,1,1,1,1,1,1,1,1,1,1,1,1,1,1,1,1,1,1,1,1,1,1,1,1,1,1,1,1,1,1,1,1,1,1,1,1,1,1,1,1,1,1,1,1,1,1,1,1,1,1,1,1,1,1,1,1,1,1,1,1,1,1,1,1,1,1,1,1,1,1,1,1,1,1,1,1,1,1,1,1,1,1,1,1,1,1,1,1,1,1,1,1,1,1,1,1,1,1,1,1,1,1,1,1,1,1,1,1,1,1,1,1,1,1,1,1,1,1,1,1,1,1,1,1,1,1,1,1,1,1,1,1,1,1,1,1,1,1,1,1,1,1,1,1,1,1,1,1,1,1,1,1,1,1,1,1,1,1,1,1,1,1,1,1,1,1,1,1,1,1,1,1,1,1,1,1,1,1,1,1,1,1,1,1,1,1,1,1,1,1,1,1,1,1,1,1,1,1,1,1,1,1,1,1,1,1,1,1,1,1,1,1,1,1,1,1,1,1,1,1,1,1,1,1,1,1,1,1,1,1,1,1,1,1,1,1,1,1,1,1,1,1,1,1,1,1,1,1,1,1,1,1,1,1,1,1,1,1,1,1,1,1,1,1,1,1,1,1,1,1,1,1,1,1,1,1,1,1,1,1,1,1,1,1,1,1,1,1,1,1,1,1,1,1,1,1,1,1,1,1,1,1,1,1,1,1,1,1,1,1,1,1,1,1,1,1,1,1,1,1,1,1,1,1,1,1,1,1,1,1,1,1,1,1,1,1,1,1,1,1,1,1,1,1,1,1,1,1,1,1,1,1,1,1,1,1,1,1,1,1,1,1,1,1,1,1,1,1,1,1,1,1,1,1,1,1,1,1,1,1,1,1,1,1,1,1,1,1,1,1,1,1,1,1,1,1,1,1,1,1,1,1,1,1,1,1,1,1,1,1,1,1,1,1,1,1,1,1,1,1,1,1,1,1,1,1,1,1,1,1,1,1,1,1,1,1,1,1,1,1,1,1,1,1,1,1,1,1,1,1,1,1,1,1,1,1,1,1,1,1,1,1,1,1,1,1,1,1,1,1,1,1,1,1,1,1,1,1,1,1,1,1,1,1,1,1,1,1,1,1,1,1,1,1,1,1,1,1,1,1,1,1,1,1,1,1,1,1,1,1,1,1,1,1,1,1,1,1,1,1,1,1,1,1,1,1,1,1,1,1,1,1,1,1,1,1,1,1,1,1,1,1,1,1,1,1,1,1,1,1,1,1,1,1,1,1,1,1,1,1,1,1,1,1,1,1,1,1,1,1,1,1,1,1,1,1,1,1,1,1,1,1,1,1,1,1,1,1,1,1,1,1,1,1,1,1,1,1,1,1,1,1,1,1,1,1,1,1,1,1,1,1,1,1,1,1,1,1,1,1,1,1,1,1,1,1,1,1,1,1,1,1,1,1,1,1,1,1,1,1,1,1,1,1,1,1,1,1,1,1,1,1,1,1,1,1,1,1,1,1,1,1,1,1,1,1,1,1,1,1,1,1,1,1,1,1,1,1,1,1,1,1,1,1,1,1,1,1,1,1,1,1,1,1,1,1,1,1,1,1,1,1,1,1,1,1,1,1,1,1,1,1,1,1,1,1,1,1,1,1,1,1,1,1,1,1,1,1,1,1,1,1,1,1,1,1,1,1,1,1,1,1,1,1,1,1,1,1,1,1,1,1,1,1,1,1,1,1,1,1,1,1,1,1,1,1,1,1,1,1,1,1,1,1,1,1,1,1,1,1,1,1,1,1,1,1,1,1,1,1,1,1,1,1,1,1,1,1,1,1,1,1,1,1,1,1,1,1,1,1,1,1,1,1,1,1,1,1,1,1,1,1,1,1,1,1,1,1,1,1,1,1,1,1,1,1,1,1,1,1,1,1,1,1,1,1,1,1,1,1,1,1,1,1,1,1,1,1,1,1,1,1,1,1,1,1,1,1,1,1,1,1,1,1,1,1,1,1,1,1,1,1,1,1,1,1,1,1,1,1,1,1,1,1,1,1,1,1,1,1,1,1,1,1,1,1,1,1,1,1,1,1,1,1,1,1,1,1,1,1,1,1,1,1,1,1,1,1,1,1,1,1,1,1,1,1,1,1,1,1,1,1,1,1,1,1,1,1,1,1,1,1,1,1,1,1,1,1,1,1,1,1,1,1,1,1,1,1,1,1,1,1,1,1,1,1,1,1,1,1,1,1,1,1,1,1,1,1,1,1,1,1,1,1,1,1,1,1,1,1,1,1,1,1,1,1,1,1,1,1,1,1,1,1,1,1,1,1,1,1,1,1,1,1,1,1,1,1,1,1,1,1,1,1,1,1,1,1,1,1,1,1,1,1,1,1,1,1,1,1,1,1,1,1,1,1,1,1,1,1,1,1,1,1,1,1,1,1,1,1,1,1,1,1,1,1,1,1,1,1,1,1,1,1,1,1,1,1,1,1,1,1,1,1,1,1,1,1,1,1,1,1,1,1,1,1,1,1,1,1,1,1,1,1,1,1,1,1,1,1,1,1,1,1,1,1,1,1,1,1,1,1,1,1,1,1,1,1,1,1,1,1,1,1,1,1,1,1,1,1,1,1,1,1,1,1,1,1,1,1,1,1,1,1,1,1,1,1,1,1,1,1,1,1,1,1,1,1,1,1,1,1,1,1,1,1,1,1,1,1,1,1,1,1,1,1,1,1,1,1,1,1,1,1,1,1,1,1,1,1,1,1,1,1,1,1,1,1,1,1,1,1,1,1,1,1,1,1,1,1,1,1,1,1,1,1,1,1,1,1,1,1,1,1,1,1,1,1,1,1,1,1,1,1,1,1,1,1,1,1,1,1,1,1,1,1,1,1,1,1,1,1,1,1,1,1,1,1,1,1,1,1,1,1,1,1,1,1,1,1,1,1,1,1,1,1,1,1,1,1,1,1,1,1,1,1,1,1,1,1,1,1,1,1,1,1,1,1,1,1,1,1,1,1,1,1,1,1,1,1,1,1,1,1,1,1,1,1,1,1,1,1,1,1,1,1,1,1,1,1,1,1,1,1,1,1,1,1,1,1,1,1,1,1,1,1,1,1,1,1,1,1,1,1,1,1,1,1,1,1,1,1,1,1,1,1,1,1,1,1,1,1,1,1,1,1,1,1,1,1,1,1,1,1,1,1,1,1,1,1,1,1,1,1,1,1,1,1,1,1,1,1,1,1,1,1,1,1,1,1,1,1,1,1,1,1,1,1,1,1,1,1,1,1,1,1,1,1,1,1,1,1,1,1,1,1,1,1,1,1,1,1,1,1,1,1,1,1,1,1,1,1,1,1,1,1,1,1,1,1,1,1,1,1,1,1,1,1,1,1,1,1,1,1,1,1,1,1,1,1,1,1,1,1,1,1,1,1,1,1,1,1,1,1,1,1,1,1,1,1,1,1,1,1,1,1,1,1,1,1,1,1,1,1,1,1,1,1,1,1,1,1,1,1,1,1,1,1,1,1,1,1,1,1,1,1,1,1,1,1,1,1,1,1,1,1,1,1,1,1,1,1,1,1,1,1,1,1,1,1,1,1,1,1,1,1,1,1,1,1,1,1,1,1,1,1,1,1,1,1,1,1,1,1,1,1,1,1,1,1,1,1,1,1,1,1,1,1,1,1,1,1,1,1,1,1,1,1,1,1,1,1,1,1,1,1,1,1,1,1,1,1,1,1,1,1,1,1,1,1,1,1,1,1,1,1,1,1,1,1,1,1,1,1,1,1,1,1,1,1,1,1,1,1,1,1,1,1,1,1,1,1,1,1,1,1,1,1,1,1,1,1,1,1,1,1,1,1,1,1,1,1,1,1,1,1,1,1,1,1,1,1,1,1,1,1,1,1,1,1,1,1,1,1,1,1,1,1,1,1,1,1,1,1,1,1,1,1,1,1,1,1,1,1,1,1,1,1,1,1,1,1,1,1,1,1,1,1,1,1,1,1,1,1,1,1,1,1,1,1,1,1,1,1,1,1,1,1,1,1,1,1,1,1,1,1,1,1,1,1,1,1,1,1,1,1,1,1,1,1,1,1,1,1,1,1,1,1,1,1,1,1,1,1,1,1,1,1,1,1,1,1,1,1,1,1,1,1,1,1,1,1,1,1,1,1,1,1,1,1,1,1,1,1,1,1,1,1,1,1,1,1,1,1,1,1,1,1,1,1,1,1,1,1,1,1,1,1,1,1,1,1,1,1,1,1,1,1,1,1,1,1,1,1,1,1,1,1,1,1,1,1,1,1,1,1,1,1,1,1,1,1,1,1,1,1,1,1,1,1,1,1,1,1,1,1,1,1,1,1,1,1,1,1,1,1,1,1,1,1,1,1,1,1,1,1,1,1,1,1,1,1,1,1,1,1,1,1,1,1,1,1,1,1,1,1,1,1,1,1,1,1,1,1,1,1,1,1,1,1,1,1,1,1,1,1,1,1,1,1,1,1,1,1,1,1,1,1,1,1,1,1,1,1,1,1,1,1,1,1,1,1,1,1,1,1,1,1,1,1,1,1,1,1,1,1,1,1,1,1,1,1,1,1,1,1,1,1,1,1,1,1,1,1,1,1,1,1,1,1,1,1,1,1,1,1,1,1,1,1,1,1,1,1,1,1,1,1,1,1,1,1,1,1,1,1,1,1,1,1,1,1,1,1,1,1,1,1,1,1,1,1,1,1,1,1,1,1,1,1,1,1,1,1,1,1,1,1,1,1,1,1,1,1,1,1,1,1,1,1,1,1,1,1,1,1,1,1,1,1,1,1,1,1,1,1,1,1,1,1,1,1,1,1,1,1,1,1,1,1,1,1,1,1,1,1,1,1,1,1,1,1,1,1,1,1,1,1,1,1,1,1,1,1,1,1,1,1,1,1,1,1,1,1,1,1,1,1,1,1,1,1,1,1,1,1,1,1,1,1,1,1,1,1,1,1,1,1,1,1,1,1,1,1,1,1,1,1,1,1,1,1,1,1,1,1,1,1,1,1,1,1,1,1,1,1,1,1,1,1,1,1,1,1,1,1,1,1,1,1,1,1,1,1,1,1,1,1,1,1,1,1,1,1,1,1,1,1,1,1,1,1,1,1,1,1,1,1,1,1,1,1,1,1,1,1,1,1,1,1,1,1,1,1,1,1,1,1,1,1,1,1,1,1,1,1,1,1,1,1,1,1,1,1,1,1,1,1,1,1,1,1,1,1,1,1,1,1,1,1,1,1,1,1,1,1,1,1,1,1,1,1,1,1,1,1,1,1,1,1,1,1,1,1,1,1,1,1,1,1,1,1,1,1,1,1,1,1,1,1,1,1,1,1,1,1,1,1,1,1,1,1,1,1,1,1,1,1,1,1,1,1,1,1,1,1,1,1,1,1,1,1,1,1,1,1,1,1,1,1,1,1,1,1,1,1,1,1,1,1,1,1,1,1,1,1,1,1,1,1,1,1,1,1,1,1,1,1,1,1,1,1,1,1,1,1,1,1,1,1,1,1,1,1,1,1,1,1,1,1,1,1,1,1,1,1,1,1,1,1,1,1,1,1,1,1,1,1,1,1,1,1,1,1,1,1,1,1,1,1,1,1,1,1,1,1,1,1,1,1,1,1,1,1,1,1,1,1,1,1,1,1,1,1,1,1,1,1,1,1,1,1,1,1,1,1,1,1,1,1,1,1,1,1,1,1,1,1,1,1,1,1,1,1,1,1,1,1,1,1,1,1,1,1,1,1,1,1,1,1,1,1,1,1,1,1,1,1,1,1,1,1,1,1,1,1,1,1,1,1,1,1,1,1,1,1,1,1,1,1,1,1,1,1,1,1,1,1,1,1,1,1,1,1,1,1,1,1,1,1,1,1,1,1,1,1,1,1,1,1,1,1,1,1,1,1,1,1,1,1,1,1,1,1,1,1,1,1,1,1,1,1,1,1,1,1,1,1,1,1,1,1,1,1,1,1,1,1,1,1,1,1,1,1,1,1,1,1,1,1,1,1,1,1,1,1,1,1,1,1,1,1,1,1,1,1,1,1,1,1,1,1,1,1,1,1,1,1,1,1,1,1,1,1,1,1,1,1,1,1,1,1,1,1,1,1,1,1,1,1,1,1,1,1,1,1,1,1,1,1,1,1,1,1,1,1,1,1,1,1,1,1,1,1,1,1,1,1,1,1,1,1,1,1,1,1,1,1,1,1,1,1,1,1,1,1,1,1,1,1,1,1,1,1,1,1,1,1,1,1,1,1,1,1,1,1,1,1,1,1,1,1,1,1,1,1,1,1,1,1,1,1,1,1,1,1,1,1,1,1,1,1,1,1,1,1,1,1,1,1,1,1,1,1,1,1,1,1,1,1,1,1,1,1,1,1,1,1,1,1,1,1,1,1,1,1,1,1,1,1,1,1,1,1,1,1,1,1,1,1,1,1,1,1,1,1,1,1,1,1,1,1,1,1,1,1,1,1,1,1,1,1,1,1,1,1,1,1,1,1,1,1,1,1,1,1,1,1,1,1,1,1,1,1,1,1,1,1,1,1,1,1,1,1,1,1,1,1,1,1,1,1,1,1,1,1,1,1,1,1,1,1,1,1));
#3834=IFCCOLOURRGB($,0.31372549019607843,0.31372549019607843,0.31372549019607843);
#3835=IFCSURFACESTYLERENDERING(#3834,0.,$,$,$,$,IFCNORMALISEDRATIOMEASURE(0.5),IFCSPECULAREXPONENT(64.),.NOTDEFINED.);
#3836=IFCSURFACESTYLE('Lack - grau 80-80-80',.BOTH.,(#3835));
#3837=IFCSTYLEDITEM(#3832,(#3836),$);
#3838=IFCCOLOURRGBLIST(((0.31372549019607843,0.31372549019607843,0.31372549019607843)));
#3839=IFCINDEXEDPOLYGONALFACE((1,2,3,4,5,6,7,8,9,10));
#3840=IFCINDEXEDPOLYGONALFACE((11,12,13,14,15,16,17,18,19,20));
#3841=IFCINDEXEDPOLYGONALFACE((11,2,1,12));
#3842=IFCINDEXEDPOLYGONALFACE((12,1,10,13));
#3843=IFCINDEXEDPOLYGONALFACE((17,6,5,18));
#3844=IFCINDEXEDPOLYGONALFACE((18,5,4,19));
#3845=IFCINDEXEDPOLYGONALFACE((19,4,3,20));
#3846=IFCINDEXEDPOLYGONALFACE((2,11,20,3));
#3847=IFCINDEXEDPOLYGONALFACE((13,10,9,14));
#3848=IFCINDEXEDPOLYGONALFACE((14,9,8,15));
#3849=IFCINDEXEDPOLYGONALFACE((15,8,7,16));
#3850=IFCINDEXEDPOLYGONALFACE((6,17,16,7));
#3851=IFCCARTESIANPOINTLIST3D(((0.079000000000002554,0.74000000000191801,0.22000000000000042),(0.079000000000002554,0.74000000000191823,0.34000000000000002),(0.079000000000002554,0.75600000000192435,0.33999999999999991),(0.079000000000002554,0.75600000000192435,0.33599999999999991),(0.079000000000002554,0.76000000000192425,0.33599999999999991),(0.079000000000002554,0.76000000000192425,0.22000000000000033),(0.079000000000002554,0.75596090363997204,0.22000000000000033),(0.079000000000002554,0.75596090363997204,0.22400000000000034),(0.079000000000002554,0.75196090363997203,0.22400000000000034),(0.079000000000002554,0.75196090363997203,0.22000000000000039),(1.0559999999999874,0.74000000000191823,0.34000000000000002),(1.0559999999999874,0.74000000000191801,0.22000000000000042),(1.0559999999999874,0.75196090363997203,0.22000000000000039),(1.0559999999999874,0.75196090363997203,0.22400000000000034),(1.0559999999999874,0.75596090363997204,0.22400000000000034),(1.0559999999999874,0.75596090363997204,0.22000000000000033),(1.0559999999999874,0.76000000000192425,0.22000000000000033),(1.0559999999999874,0.76000000000192425,0.33599999999999991),(1.0559999999999874,0.75600000000192435,0.33599999999999991),(1.0559999999999874,0.75600000000192435,0.33999999999999991)));
#3852=IFCPOLYGONALFACESET(#3851,.T.,(#3839,#3840,#3841,#3842,#3843,#3844,#3845,#3846,#3847,#3848,#3849,#3850),$);
#3853=IFCINDEXEDCOLOURMAP(#3852,1.,#3838,(1,1,1,1,1,1,1,1,1,1,1,1));
#3854=IFCSTYLEDITEM(#3852,(#3836),$);
#3855=IFCCOLOURRGBLIST(((0.79607843137254897,0.79607843137254897,0.79607843137254897)));
#3856=IFCINDEXEDPOLYGONALFACE((1,2,3,4));
#3857=IFCINDEXEDPOLYGONALFACE((5,6,7,8));
#3858=IFCINDEXEDPOLYGONALFACE((9,10,11,12,13,14));
#3859=IFCINDEXEDPOLYGONALFACE((6,5,15,16));
#3860=IFCINDEXEDPOLYGONALFACE((8,7,17,18,19,20));
#3861=IFCINDEXEDPOLYGONALFACE((19,12,11,20));
#3862=IFCINDEXEDPOLYGONALFACE((20,11,10,1,4,15,5,8));
#3863=IFCINDEXEDPOLYGONALFACE((15,4,3,16));
#3864=IFCINDEXEDPOLYGONALFACE((12,19,18,13));
#3865=IFCINDEXEDPOLYGONALFACE((16,3,2,9,14,17,7,6));
#3866=IFCINDEXEDPOLYGONALFACE((13,18,17,14));
#3867=IFCINDEXEDPOLYGONALFACE((2,1,10,9));
#3868=IFCCARTESIANPOINTLIST3D(((0.079000000000002416,0.74000000000192412,0.20000000000000021),(0.079000000000002416,0.74000000000192412,0.20900000000000035),(0.079000000000002554,0.76000000000192425,0.20700000000000035),(0.079000000000002554,0.76000000000192425,0.20000000000000015),(1.0559999999999874,0.74000000000191768,0.20000000000000021),(1.0559999999999874,0.74000000000191768,0.20900000000000099),(1.0709999999999875,0.74000000000192212,0.20900000000000046),(1.0709999999999875,0.74000000000192212,0.20000000000000021),(0.064000000000002444,0.74000000000192434,0.20900000000000035),(0.064000000000002444,0.74000000000192434,0.20000000000000021),(0.064000000000002305,0.69000000000192374,0.20000000000000015),(0.064000000000002305,0.69000000000192374,0.21500000000000033),(0.064000000000002444,0.71000000000192376,0.21500000000000033),(0.064000000000002444,0.71000000000192376,0.21200000000000033),(1.0559999999999874,0.76000000000192425,0.20000000000000015),(1.0559999999999874,0.76000000000192425,0.20700000000000035),(1.0709999999999875,0.71000000000192376,0.21200000000000033),(1.0709999999999875,0.71000000000192376,0.21500000000000033),(1.0709999999999875,0.69000000000192374,0.21500000000000033),(1.0709999999999875,0.69000000000192374,0.20000000000000015)));
#3869=IFCPOLYGONALFACESET(#3868,.T.,(#3856,#3857,#3858,#3859,#3860,#3861,#3862,#3863,#3864,#3865,#3866,#3867),$);
#3870=IFCINDEXEDCOLOURMAP(#3869,1.,#3855,(1,1,1,1,1,1,1,1,1,1,1,1));
#3871=IFCSTYLEDITEM(#3869,(#485),$);
#3872=IFCCOLOURRGBLIST(((0.79607843137254897,0.79607843137254897,0.79607843137254897)));
#3873=IFCINDEXEDPOLYGONALFACE((18,19,20,21,22,23,24,1,2,3,4,5,6,7,8,9,10,11,12,13,14,15,16,17));
#3874=IFCINDEXEDPOLYGONALFACEWITHVOIDS((41,42,43,44,45,46,47,48,25,26,27,28,29,30,31,32,33,34,35,36,37,38,39,40),((63,64,65,66,67,68,69,70,71,72,73,74,75,76,77,78,79,80,81,82,49,50,51,52,53,54,55,56,57,58,59,60,61,62)));
#3875=IFCINDEXEDPOLYGONALFACE((114,113,112,111,110,109,108,107,106,105,104,103,102,101,100,99,98,97,96,95,94,93,92,91,90,89,88,87,86,85,84,83,116,115));
#3876=IFCINDEXEDPOLYGONALFACE((25,1,24,26));
#3877=IFCINDEXEDPOLYGONALFACE((26,24,23,27));
#3878=IFCINDEXEDPOLYGONALFACE((29,28,22,21));
#3879=IFCINDEXEDPOLYGONALFACE((22,28,27,23));
#3880=IFCINDEXEDPOLYGONALFACE((30,29,21,20));
#3881=IFCINDEXEDPOLYGONALFACE((30,20,19,31));
#3882=IFCINDEXEDPOLYGONALFACE((31,19,18,32));
#3883=IFCINDEXEDPOLYGONALFACE((32,18,17,33));
#3884=IFCINDEXEDPOLYGONALFACE((35,34,16,15));
#3885=IFCINDEXEDPOLYGONALFACE((16,34,33,17));
#3886=IFCINDEXEDPOLYGONALFACE((36,35,15,14));
#3887=IFCINDEXEDPOLYGONALFACE((36,14,13,37));
#3888=IFCINDEXEDPOLYGONALFACE((37,13,12,38));
#3889=IFCINDEXEDPOLYGONALFACE((116,83,49,82));
#3890=IFCINDEXEDPOLYGONALFACE((38,12,11,39));
#3891=IFCINDEXEDPOLYGONALFACE((115,116,82,81));
#3892=IFCINDEXEDPOLYGONALFACE((41,40,10,9));
#3893=IFCINDEXEDPOLYGONALFACE((113,114,80,79));
#3894=IFCINDEXEDPOLYGONALFACE((10,40,39,11));
#3895=IFCINDEXEDPOLYGONALFACE((114,115,81,80));
#3896=IFCINDEXEDPOLYGONALFACE((42,41,9,8));
#3897=IFCINDEXEDPOLYGONALFACE((112,113,79,78));
#3898=IFCINDEXEDPOLYGONALFACE((42,8,7,43));
#3899=IFCINDEXEDPOLYGONALFACE((112,78,77,111));
#3900=IFCINDEXEDPOLYGONALFACE((43,7,6,44));
#3901=IFCINDEXEDPOLYGONALFACE((77,76,110,111));
#3902=IFCINDEXEDPOLYGONALFACE((44,6,5,45));
#3903=IFCINDEXEDPOLYGONALFACE((109,110,76,75));
#3904=IFCINDEXEDPOLYGONALFACE((47,46,4,3));
#3905=IFCINDEXEDPOLYGONALFACE((107,108,74,73));
#3906=IFCINDEXEDPOLYGONALFACE((4,46,45,5));
#3907=IFCINDEXEDPOLYGONALFACE((108,109,75,74));
#3908=IFCINDEXEDPOLYGONALFACE((48,47,3,2));
#3909=IFCINDEXEDPOLYGONALFACE((106,107,73,72));
#3910=IFCINDEXEDPOLYGONALFACE((48,2,1,25));
#3911=IFCINDEXEDPOLYGONALFACE((105,106,72,71));
#3912=IFCINDEXEDPOLYGONALFACE((49,83,84,50));
#3913=IFCINDEXEDPOLYGONALFACE((87,88,54,53));
#3914=IFCINDEXEDPOLYGONALFACE((85,86,52,51));
#3915=IFCINDEXEDPOLYGONALFACE((84,85,51,50));
#3916=IFCINDEXEDPOLYGONALFACE((87,53,52,86));
#3917=IFCINDEXEDPOLYGONALFACE((92,93,59,58));
#3918=IFCINDEXEDPOLYGONALFACE((90,91,57,56));
#3919=IFCINDEXEDPOLYGONALFACE((89,90,56,55));
#3920=IFCINDEXEDPOLYGONALFACE((92,58,57,91));
#3921=IFCINDEXEDPOLYGONALFACE((88,89,55,54));
#3922=IFCINDEXEDPOLYGONALFACE((59,93,94,60));
#3923=IFCINDEXEDPOLYGONALFACE((98,99,65,64));
#3924=IFCINDEXEDPOLYGONALFACE((96,97,63,62));
#3925=IFCINDEXEDPOLYGONALFACE((95,96,62,61));
#3926=IFCINDEXEDPOLYGONALFACE((98,64,63,97));
#3927=IFCINDEXEDPOLYGONALFACE((103,104,70,69));
#3928=IFCINDEXEDPOLYGONALFACE((101,102,68,67));
#3929=IFCINDEXEDPOLYGONALFACE((100,101,67,66));
#3930=IFCINDEXEDPOLYGONALFACE((103,69,68,102));
#3931=IFCINDEXEDPOLYGONALFACE((99,100,66,65));
#3932=IFCINDEXEDPOLYGONALFACE((95,61,60,94));
#3933=IFCINDEXEDPOLYGONALFACE((70,104,105,71));
#3934=IFCCARTESIANPOINTLIST3D(((0.10749999999996838,0.67000000000192439,1.1700000000000013),(0.10826666890846438,0.67000000000192439,1.1758234285148079),(0.11051442841481852,0.67000000000192439,1.181250000000001),(0.11409009742327113,0.67000000000192439,1.1859099025766984),(0.11874999999996841,0.67000000000192439,1.1894855715851511),(0.12417657148516167,0.67000000000192428,1.191733331091505),(0.12999999999996842,0.67000000000192428,1.1925000000000012),(0.13582342851477511,0.67000000000192428,1.191733331091505),(0.14124999999996843,0.67000000000192406,1.1894855715851509),(0.14590990257666572,0.67000000000192406,1.1859099025766984),(0.14948557158511824,0.67000000000192406,1.181250000000001),(0.15173333109147238,0.67000000000192406,1.1758234285148079),(0.15249999999996838,0.67000000000192406,1.170000000000001),(0.15173333109147238,0.67000000000192406,1.1641765714851942),(0.14948557158511819,0.67000000000192406,1.1587500000000008),(0.14590990257666558,0.67000000000192406,1.1540900974233037),(0.14124999999996829,0.67000000000192406,1.1505144284148512),(0.13582342851477497,0.67000000000192428,1.148266668908497),(0.12999999999996828,0.67000000000192428,1.1475000000000011),(0.12417657148516154,0.67000000000192428,1.148266668908497),(0.11874999999996827,0.67000000000192439,1.1505144284148512),(0.11409009742327099,0.67000000000192439,1.1540900974233037),(0.11051442841481846,0.67000000000192439,1.1587500000000013),(0.10826666890846431,0.67000000000192439,1.1641765714851944),(0.10749999999996832,0.66000000000192438,1.1700000000000013),(0.10826666890846424,0.66000000000192438,1.1641765714851944),(0.11051442841481839,0.66000000000192438,1.1587500000000013),(0.11409009742327092,0.66000000000192438,1.1540900974233037),(0.11874999999996827,0.66000000000192438,1.1505144284148512),(0.12417657148516147,0.66000000000192416,1.148266668908497),(0.12999999999996822,0.66000000000192416,1.1475000000000011),(0.13582342851477489,0.66000000000192416,1.148266668908497),(0.14124999999996823,0.66000000000192416,1.1505144284148512),(0.1459099025766655,0.66000000000192405,1.1540900974233037),(0.1494855715851181,0.66000000000192405,1.1587500000000008),(0.15173333109147233,0.66000000000192405,1.1641765714851942),(0.1524999999999683,0.66000000000192405,1.170000000000001),(0.15173333109147233,0.66000000000192405,1.1758234285148079),(0.14948557158511819,0.66000000000192405,1.181250000000001),(0.14590990257666564,0.66000000000192405,1.1859099025766984),(0.14124999999996829,0.66000000000192416,1.1894855715851509),(0.13582342851477502,0.66000000000192416,1.191733331091505),(0.12999999999996836,0.66000000000192416,1.1925000000000012),(0.1241765714851616,0.66000000000192416,1.191733331091505),(0.11874999999996834,0.66000000000192438,1.1894855715851511),(0.11409009742327099,0.66000000000192438,1.1859099025766984),(0.11051442841481846,0.66000000000192438,1.181250000000001),(0.10826666890846431,0.66000000000192438,1.1758234285148079),(0.1249999999999684,0.66000000000192416,1.1585000000000012),(0.12499999999996833,0.66000000000192416,1.1711261364575674),(0.12344792511338609,0.66000000000192416,1.172585176394322),(0.12230735988662153,0.66000000000192438,1.174384299779224),(0.12164993866705182,0.66000000000192438,1.1764105108567438),(0.12151695145625734,0.66000000000192438,1.1785365514001882),(0.12191675064990218,0.66000000000192438,1.1806288932927491),(0.1228242264571157,0.66000000000192438,1.1825561248953147),(0.12418238394618775,0.66000000000192416,1.1841972044867672),(0.12590592266863734,0.66000000000192416,1.1854490624111427),(0.12788659403975891,0.66000000000192416,1.186233074471142),(0.12999999999996814,0.66000000000192416,1.1865000000000012),(0.13211340596017745,0.66000000000192416,1.186233074471142),(0.13409407733129902,0.66000000000192416,1.1854490624111427),(0.13581761605374867,0.66000000000192416,1.1841972044867675),(0.13717577354282079,0.66000000000192416,1.1825561248953149),(0.13808324935003433,0.66000000000192416,1.1806288932927496),(0.13848304854367929,0.66000000000192416,1.1785365514001884),(0.1383500613328848,0.66000000000192416,1.176410510856744),(0.13769264011331517,0.66000000000192416,1.174384299779224),(0.13655207488655069,0.66000000000192416,1.1725851763943222),(0.13499999999996842,0.66000000000192416,1.1711261364575676),(0.13499999999996837,0.66000000000192416,1.1585000000000012),(0.13482962913141378,0.66000000000192416,1.1572059047744885),(0.1343301270188906,0.66000000000192416,1.1560000000000012),(0.13353553390590112,0.66000000000192416,1.1549644660940683),(0.13249999999996839,0.66000000000192416,1.154169872981079),(0.13129409522548099,0.66000000000192416,1.1536703708685556),(0.12999999999996842,0.66000000000192416,1.1535000000000011),(0.12870590477445584,0.66000000000192416,1.1536703708685556),(0.12749999999996844,0.66000000000192416,1.154169872981079),(0.12646446609403572,0.66000000000192416,1.1549644660940683),(0.12566987298104623,0.66000000000192416,1.156000000000001),(0.12517037086852306,0.66000000000192416,1.1572059047744885),(0.12499999999996847,0.66800000000192428,1.1585000000000012),(0.1249999999999684,0.66800000000192428,1.1711261364575674),(0.12344792511338623,0.66800000000192428,1.172585176394322),(0.12230735988662167,0.66800000000192428,1.1743842997792238),(0.12164993866705195,0.66800000000192428,1.1764105108567438),(0.1215169514562574,0.66800000000192428,1.178536551400188),(0.12191675064990232,0.66800000000192428,1.1806288932927491),(0.12282422645711577,0.66800000000192428,1.1825561248953145),(0.12418238394618782,0.66800000000192428,1.1841972044867672),(0.12590592266863743,0.66800000000192428,1.1854490624111427),(0.12788659403975897,0.66800000000192428,1.1862330744711418),(0.12999999999996822,0.66800000000192428,1.186500000000001),(0.13211340596017745,0.66800000000192428,1.186233074471142),(0.13409407733129902,0.66800000000192428,1.1854490624111427),(0.13581761605374867,0.66800000000192428,1.1841972044867675),(0.13717577354282087,0.66800000000192428,1.1825561248953149),(0.13808324935003438,0.66800000000192428,1.1806288932927496),(0.13848304854367935,0.66800000000192428,1.1785365514001886),(0.13835006133288494,0.66800000000192428,1.176410510856744),(0.13769264011331531,0.66800000000192428,1.1743842997792242),(0.13655207488655088,0.66800000000192428,1.1725851763943222),(0.13499999999996856,0.66800000000192428,1.1711261364575674),(0.13499999999996851,0.66800000000192428,1.1585000000000012),(0.13482962913141383,0.66800000000192428,1.1572059047744885),(0.13433012701889069,0.66800000000192428,1.1560000000000012),(0.13353553390590125,0.66800000000192428,1.1549644660940683),(0.13249999999996853,0.66800000000192428,1.154169872981079),(0.13129409522548113,0.66800000000192428,1.1536703708685558),(0.12999999999996856,0.66800000000192428,1.1535000000000011),(0.12870590477445598,0.66800000000192428,1.1536703708685556),(0.12749999999996858,0.66800000000192428,1.154169872981079),(0.12646446609403578,0.66800000000192428,1.1549644660940683),(0.12566987298104629,0.66800000000192428,1.156000000000001),(0.12517037086852315,0.66800000000192428,1.1572059047744885)));
#3935=IFCPOLYGONALFACESET(#3934,.T.,(#3873,#3874,#3875,#3876,#3877,#3878,#3879,#3880,#3881,#3882,#3883,#3884,#3885,#3886,#3887,#3888,#3889,#3890,#3891,#3892,#3893,#3894,#3895,#3896,#3897,#3898,#3899,#3900,#3901,#3902,#3903,#3904,#3905,#3906,#3907,#3908,#3909,#3910,#3911,#3912,#3913,#3914,#3915,#3916,#3917,#3918,#3919,#3920,#3921,#3922,#3923,#3924,#3925,#3926,#3927,#3928,#3929,#3930,#3931,#3932,#3933),$);
#3936=IFCINDEXEDCOLOURMAP(#3935,1.,#3872,(1,1,1,1,1,1,1,1,1,1,1,1,1,1,1,1,1,1,1,1,1,1,1,1,1,1,1,1,1,1,1,1,1,1,1,1,1,1,1,1,1,1,1,1,1,1,1,1,1,1,1,1,1,1,1,1,1,1,1,1,1));
#3937=IFCSTYLEDITEM(#3935,(#485),$);
#3938=IFCCOLOURRGBLIST(((0.79607843137254897,0.79607843137254897,0.79607843137254897)));
#3939=IFCINDEXEDPOLYGONALFACE((7,8,9,10,11,12,13,14,15,16,17,18,19,20,21,22,23,24,1,2,3,4,5,6));
#3940=IFCINDEXEDPOLYGONALFACE((21,34,35));
#3941=IFCINDEXEDPOLYGONALFACE((23,35,36,24));
#3942=IFCINDEXEDPOLYGONALFACE((32,33,19));
#3943=IFCINDEXEDPOLYGONALFACE((19,33,20));
#3944=IFCINDEXEDPOLYGONALFACE((20,33,34));
#3945=IFCINDEXEDPOLYGONALFACE((1,24,36,37));
#3946=IFCINDEXEDPOLYGONALFACE((22,35,23));
#3947=IFCINDEXEDPOLYGONALFACE((35,22,21));
#3948=IFCINDEXEDPOLYGONALFACE((21,20,34));
#3949=IFCINDEXEDPOLYGONALFACE((17,31,32));
#3950=IFCINDEXEDPOLYGONALFACE((30,15,29));
#3951=IFCINDEXEDPOLYGONALFACE((29,14,28));
#3952=IFCINDEXEDPOLYGONALFACE((26,27,13));
#3953=IFCINDEXEDPOLYGONALFACE((14,27,28));
#3954=IFCINDEXEDPOLYGONALFACE((25,26,13));
#3955=IFCINDEXEDPOLYGONALFACE((32,18,17));
#3956=IFCINDEXEDPOLYGONALFACE((18,32,19));
#3957=IFCINDEXEDPOLYGONALFACE((29,15,14));
#3958=IFCINDEXEDPOLYGONALFACE((15,30,16));
#3959=IFCINDEXEDPOLYGONALFACE((16,31,17));
#3960=IFCINDEXEDPOLYGONALFACE((27,14,13));
#3961=IFCINDEXEDPOLYGONALFACE((31,16,30));
#3962=IFCINDEXEDPOLYGONALFACE((48,25,13));
#3963=IFCINDEXEDPOLYGONALFACE((48,13,47));
#3964=IFCINDEXEDPOLYGONALFACE((45,46,12));
#3965=IFCINDEXEDPOLYGONALFACE((12,46,47));
#3966=IFCINDEXEDPOLYGONALFACE((44,45,11));
#3967=IFCINDEXEDPOLYGONALFACE((12,11,45));
#3968=IFCINDEXEDPOLYGONALFACE((47,13,12));
#3969=IFCINDEXEDPOLYGONALFACE((43,9,42));
#3970=IFCINDEXEDPOLYGONALFACE((8,42,9));
#3971=IFCINDEXEDPOLYGONALFACE((43,10,9));
#3972=IFCINDEXEDPOLYGONALFACE((44,11,10));
#3973=IFCINDEXEDPOLYGONALFACE((43,44,10));
#3974=IFCINDEXEDPOLYGONALFACE((6,40,41));
#3975=IFCINDEXEDPOLYGONALFACE((7,41,42));
#3976=IFCINDEXEDPOLYGONALFACE((2,1,37,38));
#3977=IFCINDEXEDPOLYGONALFACE((3,2,38,39));
#3978=IFCINDEXEDPOLYGONALFACE((5,39,40));
#3979=IFCINDEXEDPOLYGONALFACE((6,5,40));
#3980=IFCINDEXEDPOLYGONALFACE((41,7,6));
#3981=IFCINDEXEDPOLYGONALFACE((3,39,4));
#3982=IFCINDEXEDPOLYGONALFACE((39,5,4));
#3983=IFCINDEXEDPOLYGONALFACE((8,7,42));
#3984=IFCINDEXEDPOLYGONALFACE((67,68,69,70,71,72,49,50,51,52,53,54,55,56,57,58,59,60,61,62,63,64,65,66));
#3985=IFCINDEXEDPOLYGONALFACE((50,49,37,36));
#3986=IFCINDEXEDPOLYGONALFACE((50,36,35,51));
#3987=IFCINDEXEDPOLYGONALFACE((33,32,54,53));
#3988=IFCINDEXEDPOLYGONALFACE((52,51,35,34));
#3989=IFCINDEXEDPOLYGONALFACE((53,52,34,33));
#3990=IFCINDEXEDPOLYGONALFACE((32,56,55));
#3991=IFCINDEXEDPOLYGONALFACE((54,32,55));
#3992=IFCINDEXEDPOLYGONALFACE((30,58,57));
#3993=IFCINDEXEDPOLYGONALFACE((31,57,56));
#3994=IFCINDEXEDPOLYGONALFACE((26,25,61,60));
#3995=IFCINDEXEDPOLYGONALFACE((27,26,60,59));
#3996=IFCINDEXEDPOLYGONALFACE((28,27,59,58));
#3997=IFCINDEXEDPOLYGONALFACE((30,29,58));
#3998=IFCINDEXEDPOLYGONALFACE((57,31,30));
#3999=IFCINDEXEDPOLYGONALFACE((28,58,29));
#4000=IFCINDEXEDPOLYGONALFACE((32,31,56));
#4001=IFCINDEXEDPOLYGONALFACE((47,63,62,48));
#4002=IFCINDEXEDPOLYGONALFACE((48,62,61,25));
#4003=IFCINDEXEDPOLYGONALFACE((43,65,44));
#4004=IFCINDEXEDPOLYGONALFACE((44,65,64));
#4005=IFCINDEXEDPOLYGONALFACE((46,64,63,47));
#4006=IFCINDEXEDPOLYGONALFACE((67,66,42));
#4007=IFCINDEXEDPOLYGONALFACE((64,45,44));
#4008=IFCINDEXEDPOLYGONALFACE((45,64,46));
#4009=IFCINDEXEDPOLYGONALFACE((43,66,65));
#4010=IFCINDEXEDPOLYGONALFACE((40,70,69,41));
#4011=IFCINDEXEDPOLYGONALFACE((41,69,68,42));
#4012=IFCINDEXEDPOLYGONALFACE((37,49,72,38));
#4013=IFCINDEXEDPOLYGONALFACE((38,72,71,39));
#4014=IFCINDEXEDPOLYGONALFACE((39,71,70,40));
#4015=IFCINDEXEDPOLYGONALFACE((42,66,43));
#4016=IFCINDEXEDPOLYGONALFACE((68,67,42));
#4017=IFCCARTESIANPOINTLIST3D(((0.13999999999997054,0.66000000000192416,1.2500000000000011),(0.13965925826286127,0.66000000000192416,1.2474118095489761),(0.13866025403781496,0.66000000000192416,1.2450000000000012),(0.13707106781183606,0.66000000000192416,1.2429289321881358),(0.13499999999997059,0.66000000000192416,1.2413397459621569),(0.13258819045099587,0.66000000000192416,1.2403407417371106),(0.12999999999997064,0.66000000000192416,1.2400000000000013),(0.12741180954894549,0.66000000000192416,1.2403407417371106),(0.12499999999997077,0.66000000000192416,1.2413397459621569),(0.12292893218810531,0.66000000000192416,1.2429289321881358),(0.12133974596212641,0.66000000000192416,1.2450000000000012),(0.12034074173708016,0.66000000000192416,1.2474118095489761),(0.11999999999997082,0.66000000000192416,1.2500000000000016),(0.12034074173708016,0.66000000000192416,1.2525881904510265),(0.12133974596212647,0.66000000000192416,1.2550000000000014),(0.12292893218810538,0.66000000000192416,1.2570710678118668),(0.12499999999997084,0.66000000000192416,1.2586602540378458),(0.12741180954894563,0.66000000000192416,1.2596592582628918),(0.12999999999997078,0.66000000000192416,1.2600000000000011),(0.13258819045099596,0.66000000000192416,1.2596592582628918),(0.13499999999997073,0.66000000000192416,1.2586602540378455),(0.1370710678118362,0.66000000000192416,1.2570710678118666),(0.13866025403781504,0.66000000000192416,1.2550000000000012),(0.13965925826286127,0.66000000000192416,1.2525881904510263),(0.11999999999997076,0.61000000000192545,1.2500000000000016),(0.12034074173708016,0.61034074173903485,1.2525881904510265),(0.12133974596212647,0.61133974596408125,1.2550000000000014),(0.12292893218810538,0.61292893219006006,1.2570710678118668),(0.12499999999997084,0.61500000000192545,1.2586602540378458),(0.12741180954894557,0.61741180955090025,1.2596592582628918),(0.12999999999997072,0.62000000000192546,1.2600000000000011),(0.13258819045099596,0.62258819045295055,1.2596592582628918),(0.13499999999997067,0.62500000000192535,1.2586602540378455),(0.13707106781183612,0.62707106781379085,1.2570710678118666),(0.13866025403781504,0.62866025403976966,1.2550000000000012),(0.13965925826286127,0.62965925826481606,1.2525881904510263),(0.13999999999997054,0.63000000000192535,1.2500000000000011),(0.13965925826286121,0.62965925826481606,1.2474118095489761),(0.1386602540378149,0.62866025403976966,1.2450000000000012),(0.13707106781183606,0.62707106781379074,1.2429289321881358),(0.13499999999997059,0.62500000000192524,1.2413397459621569),(0.13258819045099582,0.62258819045295055,1.2403407417371106),(0.12999999999997064,0.62000000000192534,1.2400000000000013),(0.12741180954894549,0.61741180955090014,1.2403407417371106),(0.1249999999999707,0.61500000000192534,1.2413397459621569),(0.12292893218810524,0.61292893219005995,1.2429289321881358),(0.12133974596212634,0.61133974596408103,1.2450000000000012),(0.12034074173708009,0.61034074173903474,1.2474118095489761),(0.24999999999997058,0.63000000000192558,1.2500000000000011),(0.24999999999997058,0.62965925826481628,1.2525881904510263),(0.24999999999997058,0.62866025403977011,1.2550000000000012),(0.24999999999997058,0.62707106781379129,1.2570710678118666),(0.24999999999997058,0.62500000000192579,1.2586602540378455),(0.24999999999997058,0.622588190452951,1.2596592582628918),(0.24999999999997058,0.6200000000019259,1.2600000000000011),(0.24999999999997058,0.61741180955090069,1.2596592582628918),(0.24999999999997058,0.61500000000192589,1.2586602540378458),(0.24999999999997058,0.61292893219006039,1.2570710678118668),(0.24999999999997058,0.61133974596408147,1.2550000000000014),(0.24999999999997058,0.61034074173903519,1.2525881904510265),(0.24999999999997058,0.61000000000192578,1.2500000000000011),(0.24999999999997058,0.61034074173903519,1.2474118095489761),(0.24999999999997058,0.61133974596408147,1.2450000000000012),(0.24999999999997058,0.61292893219006028,1.2429289321881358),(0.24999999999997058,0.61500000000192578,1.2413397459621569),(0.24999999999997058,0.61741180955090058,1.2403407417371106),(0.24999999999997058,0.62000000000192568,1.2400000000000013),(0.24999999999997058,0.62258819045295088,1.2403407417371106),(0.24999999999997058,0.62500000000192568,1.2413397459621569),(0.24999999999997058,0.62707106781379107,1.2429289321881358),(0.24999999999997058,0.62866025403976999,1.2450000000000012),(0.24999999999997058,0.62965925826481628,1.2474118095489761)));
#4018=IFCPOLYGONALFACESET(#4017,.T.,(#3939,#3940,#3941,#3942,#3943,#3944,#3945,#3946,#3947,#3948,#3949,#3950,#3951,#3952,#3953,#3954,#3955,#3956,#3957,#3958,#3959,#3960,#3961,#3962,#3963,#3964,#3965,#3966,#3967,#3968,#3969,#3970,#3971,#3972,#3973,#3974,#3975,#3976,#3977,#3978,#3979,#3980,#3981,#3982,#3983,#3984,#3985,#3986,#3987,#3988,#3989,#3990,#3991,#3992,#3993,#3994,#3995,#3996,#3997,#3998,#3999,#4000,#4001,#4002,#4003,#4004,#4005,#4006,#4007,#4008,#4009,#4010,#4011,#4012,#4013,#4014,#4015,#4016),$);
#4019=IFCINDEXEDCOLOURMAP(#4018,1.,#3938,(1,1,1,1,1,1,1,1,1,1,1,1,1,1,1,1,1,1,1,1,1,1,1,1,1,1,1,1,1,1,1,1,1,1,1,1,1,1,1,1,1,1,1,1,1,1,1,1,1,1,1,1,1,1,1,1,1,1,1,1,1,1,1,1,1,1,1,1,1,1,1,1,1,1,1,1,1,1));
#4020=IFCSTYLEDITEM(#4018,(#485),$);
#4021=IFCCOLOURRGBLIST(((0.79607843137254897,0.79607843137254897,0.79607843137254897)));
#4022=IFCINDEXEDPOLYGONALFACE((7,8,9,10,11,12,13,14,15,16,17,18,19,20,21,22,23,24,1,2,3,4,5,6));
#4023=IFCINDEXEDPOLYGONALFACE((21,34,35));
#4024=IFCINDEXEDPOLYGONALFACE((23,35,36,24));
#4025=IFCINDEXEDPOLYGONALFACE((32,33,19));
#4026=IFCINDEXEDPOLYGONALFACE((19,33,20));
#4027=IFCINDEXEDPOLYGONALFACE((20,33,34));
#4028=IFCINDEXEDPOLYGONALFACE((1,24,36,37));
#4029=IFCINDEXEDPOLYGONALFACE((22,35,23));
#4030=IFCINDEXEDPOLYGONALFACE((35,22,21));
#4031=IFCINDEXEDPOLYGONALFACE((21,20,34));
#4032=IFCINDEXEDPOLYGONALFACE((17,31,32));
#4033=IFCINDEXEDPOLYGONALFACE((30,15,29));
#4034=IFCINDEXEDPOLYGONALFACE((29,14,28));
#4035=IFCINDEXEDPOLYGONALFACE((26,27,13));
#4036=IFCINDEXEDPOLYGONALFACE((14,27,28));
#4037=IFCINDEXEDPOLYGONALFACE((25,26,13));
#4038=IFCINDEXEDPOLYGONALFACE((32,18,17));
#4039=IFCINDEXEDPOLYGONALFACE((18,32,19));
#4040=IFCINDEXEDPOLYGONALFACE((29,15,14));
#4041=IFCINDEXEDPOLYGONALFACE((15,30,16));
#4042=IFCINDEXEDPOLYGONALFACE((16,31,17));
#4043=IFCINDEXEDPOLYGONALFACE((27,14,13));
#4044=IFCINDEXEDPOLYGONALFACE((31,16,30));
#4045=IFCINDEXEDPOLYGONALFACE((48,25,13));
#4046=IFCINDEXEDPOLYGONALFACE((48,13,47));
#4047=IFCINDEXEDPOLYGONALFACE((45,46,12));
#4048=IFCINDEXEDPOLYGONALFACE((12,46,47));
#4049=IFCINDEXEDPOLYGONALFACE((44,45,11));
#4050=IFCINDEXEDPOLYGONALFACE((12,11,45));
#4051=IFCINDEXEDPOLYGONALFACE((47,13,12));
#4052=IFCINDEXEDPOLYGONALFACE((43,9,42));
#4053=IFCINDEXEDPOLYGONALFACE((8,42,9));
#4054=IFCINDEXEDPOLYGONALFACE((43,10,9));
#4055=IFCINDEXEDPOLYGONALFACE((44,11,10));
#4056=IFCINDEXEDPOLYGONALFACE((43,44,10));
#4057=IFCINDEXEDPOLYGONALFACE((6,40,41));
#4058=IFCINDEXEDPOLYGONALFACE((7,41,42));
#4059=IFCINDEXEDPOLYGONALFACE((2,1,37,38));
#4060=IFCINDEXEDPOLYGONALFACE((3,2,38,39));
#4061=IFCINDEXEDPOLYGONALFACE((5,39,40));
#4062=IFCINDEXEDPOLYGONALFACE((6,5,40));
#4063=IFCINDEXEDPOLYGONALFACE((41,7,6));
#4064=IFCINDEXEDPOLYGONALFACE((3,39,4));
#4065=IFCINDEXEDPOLYGONALFACE((39,5,4));
#4066=IFCINDEXEDPOLYGONALFACE((8,7,42));
#4067=IFCINDEXEDPOLYGONALFACE((65,66,67,68,69,70,71,72,49,50,51,52,53,54,55,56,57,58,59,60,61,62,63,64));
#4068=IFCINDEXEDPOLYGONALFACE((50,49,37,36));
#4069=IFCINDEXEDPOLYGONALFACE((50,36,35,51));
#4070=IFCINDEXEDPOLYGONALFACE((33,32,54,53));
#4071=IFCINDEXEDPOLYGONALFACE((52,51,35,34));
#4072=IFCINDEXEDPOLYGONALFACE((53,52,34,33));
#4073=IFCINDEXEDPOLYGONALFACE((32,56,55));
#4074=IFCINDEXEDPOLYGONALFACE((54,32,55));
#4075=IFCINDEXEDPOLYGONALFACE((30,58,57));
#4076=IFCINDEXEDPOLYGONALFACE((31,57,56));
#4077=IFCINDEXEDPOLYGONALFACE((26,25,61,60));
#4078=IFCINDEXEDPOLYGONALFACE((27,26,60,59));
#4079=IFCINDEXEDPOLYGONALFACE((28,27,59,58));
#4080=IFCINDEXEDPOLYGONALFACE((30,29,58));
#4081=IFCINDEXEDPOLYGONALFACE((57,31,30));
#4082=IFCINDEXEDPOLYGONALFACE((28,58,29));
#4083=IFCINDEXEDPOLYGONALFACE((32,31,56));
#4084=IFCINDEXEDPOLYGONALFACE((47,63,62,48));
#4085=IFCINDEXEDPOLYGONALFACE((48,62,61,25));
#4086=IFCINDEXEDPOLYGONALFACE((43,65,44));
#4087=IFCINDEXEDPOLYGONALFACE((44,65,64));
#4088=IFCINDEXEDPOLYGONALFACE((46,64,63,47));
#4089=IFCINDEXEDPOLYGONALFACE((67,66,42));
#4090=IFCINDEXEDPOLYGONALFACE((64,45,44));
#4091=IFCINDEXEDPOLYGONALFACE((45,64,46));
#4092=IFCINDEXEDPOLYGONALFACE((43,66,65));
#4093=IFCINDEXEDPOLYGONALFACE((40,70,69,41));
#4094=IFCINDEXEDPOLYGONALFACE((41,69,68,42));
#4095=IFCINDEXEDPOLYGONALFACE((37,49,72,38));
#4096=IFCINDEXEDPOLYGONALFACE((38,72,71,39));
#4097=IFCINDEXEDPOLYGONALFACE((39,71,70,40));
#4098=IFCINDEXEDPOLYGONALFACE((42,66,43));
#4099=IFCINDEXEDPOLYGONALFACE((68,67,42));
#4100=IFCCARTESIANPOINTLIST3D(((0.13999999999996851,0.66000000000192416,1.2500000000000011),(0.13965925826285919,0.66000000000192416,1.2474118095489761),(0.13866025403781287,0.66000000000192416,1.2450000000000012),(0.13707106781183404,0.66000000000192416,1.2429289321881358),(0.13499999999996856,0.66000000000192416,1.2413397459621569),(0.13258819045099379,0.66000000000192416,1.2403407417371106),(0.12999999999996861,0.66000000000192416,1.2400000000000013),(0.12741180954894346,0.66000000000192416,1.2403407417371106),(0.12499999999996868,0.66000000000192416,1.2413397459621569),(0.12292893218810322,0.66000000000192416,1.2429289321881358),(0.12133974596212431,0.66000000000192416,1.2450000000000012),(0.12034074173707805,0.66000000000192416,1.2474118095489761),(0.11999999999996873,0.66000000000192416,1.2500000000000016),(0.12034074173707805,0.66000000000192416,1.2525881904510265),(0.12133974596212438,0.66000000000192416,1.2550000000000014),(0.12292893218810329,0.66000000000192416,1.2570710678118668),(0.12499999999996882,0.66000000000192416,1.2586602540378458),(0.12741180954894352,0.66000000000192416,1.2596592582628918),(0.12999999999996875,0.66000000000192416,1.2600000000000011),(0.1325881904509939,0.66000000000192416,1.2596592582628918),(0.13499999999996865,0.66000000000192416,1.2586602540378455),(0.13707106781183409,0.66000000000192416,1.2570710678118666),(0.13866025403781293,0.66000000000192416,1.2550000000000012),(0.13965925826285924,0.66000000000192416,1.2525881904510263),(0.1199999999999688,0.61000000000192234,1.2500000000000016),(0.12034074173707819,0.61034074173903163,1.2525881904510265),(0.1213397459621245,0.61133974596407792,1.2550000000000014),(0.12292893218810343,0.61292893219005695,1.2570710678118668),(0.12499999999996887,0.61500000000192234,1.2586602540378458),(0.1274118095489436,0.61741180955089714,1.2596592582628918),(0.12999999999996883,0.62000000000192235,1.2600000000000011),(0.13258819045099399,0.62258819045294744,1.2596592582628918),(0.1349999999999687,0.62500000000192224,1.2586602540378455),(0.13707106781183415,0.62707106781378774,1.2570710678118666),(0.13866025403781301,0.62866025403976655,1.2550000000000012),(0.13965925826285924,0.62965925826481284,1.2525881904510263),(0.13999999999996859,0.63000000000192224,1.2500000000000011),(0.13965925826285924,0.62965925826481284,1.2474118095489761),(0.13866025403781293,0.62866025403976655,1.2450000000000012),(0.13707106781183404,0.62707106781378763,1.2429289321881358),(0.13499999999996856,0.62500000000192213,1.2413397459621569),(0.13258819045099385,0.62258819045294744,1.2403407417371106),(0.1299999999999687,0.62000000000192224,1.2400000000000013),(0.12741180954894352,0.61741180955089703,1.2403407417371106),(0.12499999999996875,0.61500000000192223,1.2413397459621569),(0.12292893218810329,0.61292893219005684,1.2429289321881358),(0.12133974596212445,0.61133974596407792,1.2450000000000012),(0.12034074173707812,0.61034074173903163,1.2474118095489761),(0.24999999999997063,0.63000000000192247,1.2500000000000011),(0.24999999999997063,0.62965925826481317,1.2525881904510263),(0.24999999999997063,0.628660254039767,1.2550000000000012),(0.24999999999997063,0.62707106781378819,1.2570710678118666),(0.24999999999997063,0.62500000000192268,1.2586602540378455),(0.24999999999997063,0.62258819045294789,1.2596592582628918),(0.24999999999997063,0.62000000000192268,1.2600000000000011),(0.24999999999997063,0.61741180955089758,1.2596592582628918),(0.24999999999997063,0.61500000000192279,1.2586602540378458),(0.24999999999997063,0.61292893219005729,1.2570710678118668),(0.24999999999997063,0.61133974596407836,1.2550000000000014),(0.24999999999997063,0.61034074173903219,1.2525881904510265),(0.24999999999997063,0.61000000000192267,1.2500000000000011),(0.24999999999997063,0.61034074173903208,1.2474118095489761),(0.24999999999997063,0.61133974596407836,1.2450000000000012),(0.24999999999997063,0.61292893219005717,1.2429289321881358),(0.24999999999997063,0.61500000000192268,1.2413397459621569),(0.24999999999997063,0.61741180955089747,1.2403407417371106),(0.24999999999997063,0.62000000000192257,1.2400000000000013),(0.24999999999997063,0.62258819045294778,1.2403407417371106),(0.24999999999997063,0.62500000000192257,1.2413397459621569),(0.24999999999997063,0.62707106781378796,1.2429289321881358),(0.24999999999997063,0.62866025403976689,1.2450000000000012),(0.24999999999997063,0.62965925826481317,1.2474118095489761)));
#4101=IFCPOLYGONALFACESET(#4100,.T.,(#4022,#4023,#4024,#4025,#4026,#4027,#4028,#4029,#4030,#4031,#4032,#4033,#4034,#4035,#4036,#4037,#4038,#4039,#4040,#4041,#4042,#4043,#4044,#4045,#4046,#4047,#4048,#4049,#4050,#4051,#4052,#4053,#4054,#4055,#4056,#4057,#4058,#4059,#4060,#4061,#4062,#4063,#4064,#4065,#4066,#4067,#4068,#4069,#4070,#4071,#4072,#4073,#4074,#4075,#4076,#4077,#4078,#4079,#4080,#4081,#4082,#4083,#4084,#4085,#4086,#4087,#4088,#4089,#4090,#4091,#4092,#4093,#4094,#4095,#4096,#4097,#4098,#4099),$);
#4102=IFCINDEXEDCOLOURMAP(#4101,1.,#4021,(1,1,1,1,1,1,1,1,1,1,1,1,1,1,1,1,1,1,1,1,1,1,1,1,1,1,1,1,1,1,1,1,1,1,1,1,1,1,1,1,1,1,1,1,1,1,1,1,1,1,1,1,1,1,1,1,1,1,1,1,1,1,1,1,1,1,1,1,1,1,1,1,1,1,1,1,1,1));
#4103=IFCSTYLEDITEM(#4101,(#485),$);
#4104=IFCCOLOURRGBLIST(((0.79607843137254897,0.79607843137254897,0.79607843137254897)));
#4105=IFCINDEXEDPOLYGONALFACE((18,19,20,21,22,23,24,1,2,3,4,5,6,7,8,9,10,11,12,13,14,15,16,17));
#4106=IFCINDEXEDPOLYGONALFACE((41,42,43,44,45,46,47,48,25,26,27,28,29,30,31,32,33,34,35,36,37,38,39,40));
#4107=IFCINDEXEDPOLYGONALFACE((25,1,24,26));
#4108=IFCINDEXEDPOLYGONALFACE((26,24,23,27));
#4109=IFCINDEXEDPOLYGONALFACE((29,28,22,21));
#4110=IFCINDEXEDPOLYGONALFACE((22,28,27,23));
#4111=IFCINDEXEDPOLYGONALFACE((30,29,21,20));
#4112=IFCINDEXEDPOLYGONALFACE((30,20,19,31));
#4113=IFCINDEXEDPOLYGONALFACE((31,19,18,32));
#4114=IFCINDEXEDPOLYGONALFACE((32,18,17,33));
#4115=IFCINDEXEDPOLYGONALFACE((35,34,16,15));
#4116=IFCINDEXEDPOLYGONALFACE((16,34,33,17));
#4117=IFCINDEXEDPOLYGONALFACE((36,35,15,14));
#4118=IFCINDEXEDPOLYGONALFACE((36,14,13,37));
#4119=IFCINDEXEDPOLYGONALFACE((37,13,12,38));
#4120=IFCINDEXEDPOLYGONALFACE((38,12,11,39));
#4121=IFCINDEXEDPOLYGONALFACE((41,40,10,9));
#4122=IFCINDEXEDPOLYGONALFACE((10,40,39,11));
#4123=IFCINDEXEDPOLYGONALFACE((42,41,9,8));
#4124=IFCINDEXEDPOLYGONALFACE((42,8,7,43));
#4125=IFCINDEXEDPOLYGONALFACE((43,7,6,44));
#4126=IFCINDEXEDPOLYGONALFACE((44,6,5,45));
#4127=IFCINDEXEDPOLYGONALFACE((47,46,4,3));
#4128=IFCINDEXEDPOLYGONALFACE((4,46,45,5));
#4129=IFCINDEXEDPOLYGONALFACE((48,47,3,2));
#4130=IFCINDEXEDPOLYGONALFACE((48,2,1,25));
#4131=IFCCARTESIANPOINTLIST3D(((0.10749999999996852,0.67000000000192428,1.2500000000000011),(0.10826666890846451,0.67000000000192428,1.255823428514808),(0.11051442841481866,0.67000000000192428,1.2612500000000013),(0.11409009742327127,0.67000000000192428,1.2659099025766987),(0.11874999999996853,0.67000000000192428,1.2694855715851512),(0.12417657148516181,0.67000000000192428,1.2717333310915055),(0.12999999999996856,0.67000000000192428,1.2725000000000015),(0.13582342851477522,0.67000000000192428,1.2717333310915055),(0.14124999999996857,0.67000000000192428,1.269485571585151),(0.14590990257666583,0.67000000000192428,1.2659099025766987),(0.14948557158511838,0.67000000000192428,1.2612500000000013),(0.15173333109147252,0.67000000000192428,1.255823428514808),(0.15249999999996852,0.67000000000192428,1.2500000000000011),(0.15173333109147252,0.67000000000192428,1.2441765714851944),(0.1494855715851183,0.67000000000192428,1.2387500000000011),(0.14590990257666572,0.67000000000192428,1.2340900974233038),(0.14124999999996843,0.67000000000192428,1.2305144284148513),(0.13582342851477511,0.67000000000192428,1.2282666689084973),(0.12999999999996842,0.67000000000192428,1.2275000000000014),(0.12417657148516167,0.67000000000192428,1.2282666689084973),(0.11874999999996841,0.67000000000192428,1.2305144284148513),(0.11409009742327113,0.67000000000192428,1.2340900974233042),(0.11051442841481859,0.67000000000192428,1.2387500000000016),(0.10826666890846445,0.67000000000192428,1.2441765714851947),(0.10749999999996852,0.66000000000192416,1.2500000000000016),(0.10826666890846445,0.66000000000192416,1.2441765714851947),(0.11051442841481859,0.66000000000192416,1.2387500000000016),(0.11409009742327113,0.66000000000192416,1.2340900974233042),(0.11874999999996841,0.66000000000192416,1.2305144284148513),(0.12417657148516167,0.66000000000192416,1.2282666689084973),(0.12999999999996842,0.66000000000192416,1.2275000000000014),(0.13582342851477511,0.66000000000192416,1.2282666689084973),(0.14124999999996843,0.66000000000192416,1.2305144284148513),(0.14590990257666572,0.66000000000192416,1.2340900974233038),(0.1494855715851183,0.66000000000192416,1.2387500000000011),(0.15173333109147252,0.66000000000192416,1.2441765714851944),(0.15249999999996852,0.66000000000192416,1.2500000000000011),(0.15173333109147252,0.66000000000192416,1.255823428514808),(0.14948557158511838,0.66000000000192416,1.2612500000000013),(0.14590990257666583,0.66000000000192416,1.2659099025766987),(0.14124999999996857,0.66000000000192416,1.269485571585151),(0.13582342851477522,0.66000000000192416,1.2717333310915055),(0.12999999999996856,0.66000000000192416,1.2725000000000015),(0.12417657148516181,0.66000000000192416,1.2717333310915055),(0.11874999999996853,0.66000000000192416,1.2694855715851512),(0.11409009742327127,0.66000000000192416,1.2659099025766987),(0.11051442841481866,0.66000000000192416,1.2612500000000013),(0.10826666890846451,0.66000000000192416,1.255823428514808)));
#4132=IFCPOLYGONALFACESET(#4131,.T.,(#4105,#4106,#4107,#4108,#4109,#4110,#4111,#4112,#4113,#4114,#4115,#4116,#4117,#4118,#4119,#4120,#4121,#4122,#4123,#4124,#4125,#4126,#4127,#4128,#4129,#4130),$);
#4133=IFCINDEXEDCOLOURMAP(#4132,1.,#4104,(1,1,1,1,1,1,1,1,1,1,1,1,1,1,1,1,1,1,1,1,1,1,1,1,1,1));
#4134=IFCSTYLEDITEM(#4132,(#485),$);
#4135=IFCCOLOURRGBLIST(((0.31372549019607843,0.31372549019607843,0.31372549019607843)));
#4136=IFCINDEXEDPOLYGONALFACE((1,2,3,4,5,6,7,8));
#4137=IFCINDEXEDPOLYGONALFACE((8,9,10,1));
#4138=IFCINDEXEDPOLYGONALFACE((9,8,7,11,12,13,14,15));
#4139=IFCINDEXEDPOLYGONALFACE((11,7,6,16));
#4140=IFCINDEXEDPOLYGONALFACE((17,5,4,18));
#4141=IFCINDEXEDPOLYGONALFACE((19,20,21,22,18,4,3,23));
#4142=IFCINDEXEDPOLYGONALFACE((2,24,23,3));
#4143=IFCINDEXEDPOLYGONALFACE((10,9,15,25,26,19,23,24));
#4144=IFCINDEXEDPOLYGONALFACE((26,27,20,19));
#4145=IFCINDEXEDPOLYGONALFACE((15,14,28,25));
#4146=IFCINDEXEDPOLYGONALFACE((16,17,18,22,29,30,12,11));
#4147=IFCINDEXEDPOLYGONALFACE((22,21,31,29));
#4148=IFCINDEXEDPOLYGONALFACE((32,31,21,20,27,28,14,13));
#4149=IFCINDEXEDPOLYGONALFACE((30,32,13,12));
#4150=IFCINDEXEDPOLYGONALFACE((1,10,24,2));
#4151=IFCINDEXEDPOLYGONALFACE((25,28,27,26));
#4152=IFCINDEXEDPOLYGONALFACE((6,5,17,16));
#4153=IFCINDEXEDPOLYGONALFACE((29,31,32,30));
#4154=IFCCARTESIANPOINTLIST3D(((1.1350000000000147,0.67000000000192783,2.4499999999999944),(1.6581402917381638E-014,0.67000000000192406,2.4499999999999944),(1.6581402917381638E-014,0.67000000000192406,0.20000000000000001),(0.044999999999973526,0.67000000000192439,0.20000000000000001),(0.044999999999973325,0.67000000000192428,2.4049999999999656),(1.0899999999999725,0.67000000000192761,2.4049999999999656),(1.0899999999999723,0.67000000000192761,0.20000000000000001),(1.1350000000000147,0.67000000000192783,0.20000000000000001),(1.1350000000000142,0.76000000000192769,0.20000000000000001),(1.1350000000000142,0.76000000000192769,2.4499999999999944),(1.0899999999999723,0.69000000000192763,0.20000000000000001),(1.0749999999999724,0.69000000000192752,0.20000000000000001),(1.0749999999999722,0.74000000000192756,0.20000000000000001),(1.0599999999999721,0.74000000000192745,0.20000000000000001),(1.0599999999999721,0.76000000000192747,0.20000000000000001),(1.0899999999999725,0.69000000000192763,2.4049999999999656),(0.044999999999973797,0.6900000000019243,2.4049999999999656),(0.044999999999973728,0.6900000000019243,0.20000000000000001),(0.074999999999973546,0.76000000000192436,0.20000000000000001),(0.074999999999973546,0.7400000000019209,0.20000000000000001),(0.059999999999973568,0.7400000000019209,0.20000000000000001),(0.059999999999973908,0.6900000000019243,0.20000000000000001),(1.631068613505704E-014,0.76000000000192403,0.20000000000000001),(1.631068613505704E-014,0.76000000000192403,2.4499999999999944),(1.0599999999999721,0.76000000000192747,2.3749999999999654),(0.074999999999973546,0.76000000000192436,2.3749999999999654),(0.074999999999973546,0.7400000000019209,2.3749999999999654),(1.0599999999999723,0.74000000000192745,2.3749999999999654),(0.059999999999973977,0.6900000000019243,2.389999999999965),(1.0749999999999724,0.69000000000192752,2.389999999999965),(0.059999999999973637,0.74000000000192201,2.3899999999999655),(1.0749999999999722,0.74000000000192756,2.3899999999999655)));
#4155=IFCPOLYGONALFACESET(#4154,.T.,(#4136,#4137,#4138,#4139,#4140,#4141,#4142,#4143,#4144,#4145,#4146,#4147,#4148,#4149,#4150,#4151,#4152,#4153),$);
#4156=IFCINDEXEDCOLOURMAP(#4155,1.,#4135,(1,1,1,1,1,1,1,1,1,1,1,1,1,1,1,1,1,1));
#4157=IFCSTYLEDITEM(#4155,(#3836),$);
#4158=IFCCOLOURRGBLIST(((0.31372549019607843,0.31372549019607843,0.31372549019607843)));
#4159=IFCINDEXEDPOLYGONALFACE((1,2,3,4));
#4160=IFCINDEXEDPOLYGONALFACE((5,6,7,8));
#4161=IFCINDEXEDPOLYGONALFACE((4,6,5,1));
#4162=IFCINDEXEDPOLYGONALFACE((3,7,6,4));
#4163=IFCINDEXEDPOLYGONALFACE((2,8,7,3));
#4164=IFCINDEXEDPOLYGONALFACE((1,5,8,2));
#4165=IFCCARTESIANPOINTLIST3D(((1.5972290157151292E-014,0.6900000000019294,0.20000000000000001),(1.5972290157151292E-014,0.76000000000192791,0.20000000000000001),(1.5972290157151292E-014,0.76000000000192791,4.6360248973087441E-015),(1.5972290157151292E-014,0.6900000000019294,4.6360248973087441E-015),(1.1350000000000149,0.6900000000019294,0.20000000000000001),(1.1350000000000149,0.6900000000019294,4.6360248973087441E-015),(1.1350000000000149,0.76000000000192769,4.6360248973087441E-015),(1.1350000000000149,0.76000000000192769,0.20000000000000001)));
#4166=IFCPOLYGONALFACESET(#4165,.T.,(#4159,#4160,#4161,#4162,#4163,#4164),$);
#4167=IFCINDEXEDCOLOURMAP(#4166,1.,#4158,(1,1,1,1,1,1));
#4168=IFCSTYLEDITEM(#4166,(#3836),$);
#4169=IFCSHAPEREPRESENTATION(#26,'Body','Tessellation',(#481,#550,#3832,#3852,#3869,#3935,#4018,#4101,#4132,#4155,#4166));
#4170=IFCAXIS2PLACEMENT3D(#3,$,$);
#4171=IFCREPRESENTATIONMAP(#4170,#4169);
#4172=IFCDOORLININGPROPERTIES('0AxoDzgpLB4PtOPgRP6Ajl',#18,'TU DF 1 - Haust\X\FCre:ML - 1135 x 2250:2536546',$,$,$,$,$,$,$,$,$,$,$,$,$,$);
#4173=IFCDOORPANELPROPERTIES('0AxoDzgpLB4PtOPgNP6Ajl',#18,'TU DF 1 - Haust\X\FCre:ML - 1135 x 2250:2536546:1',$,$,.SWINGING.,$,.NOTDEFINED.,$);
#4174=IFCDOORTYPE('1F1Kj_37vZaMJ7xnGBagbK',#18,'TU DF 1 - Haust\X\FCre:ML - 1135 x 2250',$,$,(#4172,#4173),(#4171),'2125215',$,.DOOR.,.SINGLE_SWING_LEFT.,$,$);
#4175=IFCMATERIAL('Metall - Edelstahl geb\X\FCrstet',$,'Metall');
#4176=IFCMATERIAL('Lack - grau 80-80-80',$,'Metall');
#4177=IFCMATERIALCONSTITUENT('Sichtbeschl\X\E4ge',$,#4175,0.0039254357792740373,'Metall');
#4178=IFCSHAPEREPRESENTATION(#26,'Body','Tessellation',(#481,#550,#3935,#4018,#4101,#4132));
#4179=IFCSHAPEASPECT((#4178),'Sichtbeschl\X\E4ge',$,.U.,#4171);
#4180=IFCMATERIALCONSTITUENT('Element',$,#4176,0.49607456422072593,'Metall');
#4181=IFCSHAPEREPRESENTATION(#26,'Body','Tessellation',(#3832,#3852));
#4182=IFCSHAPEASPECT((#4181),'Element',$,.U.,#4171);
#4183=IFCMATERIALCONSTITUENT('Element',$,#4175,0.0039254357792740373,'Metall');
#4184=IFCSHAPEREPRESENTATION(#26,'Body','Tessellation',(#3869));
#4185=IFCSHAPEASPECT((#4184),'Element',$,.U.,#4171);
#4186=IFCMATERIALCONSTITUENT('Rahmen/Pfosten',$,#4176,0.49607456422072593,'Metall');
#4187=IFCSHAPEREPRESENTATION(#26,'Body','Tessellation',(#4155,#4166));
#4188=IFCSHAPEASPECT((#4187),'Rahmen/Pfosten',$,.U.,#4171);
#4189=IFCMATERIALCONSTITUENTSET($,$,(#4177,#4180,#4183,#4186));
#4190=IFCCARTESIANTRANSFORMATIONOPERATOR3D($,$,#3,1.,$);
#4191=IFCMAPPEDITEM(#4171,#4190);
#4192=IFCSHAPEREPRESENTATION(#26,'Body','MappedRepresentation',(#4191));
#4193=IFCPRODUCTDEFINITIONSHAPE($,$,(#4192));
#4194=IFCCARTESIANPOINT((9.3523326763510166,12.407426723078604,-0.20000000000001911));
#4195=IFCAXIS2PLACEMENT3D(#4194,#9,#7);
#4197=IFCDOOR('0AxoDzgpLB4PtOPgVP6Ajl',#18,'TU DF 1 - Haust\X\FCre:ML - 1135 x 2250:2536546',$,'TU DF 1 - Haust\X\FCre:ML - 1135 x 2250',#8616,#4193,'2536546',2.4499999999999895,1.1350000000000084,.DOOR.,$,$);
#4198=IFCMATERIALCONSTITUENT('Metall - Edelstahl geb\X\FCrstet',$,#4175,0.0078508715585480782,'Metall');
#4199=IFCMATERIALCONSTITUENT('Lack - grau 80-80-80',$,#4176,0.99214912844145187,'Metall');
#4200=IFCMATERIALCONSTITUENTSET($,$,(#4198,#4199));
#4201=IFCPROPERTYSINGLEVALUE('Reference',$,IFCIDENTIFIER('ML - 1135 x 2250'),$);
#4202=IFCPROPERTYSET('14AeKHQfwc_76lH0iJaXh_',#18,'Pset_DoorCommon',$,(#127,#4201));
#4203=IFCPROPERTYSET('1ekhD_bMgfYEM4sMZBsj8n',#18,'Pset_EnvironmentalImpactIndicators',$,(#4201));
#4204=IFCRELDEFINESBYPROPERTIES('115zFzHsHPQM_zm3Tfyk8o',#18,$,$,(#4197),#4202);
#4205=IFCRELDEFINESBYPROPERTIES('1PLL9r_1KErEa65IhxEAvw',#18,$,$,(#4197),#4203);
#4206=IFCQUANTITYLENGTH('Width','',$,1.135,$);
#4207=IFCQUANTITYLENGTH('Height','',$,2.25,$);
#4208=IFCQUANTITYAREA('Area','',$,2.5537499999999995,$);
#4209=IFCELEMENTQUANTITY('3a3BaV3POdjqpkWto09Xve',#18,'Qto_DoorBaseQuantities',$,$,(#4206,#4207,#4208));
#4210=IFCRELDEFINESBYPROPERTIES('1U4JERZhAXZZvB_1PZyK9K',#18,$,$,(#4197),#4209);
#4211=IFCCOLOURRGBLIST(((0.79607843137254897,0.79607843137254897,0.79607843137254897)));
#4212=IFCINDEXEDPOLYGONALFACE((11,12,13,14,15,16,17,18,19,20,21,22,23,24,1,2,3,4,5,6,7,8,9,10));
#4213=IFCINDEXEDPOLYGONALFACE((41,42,43,44,45,46,47,48,25,26,27,28,29,30,31,32,33,34,35,36,37,38,39,40));
#4214=IFCINDEXEDPOLYGONALFACE((37,52,38));
#4215=IFCINDEXEDPOLYGONALFACE((38,54,39));
#4216=IFCINDEXEDPOLYGONALFACE((40,55,56));
#4217=IFCINDEXEDPOLYGONALFACE((55,40,39));
#4218=IFCINDEXEDPOLYGONALFACE((40,56,41));
#4219=IFCINDEXEDPOLYGONALFACE((50,51,37));
#4220=IFCINDEXEDPOLYGONALFACE((2,1,74,119));
#4221=IFCINDEXEDPOLYGONALFACE((51,52,37));
#4222=IFCINDEXEDPOLYGONALFACE((43,42,57));
#4223=IFCINDEXEDPOLYGONALFACE((39,54,55));
#4224=IFCINDEXEDPOLYGONALFACE((54,38,53));
#4225=IFCINDEXEDPOLYGONALFACE((38,52,53));
#4226=IFCINDEXEDPOLYGONALFACE((42,41,57));
#4227=IFCINDEXEDPOLYGONALFACE((44,59,45));
#4228=IFCINDEXEDPOLYGONALFACE((45,60,46));
#4229=IFCINDEXEDPOLYGONALFACE((48,47,60,61));
#4230=IFCINDEXEDPOLYGONALFACE((60,47,46));
#4231=IFCINDEXEDPOLYGONALFACE((25,48,61,49));
#4232=IFCINDEXEDPOLYGONALFACE((109,73,13));
#4233=IFCINDEXEDPOLYGONALFACE((57,41,56));
#4234=IFCINDEXEDPOLYGONALFACE((58,43,57));
#4235=IFCINDEXEDPOLYGONALFACE((45,59,60));
#4236=IFCINDEXEDPOLYGONALFACE((59,44,58));
#4237=IFCINDEXEDPOLYGONALFACE((58,44,43));
#4238=IFCINDEXEDPOLYGONALFACE((25,49,62,26));
#4239=IFCINDEXEDPOLYGONALFACE((73,85,13));
#4240=IFCINDEXEDPOLYGONALFACE((26,62,63,27));
#4241=IFCINDEXEDPOLYGONALFACE((29,28,63));
#4242=IFCINDEXEDPOLYGONALFACE((63,28,27));
#4243=IFCINDEXEDPOLYGONALFACE((30,29,64));
#4244=IFCINDEXEDPOLYGONALFACE((64,65,30));
#4245=IFCINDEXEDPOLYGONALFACE((29,63,64));
#4246=IFCINDEXEDPOLYGONALFACE((31,65,66));
#4247=IFCINDEXEDPOLYGONALFACE((66,32,31));
#4248=IFCINDEXEDPOLYGONALFACE((65,31,30));
#4249=IFCINDEXEDPOLYGONALFACE((33,66,67));
#4250=IFCINDEXEDPOLYGONALFACE((33,67,34));
#4251=IFCINDEXEDPOLYGONALFACE((36,35,69));
#4252=IFCINDEXEDPOLYGONALFACE((68,35,34));
#4253=IFCINDEXEDPOLYGONALFACE((37,36,71));
#4254=IFCINDEXEDPOLYGONALFACE((68,69,35));
#4255=IFCINDEXEDPOLYGONALFACE((34,67,68));
#4256=IFCINDEXEDPOLYGONALFACE((71,36,70));
#4257=IFCINDEXEDPOLYGONALFACE((37,71,72));
#4258=IFCINDEXEDPOLYGONALFACE((70,36,69));
#4259=IFCINDEXEDPOLYGONALFACE((37,72,50));
#4260=IFCINDEXEDPOLYGONALFACE((1,24,75,74));
#4261=IFCINDEXEDPOLYGONALFACE((32,66,33));
#4262=IFCINDEXEDPOLYGONALFACE((82,83,99));
#4263=IFCINDEXEDPOLYGONALFACE((108,104,90));
#4264=IFCINDEXEDPOLYGONALFACE((70,69,98));
#4265=IFCINDEXEDPOLYGONALFACE((68,98,69));
#4266=IFCINDEXEDPOLYGONALFACE((66,98,67));
#4267=IFCINDEXEDPOLYGONALFACE((107,93,120,92));
#4268=IFCINDEXEDPOLYGONALFACE((66,65,98));
#4269=IFCINDEXEDPOLYGONALFACE((64,63,98));
#4270=IFCINDEXEDPOLYGONALFACE((65,64,98));
#4271=IFCINDEXEDPOLYGONALFACE((49,98,62));
#4272=IFCINDEXEDPOLYGONALFACE((99,76,77));
#4273=IFCINDEXEDPOLYGONALFACE((98,68,67));
#4274=IFCINDEXEDPOLYGONALFACE((106,105,86,90,104));
#4275=IFCINDEXEDPOLYGONALFACE((84,99,83));
#4276=IFCINDEXEDPOLYGONALFACE((85,96,84));
#4277=IFCINDEXEDPOLYGONALFACE((99,78,79));
#4278=IFCINDEXEDPOLYGONALFACE((63,62,98));
#4279=IFCINDEXEDPOLYGONALFACE((99,96,100));
#4280=IFCINDEXEDPOLYGONALFACE((100,92,97));
#4281=IFCINDEXEDPOLYGONALFACE((88,102,101));
#4282=IFCINDEXEDPOLYGONALFACE((71,70,98));
#4283=IFCINDEXEDPOLYGONALFACE((95,71,98));
#4284=IFCINDEXEDPOLYGONALFACE((92,100,107));
#4285=IFCINDEXEDPOLYGONALFACE((95,72,71));
#4286=IFCINDEXEDPOLYGONALFACE((95,98,101));
#4287=IFCINDEXEDPOLYGONALFACE((84,96,99));
#4288=IFCINDEXEDPOLYGONALFACE((95,50,72));
#4289=IFCINDEXEDPOLYGONALFACE((85,73,96));
#4290=IFCINDEXEDPOLYGONALFACE((88,101,94));
#4291=IFCINDEXEDPOLYGONALFACE((88,108,102));
#4292=IFCINDEXEDPOLYGONALFACE((103,87,128,93,106,104));
#4293=IFCINDEXEDPOLYGONALFACE((103,104,108));
#4294=IFCINDEXEDPOLYGONALFACE((101,98,94));
#4295=IFCINDEXEDPOLYGONALFACE((75,99,74));
#4296=IFCINDEXEDPOLYGONALFACE((75,76,99));
#4297=IFCINDEXEDPOLYGONALFACE((79,80,99));
#4298=IFCINDEXEDPOLYGONALFACE((94,98,49));
#4299=IFCINDEXEDPOLYGONALFACE((99,97,74));
#4300=IFCINDEXEDPOLYGONALFACE((101,89,95));
#4301=IFCINDEXEDPOLYGONALFACE((102,90,89));
#4302=IFCINDEXEDPOLYGONALFACE((81,99,80));
#4303=IFCINDEXEDPOLYGONALFACE((77,78,99));
#4304=IFCINDEXEDPOLYGONALFACE((102,89,101));
#4305=IFCINDEXEDPOLYGONALFACE((99,81,82));
#4306=IFCINDEXEDPOLYGONALFACE((97,99,100));
#4307=IFCINDEXEDPOLYGONALFACE((107,91,122,105));
#4308=IFCINDEXEDPOLYGONALFACE((100,96,121,91));
#4309=IFCINDEXEDPOLYGONALFACE((107,105,106));
#4310=IFCINDEXEDPOLYGONALFACE((100,91,107));
#4311=IFCINDEXEDPOLYGONALFACE((93,107,106));
#4312=IFCINDEXEDPOLYGONALFACE((103,108,88));
#4313=IFCINDEXEDPOLYGONALFACE((102,108,90));
#4314=IFCINDEXEDPOLYGONALFACE((54,53,123));
#4315=IFCINDEXEDPOLYGONALFACE((130,90,86,105,122,129));
#4316=IFCINDEXEDPOLYGONALFACE((123,56,55));
#4317=IFCINDEXEDPOLYGONALFACE((60,59,123));
#4318=IFCINDEXEDPOLYGONALFACE((88,94,133));
#4319=IFCINDEXEDPOLYGONALFACE((115,124,114));
#4320=IFCINDEXEDPOLYGONALFACE((57,56,123));
#4321=IFCINDEXEDPOLYGONALFACE((120,132,127));
#4322=IFCINDEXEDPOLYGONALFACE((123,61,60));
#4323=IFCINDEXEDPOLYGONALFACE((128,129,132));
#4324=IFCINDEXEDPOLYGONALFACE((96,73,109));
#4325=IFCINDEXEDPOLYGONALFACE((95,51,50));
#4326=IFCINDEXEDPOLYGONALFACE((127,121,126));
#4327=IFCINDEXEDPOLYGONALFACE((126,121,96));
#4328=IFCINDEXEDPOLYGONALFACE((125,95,89));
#4329=IFCINDEXEDPOLYGONALFACE((116,117,124));
#4330=IFCINDEXEDPOLYGONALFACE((53,52,123));
#4331=IFCINDEXEDPOLYGONALFACE((96,124,126));
#4332=IFCINDEXEDPOLYGONALFACE((126,97,92,120));
#4333=IFCINDEXEDPOLYGONALFACE((52,95,123));
#4334=IFCINDEXEDPOLYGONALFACE((110,96,109));
#4335=IFCINDEXEDPOLYGONALFACE((97,124,74));
#4336=IFCINDEXEDPOLYGONALFACE((123,94,49));
#4337=IFCINDEXEDPOLYGONALFACE((130,129,128,87,103));
#4338=IFCINDEXEDPOLYGONALFACE((118,119,124));
#4339=IFCINDEXEDPOLYGONALFACE((74,124,119));
#4340=IFCINDEXEDPOLYGONALFACE((120,127,126));
#4341=IFCINDEXEDPOLYGONALFACE((96,110,124));
#4342=IFCINDEXEDPOLYGONALFACE((58,57,123));
#4343=IFCINDEXEDPOLYGONALFACE((131,88,133));
#4344=IFCINDEXEDPOLYGONALFACE((127,122,91,121));
#4345=IFCINDEXEDPOLYGONALFACE((123,59,58));
#4346=IFCINDEXEDPOLYGONALFACE((90,130,131));
#4347=IFCINDEXEDPOLYGONALFACE((132,129,122));
#4348=IFCINDEXEDPOLYGONALFACE((124,115,116));
#4349=IFCINDEXEDPOLYGONALFACE((118,124,117));
#4350=IFCINDEXEDPOLYGONALFACE((51,95,52));
#4351=IFCINDEXEDPOLYGONALFACE((124,112,113));
#4352=IFCINDEXEDPOLYGONALFACE((126,124,97));
#4353=IFCINDEXEDPOLYGONALFACE((124,111,112));
#4354=IFCINDEXEDPOLYGONALFACE((123,55,54));
#4355=IFCINDEXEDPOLYGONALFACE((94,123,125));
#4356=IFCINDEXEDPOLYGONALFACE((124,113,114));
#4357=IFCINDEXEDPOLYGONALFACE((123,95,125));
#4358=IFCINDEXEDPOLYGONALFACE((110,111,124));
#4359=IFCINDEXEDPOLYGONALFACE((61,123,49));
#4360=IFCINDEXEDPOLYGONALFACE((125,89,133));
#4361=IFCINDEXEDPOLYGONALFACE((103,131,130));
#4362=IFCINDEXEDPOLYGONALFACE((88,131,103));
#4363=IFCINDEXEDPOLYGONALFACE((90,131,89));
#4364=IFCINDEXEDPOLYGONALFACE((132,120,93,128));
#4365=IFCINDEXEDPOLYGONALFACE((127,132,122));
#4366=IFCINDEXEDPOLYGONALFACE((131,133,89));
#4367=IFCINDEXEDPOLYGONALFACE((125,133,94));
#4368=IFCINDEXEDPOLYGONALFACE((21,77,76));
#4369=IFCINDEXEDPOLYGONALFACE((23,76,75,24));
#4370=IFCINDEXEDPOLYGONALFACE((79,78,19));
#4371=IFCINDEXEDPOLYGONALFACE((19,78,20));
#4372=IFCINDEXEDPOLYGONALFACE((20,78,77));
#4373=IFCINDEXEDPOLYGONALFACE((22,76,23));
#4374=IFCINDEXEDPOLYGONALFACE((76,22,21));
#4375=IFCINDEXEDPOLYGONALFACE((21,20,77));
#4376=IFCINDEXEDPOLYGONALFACE((17,80,79));
#4377=IFCINDEXEDPOLYGONALFACE((81,15,82));
#4378=IFCINDEXEDPOLYGONALFACE((82,14,83));
#4379=IFCINDEXEDPOLYGONALFACE((85,84,13));
#4380=IFCINDEXEDPOLYGONALFACE((14,84,83));
#4381=IFCINDEXEDPOLYGONALFACE((79,18,17));
#4382=IFCINDEXEDPOLYGONALFACE((18,79,19));
#4383=IFCINDEXEDPOLYGONALFACE((82,15,14));
#4384=IFCINDEXEDPOLYGONALFACE((15,81,16));
#4385=IFCINDEXEDPOLYGONALFACE((16,80,17));
#4386=IFCINDEXEDPOLYGONALFACE((84,14,13));
#4387=IFCINDEXEDPOLYGONALFACE((80,16,81));
#4388=IFCINDEXEDPOLYGONALFACE((109,13,110));
#4389=IFCINDEXEDPOLYGONALFACE((112,111,12));
#4390=IFCINDEXEDPOLYGONALFACE((12,111,110));
#4391=IFCINDEXEDPOLYGONALFACE((113,112,11));
#4392=IFCINDEXEDPOLYGONALFACE((12,11,112));
#4393=IFCINDEXEDPOLYGONALFACE((110,13,12));
#4394=IFCINDEXEDPOLYGONALFACE((114,9,115));
#4395=IFCINDEXEDPOLYGONALFACE((8,115,9));
#4396=IFCINDEXEDPOLYGONALFACE((114,10,9));
#4397=IFCINDEXEDPOLYGONALFACE((113,11,10));
#4398=IFCINDEXEDPOLYGONALFACE((114,113,10));
#4399=IFCINDEXEDPOLYGONALFACE((6,117,116));
#4400=IFCINDEXEDPOLYGONALFACE((7,116,115));
#4401=IFCINDEXEDPOLYGONALFACE((3,2,119,118));
#4402=IFCINDEXEDPOLYGONALFACE((5,118,117));
#4403=IFCINDEXEDPOLYGONALFACE((6,5,117));
#4404=IFCINDEXEDPOLYGONALFACE((116,7,6));
#4405=IFCINDEXEDPOLYGONALFACE((3,118,4));
#4406=IFCINDEXEDPOLYGONALFACE((118,5,4));
#4407=IFCINDEXEDPOLYGONALFACE((8,7,115));
#4408=IFCCARTESIANPOINTLIST3D(((0.95000000000004203,-0.16000000000000286,2.075000000000002),(0.95323523806382349,-0.16000000000000286,2.0754259271713886),(0.95625000000004201,-0.16000000000000286,2.0766746824526963),(0.95883883476487364,-0.16000000000000286,2.0786611652351699),(0.96082531754734735,-0.16000000000000286,2.0812500000000016),(0.9620740728286552,-0.16000000000000286,2.0842647619362205),(0.96250000000004188,-0.16000000000000286,2.0875000000000021),(0.9620740728286552,-0.16000000000000286,2.0907352380637834),(0.96082531754734735,-0.16000000000000286,2.0937500000000018),(0.95883883476487364,-0.16000000000000286,2.0963388347648335),(0.95625000000004201,-0.16000000000000286,2.0983253175473071),(0.95323523806382338,-0.16000000000000286,2.0995740728286152),(0.95000000000004181,-0.16000000000000286,2.1000000000000019),(0.94676476193626014,-0.16000000000000289,2.0995740728286152),(0.94375000000004183,-0.16000000000000289,2.0983253175473071),(0.94116116523520987,-0.16000000000000289,2.0963388347648335),(0.93917468245273628,-0.16000000000000289,2.0937500000000018),(0.93792592717142853,-0.16000000000000289,2.0907352380637829),(0.93750000000004186,-0.16000000000000289,2.0875000000000017),(0.93792592717142853,-0.16000000000000289,2.08426476193622),(0.9391746824527365,-0.16000000000000289,2.0812500000000016),(0.9411611652352101,-0.16000000000000289,2.0786611652351699),(0.94375000000004194,-0.16000000000000289,2.0766746824526963),(0.94676476193626047,-0.16000000000000289,2.0754259271713886),(0.95000000000004203,-0.16000000000000275,0.42500000000000099),(0.94676476193626047,-0.16000000000000275,0.42457407282861431),(0.94375000000004194,-0.16000000000000275,0.42332531754730657),(0.9411611652352101,-0.16000000000000275,0.42133883476483286),(0.9391746824527365,-0.16000000000000275,0.41875000000000107),(0.93792592717142853,-0.16000000000000275,0.41573523806378271),(0.93750000000004186,-0.16000000000000275,0.41250000000000109),(0.93792592717142853,-0.16000000000000275,0.40926476193621969),(0.93917468245273628,-0.16000000000000275,0.40625000000000105),(0.94116116523520987,-0.16000000000000275,0.40366116523516921),(0.94375000000004183,-0.16000000000000275,0.40167468245269555),(0.94676476193626014,-0.16000000000000275,0.40042592717138764),(0.95000000000004181,-0.16000000000000275,0.40000000000000097),(0.95323523806382338,-0.16000000000000272,0.40042592717138764),(0.95625000000004179,-0.16000000000000272,0.40167468245269555),(0.95883883476487364,-0.16000000000000272,0.40366116523516909),(0.96082531754734735,-0.16000000000000272,0.40625000000000089),(0.9620740728286552,-0.16000000000000272,0.40926476193621925),(0.96250000000004188,-0.16000000000000272,0.41250000000000087),(0.9620740728286552,-0.16000000000000272,0.41573523806378232),(0.96082531754734746,-0.16000000000000272,0.4187500000000009),(0.95883883476487375,-0.16000000000000272,0.42133883476483275),(0.95625000000004201,-0.16000000000000272,0.4233253175473064),(0.95323523806382349,-0.16000000000000272,0.42457407282861431),(0.95000000000004203,-0.12500000000000394,0.42500000000000099),(0.95000000000004181,-0.10000000000000395,0.40000000000000097),(0.95323523806382338,-0.10042592717139061,0.40042592717138764),(0.95625000000004168,-0.10167468245269849,0.40167468245269544),(0.95883883476487364,-0.10366116523517205,0.40366116523516909),(0.96082531754734735,-0.10625000000000387,0.40625000000000083),(0.9620740728286552,-0.10926476193622235,0.4092647619362193),(0.96250000000004188,-0.11250000000000393,0.41250000000000087),(0.9620740728286552,-0.11573523806378538,0.41573523806378238),(0.96082531754734735,-0.11875000000000387,0.41875000000000084),(0.95883883476487364,-0.12133883476483584,0.42133883476483275),(0.95625000000004201,-0.1233253175473094,0.4233253175473064),(0.95323523806382349,-0.12457407282861731,0.42457407282861431),(0.94676476193626047,-0.12457407282861731,0.42457407282861431),(0.94375000000004194,-0.12332531754730941,0.42332531754730657),(0.9411611652352101,-0.12133883476483585,0.42133883476483286),(0.9391746824527365,-0.11875000000000405,0.41875000000000112),(0.93792592717142853,-0.11573523806378555,0.41573523806378265),(0.93750000000004186,-0.11250000000000397,0.41250000000000103),(0.93792592717142842,-0.10926476193622252,0.40926476193621958),(0.93917468245273616,-0.10625000000000404,0.40625000000000111),(0.94116116523520987,-0.10366116523517221,0.40366116523516921),(0.94375000000004172,-0.10167468245269852,0.40167468245269555),(0.94676476193626014,-0.10042592717139062,0.40042592717138764),(0.95000000000004181,-0.10000000000000407,2.1000000000000019),(0.95000000000004192,-0.12500000000000408,2.075000000000002),(0.94676476193626047,-0.12457407282861746,2.0754259271713886),(0.94375000000004194,-0.12332531754730962,2.0766746824526963),(0.9411611652352101,-0.12133883476483602,2.0786611652351699),(0.9391746824527365,-0.11875000000000423,2.0812500000000016),(0.93792592717142853,-0.11573523806378574,2.0842647619362205),(0.93750000000004186,-0.11250000000000421,2.0875000000000021),(0.93792592717142842,-0.10926476193622274,2.0907352380637834),(0.93917468245273616,-0.10625000000000422,2.0937500000000018),(0.94116116523520987,-0.10366116523517237,2.0963388347648335),(0.94375000000004172,-0.10167468245269867,2.0983253175473071),(0.94676476193626014,-0.10042592717139076,2.0995740728286152),(0.95000000000004159,-0.10000000000000407,1.249999977416324),(0.95000000000004192,-0.12500000000000408,1.2500000000000016),(0.95000000000004192,-0.12500000000000408,0.91880150870768951),(0.95000000000004159,-0.10000000000000407,0.82500001129183997),(0.95000000000004159,-0.10000000000000407,1.0374999943540821),(0.95000000000004181,-0.10000000000000407,1.6061984090835499),(0.95000000000004192,-0.12500000000000408,1.662500104792539),(0.95000000000004192,-0.12500000000000408,1.4562499476037327),(0.95000000000004181,-0.12500000000000408,0.67190085914638276),(0.95000000000004148,-0.10000000000000407,0.6469007954582271),(0.95000000000004181,-0.10000000000000407,1.8530992045417758),(0.95000000000004192,-0.12500000000000408,1.8280991408536202),(0.93766810562574932,-0.11454313023111874,0.57422088994588238),(0.93766810550236346,-0.1145431294863874,1.9257791048157276),(0.93755739581073849,-0.11130350470610077,1.745299595512469),(0.93753148158589528,-0.11161340620570467,0.72996822240070802),(0.93750267891890082,-0.11224122249929984,0.87738611217686535),(0.95000000000004192,-0.12500000000000408,1.0844007543538454),(0.93750000000004174,-0.11250000000047723,1.1672003903229413),(0.95000000000004181,-0.10000000000000407,1.4280991932499372),(0.93750000000004174,-0.11250000007291645,1.3264683393661085),(0.93754504994655452,-0.11143970798120152,1.5171488069712566),(0.93755671234717575,-0.11368936638091223,1.0222335486710947),(0.95323523806382338,-0.10042592717139072,2.0995740728286152),(0.95625000000004179,-0.10167468245269858,2.0983253175473071),(0.95883883476487364,-0.1036611652351722,2.0963388347648335),(0.96082531754734735,-0.10625000000000404,2.0937500000000018),(0.9620740728286552,-0.10926476193622252,2.0907352380637834),(0.96250000000004188,-0.11250000000000406,2.0875000000000021),(0.9620740728286552,-0.11573523806378554,2.0842647619362205),(0.96082531754734735,-0.11875000000000402,2.0812500000000016),(0.95883883476487364,-0.12133883476483587,2.0786611652351699),(0.95625000000004201,-0.12332531754730953,2.0766746824526963),(0.95323523806382338,-0.1245740728286174,2.0754259271713886),(0.95000000000004192,-0.12500000000000408,1.5811984345721957),(0.95000000000004181,-0.10000000000000407,1.6750000000000018),(0.95000000000004181,-0.10000000000000407,1.4625000000000017),(0.96233189436987876,-0.11454313025801073,0.57422088960158291),(0.96233189424371901,-0.11454313101948456,1.9257791062943488),(0.96246851841345593,-0.11161340619540695,0.7299682213567521),(0.9624685184279187,-0.1116134063988003,1.7700317732478466),(0.96249732108935304,-0.11224122289387588,1.6226138856960448),(0.95000000000004192,-0.12500000000000408,1.4155992172860987),(0.96250000000004177,-0.11249999995675096,1.3327995984794614),(0.96250000000004177,-0.11250000000258323,1.1735316500285382),(0.96242167751030105,-0.11389711410812788,1.0016011830836227),(0.96244328771027243,-0.11368936578075527,1.4777664445232828),(0.96234295816035587,-0.11447519210527779,0.86504835636170729)));
#4409=IFCPOLYGONALFACESET(#4408,.T.,(#4212,#4213,#4214,#4215,#4216,#4217,#4218,#4219,#4220,#4221,#4222,#4223,#4224,#4225,#4226,#4227,#4228,#4229,#4230,#4231,#4232,#4233,#4234,#4235,#4236,#4237,#4238,#4239,#4240,#4241,#4242,#4243,#4244,#4245,#4246,#4247,#4248,#4249,#4250,#4251,#4252,#4253,#4254,#4255,#4256,#4257,#4258,#4259,#4260,#4261,#4262,#4263,#4264,#4265,#4266,#4267,#4268,#4269,#4270,#4271,#4272,#4273,#4274,#4275,#4276,#4277,#4278,#4279,#4280,#4281,#4282,#4283,#4284,#4285,#4286,#4287,#4288,#4289,#4290,#4291,#4292,#4293,#4294,#4295,#4296,#4297,#4298,#4299,#4300,#4301,#4302,#4303,#4304,#4305,#4306,#4307,#4308,#4309,#4310,#4311,#4312,#4313,#4314,#4315,#4316,#4317,#4318,#4319,#4320,#4321,#4322,#4323,#4324,#4325,#4326,#4327,#4328,#4329,#4330,#4331,#4332,#4333,#4334,#4335,#4336,#4337,#4338,#4339,#4340,#4341,#4342,#4343,#4344,#4345,#4346,#4347,#4348,#4349,#4350,#4351,#4352,#4353,#4354,#4355,#4356,#4357,#4358,#4359,#4360,#4361,#4362,#4363,#4364,#4365,#4366,#4367,#4368,#4369,#4370,#4371,#4372,#4373,#4374,#4375,#4376,#4377,#4378,#4379,#4380,#4381,#4382,#4383,#4384,#4385,#4386,#4387,#4388,#4389,#4390,#4391,#4392,#4393,#4394,#4395,#4396,#4397,#4398,#4399,#4400,#4401,#4402,#4403,#4404,#4405,#4406,#4407),$);
#4410=IFCINDEXEDCOLOURMAP(#4409,1.,#4211,(1,1,1,1,1,1,1,1,1,1,1,1,1,1,1,1,1,1,1,1,1,1,1,1,1,1,1,1,1,1,1,1,1,1,1,1,1,1,1,1,1,1,1,1,1,1,1,1,1,1,1,1,1,1,1,1,1,1,1,1,1,1,1,1,1,1,1,1,1,1,1,1,1,1,1,1,1,1,1,1,1,1,1,1,1,1,1,1,1,1,1,1,1,1,1,1,1,1,1,1,1,1,1,1,1,1,1,1,1,1,1,1,1,1,1,1,1,1,1,1,1,1,1,1,1,1,1,1,1,1,1,1,1,1,1,1,1,1,1,1,1,1,1,1,1,1,1,1,1,1,1,1,1,1,1,1,1,1,1,1,1,1,1,1,1,1,1,1,1,1,1,1,1,1,1,1,1,1,1,1,1,1,1,1,1,1,1,1,1,1,1,1,1,1,1,1));
#4411=IFCSTYLEDITEM(#4409,(#485),$);
#4412=IFCCOLOURRGBLIST(((0.79607843137254897,0.79607843137254897,0.79607843137254897)));
#4413=IFCINDEXEDPOLYGONALFACE((18,19,20,21,22,23,24,1,2,3,4,5,6,7,8,9,10,11,12,13,14,15,16,17));
#4414=IFCINDEXEDPOLYGONALFACEWITHVOIDS((41,42,43,44,45,46,47,48,25,26,27,28,29,30,31,32,33,34,35,36,37,38,39,40),((63,64,65,66,67,68,69,70,71,72,73,74,75,76,77,78,79,80,81,82,49,50,51,52,53,54,55,56,57,58,59,60,61,62)));
#4415=IFCINDEXEDPOLYGONALFACE((97,96,95,94,93,92,91,90,89,88,87,86,85,84,83,116,115,114,113,112,111,110,109,108,107,106,105,104,103,102,101,100,99,98));
#4416=IFCINDEXEDPOLYGONALFACE((25,1,24,26));
#4417=IFCINDEXEDPOLYGONALFACE((26,24,23,27));
#4418=IFCINDEXEDPOLYGONALFACE((29,28,22,21));
#4419=IFCINDEXEDPOLYGONALFACE((22,28,27,23));
#4420=IFCINDEXEDPOLYGONALFACE((30,29,21,20));
#4421=IFCINDEXEDPOLYGONALFACE((30,20,19,31));
#4422=IFCINDEXEDPOLYGONALFACE((31,19,18,32));
#4423=IFCINDEXEDPOLYGONALFACE((32,18,17,33));
#4424=IFCINDEXEDPOLYGONALFACE((35,34,16,15));
#4425=IFCINDEXEDPOLYGONALFACE((16,34,33,17));
#4426=IFCINDEXEDPOLYGONALFACE((36,35,15,14));
#4427=IFCINDEXEDPOLYGONALFACE((36,14,13,37));
#4428=IFCINDEXEDPOLYGONALFACE((37,13,12,38));
#4429=IFCINDEXEDPOLYGONALFACE((116,83,49,82));
#4430=IFCINDEXEDPOLYGONALFACE((38,12,11,39));
#4431=IFCINDEXEDPOLYGONALFACE((115,116,82,81));
#4432=IFCINDEXEDPOLYGONALFACE((41,40,10,9));
#4433=IFCINDEXEDPOLYGONALFACE((113,114,80,79));
#4434=IFCINDEXEDPOLYGONALFACE((10,40,39,11));
#4435=IFCINDEXEDPOLYGONALFACE((114,115,81,80));
#4436=IFCINDEXEDPOLYGONALFACE((42,41,9,8));
#4437=IFCINDEXEDPOLYGONALFACE((112,113,79,78));
#4438=IFCINDEXEDPOLYGONALFACE((42,8,7,43));
#4439=IFCINDEXEDPOLYGONALFACE((112,78,77,111));
#4440=IFCINDEXEDPOLYGONALFACE((43,7,6,44));
#4441=IFCINDEXEDPOLYGONALFACE((77,76,110,111));
#4442=IFCINDEXEDPOLYGONALFACE((44,6,5,45));
#4443=IFCINDEXEDPOLYGONALFACE((109,110,76,75));
#4444=IFCINDEXEDPOLYGONALFACE((47,46,4,3));
#4445=IFCINDEXEDPOLYGONALFACE((107,108,74,73));
#4446=IFCINDEXEDPOLYGONALFACE((4,46,45,5));
#4447=IFCINDEXEDPOLYGONALFACE((108,109,75,74));
#4448=IFCINDEXEDPOLYGONALFACE((48,47,3,2));
#4449=IFCINDEXEDPOLYGONALFACE((106,107,73,72));
#4450=IFCINDEXEDPOLYGONALFACE((48,2,1,25));
#4451=IFCINDEXEDPOLYGONALFACE((105,106,72,71));
#4452=IFCINDEXEDPOLYGONALFACE((49,83,84,50));
#4453=IFCINDEXEDPOLYGONALFACE((87,88,54,53));
#4454=IFCINDEXEDPOLYGONALFACE((85,86,52,51));
#4455=IFCINDEXEDPOLYGONALFACE((84,85,51,50));
#4456=IFCINDEXEDPOLYGONALFACE((87,53,52,86));
#4457=IFCINDEXEDPOLYGONALFACE((92,93,59,58));
#4458=IFCINDEXEDPOLYGONALFACE((90,91,57,56));
#4459=IFCINDEXEDPOLYGONALFACE((89,90,56,55));
#4460=IFCINDEXEDPOLYGONALFACE((92,58,57,91));
#4461=IFCINDEXEDPOLYGONALFACE((88,89,55,54));
#4462=IFCINDEXEDPOLYGONALFACE((59,93,94,60));
#4463=IFCINDEXEDPOLYGONALFACE((98,99,65,64));
#4464=IFCINDEXEDPOLYGONALFACE((96,97,63,62));
#4465=IFCINDEXEDPOLYGONALFACE((95,96,62,61));
#4466=IFCINDEXEDPOLYGONALFACE((98,64,63,97));
#4467=IFCINDEXEDPOLYGONALFACE((103,104,70,69));
#4468=IFCINDEXEDPOLYGONALFACE((101,102,68,67));
#4469=IFCINDEXEDPOLYGONALFACE((100,101,67,66));
#4470=IFCINDEXEDPOLYGONALFACE((103,69,68,102));
#4471=IFCINDEXEDPOLYGONALFACE((99,100,66,65));
#4472=IFCINDEXEDPOLYGONALFACE((95,61,60,94));
#4473=IFCINDEXEDPOLYGONALFACE((70,104,105,71));
#4474=IFCCARTESIANPOINTLIST3D(((1.0275000000000467,-0.16000000000000297,1.1700000000000013),(1.0267333310915507,-0.16000000000000297,1.1758234285148079),(1.0244855715851964,-0.16000000000000297,1.181250000000001),(1.0209099025767439,-0.16000000000000295,1.1859099025766984),(1.0162500000000465,-0.16000000000000292,1.1894855715851511),(1.0108234285148534,-0.16000000000000289,1.191733331091505),(1.0050000000000465,-0.16000000000000286,1.1925000000000012),(0.99917657148523986,-0.16000000000000281,1.191733331091505),(0.99375000000004654,-0.16000000000000278,1.1894855715851509),(0.9890900974233493,-0.16000000000000275,1.1859099025766984),(0.98551442841489678,-0.16000000000000272,1.181250000000001),(0.98326666890854253,-0.16000000000000272,1.1758234285148079),(0.98250000000004656,-0.16000000000000272,1.170000000000001),(0.98326666890854253,-0.16000000000000272,1.1641765714851942),(0.98551442841489678,-0.16000000000000272,1.1587500000000008),(0.98909009742334941,-0.16000000000000275,1.1540900974233037),(0.99375000000004676,-0.16000000000000278,1.1505144284148512),(0.99917657148524008,-0.16000000000000281,1.148266668908497),(1.0050000000000467,-0.16000000000000286,1.1475000000000011),(1.0108234285148534,-0.16000000000000289,1.148266668908497),(1.0162500000000467,-0.16000000000000292,1.1505144284148512),(1.0209099025767441,-0.16000000000000295,1.1540900974233037),(1.0244855715851966,-0.16000000000000297,1.1587500000000013),(1.0267333310915507,-0.16000000000000297,1.1641765714851944),(1.0275000000000467,-0.15000000000000299,1.1700000000000013),(1.0267333310915507,-0.15000000000000299,1.1641765714851944),(1.0244855715851966,-0.15000000000000296,1.1587500000000013),(1.0209099025767441,-0.15000000000000296,1.1540900974233037),(1.0162500000000467,-0.15000000000000291,1.1505144284148512),(1.0108234285148536,-0.15000000000000288,1.148266668908497),(1.005000000000047,-0.15000000000000285,1.1475000000000011),(0.99917657148524008,-0.1500000000000028,1.148266668908497),(0.99375000000004676,-0.15000000000000277,1.1505144284148512),(0.98909009742334952,-0.15000000000000274,1.1540900974233037),(0.98551442841489689,-0.15000000000000271,1.1587500000000008),(0.98326666890854264,-0.15000000000000271,1.1641765714851942),(0.98250000000004667,-0.15000000000000271,1.170000000000001),(0.98326666890854264,-0.15000000000000271,1.1758234285148079),(0.98551442841489678,-0.15000000000000271,1.181250000000001),(0.9890900974233493,-0.15000000000000274,1.1859099025766984),(0.99375000000004676,-0.15000000000000277,1.1894855715851509),(0.99917657148523997,-0.1500000000000028,1.191733331091505),(1.0050000000000465,-0.15000000000000285,1.1925000000000012),(1.0108234285148534,-0.15000000000000288,1.191733331091505),(1.0162500000000467,-0.15000000000000291,1.1894855715851511),(1.0209099025767441,-0.15000000000000296,1.1859099025766984),(1.0244855715851966,-0.15000000000000296,1.181250000000001),(1.0267333310915507,-0.15000000000000299,1.1758234285148079),(1.0100000000000466,-0.15000000000000288,1.1585000000000012),(1.0100000000000466,-0.15000000000000288,1.1711261364575674),(1.0115520748866289,-0.15000000000000288,1.172585176394322),(1.0126926401133933,-0.15000000000000291,1.174384299779224),(1.0133500613329631,-0.15000000000000291,1.1764105108567438),(1.0134830485437576,-0.15000000000000291,1.1785365514001882),(1.0130832493501127,-0.15000000000000291,1.1806288932927491),(1.0121757735428993,-0.15000000000000288,1.1825561248953147),(1.0108176160538271,-0.15000000000000288,1.1841972044867672),(1.0090940773313777,-0.15000000000000288,1.1854490624111427),(1.007113405960256,-0.15000000000000285,1.186233074471142),(1.005000000000047,-0.15000000000000285,1.1865000000000012),(1.0028865940398375,-0.15000000000000283,1.186233074471142),(1.000905922668716,-0.15000000000000283,1.1854490624111427),(0.99918238394626635,-0.1500000000000028,1.1841972044867675),(0.99782422645719415,-0.1500000000000028,1.1825561248953149),(0.99691675064998064,-0.1500000000000028,1.1806288932927496),(0.99651695145633568,-0.1500000000000028,1.1785365514001884),(0.99664993866713014,-0.1500000000000028,1.176410510856744),(0.99730735988669983,-0.1500000000000028,1.174384299779224),(0.99844792511346436,-0.1500000000000028,1.1725851763943222),(1.0000000000000466,-0.15000000000000283,1.1711261364575676),(1.0000000000000466,-0.15000000000000283,1.1585000000000012),(1.0001703708686014,-0.15000000000000283,1.1572059047744885),(1.0006698729811245,-0.15000000000000283,1.1560000000000012),(1.0014644660941139,-0.15000000000000283,1.1549644660940683),(1.0025000000000466,-0.15000000000000283,1.154169872981079),(1.003705904774534,-0.15000000000000283,1.1536703708685556),(1.0050000000000465,-0.15000000000000285,1.1535000000000011),(1.0062940952255592,-0.15000000000000285,1.1536703708685556),(1.0075000000000465,-0.15000000000000288,1.154169872981079),(1.0085355339059794,-0.15000000000000288,1.1549644660940683),(1.0093301270189687,-0.15000000000000288,1.156000000000001),(1.0098296291314919,-0.15000000000000288,1.1572059047744885),(1.0100000000000466,-0.15800000000000286,1.1585000000000012),(1.0100000000000466,-0.15800000000000286,1.1711261364575674),(1.0115520748866287,-0.15800000000000286,1.172585176394322),(1.0126926401133933,-0.15800000000000286,1.1743842997792238),(1.0133500613329631,-0.15800000000000286,1.1764105108567438),(1.0134830485437576,-0.15800000000000286,1.1785365514001882),(1.0130832493501127,-0.15800000000000286,1.1806288932927491),(1.0121757735428993,-0.15800000000000286,1.1825561248953147),(1.0108176160538271,-0.15800000000000286,1.1841972044867672),(1.0090940773313777,-0.15800000000000286,1.1854490624111427),(1.007113405960256,-0.15800000000000286,1.1862330744711418),(1.005000000000047,-0.15800000000000286,1.186500000000001),(1.0028865940398375,-0.15800000000000286,1.186233074471142),(1.000905922668716,-0.15800000000000286,1.1854490624111427),(0.99918238394626635,-0.15800000000000286,1.1841972044867675),(0.99782422645719415,-0.15800000000000286,1.1825561248953149),(0.99691675064998064,-0.15800000000000286,1.1806288932927496),(0.99651695145633556,-0.15800000000000286,1.1785365514001884),(0.99664993866713003,-0.15800000000000286,1.176410510856744),(0.99730735988669972,-0.15800000000000286,1.174384299779224),(0.99844792511346414,-0.15800000000000286,1.1725851763943222),(1.0000000000000464,-0.15800000000000286,1.1711261364575674),(1.0000000000000464,-0.15800000000000286,1.1585000000000012),(1.0001703708686012,-0.15800000000000286,1.1572059047744885),(1.0006698729811243,-0.15800000000000286,1.1560000000000012),(1.0014644660941137,-0.15800000000000286,1.1549644660940683),(1.0025000000000466,-0.15800000000000286,1.154169872981079),(1.0037059047745338,-0.15800000000000286,1.1536703708685558),(1.0050000000000465,-0.15800000000000286,1.1535000000000011),(1.006294095225559,-0.15800000000000286,1.1536703708685556),(1.0075000000000465,-0.15800000000000286,1.154169872981079),(1.0085355339059794,-0.15800000000000286,1.1549644660940683),(1.0093301270189687,-0.15800000000000286,1.156000000000001),(1.0098296291314919,-0.15800000000000286,1.1572059047744885)));
#4475=IFCPOLYGONALFACESET(#4474,.T.,(#4413,#4414,#4415,#4416,#4417,#4418,#4419,#4420,#4421,#4422,#4423,#4424,#4425,#4426,#4427,#4428,#4429,#4430,#4431,#4432,#4433,#4434,#4435,#4436,#4437,#4438,#4439,#4440,#4441,#4442,#4443,#4444,#4445,#4446,#4447,#4448,#4449,#4450,#4451,#4452,#4453,#4454,#4455,#4456,#4457,#4458,#4459,#4460,#4461,#4462,#4463,#4464,#4465,#4466,#4467,#4468,#4469,#4470,#4471,#4472,#4473),$);
#4476=IFCINDEXEDCOLOURMAP(#4475,1.,#4412,(1,1,1,1,1,1,1,1,1,1,1,1,1,1,1,1,1,1,1,1,1,1,1,1,1,1,1,1,1,1,1,1,1,1,1,1,1,1,1,1,1,1,1,1,1,1,1,1,1,1,1,1,1,1,1,1,1,1,1,1,1));
#4477=IFCSTYLEDITEM(#4475,(#485),$);
#4478=IFCCOLOURRGBLIST(((0.31372549019607843,0.31372549019607843,0.31372549019607843)));
#4479=IFCINDEXEDPOLYGONALFACE((24,15,30));
#4480=IFCINDEXEDPOLYGONALFACE((86,77,92));
#4481=IFCINDEXEDPOLYGONALFACE((132,123,138));
#4482=IFCINDEXEDPOLYGONALFACE((177,168,183));
#4483=IFCINDEXEDPOLYGONALFACE((38,8,35));
#4484=IFCINDEXEDPOLYGONALFACE((100,70,97));
#4485=IFCINDEXEDPOLYGONALFACE((146,116,143));
#4486=IFCINDEXEDPOLYGONALFACE((191,161,188));
#4487=IFCINDEXEDPOLYGONALFACE((38,39,37));
#4488=IFCINDEXEDPOLYGONALFACE((100,101,99));
#4489=IFCINDEXEDPOLYGONALFACE((146,147,145));
#4490=IFCINDEXEDPOLYGONALFACE((191,192,190));
#4491=IFCINDEXEDPOLYGONALFACE((35,33,34));
#4492=IFCINDEXEDPOLYGONALFACE((97,95,96));
#4493=IFCINDEXEDPOLYGONALFACE((143,141,142));
#4494=IFCINDEXEDPOLYGONALFACE((188,186,187));
#4495=IFCINDEXEDPOLYGONALFACE((7,27,25));
#4496=IFCINDEXEDPOLYGONALFACE((69,89,87));
#4497=IFCINDEXEDPOLYGONALFACE((115,135,133));
#4498=IFCINDEXEDPOLYGONALFACE((160,180,178));
#4499=IFCINDEXEDPOLYGONALFACE((22,32,23));
#4500=IFCINDEXEDPOLYGONALFACE((84,94,85));
#4501=IFCINDEXEDPOLYGONALFACE((130,140,131));
#4502=IFCINDEXEDPOLYGONALFACE((175,185,176));
#4503=IFCINDEXEDPOLYGONALFACE((44,5,6));
#4504=IFCINDEXEDPOLYGONALFACE((106,68,63));
#4505=IFCINDEXEDPOLYGONALFACE((152,114,110));
#4506=IFCINDEXEDPOLYGONALFACE((197,159,1));
#4507=IFCINDEXEDPOLYGONALFACE((44,42,21));
#4508=IFCINDEXEDPOLYGONALFACE((106,104,83));
#4509=IFCINDEXEDPOLYGONALFACE((152,150,129));
#4510=IFCINDEXEDPOLYGONALFACE((197,195,174));
#4511=IFCINDEXEDPOLYGONALFACE((44,19,42));
#4512=IFCINDEXEDPOLYGONALFACE((106,81,104));
#4513=IFCINDEXEDPOLYGONALFACE((197,172,195));
#4514=IFCINDEXEDPOLYGONALFACE((4,44,21));
#4515=IFCINDEXEDPOLYGONALFACE((67,106,83));
#4516=IFCINDEXEDPOLYGONALFACE((113,152,129));
#4517=IFCINDEXEDPOLYGONALFACE((158,197,174));
#4518=IFCINDEXEDPOLYGONALFACE((24,26,10));
#4519=IFCINDEXEDPOLYGONALFACE((86,88,72));
#4520=IFCINDEXEDPOLYGONALFACE((132,134,118));
#4521=IFCINDEXEDPOLYGONALFACE((177,179,163));
#4522=IFCINDEXEDPOLYGONALFACE((28,34,16));
#4523=IFCINDEXEDPOLYGONALFACE((90,96,78));
#4524=IFCINDEXEDPOLYGONALFACE((136,142,124));
#4525=IFCINDEXEDPOLYGONALFACE((181,187,169));
#4526=IFCINDEXEDPOLYGONALFACE((32,2,31));
#4527=IFCINDEXEDPOLYGONALFACE((140,111,139));
#4528=IFCINDEXEDPOLYGONALFACE((7,28,27));
#4529=IFCINDEXEDPOLYGONALFACE((69,90,89));
#4530=IFCINDEXEDPOLYGONALFACE((115,136,135));
#4531=IFCINDEXEDPOLYGONALFACE((160,181,180));
#4532=IFCINDEXEDPOLYGONALFACE((45,46,9));
#4533=IFCINDEXEDPOLYGONALFACE((107,108,71));
#4534=IFCINDEXEDPOLYGONALFACE((153,154,117));
#4535=IFCINDEXEDPOLYGONALFACE((198,199,162));
#4536=IFCINDEXEDPOLYGONALFACE((42,18,43));
#4537=IFCINDEXEDPOLYGONALFACE((104,80,105));
#4538=IFCINDEXEDPOLYGONALFACE((150,126,151));
#4539=IFCINDEXEDPOLYGONALFACE((195,171,196));
#4540=IFCINDEXEDPOLYGONALFACE((17,21,42));
#4541=IFCINDEXEDPOLYGONALFACE((79,83,104));
#4542=IFCINDEXEDPOLYGONALFACE((125,129,150));
#4543=IFCINDEXEDPOLYGONALFACE((170,174,195));
#4544=IFCINDEXEDPOLYGONALFACE((23,15,22));
#4545=IFCINDEXEDPOLYGONALFACE((85,77,84));
#4546=IFCINDEXEDPOLYGONALFACE((131,123,130));
#4547=IFCINDEXEDPOLYGONALFACE((176,168,175));
#4548=IFCINDEXEDPOLYGONALFACE((13,23,31,20));
#4549=IFCINDEXEDPOLYGONALFACE((75,85,93,82));
#4550=IFCINDEXEDPOLYGONALFACE((121,131,139,128));
#4551=IFCINDEXEDPOLYGONALFACE((166,176,184,173));
#4552=IFCINDEXEDPOLYGONALFACE((23,32,31));
#4553=IFCINDEXEDPOLYGONALFACE((85,94,93));
#4554=IFCINDEXEDPOLYGONALFACE((131,140,139));
#4555=IFCINDEXEDPOLYGONALFACE((27,26,25));
#4556=IFCINDEXEDPOLYGONALFACE((89,88,87));
#4557=IFCINDEXEDPOLYGONALFACE((135,134,133));
#4558=IFCINDEXEDPOLYGONALFACE((180,179,178));
#4559=IFCINDEXEDPOLYGONALFACE((30,26,24));
#4560=IFCINDEXEDPOLYGONALFACE((92,88,86));
#4561=IFCINDEXEDPOLYGONALFACE((138,134,132));
#4562=IFCINDEXEDPOLYGONALFACE((183,179,177));
#4563=IFCINDEXEDPOLYGONALFACE((27,10,26));
#4564=IFCINDEXEDPOLYGONALFACE((89,72,88));
#4565=IFCINDEXEDPOLYGONALFACE((135,118,134));
#4566=IFCINDEXEDPOLYGONALFACE((180,163,179));
#4567=IFCINDEXEDPOLYGONALFACE((30,23,13));
#4568=IFCINDEXEDPOLYGONALFACE((92,85,75));
#4569=IFCINDEXEDPOLYGONALFACE((138,131,121));
#4570=IFCINDEXEDPOLYGONALFACE((183,176,166));
#4571=IFCINDEXEDPOLYGONALFACE((25,26,13));
#4572=IFCINDEXEDPOLYGONALFACE((87,88,75));
#4573=IFCINDEXEDPOLYGONALFACE((133,134,121));
#4574=IFCINDEXEDPOLYGONALFACE((178,179,166));
#4575=IFCINDEXEDPOLYGONALFACE((16,29,28));
#4576=IFCINDEXEDPOLYGONALFACE((78,91,90));
#4577=IFCINDEXEDPOLYGONALFACE((124,137,136));
#4578=IFCINDEXEDPOLYGONALFACE((169,182,181));
#4579=IFCINDEXEDPOLYGONALFACE((27,28,29));
#4580=IFCINDEXEDPOLYGONALFACE((89,90,91));
#4581=IFCINDEXEDPOLYGONALFACE((180,181,182));
#4582=IFCINDEXEDPOLYGONALFACE((34,14,35));
#4583=IFCINDEXEDPOLYGONALFACE((96,76,97));
#4584=IFCINDEXEDPOLYGONALFACE((142,122,143));
#4585=IFCINDEXEDPOLYGONALFACE((187,167,188));
#4586=IFCINDEXEDPOLYGONALFACE((28,7,14));
#4587=IFCINDEXEDPOLYGONALFACE((90,69,76));
#4588=IFCINDEXEDPOLYGONALFACE((136,115,122));
#4589=IFCINDEXEDPOLYGONALFACE((181,160,167));
#4590=IFCINDEXEDPOLYGONALFACE((29,10,27));
#4591=IFCINDEXEDPOLYGONALFACE((91,72,89));
#4592=IFCINDEXEDPOLYGONALFACE((137,118,135));
#4593=IFCINDEXEDPOLYGONALFACE((182,163,180));
#4594=IFCINDEXEDPOLYGONALFACE((26,30,13));
#4595=IFCINDEXEDPOLYGONALFACE((88,92,75));
#4596=IFCINDEXEDPOLYGONALFACE((134,138,121));
#4597=IFCINDEXEDPOLYGONALFACE((179,183,166));
#4598=IFCINDEXEDPOLYGONALFACE((23,30,15));
#4599=IFCINDEXEDPOLYGONALFACE((85,92,77));
#4600=IFCINDEXEDPOLYGONALFACE((131,138,123));
#4601=IFCINDEXEDPOLYGONALFACE((176,183,168));
#4602=IFCINDEXEDPOLYGONALFACE((3,31,2));
#4603=IFCINDEXEDPOLYGONALFACE((66,93,65));
#4604=IFCINDEXEDPOLYGONALFACE((112,139,111));
#4605=IFCINDEXEDPOLYGONALFACE((157,184,156));
#4606=IFCINDEXEDPOLYGONALFACE((32,22,1442,1));
#4607=IFCINDEXEDPOLYGONALFACE((94,84,1370,64));
#4608=IFCINDEXEDPOLYGONALFACE((140,130,1389,63));
#4609=IFCINDEXEDPOLYGONALFACE((185,175,1416,110));
#4610=IFCINDEXEDPOLYGONALFACE((2,32,1));
#4611=IFCINDEXEDPOLYGONALFACE((65,94,64));
#4612=IFCINDEXEDPOLYGONALFACE((111,140,63));
#4613=IFCINDEXEDPOLYGONALFACE((156,185,110));
#4614=IFCINDEXEDPOLYGONALFACE((14,12,35));
#4615=IFCINDEXEDPOLYGONALFACE((76,74,97));
#4616=IFCINDEXEDPOLYGONALFACE((122,120,143));
#4617=IFCINDEXEDPOLYGONALFACE((167,165,188));
#4618=IFCINDEXEDPOLYGONALFACE((33,16,34));
#4619=IFCINDEXEDPOLYGONALFACE((95,78,96));
#4620=IFCINDEXEDPOLYGONALFACE((141,124,142));
#4621=IFCINDEXEDPOLYGONALFACE((186,169,187));
#4622=IFCINDEXEDPOLYGONALFACE((14,34,28));
#4623=IFCINDEXEDPOLYGONALFACE((76,96,90));
#4624=IFCINDEXEDPOLYGONALFACE((122,142,136));
#4625=IFCINDEXEDPOLYGONALFACE((167,187,181));
#4626=IFCINDEXEDPOLYGONALFACE((35,8,33));
#4627=IFCINDEXEDPOLYGONALFACE((97,70,95));
#4628=IFCINDEXEDPOLYGONALFACE((143,116,141));
#4629=IFCINDEXEDPOLYGONALFACE((188,161,186));
#4630=IFCINDEXEDPOLYGONALFACE((11,45,39));
#4631=IFCINDEXEDPOLYGONALFACE((164,198,192));
#4632=IFCINDEXEDPOLYGONALFACE((38,36,39));
#4633=IFCINDEXEDPOLYGONALFACE((100,98,101));
#4634=IFCINDEXEDPOLYGONALFACE((146,144,147));
#4635=IFCINDEXEDPOLYGONALFACE((191,189,192));
#4636=IFCINDEXEDPOLYGONALFACE((12,38,35));
#4637=IFCINDEXEDPOLYGONALFACE((74,100,97));
#4638=IFCINDEXEDPOLYGONALFACE((120,146,143));
#4639=IFCINDEXEDPOLYGONALFACE((165,191,188));
#4640=IFCINDEXEDPOLYGONALFACE((38,37,1454,8));
#4641=IFCINDEXEDPOLYGONALFACE((100,99,1349,70));
#4642=IFCINDEXEDPOLYGONALFACE((146,145,1401,116));
#4643=IFCINDEXEDPOLYGONALFACE((191,190,1428,161));
#4644=IFCINDEXEDPOLYGONALFACE((36,38,12));
#4645=IFCINDEXEDPOLYGONALFACE((98,100,74));
#4646=IFCINDEXEDPOLYGONALFACE((144,146,120));
#4647=IFCINDEXEDPOLYGONALFACE((189,191,165));
#4648=IFCINDEXEDPOLYGONALFACE((45,9,1293,37));
#4649=IFCINDEXEDPOLYGONALFACE((107,71,1312,99));
#4650=IFCINDEXEDPOLYGONALFACE((153,117,1292,145));
#4651=IFCINDEXEDPOLYGONALFACE((198,162,1315,190));
#4652=IFCINDEXEDPOLYGONALFACE((39,36,11));
#4653=IFCINDEXEDPOLYGONALFACE((101,98,73));
#4654=IFCINDEXEDPOLYGONALFACE((147,144,119));
#4655=IFCINDEXEDPOLYGONALFACE((192,189,164));
#4656=IFCINDEXEDPOLYGONALFACE((47,41,46));
#4657=IFCINDEXEDPOLYGONALFACE((109,103,108));
#4658=IFCINDEXEDPOLYGONALFACE((200,194,199));
#4659=IFCINDEXEDPOLYGONALFACE((11,46,45));
#4660=IFCINDEXEDPOLYGONALFACE((164,199,198));
#4661=IFCINDEXEDPOLYGONALFACE((17,42,43));
#4662=IFCINDEXEDPOLYGONALFACE((79,104,105));
#4663=IFCINDEXEDPOLYGONALFACE((125,150,151));
#4664=IFCINDEXEDPOLYGONALFACE((170,195,196));
#4665=IFCINDEXEDPOLYGONALFACE((42,19,1311,18));
#4666=IFCINDEXEDPOLYGONALFACE((104,81,1333,80));
#4667=IFCINDEXEDPOLYGONALFACE((150,127,1336,126));
#4668=IFCINDEXEDPOLYGONALFACE((195,172,1319,171));
#4669=IFCINDEXEDPOLYGONALFACE((17,43,40));
#4670=IFCINDEXEDPOLYGONALFACE((79,105,102));
#4671=IFCINDEXEDPOLYGONALFACE((125,151,148));
#4672=IFCINDEXEDPOLYGONALFACE((170,196,193));
#4673=IFCINDEXEDPOLYGONALFACE((43,18,1461,1290,41));
#4674=IFCINDEXEDPOLYGONALFACE((105,80,1334,1289,103));
#4675=IFCINDEXEDPOLYGONALFACE((151,126,1407,1288,149));
#4676=IFCINDEXEDPOLYGONALFACE((196,171,1435,1313,194));
#4677=IFCINDEXEDPOLYGONALFACE((44,6,1464,19));
#4678=IFCINDEXEDPOLYGONALFACE((106,63,1384,81));
#4679=IFCINDEXEDPOLYGONALFACE((152,110,1411,127));
#4680=IFCINDEXEDPOLYGONALFACE((197,1,1437,172));
#4681=IFCINDEXEDPOLYGONALFACE((5,44,4));
#4682=IFCINDEXEDPOLYGONALFACE((68,106,67));
#4683=IFCINDEXEDPOLYGONALFACE((114,152,113));
#4684=IFCINDEXEDPOLYGONALFACE((159,197,158));
#4685=IFCINDEXEDPOLYGONALFACE((39,45,37));
#4686=IFCINDEXEDPOLYGONALFACE((101,107,99));
#4687=IFCINDEXEDPOLYGONALFACE((147,153,145));
#4688=IFCINDEXEDPOLYGONALFACE((192,198,190));
#4689=IFCINDEXEDPOLYGONALFACE((46,41,1456,9));
#4690=IFCINDEXEDPOLYGONALFACE((108,103,1345,71));
#4691=IFCINDEXEDPOLYGONALFACE((154,149,1402,117));
#4692=IFCINDEXEDPOLYGONALFACE((199,194,1429,162));
#4693=IFCINDEXEDPOLYGONALFACE((43,41,47));
#4694=IFCINDEXEDPOLYGONALFACE((105,103,109));
#4695=IFCINDEXEDPOLYGONALFACE((151,149,155));
#4696=IFCINDEXEDPOLYGONALFACE((196,194,200));
#4697=IFCINDEXEDPOLYGONALFACE((40,46,11));
#4698=IFCINDEXEDPOLYGONALFACE((102,108,73));
#4699=IFCINDEXEDPOLYGONALFACE((148,154,119));
#4700=IFCINDEXEDPOLYGONALFACE((193,199,164));
#4701=IFCINDEXEDPOLYGONALFACE((47,40,43));
#4702=IFCINDEXEDPOLYGONALFACE((109,102,105));
#4703=IFCINDEXEDPOLYGONALFACE((155,148,151));
#4704=IFCINDEXEDPOLYGONALFACE((200,193,196));
#4705=IFCINDEXEDPOLYGONALFACE((47,46,40));
#4706=IFCINDEXEDPOLYGONALFACE((48,49,62));
#4707=IFCINDEXEDPOLYGONALFACE((62,60,58));
#4708=IFCINDEXEDPOLYGONALFACE((61,56,50));
#4709=IFCINDEXEDPOLYGONALFACE((55,54,60));
#4710=IFCINDEXEDPOLYGONALFACE((62,58,1323,6));
#4711=IFCINDEXEDPOLYGONALFACE((53,59,57));
#4712=IFCINDEXEDPOLYGONALFACE((1327,1483,1320));
#4713=IFCINDEXEDPOLYGONALFACE((59,53,60));
#4714=IFCINDEXEDPOLYGONALFACE((61,57,59));
#4715=IFCINDEXEDPOLYGONALFACE((61,51,52));
#4716=IFCINDEXEDPOLYGONALFACE((59,56,61));
#4717=IFCINDEXEDPOLYGONALFACE((59,54,56));
#4718=IFCINDEXEDPOLYGONALFACE((1483,1482,1479));
#4719=IFCINDEXEDPOLYGONALFACE((54,59,60));
#4720=IFCINDEXEDPOLYGONALFACE((55,60,62));
#4721=IFCINDEXEDPOLYGONALFACE((60,53,1322,58));
#4722=IFCINDEXEDPOLYGONALFACE((61,52,1326,57));
#4723=IFCINDEXEDPOLYGONALFACE((50,51,61));
#4724=IFCINDEXEDPOLYGONALFACE((55,62,49));
#4725=IFCINDEXEDPOLYGONALFACE((48,62,6));
#4726=IFCINDEXEDPOLYGONALFACE((94,65,93));
#4727=IFCINDEXEDPOLYGONALFACE((73,107,101));
#4728=IFCINDEXEDPOLYGONALFACE((119,153,147));
#4729=IFCINDEXEDPOLYGONALFACE((73,108,107));
#4730=IFCINDEXEDPOLYGONALFACE((119,154,153));
#4731=IFCINDEXEDPOLYGONALFACE((109,108,102));
#4732=IFCINDEXEDPOLYGONALFACE((155,154,148));
#4733=IFCINDEXEDPOLYGONALFACE((200,199,193));
#4734=IFCINDEXEDPOLYGONALFACE((152,127,150));
#4735=IFCINDEXEDPOLYGONALFACE((135,136,137));
#4736=IFCINDEXEDPOLYGONALFACE((155,149,154));
#4737=IFCINDEXEDPOLYGONALFACE((185,156,184));
#4738=IFCINDEXEDPOLYGONALFACE((176,185,184));
#4739=IFCINDEXEDPOLYGONALFACE((224,215,230));
#4740=IFCINDEXEDPOLYGONALFACE((270,261,276));
#4741=IFCINDEXEDPOLYGONALFACE((316,307,322));
#4742=IFCINDEXEDPOLYGONALFACE((238,208,235));
#4743=IFCINDEXEDPOLYGONALFACE((284,254,281));
#4744=IFCINDEXEDPOLYGONALFACE((330,300,327));
#4745=IFCINDEXEDPOLYGONALFACE((238,239,237));
#4746=IFCINDEXEDPOLYGONALFACE((284,285,283));
#4747=IFCINDEXEDPOLYGONALFACE((330,331,329));
#4748=IFCINDEXEDPOLYGONALFACE((235,233,234));
#4749=IFCINDEXEDPOLYGONALFACE((281,279,280));
#4750=IFCINDEXEDPOLYGONALFACE((327,325,326));
#4751=IFCINDEXEDPOLYGONALFACE((207,227,225));
#4752=IFCINDEXEDPOLYGONALFACE((253,273,271));
#4753=IFCINDEXEDPOLYGONALFACE((299,319,317));
#4754=IFCINDEXEDPOLYGONALFACE((222,232,223));
#4755=IFCINDEXEDPOLYGONALFACE((268,278,269));
#4756=IFCINDEXEDPOLYGONALFACE((314,324,315));
#4757=IFCINDEXEDPOLYGONALFACE((244,203,204));
#4758=IFCINDEXEDPOLYGONALFACE((290,250,251));
#4759=IFCINDEXEDPOLYGONALFACE((336,296,297));
#4760=IFCINDEXEDPOLYGONALFACE((244,242,221));
#4761=IFCINDEXEDPOLYGONALFACE((290,288,267));
#4762=IFCINDEXEDPOLYGONALFACE((336,334,313));
#4763=IFCINDEXEDPOLYGONALFACE((244,219,242));
#4764=IFCINDEXEDPOLYGONALFACE((290,265,288));
#4765=IFCINDEXEDPOLYGONALFACE((336,311,334));
#4766=IFCINDEXEDPOLYGONALFACE((202,244,221));
#4767=IFCINDEXEDPOLYGONALFACE((249,290,267));
#4768=IFCINDEXEDPOLYGONALFACE((295,336,313));
#4769=IFCINDEXEDPOLYGONALFACE((224,226,210));
#4770=IFCINDEXEDPOLYGONALFACE((270,272,256));
#4771=IFCINDEXEDPOLYGONALFACE((316,318,302));
#4772=IFCINDEXEDPOLYGONALFACE((228,234,216));
#4773=IFCINDEXEDPOLYGONALFACE((274,280,262));
#4774=IFCINDEXEDPOLYGONALFACE((320,326,308));
#4775=IFCINDEXEDPOLYGONALFACE((232,206,231));
#4776=IFCINDEXEDPOLYGONALFACE((278,252,277));
#4777=IFCINDEXEDPOLYGONALFACE((324,298,323));
#4778=IFCINDEXEDPOLYGONALFACE((207,228,227));
#4779=IFCINDEXEDPOLYGONALFACE((253,274,273));
#4780=IFCINDEXEDPOLYGONALFACE((299,320,319));
#4781=IFCINDEXEDPOLYGONALFACE((245,246,209));
#4782=IFCINDEXEDPOLYGONALFACE((291,292,255));
#4783=IFCINDEXEDPOLYGONALFACE((337,338,301));
#4784=IFCINDEXEDPOLYGONALFACE((242,218,243));
#4785=IFCINDEXEDPOLYGONALFACE((288,264,289));
#4786=IFCINDEXEDPOLYGONALFACE((334,310,335));
#4787=IFCINDEXEDPOLYGONALFACE((217,221,242));
#4788=IFCINDEXEDPOLYGONALFACE((263,267,288));
#4789=IFCINDEXEDPOLYGONALFACE((309,313,334));
#4790=IFCINDEXEDPOLYGONALFACE((223,215,222));
#4791=IFCINDEXEDPOLYGONALFACE((269,261,268));
#4792=IFCINDEXEDPOLYGONALFACE((315,307,314));
#4793=IFCINDEXEDPOLYGONALFACE((213,223,231,220));
#4794=IFCINDEXEDPOLYGONALFACE((259,269,277,266));
#4795=IFCINDEXEDPOLYGONALFACE((305,315,323,312));
#4796=IFCINDEXEDPOLYGONALFACE((223,232,231));
#4797=IFCINDEXEDPOLYGONALFACE((269,278,277));
#4798=IFCINDEXEDPOLYGONALFACE((315,324,323));
#4799=IFCINDEXEDPOLYGONALFACE((227,226,225));
#4800=IFCINDEXEDPOLYGONALFACE((273,272,271));
#4801=IFCINDEXEDPOLYGONALFACE((319,318,317));
#4802=IFCINDEXEDPOLYGONALFACE((230,226,224));
#4803=IFCINDEXEDPOLYGONALFACE((276,272,270));
#4804=IFCINDEXEDPOLYGONALFACE((322,318,316));
#4805=IFCINDEXEDPOLYGONALFACE((227,210,226));
#4806=IFCINDEXEDPOLYGONALFACE((273,256,272));
#4807=IFCINDEXEDPOLYGONALFACE((319,302,318));
#4808=IFCINDEXEDPOLYGONALFACE((230,223,213));
#4809=IFCINDEXEDPOLYGONALFACE((276,269,259));
#4810=IFCINDEXEDPOLYGONALFACE((322,315,305));
#4811=IFCINDEXEDPOLYGONALFACE((225,226,213));
#4812=IFCINDEXEDPOLYGONALFACE((271,272,259));
#4813=IFCINDEXEDPOLYGONALFACE((317,318,305));
#4814=IFCINDEXEDPOLYGONALFACE((216,229,228));
#4815=IFCINDEXEDPOLYGONALFACE((262,275,274));
#4816=IFCINDEXEDPOLYGONALFACE((308,321,320));
#4817=IFCINDEXEDPOLYGONALFACE((227,228,229));
#4818=IFCINDEXEDPOLYGONALFACE((273,274,275));
#4819=IFCINDEXEDPOLYGONALFACE((319,320,321));
#4820=IFCINDEXEDPOLYGONALFACE((234,214,235));
#4821=IFCINDEXEDPOLYGONALFACE((280,260,281));
#4822=IFCINDEXEDPOLYGONALFACE((326,306,327));
#4823=IFCINDEXEDPOLYGONALFACE((228,207,214));
#4824=IFCINDEXEDPOLYGONALFACE((274,253,260));
#4825=IFCINDEXEDPOLYGONALFACE((320,299,306));
#4826=IFCINDEXEDPOLYGONALFACE((229,210,227));
#4827=IFCINDEXEDPOLYGONALFACE((275,256,273));
#4828=IFCINDEXEDPOLYGONALFACE((321,302,319));
#4829=IFCINDEXEDPOLYGONALFACE((226,230,213));
#4830=IFCINDEXEDPOLYGONALFACE((272,276,259));
#4831=IFCINDEXEDPOLYGONALFACE((318,322,305));
#4832=IFCINDEXEDPOLYGONALFACE((223,230,215));
#4833=IFCINDEXEDPOLYGONALFACE((269,276,261));
#4834=IFCINDEXEDPOLYGONALFACE((315,322,307));
#4835=IFCINDEXEDPOLYGONALFACE((201,231,206));
#4836=IFCINDEXEDPOLYGONALFACE((248,277,252));
#4837=IFCINDEXEDPOLYGONALFACE((294,323,298));
#4838=IFCINDEXEDPOLYGONALFACE((357,341,342));
#4839=IFCINDEXEDPOLYGONALFACE((232,222,1070,205));
#4840=IFCINDEXEDPOLYGONALFACE((278,268,1099,204));
#4841=IFCINDEXEDPOLYGONALFACE((324,314,1038,251));
#4842=IFCINDEXEDPOLYGONALFACE((206,232,205));
#4843=IFCINDEXEDPOLYGONALFACE((252,278,204));
#4844=IFCINDEXEDPOLYGONALFACE((298,324,251));
#4845=IFCINDEXEDPOLYGONALFACE((214,212,235));
#4846=IFCINDEXEDPOLYGONALFACE((260,258,281));
#4847=IFCINDEXEDPOLYGONALFACE((306,304,327));
#4848=IFCINDEXEDPOLYGONALFACE((233,216,234));
#4849=IFCINDEXEDPOLYGONALFACE((279,262,280));
#4850=IFCINDEXEDPOLYGONALFACE((325,308,326));
#4851=IFCINDEXEDPOLYGONALFACE((214,234,228));
#4852=IFCINDEXEDPOLYGONALFACE((260,280,274));
#4853=IFCINDEXEDPOLYGONALFACE((306,326,320));
#4854=IFCINDEXEDPOLYGONALFACE((235,208,233));
#4855=IFCINDEXEDPOLYGONALFACE((281,254,279));
#4856=IFCINDEXEDPOLYGONALFACE((327,300,325));
#4857=IFCINDEXEDPOLYGONALFACE((211,245,239));
#4858=IFCINDEXEDPOLYGONALFACE((257,291,285));
#4859=IFCINDEXEDPOLYGONALFACE((303,337,331));
#4860=IFCINDEXEDPOLYGONALFACE((238,236,239));
#4861=IFCINDEXEDPOLYGONALFACE((284,282,285));
#4862=IFCINDEXEDPOLYGONALFACE((330,328,331));
#4863=IFCINDEXEDPOLYGONALFACE((212,238,235));
#4864=IFCINDEXEDPOLYGONALFACE((258,284,281));
#4865=IFCINDEXEDPOLYGONALFACE((304,330,327));
#4866=IFCINDEXEDPOLYGONALFACE((238,237,1086,208));
#4867=IFCINDEXEDPOLYGONALFACE((284,283,1054,254));
#4868=IFCINDEXEDPOLYGONALFACE((330,329,1005,300));
#4869=IFCINDEXEDPOLYGONALFACE((236,238,212));
#4870=IFCINDEXEDPOLYGONALFACE((282,284,258));
#4871=IFCINDEXEDPOLYGONALFACE((328,330,304));
#4872=IFCINDEXEDPOLYGONALFACE((245,209,975,237));
#4873=IFCINDEXEDPOLYGONALFACE((291,255,966,283));
#4874=IFCINDEXEDPOLYGONALFACE((337,301,955,329));
#4875=IFCINDEXEDPOLYGONALFACE((239,236,211));
#4876=IFCINDEXEDPOLYGONALFACE((285,282,257));
#4877=IFCINDEXEDPOLYGONALFACE((331,328,303));
#4878=IFCINDEXEDPOLYGONALFACE((247,241,246));
#4879=IFCINDEXEDPOLYGONALFACE((293,287,292));
#4880=IFCINDEXEDPOLYGONALFACE((339,333,338));
#4881=IFCINDEXEDPOLYGONALFACE((211,246,245));
#4882=IFCINDEXEDPOLYGONALFACE((257,292,291));
#4883=IFCINDEXEDPOLYGONALFACE((303,338,337));
#4884=IFCINDEXEDPOLYGONALFACE((217,242,243));
#4885=IFCINDEXEDPOLYGONALFACE((263,288,289));
#4886=IFCINDEXEDPOLYGONALFACE((309,334,335));
#4887=IFCINDEXEDPOLYGONALFACE((242,219,940,218));
#4888=IFCINDEXEDPOLYGONALFACE((288,265,976,264));
#4889=IFCINDEXEDPOLYGONALFACE((334,311,964,310));
#4890=IFCINDEXEDPOLYGONALFACE((217,243,240));
#4891=IFCINDEXEDPOLYGONALFACE((263,289,286));
#4892=IFCINDEXEDPOLYGONALFACE((309,335,332));
#4893=IFCINDEXEDPOLYGONALFACE((243,218,1093,937,241));
#4894=IFCINDEXEDPOLYGONALFACE((289,264,1047,936,287));
#4895=IFCINDEXEDPOLYGONALFACE((335,310,965,935,333));
#4896=IFCINDEXEDPOLYGONALFACE((244,204,1098,219));
#4897=IFCINDEXEDPOLYGONALFACE((290,251,1044,265));
#4898=IFCINDEXEDPOLYGONALFACE((336,297,981,311));
#4899=IFCINDEXEDPOLYGONALFACE((203,244,202));
#4900=IFCINDEXEDPOLYGONALFACE((250,290,249));
#4901=IFCINDEXEDPOLYGONALFACE((296,336,295));
#4902=IFCINDEXEDPOLYGONALFACE((239,245,237));
#4903=IFCINDEXEDPOLYGONALFACE((285,291,283));
#4904=IFCINDEXEDPOLYGONALFACE((331,337,329));
#4905=IFCINDEXEDPOLYGONALFACE((246,241,1087,209));
#4906=IFCINDEXEDPOLYGONALFACE((292,287,1050,255));
#4907=IFCINDEXEDPOLYGONALFACE((338,333,998,301));
#4908=IFCINDEXEDPOLYGONALFACE((243,241,247));
#4909=IFCINDEXEDPOLYGONALFACE((289,287,293));
#4910=IFCINDEXEDPOLYGONALFACE((335,333,339));
#4911=IFCINDEXEDPOLYGONALFACE((240,246,211));
#4912=IFCINDEXEDPOLYGONALFACE((286,292,257));
#4913=IFCINDEXEDPOLYGONALFACE((332,338,303));
#4914=IFCINDEXEDPOLYGONALFACE((247,240,243));
#4915=IFCINDEXEDPOLYGONALFACE((293,286,289));
#4916=IFCINDEXEDPOLYGONALFACE((339,332,335));
#4917=IFCINDEXEDPOLYGONALFACE((247,246,240));
#4918=IFCINDEXEDPOLYGONALFACE((293,292,286));
#4919=IFCINDEXEDPOLYGONALFACE((339,338,332));
#4920=IFCINDEXEDPOLYGONALFACE((380,382,355));
#4921=IFCINDEXEDPOLYGONALFACE((378,372,374));
#4922=IFCINDEXEDPOLYGONALFACE((345,369,368));
#4923=IFCINDEXEDPOLYGONALFACE((344,340,971,348,959,360,361,362));
#4924=IFCINDEXEDPOLYGONALFACE((1115,960,969));
#4925=IFCINDEXEDPOLYGONALFACE((362,361,351,358,343,344));
#4926=IFCINDEXEDPOLYGONALFACE((1111,1115,1114));
#4927=IFCINDEXEDPOLYGONALFACE((382,383,357));
#4928=IFCINDEXEDPOLYGONALFACE((347,366,363));
#4929=IFCINDEXEDPOLYGONALFACE((363,366,364));
#4930=IFCINDEXEDPOLYGONALFACE((378,373,352));
#4931=IFCINDEXEDPOLYGONALFACE((369,367,349));
#4932=IFCINDEXEDPOLYGONALFACE((383,382,356));
#4933=IFCINDEXEDPOLYGONALFACE((374,354,375));
#4934=IFCINDEXEDPOLYGONALFACE((376,350,381));
#4935=IFCINDEXEDPOLYGONALFACE((383,359,341));
#4936=IFCINDEXEDPOLYGONALFACE((359,297,341));
#4937=IFCINDEXEDPOLYGONALFACE((361,360,363));
#4938=IFCINDEXEDPOLYGONALFACE((351,361,363));
#4939=IFCINDEXEDPOLYGONALFACE((366,365,367));
#4940=IFCINDEXEDPOLYGONALFACE((363,360,1018,347));
#4941=IFCINDEXEDPOLYGONALFACE((364,351,363));
#4942=IFCINDEXEDPOLYGONALFACE((345,366,367));
#4943=IFCINDEXEDPOLYGONALFACE((365,366,347));
#4944=IFCINDEXEDPOLYGONALFACE((364,366,345));
#4945=IFCINDEXEDPOLYGONALFACE((378,374,373));
#4946=IFCINDEXEDPOLYGONALFACE((367,365,349));
#4947=IFCINDEXEDPOLYGONALFACE((345,367,369));
#4948=IFCINDEXEDPOLYGONALFACE((368,369,370));
#4949=IFCINDEXEDPOLYGONALFACE((369,371,370));
#4950=IFCINDEXEDPOLYGONALFACE((370,352,368));
#4951=IFCINDEXEDPOLYGONALFACE((372,354,374));
#4952=IFCINDEXEDPOLYGONALFACE((346,370,371));
#4953=IFCINDEXEDPOLYGONALFACE((369,349,371));
#4954=IFCINDEXEDPOLYGONALFACE((346,378,370));
#4955=IFCINDEXEDPOLYGONALFACE((374,375,373));
#4956=IFCINDEXEDPOLYGONALFACE((350,373,375));
#4957=IFCINDEXEDPOLYGONALFACE((376,381,380));
#4958=IFCINDEXEDPOLYGONALFACE((375,377,381));
#4959=IFCINDEXEDPOLYGONALFACE((372,378,346));
#4960=IFCINDEXEDPOLYGONALFACE((379,356,382));
#4961=IFCINDEXEDPOLYGONALFACE((375,354,377));
#4962=IFCINDEXEDPOLYGONALFACE((370,378,352));
#4963=IFCINDEXEDPOLYGONALFACE((381,377,353));
#4964=IFCINDEXEDPOLYGONALFACE((379,380,353));
#4965=IFCINDEXEDPOLYGONALFACE((376,380,355));
#4966=IFCINDEXEDPOLYGONALFACE((350,375,381));
#4967=IFCINDEXEDPOLYGONALFACE((380,381,353));
#4968=IFCINDEXEDPOLYGONALFACE((379,382,380));
#4969=IFCINDEXEDPOLYGONALFACE((355,382,357));
#4970=IFCINDEXEDPOLYGONALFACE((357,383,341));
#4971=IFCINDEXEDPOLYGONALFACE((383,356,993,359));
#4972=IFCINDEXEDPOLYGONALFACE((384,385,2137,2134,2135,2124,2144,2126,2172,2123,2162,2142,2175,2125,2168,2132,2174,2110,2187,2121,2183,2119,2180,2145,2147,2112,2158,2115,2153,2113,2155,2114,295,313,309,332,303,328,304,306,299,317,305,312,323,294,1907,1906,1943,1902,1936,1904,1934,1901,1928,1916,1932,1903,1939,1905,1947,1894,1952,1900,1912,1899,1915,1908,1909,1895,1926,1898,1921,1896,1917,1897));
#4973=IFCINDEXEDPOLYGONALFACE((386,387,1840,1837,1838,1827,1847,1829,1875,1826,1865,1845,1878,1828,1871,1835,1877,1813,1890,1824,1886,1822,1883,1848,1850,1815,1861,1818,1856,1816,1858,1817,249,267,263,286,257,282,258,260,253,271,259,266,277,248,1228,1227,1264,1223,1257,1225,1255,1222,1249,1237,1253,1224,1260,1226,1268,1215,1273,1221,1233,1220,1236,1229,1230,1216,1247,1219,1242,1217,1238,1218));
#4974=IFCINDEXEDPOLYGONALFACE((388,389,1161,1158,1159,1148,1168,1150,1196,1147,1186,1166,1199,1149,1192,1156,1198,1134,1211,1145,1207,1143,1204,1169,1171,1136,1182,1139,1177,1137,1179,1138,202,221,217,240,211,236,212,214,207,225,213,220,231,201,565,564,601,560,594,562,592,559,586,574,590,561,597,563,605,552,610,558,570,557,573,566,567,553,584,556,579,554,575,555));
#4975=IFCINDEXEDPOLYGONALFACE((393,390,498,495,496,485,505,487,533,484,523,503,536,486,529,493,535,471,548,482,544,480,541,506,508,473,519,476,514,474,516,475,391,1112,1108,1109,1105,1125,1110,1121,1107,1116,1111,1114,392));
#4976=IFCINDEXEDPOLYGONALFACE((394,395,961,957,974,950,985,954,1000,924,1027,946,1065,928,1069,932,1075,922,1078,952,1081,948,1085,953,1091,926,1095,933,1100,930,1060,943,1056,920,1052,967,968,927,1043,931,1039,923,1035,947,1032,942,1003,945,997,921,972,963,979,929,992,949,1007,925,1010,951,1014,944,1017,958,962,396,397));
#4977=IFCINDEXEDPOLYGONALFACEWITHVOIDS((418,419,417,416),((422,423,420,421)));
#4978=IFCINDEXEDPOLYGONALFACEWITHVOIDS((426,427,425,424),((430,431,428,429)));
#4979=IFCINDEXEDPOLYGONALFACE((432,433,343,358,351,364,345,368,352,373,350,376,355,357,342,2204,2203,2240,2199,2233,2201,2231,2198,2225,2213,2229,2200,2236,2202,2244,2191,2249,2197,2209,2196,2212,2205,2206,2192,2223,2195,2218,2193,2214,2194));
#4980=IFCINDEXEDPOLYGONALFACE((399,2063,2059,2066,2047,2080,2048,2049,2045,2074,2064,2065,2044,2070,2058,2092,2053,2095,2057,2084,2051,2087,2052,2099,2061,2062,400,1480,1476,1477,1473,1492,1478,1489,1475,1484,1479,1482,401,398));
#4981=IFCINDEXEDPOLYGONALFACE((1980,1962,1990,1959,2016,1961,1997,1956,1992,1984,2000,1975,2003,1976,2006,1955,2009,1969,2034,1963,2028,1968,2023,1967,1988,1972,1978,2018,402,403,1766,1762,1769,1750,1783,1751,1752,1748,1777,1767,1768,1747,1773,1761,1795,1756,1798,1760,1787,1754,1790,1755,1802,1764,1765,67,83,79,102,73,98,74,76,69,87,75,82,93,66));
#4982=IFCINDEXEDPOLYGONALFACE((405,1611,1607,1614,1595,1628,1596,1597,1593,1622,1612,1613,1592,1618,1606,1640,1601,1643,1605,1632,1599,1635,1600,1647,1609,1610,113,129,125,148,119,144,120,122,115,133,121,128,139,112,1683,1665,1693,1662,1719,1664,1700,1659,1695,1687,1703,1678,1706,1679,1709,1658,1712,1672,1737,1666,1731,1671,1726,1670,1691,1675,1681,1721,404));
#4983=IFCINDEXEDPOLYGONALFACE((407,721,717,724,705,738,706,707,703,732,722,723,702,728,716,750,711,753,715,742,709,745,710,757,719,720,158,174,170,193,164,189,165,167,160,178,166,173,184,157,1528,1510,1538,1507,1564,1509,1545,1504,1540,1532,1548,1523,1551,1524,1554,1503,1557,1517,1582,1511,1576,1516,1571,1515,1536,1520,1526,1566,406));
#4984=IFCINDEXEDPOLYGONALFACE((408,875,869,866,871,864,877,865,884,861,881,873,886,862,906,863,910,851,902,859,895,855,898,860,887,853,889,854,912,867,868,4,21,17,40,11,36,12,14,7,25,13,20,31,3,638,620,648,617,674,619,655,614,650,642,658,633,661,634,664,613,667,627,692,621,686,626,681,625,646,630,636,676,409));
#4985=IFCINDEXEDPOLYGONALFACE((793,783,802,780,830,782,807,777,804,799,811,788,814,789,817,768,826,796,797,772,833,776,836,770,839,771,842,785,786,411,410,50,56,54,55,49));
#4986=IFCINDEXEDPOLYGONALFACE((415,412,413,1325,1316,1331,1296,1343,1308,1358,1279,1372,1302,1376,1283,1367,1298,1364,1277,1353,1306,1347,1294,1337,1305,1332,1281,1386,1304,1390,1285,1394,1301,1398,1275,1403,1300,1408,1282,1413,1297,1417,1278,1421,1309,1425,1299,1430,1318,1434,1276,1439,1317,1444,1295,1448,1307,1451,1280,1457,1303,1462,1284,1466,1321,1324,414));
#4987=IFCINDEXEDPOLYGONALFACE((415,416,417,412));
#4988=IFCINDEXEDPOLYGONALFACE((422,424,425,423));
#4989=IFCINDEXEDPOLYGONALFACE((430,394,397,431));
#4990=IFCINDEXEDPOLYGONALFACE((428,433,432,434,435,436,385,384,437,438,439,387,386,440,441,442,389,388,443,444,445,390,393,429));
#4991=IFCINDEXEDPOLYGONALFACE((420,427,426,421));
#4992=IFCINDEXEDPOLYGONALFACE((399,398,419,418,410,411,446,447,448,408,409,449,450,451,407,406,452,453,454,405,404,455,456,457,403,402,458,459,460));
#4993=IFCINDEXEDPOLYGONALFACE((461,462,463,413,412,417,419,398,401));
#4994=IFCINDEXEDPOLYGONALFACE((397,396,464,340,344,343,433,428,431));
#4995=IFCINDEXEDPOLYGONALFACE((423,425,427,420));
#4996=IFCINDEXEDPOLYGONALFACE((421,426,424,422));
#4997=IFCINDEXEDPOLYGONALFACE((50,410,418,416,415,414,465,52,51));
#4998=IFCINDEXEDPOLYGONALFACE((393,392,466,467,468,395,394,430,429));
#4999=IFCINDEXEDPOLYGONALFACE((549,481,542));
#5000=IFCINDEXEDPOLYGONALFACE((1212,1144,1205));
#5001=IFCINDEXEDPOLYGONALFACE((1891,1823,1884));
#5002=IFCINDEXEDPOLYGONALFACE((2188,2120,2181));
#5003=IFCINDEXEDPOLYGONALFACE((539,518,497));
#5004=IFCINDEXEDPOLYGONALFACE((1202,1181,1160));
#5005=IFCINDEXEDPOLYGONALFACE((1881,1860,1839));
#5006=IFCINDEXEDPOLYGONALFACE((2178,2157,2136));
#5007=IFCINDEXEDPOLYGONALFACE((514,476,520));
#5008=IFCINDEXEDPOLYGONALFACE((1177,1139,1183));
#5009=IFCINDEXEDPOLYGONALFACE((1856,1818,1862));
#5010=IFCINDEXEDPOLYGONALFACE((2153,2115,2159));
#5011=IFCINDEXEDPOLYGONALFACE((477,507,540));
#5012=IFCINDEXEDPOLYGONALFACE((1140,1170,1203));
#5013=IFCINDEXEDPOLYGONALFACE((1819,1849,1882));
#5014=IFCINDEXEDPOLYGONALFACE((2116,2146,2179));
#5015=IFCINDEXEDPOLYGONALFACE((530,491,532));
#5016=IFCINDEXEDPOLYGONALFACE((1193,1154,1195));
#5017=IFCINDEXEDPOLYGONALFACE((1872,1833,1874));
#5018=IFCINDEXEDPOLYGONALFACE((2169,2130,2171));
#5019=IFCINDEXEDPOLYGONALFACE((502,501,495));
#5020=IFCINDEXEDPOLYGONALFACE((1165,1164,1158));
#5021=IFCINDEXEDPOLYGONALFACE((1844,1843,1837));
#5022=IFCINDEXEDPOLYGONALFACE((2141,2140,2134));
#5023=IFCINDEXEDPOLYGONALFACE((472,520,512));
#5024=IFCINDEXEDPOLYGONALFACE((1135,1183,1175));
#5025=IFCINDEXEDPOLYGONALFACE((1814,1862,1854));
#5026=IFCINDEXEDPOLYGONALFACE((2111,2159,2151));
#5027=IFCINDEXEDPOLYGONALFACE((497,205,539));
#5028=IFCINDEXEDPOLYGONALFACE((1160,204,1202));
#5029=IFCINDEXEDPOLYGONALFACE((1839,251,1881));
#5030=IFCINDEXEDPOLYGONALFACE((2136,297,2178));
#5031=IFCINDEXEDPOLYGONALFACE((391,539,469));
#5032=IFCINDEXEDPOLYGONALFACE((202,1202,203));
#5033=IFCINDEXEDPOLYGONALFACE((249,1881,250));
#5034=IFCINDEXEDPOLYGONALFACE((295,2178,296));
#5035=IFCINDEXEDPOLYGONALFACE((521,492,522));
#5036=IFCINDEXEDPOLYGONALFACE((1184,1155,1185));
#5037=IFCINDEXEDPOLYGONALFACE((1863,1834,1864));
#5038=IFCINDEXEDPOLYGONALFACE((2160,2131,2161));
#5039=IFCINDEXEDPOLYGONALFACE((509,511,473));
#5040=IFCINDEXEDPOLYGONALFACE((1172,1174,1136));
#5041=IFCINDEXEDPOLYGONALFACE((1851,1853,1815));
#5042=IFCINDEXEDPOLYGONALFACE((2148,2150,2112));
#5043=IFCINDEXEDPOLYGONALFACE((541,540,508,506));
#5044=IFCINDEXEDPOLYGONALFACE((1204,1203,1171,1169));
#5045=IFCINDEXEDPOLYGONALFACE((1883,1882,1850,1848));
#5046=IFCINDEXEDPOLYGONALFACE((2180,2179,2147,2145));
#5047=IFCINDEXEDPOLYGONALFACE((515,513,517));
#5048=IFCINDEXEDPOLYGONALFACE((1178,1176,1180));
#5049=IFCINDEXEDPOLYGONALFACE((1857,1855,1859));
#5050=IFCINDEXEDPOLYGONALFACE((2154,2152,2156));
#5051=IFCINDEXEDPOLYGONALFACE((511,510,512));
#5052=IFCINDEXEDPOLYGONALFACE((1174,1173,1175));
#5053=IFCINDEXEDPOLYGONALFACE((1853,1852,1854));
#5054=IFCINDEXEDPOLYGONALFACE((2150,2149,2151));
#5055=IFCINDEXEDPOLYGONALFACE((547,545,482));
#5056=IFCINDEXEDPOLYGONALFACE((1210,1208,1145));
#5057=IFCINDEXEDPOLYGONALFACE((1889,1887,1824));
#5058=IFCINDEXEDPOLYGONALFACE((2186,2184,2121));
#5059=IFCINDEXEDPOLYGONALFACE((541,480,543));
#5060=IFCINDEXEDPOLYGONALFACE((1204,1143,1206));
#5061=IFCINDEXEDPOLYGONALFACE((1883,1822,1885));
#5062=IFCINDEXEDPOLYGONALFACE((2180,2119,2182));
#5063=IFCINDEXEDPOLYGONALFACE((546,545,547));
#5064=IFCINDEXEDPOLYGONALFACE((1209,1208,1210));
#5065=IFCINDEXEDPOLYGONALFACE((1888,1887,1889));
#5066=IFCINDEXEDPOLYGONALFACE((2185,2184,2186));
#5067=IFCINDEXEDPOLYGONALFACE((525,503,523));
#5068=IFCINDEXEDPOLYGONALFACE((1188,1166,1186));
#5069=IFCINDEXEDPOLYGONALFACE((1867,1845,1865));
#5070=IFCINDEXEDPOLYGONALFACE((2164,2142,2162));
#5071=IFCINDEXEDPOLYGONALFACE((494,445,444));
#5072=IFCINDEXEDPOLYGONALFACE((1157,442,441));
#5073=IFCINDEXEDPOLYGONALFACE((1836,439,438));
#5074=IFCINDEXEDPOLYGONALFACE((2133,436,435));
#5075=IFCINDEXEDPOLYGONALFACE((504,500,499));
#5076=IFCINDEXEDPOLYGONALFACE((1167,1163,1162));
#5077=IFCINDEXEDPOLYGONALFACE((1846,1842,1841));
#5078=IFCINDEXEDPOLYGONALFACE((2143,2139,2138));
#5079=IFCINDEXEDPOLYGONALFACE((521,483,492));
#5080=IFCINDEXEDPOLYGONALFACE((1184,1146,1155));
#5081=IFCINDEXEDPOLYGONALFACE((1863,1825,1834));
#5082=IFCINDEXEDPOLYGONALFACE((2160,2122,2131));
#5083=IFCINDEXEDPOLYGONALFACE((504,499,538));
#5084=IFCINDEXEDPOLYGONALFACE((1167,1162,1201));
#5085=IFCINDEXEDPOLYGONALFACE((1846,1841,1880));
#5086=IFCINDEXEDPOLYGONALFACE((2143,2138,2177));
#5087=IFCINDEXEDPOLYGONALFACE((488,527,528));
#5088=IFCINDEXEDPOLYGONALFACE((1151,1190,1191));
#5089=IFCINDEXEDPOLYGONALFACE((1830,1869,1870));
#5090=IFCINDEXEDPOLYGONALFACE((2127,2166,2167));
#5091=IFCINDEXEDPOLYGONALFACE((496,501,500));
#5092=IFCINDEXEDPOLYGONALFACE((1159,1164,1163));
#5093=IFCINDEXEDPOLYGONALFACE((1838,1843,1842));
#5094=IFCINDEXEDPOLYGONALFACE((2135,2140,2139));
#5095=IFCINDEXEDPOLYGONALFACE((505,485,504));
#5096=IFCINDEXEDPOLYGONALFACE((1168,1148,1167));
#5097=IFCINDEXEDPOLYGONALFACE((1847,1827,1846));
#5098=IFCINDEXEDPOLYGONALFACE((2144,2124,2143));
#5099=IFCINDEXEDPOLYGONALFACE((493,530,532));
#5100=IFCINDEXEDPOLYGONALFACE((1156,1193,1195));
#5101=IFCINDEXEDPOLYGONALFACE((1835,1872,1874));
#5102=IFCINDEXEDPOLYGONALFACE((2132,2169,2171));
#5103=IFCINDEXEDPOLYGONALFACE((522,492,490));
#5104=IFCINDEXEDPOLYGONALFACE((1185,1155,1153));
#5105=IFCINDEXEDPOLYGONALFACE((1864,1834,1832));
#5106=IFCINDEXEDPOLYGONALFACE((2161,2131,2129));
#5107=IFCINDEXEDPOLYGONALFACE((530,529,537));
#5108=IFCINDEXEDPOLYGONALFACE((1193,1192,1200));
#5109=IFCINDEXEDPOLYGONALFACE((1872,1871,1879));
#5110=IFCINDEXEDPOLYGONALFACE((2169,2168,2176));
#5111=IFCINDEXEDPOLYGONALFACE((502,498,445));
#5112=IFCINDEXEDPOLYGONALFACE((1165,1161,442));
#5113=IFCINDEXEDPOLYGONALFACE((1844,1840,439));
#5114=IFCINDEXEDPOLYGONALFACE((2141,2137,436));
#5115=IFCINDEXEDPOLYGONALFACE((495,501,496));
#5116=IFCINDEXEDPOLYGONALFACE((1158,1164,1159));
#5117=IFCINDEXEDPOLYGONALFACE((1837,1843,1838));
#5118=IFCINDEXEDPOLYGONALFACE((2134,2140,2135));
#5119=IFCINDEXEDPOLYGONALFACE((485,496,500));
#5120=IFCINDEXEDPOLYGONALFACE((1148,1159,1163));
#5121=IFCINDEXEDPOLYGONALFACE((1827,1838,1842));
#5122=IFCINDEXEDPOLYGONALFACE((2124,2135,2139));
#5123=IFCINDEXEDPOLYGONALFACE((498,390,445));
#5124=IFCINDEXEDPOLYGONALFACE((1161,389,442));
#5125=IFCINDEXEDPOLYGONALFACE((1840,387,439));
#5126=IFCINDEXEDPOLYGONALFACE((2137,385,436));
#5127=IFCINDEXEDPOLYGONALFACE((517,478,518));
#5128=IFCINDEXEDPOLYGONALFACE((1180,1141,1181));
#5129=IFCINDEXEDPOLYGONALFACE((1859,1820,1860));
#5130=IFCINDEXEDPOLYGONALFACE((2156,2117,2157));
#5131=IFCINDEXEDPOLYGONALFACE((485,500,504));
#5132=IFCINDEXEDPOLYGONALFACE((1148,1163,1167));
#5133=IFCINDEXEDPOLYGONALFACE((1827,1842,1846));
#5134=IFCINDEXEDPOLYGONALFACE((2124,2139,2143));
#5135=IFCINDEXEDPOLYGONALFACE((501,489,500));
#5136=IFCINDEXEDPOLYGONALFACE((1164,1152,1163));
#5137=IFCINDEXEDPOLYGONALFACE((1843,1831,1842));
#5138=IFCINDEXEDPOLYGONALFACE((2140,2128,2139));
#5139=IFCINDEXEDPOLYGONALFACE((500,489,499));
#5140=IFCINDEXEDPOLYGONALFACE((1163,1152,1162));
#5141=IFCINDEXEDPOLYGONALFACE((1842,1831,1841));
#5142=IFCINDEXEDPOLYGONALFACE((2139,2128,2138));
#5143=IFCINDEXEDPOLYGONALFACE((501,494,489));
#5144=IFCINDEXEDPOLYGONALFACE((1164,1157,1152));
#5145=IFCINDEXEDPOLYGONALFACE((1843,1836,1831));
#5146=IFCINDEXEDPOLYGONALFACE((2140,2133,2128));
#5147=IFCINDEXEDPOLYGONALFACE((494,501,502));
#5148=IFCINDEXEDPOLYGONALFACE((1157,1164,1165));
#5149=IFCINDEXEDPOLYGONALFACE((1836,1843,1844));
#5150=IFCINDEXEDPOLYGONALFACE((2133,2140,2141));
#5151=IFCINDEXEDPOLYGONALFACE((494,502,445));
#5152=IFCINDEXEDPOLYGONALFACE((1157,1165,442));
#5153=IFCINDEXEDPOLYGONALFACE((1836,1844,439));
#5154=IFCINDEXEDPOLYGONALFACE((2133,2141,436));
#5155=IFCINDEXEDPOLYGONALFACE((502,495,498));
#5156=IFCINDEXEDPOLYGONALFACE((1165,1158,1161));
#5157=IFCINDEXEDPOLYGONALFACE((1844,1837,1840));
#5158=IFCINDEXEDPOLYGONALFACE((2141,2134,2137));
#5159=IFCINDEXEDPOLYGONALFACE((484,534,523));
#5160=IFCINDEXEDPOLYGONALFACE((1147,1197,1186));
#5161=IFCINDEXEDPOLYGONALFACE((1826,1876,1865));
#5162=IFCINDEXEDPOLYGONALFACE((2123,2173,2162));
#5163=IFCINDEXEDPOLYGONALFACE((526,524,488));
#5164=IFCINDEXEDPOLYGONALFACE((1189,1187,1151));
#5165=IFCINDEXEDPOLYGONALFACE((1868,1866,1830));
#5166=IFCINDEXEDPOLYGONALFACE((2165,2163,2127));
#5167=IFCINDEXEDPOLYGONALFACE((538,521,487));
#5168=IFCINDEXEDPOLYGONALFACE((1201,1184,1150));
#5169=IFCINDEXEDPOLYGONALFACE((1880,1863,1829));
#5170=IFCINDEXEDPOLYGONALFACE((2177,2160,2126));
#5171=IFCINDEXEDPOLYGONALFACE((507,509,540));
#5172=IFCINDEXEDPOLYGONALFACE((1170,1172,1203));
#5173=IFCINDEXEDPOLYGONALFACE((1849,1851,1882));
#5174=IFCINDEXEDPOLYGONALFACE((2146,2148,2179));
#5175=IFCINDEXEDPOLYGONALFACE((487,505,538));
#5176=IFCINDEXEDPOLYGONALFACE((1150,1168,1201));
#5177=IFCINDEXEDPOLYGONALFACE((1829,1847,1880));
#5178=IFCINDEXEDPOLYGONALFACE((2126,2144,2177));
#5179=IFCINDEXEDPOLYGONALFACE((540,509,508));
#5180=IFCINDEXEDPOLYGONALFACE((1203,1172,1171));
#5181=IFCINDEXEDPOLYGONALFACE((1882,1851,1850));
#5182=IFCINDEXEDPOLYGONALFACE((2179,2148,2147));
#5183=IFCINDEXEDPOLYGONALFACE((510,511,479));
#5184=IFCINDEXEDPOLYGONALFACE((1173,1174,1142));
#5185=IFCINDEXEDPOLYGONALFACE((1852,1853,1821));
#5186=IFCINDEXEDPOLYGONALFACE((2149,2150,2118));
#5187=IFCINDEXEDPOLYGONALFACE((508,509,473));
#5188=IFCINDEXEDPOLYGONALFACE((1171,1172,1136));
#5189=IFCINDEXEDPOLYGONALFACE((1850,1851,1815));
#5190=IFCINDEXEDPOLYGONALFACE((2147,2148,2112));
#5191=IFCINDEXEDPOLYGONALFACE((479,509,507));
#5192=IFCINDEXEDPOLYGONALFACE((1142,1172,1170));
#5193=IFCINDEXEDPOLYGONALFACE((1821,1851,1849));
#5194=IFCINDEXEDPOLYGONALFACE((2118,2148,2146));
#5195=IFCINDEXEDPOLYGONALFACE((476,519,512));
#5196=IFCINDEXEDPOLYGONALFACE((1139,1182,1175));
#5197=IFCINDEXEDPOLYGONALFACE((1818,1861,1854));
#5198=IFCINDEXEDPOLYGONALFACE((2115,2158,2151));
#5199=IFCINDEXEDPOLYGONALFACE((509,479,511));
#5200=IFCINDEXEDPOLYGONALFACE((1172,1142,1174));
#5201=IFCINDEXEDPOLYGONALFACE((1851,1821,1853));
#5202=IFCINDEXEDPOLYGONALFACE((2148,2118,2150));
#5203=IFCINDEXEDPOLYGONALFACE((511,512,519));
#5204=IFCINDEXEDPOLYGONALFACE((1174,1175,1182));
#5205=IFCINDEXEDPOLYGONALFACE((1853,1854,1861));
#5206=IFCINDEXEDPOLYGONALFACE((2150,2151,2158));
#5207=IFCINDEXEDPOLYGONALFACE((514,515,474));
#5208=IFCINDEXEDPOLYGONALFACE((1177,1178,1137));
#5209=IFCINDEXEDPOLYGONALFACE((1856,1857,1816));
#5210=IFCINDEXEDPOLYGONALFACE((2153,2154,2113));
#5211=IFCINDEXEDPOLYGONALFACE((512,510,472));
#5212=IFCINDEXEDPOLYGONALFACE((1175,1173,1135));
#5213=IFCINDEXEDPOLYGONALFACE((1854,1852,1814));
#5214=IFCINDEXEDPOLYGONALFACE((2151,2149,2111));
#5215=IFCINDEXEDPOLYGONALFACE((474,515,517));
#5216=IFCINDEXEDPOLYGONALFACE((1137,1178,1180));
#5217=IFCINDEXEDPOLYGONALFACE((1816,1857,1859));
#5218=IFCINDEXEDPOLYGONALFACE((2113,2154,2156));
#5219=IFCINDEXEDPOLYGONALFACE((520,515,514));
#5220=IFCINDEXEDPOLYGONALFACE((1183,1178,1177));
#5221=IFCINDEXEDPOLYGONALFACE((1862,1857,1856));
#5222=IFCINDEXEDPOLYGONALFACE((2159,2154,2153));
#5223=IFCINDEXEDPOLYGONALFACE((513,478,517));
#5224=IFCINDEXEDPOLYGONALFACE((1176,1141,1180));
#5225=IFCINDEXEDPOLYGONALFACE((1855,1820,1859));
#5226=IFCINDEXEDPOLYGONALFACE((2152,2117,2156));
#5227=IFCINDEXEDPOLYGONALFACE((513,515,472));
#5228=IFCINDEXEDPOLYGONALFACE((1176,1178,1135));
#5229=IFCINDEXEDPOLYGONALFACE((1855,1857,1814));
#5230=IFCINDEXEDPOLYGONALFACE((2152,2154,2111));
#5231=IFCINDEXEDPOLYGONALFACE((517,516,474));
#5232=IFCINDEXEDPOLYGONALFACE((1180,1179,1137));
#5233=IFCINDEXEDPOLYGONALFACE((1859,1858,1816));
#5234=IFCINDEXEDPOLYGONALFACE((2156,2155,2113));
#5235=IFCINDEXEDPOLYGONALFACE((475,516,518));
#5236=IFCINDEXEDPOLYGONALFACE((1138,1179,1181));
#5237=IFCINDEXEDPOLYGONALFACE((1817,1858,1860));
#5238=IFCINDEXEDPOLYGONALFACE((2114,2155,2157));
#5239=IFCINDEXEDPOLYGONALFACE((516,517,518));
#5240=IFCINDEXEDPOLYGONALFACE((1179,1180,1181));
#5241=IFCINDEXEDPOLYGONALFACE((1858,1859,1860));
#5242=IFCINDEXEDPOLYGONALFACE((2155,2156,2157));
#5243=IFCINDEXEDPOLYGONALFACE((475,518,539));
#5244=IFCINDEXEDPOLYGONALFACE((1138,1181,1202));
#5245=IFCINDEXEDPOLYGONALFACE((1817,1860,1881));
#5246=IFCINDEXEDPOLYGONALFACE((2114,2157,2178));
#5247=IFCINDEXEDPOLYGONALFACE((518,478,497));
#5248=IFCINDEXEDPOLYGONALFACE((1181,1141,1160));
#5249=IFCINDEXEDPOLYGONALFACE((1860,1820,1839));
#5250=IFCINDEXEDPOLYGONALFACE((2157,2117,2136));
#5251=IFCINDEXEDPOLYGONALFACE((519,473,511));
#5252=IFCINDEXEDPOLYGONALFACE((1182,1136,1174));
#5253=IFCINDEXEDPOLYGONALFACE((1861,1815,1853));
#5254=IFCINDEXEDPOLYGONALFACE((2158,2112,2150));
#5255=IFCINDEXEDPOLYGONALFACE((515,520,472));
#5256=IFCINDEXEDPOLYGONALFACE((1178,1183,1135));
#5257=IFCINDEXEDPOLYGONALFACE((1857,1862,1814));
#5258=IFCINDEXEDPOLYGONALFACE((2154,2159,2111));
#5259=IFCINDEXEDPOLYGONALFACE((512,520,476));
#5260=IFCINDEXEDPOLYGONALFACE((1175,1183,1139));
#5261=IFCINDEXEDPOLYGONALFACE((1854,1862,1818));
#5262=IFCINDEXEDPOLYGONALFACE((2151,2159,2115));
#5263=IFCINDEXEDPOLYGONALFACE((483,521,538));
#5264=IFCINDEXEDPOLYGONALFACE((1146,1184,1201));
#5265=IFCINDEXEDPOLYGONALFACE((1825,1863,1880));
#5266=IFCINDEXEDPOLYGONALFACE((2122,2160,2177));
#5267=IFCINDEXEDPOLYGONALFACE((522,533,521));
#5268=IFCINDEXEDPOLYGONALFACE((1185,1196,1184));
#5269=IFCINDEXEDPOLYGONALFACE((1864,1875,1863));
#5270=IFCINDEXEDPOLYGONALFACE((2161,2172,2160));
#5271=IFCINDEXEDPOLYGONALFACE((525,534,490));
#5272=IFCINDEXEDPOLYGONALFACE((1188,1197,1153));
#5273=IFCINDEXEDPOLYGONALFACE((1867,1876,1832));
#5274=IFCINDEXEDPOLYGONALFACE((2164,2173,2129));
#5275=IFCINDEXEDPOLYGONALFACE((526,525,524));
#5276=IFCINDEXEDPOLYGONALFACE((1189,1188,1187));
#5277=IFCINDEXEDPOLYGONALFACE((1868,1867,1866));
#5278=IFCINDEXEDPOLYGONALFACE((2165,2164,2163));
#5279=IFCINDEXEDPOLYGONALFACE((534,525,523));
#5280=IFCINDEXEDPOLYGONALFACE((1197,1188,1186));
#5281=IFCINDEXEDPOLYGONALFACE((1876,1867,1865));
#5282=IFCINDEXEDPOLYGONALFACE((2173,2164,2162));
#5283=IFCINDEXEDPOLYGONALFACE((526,503,525));
#5284=IFCINDEXEDPOLYGONALFACE((1189,1166,1188));
#5285=IFCINDEXEDPOLYGONALFACE((1868,1845,1867));
#5286=IFCINDEXEDPOLYGONALFACE((2165,2142,2164));
#5287=IFCINDEXEDPOLYGONALFACE((534,522,490));
#5288=IFCINDEXEDPOLYGONALFACE((1197,1185,1153));
#5289=IFCINDEXEDPOLYGONALFACE((1876,1864,1832));
#5290=IFCINDEXEDPOLYGONALFACE((2173,2161,2129));
#5291=IFCINDEXEDPOLYGONALFACE((524,525,490));
#5292=IFCINDEXEDPOLYGONALFACE((1187,1188,1153));
#5293=IFCINDEXEDPOLYGONALFACE((1866,1867,1832));
#5294=IFCINDEXEDPOLYGONALFACE((2163,2164,2129));
#5295=IFCINDEXEDPOLYGONALFACE((486,536,528));
#5296=IFCINDEXEDPOLYGONALFACE((1149,1199,1191));
#5297=IFCINDEXEDPOLYGONALFACE((1828,1878,1870));
#5298=IFCINDEXEDPOLYGONALFACE((2125,2175,2167));
#5299=IFCINDEXEDPOLYGONALFACE((486,537,529));
#5300=IFCINDEXEDPOLYGONALFACE((1149,1200,1192));
#5301=IFCINDEXEDPOLYGONALFACE((1828,1879,1871));
#5302=IFCINDEXEDPOLYGONALFACE((2125,2176,2168));
#5303=IFCINDEXEDPOLYGONALFACE((536,526,528));
#5304=IFCINDEXEDPOLYGONALFACE((1199,1189,1191));
#5305=IFCINDEXEDPOLYGONALFACE((1878,1868,1870));
#5306=IFCINDEXEDPOLYGONALFACE((2175,2165,2167));
#5307=IFCINDEXEDPOLYGONALFACE((488,528,526));
#5308=IFCINDEXEDPOLYGONALFACE((1151,1191,1189));
#5309=IFCINDEXEDPOLYGONALFACE((1830,1870,1868));
#5310=IFCINDEXEDPOLYGONALFACE((2127,2167,2165));
#5311=IFCINDEXEDPOLYGONALFACE((537,528,527));
#5312=IFCINDEXEDPOLYGONALFACE((1200,1191,1190));
#5313=IFCINDEXEDPOLYGONALFACE((1879,1870,1869));
#5314=IFCINDEXEDPOLYGONALFACE((2176,2167,2166));
#5315=IFCINDEXEDPOLYGONALFACE((531,532,491));
#5316=IFCINDEXEDPOLYGONALFACE((1194,1195,1154));
#5317=IFCINDEXEDPOLYGONALFACE((1873,1874,1833));
#5318=IFCINDEXEDPOLYGONALFACE((2170,2171,2130));
#5319=IFCINDEXEDPOLYGONALFACE((529,530,493));
#5320=IFCINDEXEDPOLYGONALFACE((1192,1193,1156));
#5321=IFCINDEXEDPOLYGONALFACE((1871,1872,1835));
#5322=IFCINDEXEDPOLYGONALFACE((2168,2169,2132));
#5323=IFCINDEXEDPOLYGONALFACE((527,491,537));
#5324=IFCINDEXEDPOLYGONALFACE((1190,1154,1200));
#5325=IFCINDEXEDPOLYGONALFACE((1869,1833,1879));
#5326=IFCINDEXEDPOLYGONALFACE((2166,2130,2176));
#5327=IFCINDEXEDPOLYGONALFACE((532,531,550));
#5328=IFCINDEXEDPOLYGONALFACE((1195,1194,1213));
#5329=IFCINDEXEDPOLYGONALFACE((1874,1873,1892));
#5330=IFCINDEXEDPOLYGONALFACE((2171,2170,2189));
#5331=IFCINDEXEDPOLYGONALFACE((535,493,532));
#5332=IFCINDEXEDPOLYGONALFACE((1198,1156,1195));
#5333=IFCINDEXEDPOLYGONALFACE((1877,1835,1874));
#5334=IFCINDEXEDPOLYGONALFACE((2174,2132,2171));
#5335=IFCINDEXEDPOLYGONALFACE((550,535,532));
#5336=IFCINDEXEDPOLYGONALFACE((1213,1198,1195));
#5337=IFCINDEXEDPOLYGONALFACE((1892,1877,1874));
#5338=IFCINDEXEDPOLYGONALFACE((2189,2174,2171));
#5339=IFCINDEXEDPOLYGONALFACE((487,521,533));
#5340=IFCINDEXEDPOLYGONALFACE((1150,1184,1196));
#5341=IFCINDEXEDPOLYGONALFACE((1829,1863,1875));
#5342=IFCINDEXEDPOLYGONALFACE((2126,2160,2172));
#5343=IFCINDEXEDPOLYGONALFACE((522,484,533));
#5344=IFCINDEXEDPOLYGONALFACE((1185,1147,1196));
#5345=IFCINDEXEDPOLYGONALFACE((1864,1826,1875));
#5346=IFCINDEXEDPOLYGONALFACE((2161,2123,2172));
#5347=IFCINDEXEDPOLYGONALFACE((522,534,484));
#5348=IFCINDEXEDPOLYGONALFACE((1185,1197,1147));
#5349=IFCINDEXEDPOLYGONALFACE((1864,1876,1826));
#5350=IFCINDEXEDPOLYGONALFACE((2161,2173,2123));
#5351=IFCINDEXEDPOLYGONALFACE((536,503,526));
#5352=IFCINDEXEDPOLYGONALFACE((1199,1166,1189));
#5353=IFCINDEXEDPOLYGONALFACE((1878,1845,1868));
#5354=IFCINDEXEDPOLYGONALFACE((2175,2142,2165));
#5355=IFCINDEXEDPOLYGONALFACE((471,535,550));
#5356=IFCINDEXEDPOLYGONALFACE((1134,1198,1213));
#5357=IFCINDEXEDPOLYGONALFACE((1813,1877,1892));
#5358=IFCINDEXEDPOLYGONALFACE((2110,2174,2189));
#5359=IFCINDEXEDPOLYGONALFACE((491,530,537));
#5360=IFCINDEXEDPOLYGONALFACE((1154,1193,1200));
#5361=IFCINDEXEDPOLYGONALFACE((1833,1872,1879));
#5362=IFCINDEXEDPOLYGONALFACE((2130,2169,2176));
#5363=IFCINDEXEDPOLYGONALFACE((528,537,486));
#5364=IFCINDEXEDPOLYGONALFACE((1191,1200,1149));
#5365=IFCINDEXEDPOLYGONALFACE((1870,1879,1828));
#5366=IFCINDEXEDPOLYGONALFACE((2167,2176,2125));
#5367=IFCINDEXEDPOLYGONALFACE((483,538,499));
#5368=IFCINDEXEDPOLYGONALFACE((1146,1201,1162));
#5369=IFCINDEXEDPOLYGONALFACE((1825,1880,1841));
#5370=IFCINDEXEDPOLYGONALFACE((2122,2177,2138));
#5371=IFCINDEXEDPOLYGONALFACE((505,504,538));
#5372=IFCINDEXEDPOLYGONALFACE((1168,1167,1201));
#5373=IFCINDEXEDPOLYGONALFACE((1847,1846,1880));
#5374=IFCINDEXEDPOLYGONALFACE((2144,2143,2177));
#5375=IFCINDEXEDPOLYGONALFACE((475,539,391));
#5376=IFCINDEXEDPOLYGONALFACE((1138,1202,202));
#5377=IFCINDEXEDPOLYGONALFACE((1817,1881,249));
#5378=IFCINDEXEDPOLYGONALFACE((2114,2178,295));
#5379=IFCINDEXEDPOLYGONALFACE((469,539,205));
#5380=IFCINDEXEDPOLYGONALFACE((203,1202,204));
#5381=IFCINDEXEDPOLYGONALFACE((250,1881,251));
#5382=IFCINDEXEDPOLYGONALFACE((296,2178,297));
#5383=IFCINDEXEDPOLYGONALFACE((540,543,477));
#5384=IFCINDEXEDPOLYGONALFACE((1203,1206,1140));
#5385=IFCINDEXEDPOLYGONALFACE((1882,1885,1819));
#5386=IFCINDEXEDPOLYGONALFACE((2179,2182,2116));
#5387=IFCINDEXEDPOLYGONALFACE((549,545,481));
#5388=IFCINDEXEDPOLYGONALFACE((1212,1208,1144));
#5389=IFCINDEXEDPOLYGONALFACE((1891,1887,1823));
#5390=IFCINDEXEDPOLYGONALFACE((2188,2184,2120));
#5391=IFCINDEXEDPOLYGONALFACE((541,543,540));
#5392=IFCINDEXEDPOLYGONALFACE((1204,1206,1203));
#5393=IFCINDEXEDPOLYGONALFACE((1883,1885,1882));
#5394=IFCINDEXEDPOLYGONALFACE((2180,2182,2179));
#5395=IFCINDEXEDPOLYGONALFACE((544,482,545));
#5396=IFCINDEXEDPOLYGONALFACE((1207,1145,1208));
#5397=IFCINDEXEDPOLYGONALFACE((1886,1824,1887));
#5398=IFCINDEXEDPOLYGONALFACE((2183,2121,2184));
#5399=IFCINDEXEDPOLYGONALFACE((543,542,477));
#5400=IFCINDEXEDPOLYGONALFACE((1206,1205,1140));
#5401=IFCINDEXEDPOLYGONALFACE((1885,1884,1819));
#5402=IFCINDEXEDPOLYGONALFACE((2182,2181,2116));
#5403=IFCINDEXEDPOLYGONALFACE((544,549,480));
#5404=IFCINDEXEDPOLYGONALFACE((1207,1212,1143));
#5405=IFCINDEXEDPOLYGONALFACE((1886,1891,1822));
#5406=IFCINDEXEDPOLYGONALFACE((2183,2188,2119));
#5407=IFCINDEXEDPOLYGONALFACE((543,480,549));
#5408=IFCINDEXEDPOLYGONALFACE((1206,1143,1212));
#5409=IFCINDEXEDPOLYGONALFACE((1885,1822,1891));
#5410=IFCINDEXEDPOLYGONALFACE((2182,2119,2188));
#5411=IFCINDEXEDPOLYGONALFACE((546,481,545));
#5412=IFCINDEXEDPOLYGONALFACE((1209,1144,1208));
#5413=IFCINDEXEDPOLYGONALFACE((1888,1823,1887));
#5414=IFCINDEXEDPOLYGONALFACE((2185,2120,2184));
#5415=IFCINDEXEDPOLYGONALFACE((550,470,551));
#5416=IFCINDEXEDPOLYGONALFACE((1213,1133,1214));
#5417=IFCINDEXEDPOLYGONALFACE((1892,1812,1893));
#5418=IFCINDEXEDPOLYGONALFACE((2189,2109,2190));
#5419=IFCINDEXEDPOLYGONALFACE((470,546,551));
#5420=IFCINDEXEDPOLYGONALFACE((1133,1209,1214));
#5421=IFCINDEXEDPOLYGONALFACE((1812,1888,1893));
#5422=IFCINDEXEDPOLYGONALFACE((2109,2185,2190));
#5423=IFCINDEXEDPOLYGONALFACE((547,548,551));
#5424=IFCINDEXEDPOLYGONALFACE((1210,1211,1214));
#5425=IFCINDEXEDPOLYGONALFACE((1889,1890,1893));
#5426=IFCINDEXEDPOLYGONALFACE((2186,2187,2190));
#5427=IFCINDEXEDPOLYGONALFACE((543,549,542));
#5428=IFCINDEXEDPOLYGONALFACE((1206,1212,1205));
#5429=IFCINDEXEDPOLYGONALFACE((1885,1891,1884));
#5430=IFCINDEXEDPOLYGONALFACE((2182,2188,2181));
#5431=IFCINDEXEDPOLYGONALFACE((547,482,548));
#5432=IFCINDEXEDPOLYGONALFACE((1210,1145,1211));
#5433=IFCINDEXEDPOLYGONALFACE((1889,1824,1890));
#5434=IFCINDEXEDPOLYGONALFACE((2186,2121,2187));
#5435=IFCINDEXEDPOLYGONALFACE((545,549,544));
#5436=IFCINDEXEDPOLYGONALFACE((1208,1212,1207));
#5437=IFCINDEXEDPOLYGONALFACE((1887,1891,1886));
#5438=IFCINDEXEDPOLYGONALFACE((2184,2188,2183));
#5439=IFCINDEXEDPOLYGONALFACE((551,548,471));
#5440=IFCINDEXEDPOLYGONALFACE((1214,1211,1134));
#5441=IFCINDEXEDPOLYGONALFACE((1893,1890,1813));
#5442=IFCINDEXEDPOLYGONALFACE((2190,2187,2110));
#5443=IFCINDEXEDPOLYGONALFACE((470,550,531));
#5444=IFCINDEXEDPOLYGONALFACE((1133,1213,1194));
#5445=IFCINDEXEDPOLYGONALFACE((1812,1892,1873));
#5446=IFCINDEXEDPOLYGONALFACE((2109,2189,2170));
#5447=IFCINDEXEDPOLYGONALFACE((546,547,551));
#5448=IFCINDEXEDPOLYGONALFACE((1209,1210,1214));
#5449=IFCINDEXEDPOLYGONALFACE((1888,1889,1893));
#5450=IFCINDEXEDPOLYGONALFACE((2185,2186,2190));
#5451=IFCINDEXEDPOLYGONALFACE((550,551,471));
#5452=IFCINDEXEDPOLYGONALFACE((1213,1214,1134));
#5453=IFCINDEXEDPOLYGONALFACE((1892,1893,1813));
#5454=IFCINDEXEDPOLYGONALFACE((2189,2190,2110));
#5455=IFCINDEXEDPOLYGONALFACE((569,524,568));
#5456=IFCINDEXEDPOLYGONALFACE((1232,1187,1231));
#5457=IFCINDEXEDPOLYGONALFACE((1911,1866,1910));
#5458=IFCINDEXEDPOLYGONALFACE((2208,2163,2207));
#5459=IFCINDEXEDPOLYGONALFACE((577,576,489,494,444,443));
#5460=IFCINDEXEDPOLYGONALFACE((1240,1239,1152,1157,441,440));
#5461=IFCINDEXEDPOLYGONALFACE((1919,1918,1831,1836,438,437));
#5462=IFCINDEXEDPOLYGONALFACE((2216,2215,2128,2133,435,434));
#5463=IFCINDEXEDPOLYGONALFACE((602,206,205));
#5464=IFCINDEXEDPOLYGONALFACE((1265,252,204));
#5465=IFCINDEXEDPOLYGONALFACE((1944,298,251));
#5466=IFCINDEXEDPOLYGONALFACE((2241,341,297));
#5467=IFCINDEXEDPOLYGONALFACE((609,608,491));
#5468=IFCINDEXEDPOLYGONALFACE((1272,1271,1154));
#5469=IFCINDEXEDPOLYGONALFACE((1951,1950,1833));
#5470=IFCINDEXEDPOLYGONALFACE((2248,2247,2130));
#5471=IFCINDEXEDPOLYGONALFACE((483,499,580));
#5472=IFCINDEXEDPOLYGONALFACE((1146,1162,1243));
#5473=IFCINDEXEDPOLYGONALFACE((1825,1841,1922));
#5474=IFCINDEXEDPOLYGONALFACE((2122,2138,2219));
#5475=IFCINDEXEDPOLYGONALFACE((577,443,388,555,575,576));
#5476=IFCINDEXEDPOLYGONALFACE((1240,440,386,1218,1238,1239));
#5477=IFCINDEXEDPOLYGONALFACE((1919,437,384,1897,1917,1918));
#5478=IFCINDEXEDPOLYGONALFACE((2216,434,432,2194,2214,2215));
#5479=IFCINDEXEDPOLYGONALFACE((591,587,586));
#5480=IFCINDEXEDPOLYGONALFACE((1254,1250,1249));
#5481=IFCINDEXEDPOLYGONALFACE((1933,1929,1928));
#5482=IFCINDEXEDPOLYGONALFACE((2230,2226,2225));
#5483=IFCINDEXEDPOLYGONALFACE((579,556,580));
#5484=IFCINDEXEDPOLYGONALFACE((1242,1219,1243));
#5485=IFCINDEXEDPOLYGONALFACE((1921,1898,1922));
#5486=IFCINDEXEDPOLYGONALFACE((2218,2195,2219));
#5487=IFCINDEXEDPOLYGONALFACE((510,479,585));
#5488=IFCINDEXEDPOLYGONALFACE((1173,1142,1248));
#5489=IFCINDEXEDPOLYGONALFACE((1852,1821,1927));
#5490=IFCINDEXEDPOLYGONALFACE((2149,2118,2224));
#5491=IFCINDEXEDPOLYGONALFACE((581,492,483));
#5492=IFCINDEXEDPOLYGONALFACE((1244,1155,1146));
#5493=IFCINDEXEDPOLYGONALFACE((1923,1834,1825));
#5494=IFCINDEXEDPOLYGONALFACE((2220,2131,2122));
#5495=IFCINDEXEDPOLYGONALFACE((568,566,569));
#5496=IFCINDEXEDPOLYGONALFACE((1231,1229,1232));
#5497=IFCINDEXEDPOLYGONALFACE((1910,1908,1911));
#5498=IFCINDEXEDPOLYGONALFACE((2207,2205,2208));
#5499=IFCINDEXEDPOLYGONALFACE((492,581,582));
#5500=IFCINDEXEDPOLYGONALFACE((1155,1244,1245));
#5501=IFCINDEXEDPOLYGONALFACE((1834,1923,1924));
#5502=IFCINDEXEDPOLYGONALFACE((2131,2220,2221));
#5503=IFCINDEXEDPOLYGONALFACE((603,531,608));
#5504=IFCINDEXEDPOLYGONALFACE((1266,1194,1271));
#5505=IFCINDEXEDPOLYGONALFACE((1945,1873,1950));
#5506=IFCINDEXEDPOLYGONALFACE((2242,2170,2247));
#5507=IFCINDEXEDPOLYGONALFACE((571,527,572));
#5508=IFCINDEXEDPOLYGONALFACE((1234,1190,1235));
#5509=IFCINDEXEDPOLYGONALFACE((1913,1869,1914));
#5510=IFCINDEXEDPOLYGONALFACE((2210,2166,2211));
#5511=IFCINDEXEDPOLYGONALFACE((603,470,531));
#5512=IFCINDEXEDPOLYGONALFACE((1266,1133,1194));
#5513=IFCINDEXEDPOLYGONALFACE((1945,1812,1873));
#5514=IFCINDEXEDPOLYGONALFACE((2242,2109,2170));
#5515=IFCINDEXEDPOLYGONALFACE((605,606,604));
#5516=IFCINDEXEDPOLYGONALFACE((1268,1269,1267));
#5517=IFCINDEXEDPOLYGONALFACE((1947,1948,1946));
#5518=IFCINDEXEDPOLYGONALFACE((2244,2245,2243));
#5519=IFCINDEXEDPOLYGONALFACE((565,201,206));
#5520=IFCINDEXEDPOLYGONALFACE((1228,248,252));
#5521=IFCINDEXEDPOLYGONALFACE((1907,294,298));
#5522=IFCINDEXEDPOLYGONALFACE((2204,342,341));
#5523=IFCINDEXEDPOLYGONALFACE((596,595,560));
#5524=IFCINDEXEDPOLYGONALFACE((1259,1258,1223));
#5525=IFCINDEXEDPOLYGONALFACE((1938,1937,1902));
#5526=IFCINDEXEDPOLYGONALFACE((2235,2234,2199));
#5527=IFCINDEXEDPOLYGONALFACE((472,589,593));
#5528=IFCINDEXEDPOLYGONALFACE((1135,1252,1256));
#5529=IFCINDEXEDPOLYGONALFACE((1814,1931,1935));
#5530=IFCINDEXEDPOLYGONALFACE((2111,2228,2232));
#5531=IFCINDEXEDPOLYGONALFACE((589,562,593));
#5532=IFCINDEXEDPOLYGONALFACE((1252,1225,1256));
#5533=IFCINDEXEDPOLYGONALFACE((1931,1904,1935));
#5534=IFCINDEXEDPOLYGONALFACE((2228,2201,2232));
#5535=IFCINDEXEDPOLYGONALFACE((561,599,598));
#5536=IFCINDEXEDPOLYGONALFACE((1224,1262,1261));
#5537=IFCINDEXEDPOLYGONALFACE((1903,1941,1940));
#5538=IFCINDEXEDPOLYGONALFACE((2200,2238,2237));
#5539=IFCINDEXEDPOLYGONALFACE((594,595,593));
#5540=IFCINDEXEDPOLYGONALFACE((1257,1258,1256));
#5541=IFCINDEXEDPOLYGONALFACE((1936,1937,1935));
#5542=IFCINDEXEDPOLYGONALFACE((2233,2234,2232));
#5543=IFCINDEXEDPOLYGONALFACE((603,552,604));
#5544=IFCINDEXEDPOLYGONALFACE((1266,1215,1267));
#5545=IFCINDEXEDPOLYGONALFACE((1945,1894,1946));
#5546=IFCINDEXEDPOLYGONALFACE((2242,2191,2243));
#5547=IFCINDEXEDPOLYGONALFACE((592,589,585));
#5548=IFCINDEXEDPOLYGONALFACE((1255,1252,1248));
#5549=IFCINDEXEDPOLYGONALFACE((1934,1931,1927));
#5550=IFCINDEXEDPOLYGONALFACE((2231,2228,2224));
#5551=IFCINDEXEDPOLYGONALFACE((561,598,597));
#5552=IFCINDEXEDPOLYGONALFACE((1224,1261,1260));
#5553=IFCINDEXEDPOLYGONALFACE((1903,1940,1939));
#5554=IFCINDEXEDPOLYGONALFACE((2200,2237,2236));
#5555=IFCINDEXEDPOLYGONALFACE((602,600,564));
#5556=IFCINDEXEDPOLYGONALFACE((1265,1263,1227));
#5557=IFCINDEXEDPOLYGONALFACE((1944,1942,1906));
#5558=IFCINDEXEDPOLYGONALFACE((2241,2239,2203));
#5559=IFCINDEXEDPOLYGONALFACE((564,565,602));
#5560=IFCINDEXEDPOLYGONALFACE((1227,1228,1265));
#5561=IFCINDEXEDPOLYGONALFACE((1906,1907,1944));
#5562=IFCINDEXEDPOLYGONALFACE((2203,2204,2241));
#5563=IFCINDEXEDPOLYGONALFACE((524,490,568));
#5564=IFCINDEXEDPOLYGONALFACE((1187,1153,1231));
#5565=IFCINDEXEDPOLYGONALFACE((1866,1832,1910));
#5566=IFCINDEXEDPOLYGONALFACE((2163,2129,2207));
#5567=IFCINDEXEDPOLYGONALFACE((578,576,575));
#5568=IFCINDEXEDPOLYGONALFACE((1241,1239,1238));
#5569=IFCINDEXEDPOLYGONALFACE((1920,1918,1917));
#5570=IFCINDEXEDPOLYGONALFACE((2217,2215,2214));
#5571=IFCINDEXEDPOLYGONALFACE((602,565,206));
#5572=IFCINDEXEDPOLYGONALFACE((1265,1228,252));
#5573=IFCINDEXEDPOLYGONALFACE((1944,1907,298));
#5574=IFCINDEXEDPOLYGONALFACE((2241,2204,341));
#5575=IFCINDEXEDPOLYGONALFACE((568,567,566));
#5576=IFCINDEXEDPOLYGONALFACE((1231,1230,1229));
#5577=IFCINDEXEDPOLYGONALFACE((1910,1909,1908));
#5578=IFCINDEXEDPOLYGONALFACE((2207,2206,2205));
#5579=IFCINDEXEDPOLYGONALFACE((583,582,553));
#5580=IFCINDEXEDPOLYGONALFACE((1246,1245,1216));
#5581=IFCINDEXEDPOLYGONALFACE((1925,1924,1895));
#5582=IFCINDEXEDPOLYGONALFACE((2222,2221,2192));
#5583=IFCINDEXEDPOLYGONALFACE((568,583,567));
#5584=IFCINDEXEDPOLYGONALFACE((1231,1246,1230));
#5585=IFCINDEXEDPOLYGONALFACE((1910,1925,1909));
#5586=IFCINDEXEDPOLYGONALFACE((2207,2222,2206));
#5587=IFCINDEXEDPOLYGONALFACE((488,524,569));
#5588=IFCINDEXEDPOLYGONALFACE((1151,1187,1232));
#5589=IFCINDEXEDPOLYGONALFACE((1830,1866,1911));
#5590=IFCINDEXEDPOLYGONALFACE((2127,2163,2208));
#5591=IFCINDEXEDPOLYGONALFACE((572,527,488));
#5592=IFCINDEXEDPOLYGONALFACE((1235,1190,1151));
#5593=IFCINDEXEDPOLYGONALFACE((1914,1869,1830));
#5594=IFCINDEXEDPOLYGONALFACE((2211,2166,2127));
#5595=IFCINDEXEDPOLYGONALFACE((569,573,572));
#5596=IFCINDEXEDPOLYGONALFACE((1232,1236,1235));
#5597=IFCINDEXEDPOLYGONALFACE((1911,1915,1914));
#5598=IFCINDEXEDPOLYGONALFACE((2208,2212,2211));
#5599=IFCINDEXEDPOLYGONALFACE((557,571,572));
#5600=IFCINDEXEDPOLYGONALFACE((1220,1234,1235));
#5601=IFCINDEXEDPOLYGONALFACE((1899,1913,1914));
#5602=IFCINDEXEDPOLYGONALFACE((2196,2210,2211));
#5603=IFCINDEXEDPOLYGONALFACE((609,571,570));
#5604=IFCINDEXEDPOLYGONALFACE((1272,1234,1233));
#5605=IFCINDEXEDPOLYGONALFACE((1951,1913,1912));
#5606=IFCINDEXEDPOLYGONALFACE((2248,2210,2209));
#5607=IFCINDEXEDPOLYGONALFACE((570,571,557));
#5608=IFCINDEXEDPOLYGONALFACE((1233,1234,1220));
#5609=IFCINDEXEDPOLYGONALFACE((1912,1913,1899));
#5610=IFCINDEXEDPOLYGONALFACE((2209,2210,2196));
#5611=IFCINDEXEDPOLYGONALFACE((527,571,491));
#5612=IFCINDEXEDPOLYGONALFACE((1190,1234,1154));
#5613=IFCINDEXEDPOLYGONALFACE((1869,1913,1833));
#5614=IFCINDEXEDPOLYGONALFACE((2166,2210,2130));
#5615=IFCINDEXEDPOLYGONALFACE((569,566,573));
#5616=IFCINDEXEDPOLYGONALFACE((1232,1229,1236));
#5617=IFCINDEXEDPOLYGONALFACE((1911,1908,1915));
#5618=IFCINDEXEDPOLYGONALFACE((2208,2205,2212));
#5619=IFCINDEXEDPOLYGONALFACE((569,572,488));
#5620=IFCINDEXEDPOLYGONALFACE((1232,1235,1151));
#5621=IFCINDEXEDPOLYGONALFACE((1911,1914,1830));
#5622=IFCINDEXEDPOLYGONALFACE((2208,2211,2127));
#5623=IFCINDEXEDPOLYGONALFACE((573,557,572));
#5624=IFCINDEXEDPOLYGONALFACE((1236,1220,1235));
#5625=IFCINDEXEDPOLYGONALFACE((1915,1899,1914));
#5626=IFCINDEXEDPOLYGONALFACE((2212,2196,2211));
#5627=IFCINDEXEDPOLYGONALFACE((559,591,586));
#5628=IFCINDEXEDPOLYGONALFACE((1222,1254,1249));
#5629=IFCINDEXEDPOLYGONALFACE((1901,1933,1928));
#5630=IFCINDEXEDPOLYGONALFACE((2198,2230,2225));
#5631=IFCINDEXEDPOLYGONALFACE((588,507,477));
#5632=IFCINDEXEDPOLYGONALFACE((1251,1170,1140));
#5633=IFCINDEXEDPOLYGONALFACE((1930,1849,1819));
#5634=IFCINDEXEDPOLYGONALFACE((2227,2146,2116));
#5635=IFCINDEXEDPOLYGONALFACE((554,611,578));
#5636=IFCINDEXEDPOLYGONALFACE((1217,1274,1241));
#5637=IFCINDEXEDPOLYGONALFACE((1896,1953,1920));
#5638=IFCINDEXEDPOLYGONALFACE((2193,2250,2217));
#5639=IFCINDEXEDPOLYGONALFACE((489,576,578));
#5640=IFCINDEXEDPOLYGONALFACE((1152,1239,1241));
#5641=IFCINDEXEDPOLYGONALFACE((1831,1918,1920));
#5642=IFCINDEXEDPOLYGONALFACE((2128,2215,2217));
#5643=IFCINDEXEDPOLYGONALFACE((499,489,611));
#5644=IFCINDEXEDPOLYGONALFACE((1162,1152,1274));
#5645=IFCINDEXEDPOLYGONALFACE((1841,1831,1953));
#5646=IFCINDEXEDPOLYGONALFACE((2138,2128,2250));
#5647=IFCINDEXEDPOLYGONALFACE((578,575,554));
#5648=IFCINDEXEDPOLYGONALFACE((1241,1238,1217));
#5649=IFCINDEXEDPOLYGONALFACE((1920,1917,1896));
#5650=IFCINDEXEDPOLYGONALFACE((2217,2214,2193));
#5651=IFCINDEXEDPOLYGONALFACE((611,554,579));
#5652=IFCINDEXEDPOLYGONALFACE((1274,1217,1242));
#5653=IFCINDEXEDPOLYGONALFACE((1953,1896,1921));
#5654=IFCINDEXEDPOLYGONALFACE((2250,2193,2218));
#5655=IFCINDEXEDPOLYGONALFACE((580,611,579));
#5656=IFCINDEXEDPOLYGONALFACE((1243,1274,1242));
#5657=IFCINDEXEDPOLYGONALFACE((1922,1953,1921));
#5658=IFCINDEXEDPOLYGONALFACE((2219,2250,2218));
#5659=IFCINDEXEDPOLYGONALFACE((556,581,580));
#5660=IFCINDEXEDPOLYGONALFACE((1219,1244,1243));
#5661=IFCINDEXEDPOLYGONALFACE((1898,1923,1922));
#5662=IFCINDEXEDPOLYGONALFACE((2195,2220,2219));
#5663=IFCINDEXEDPOLYGONALFACE((510,585,589));
#5664=IFCINDEXEDPOLYGONALFACE((1173,1248,1252));
#5665=IFCINDEXEDPOLYGONALFACE((1852,1927,1931));
#5666=IFCINDEXEDPOLYGONALFACE((2149,2224,2228));
#5667=IFCINDEXEDPOLYGONALFACE((483,580,581));
#5668=IFCINDEXEDPOLYGONALFACE((1146,1243,1244));
#5669=IFCINDEXEDPOLYGONALFACE((1825,1922,1923));
#5670=IFCINDEXEDPOLYGONALFACE((2122,2219,2220));
#5671=IFCINDEXEDPOLYGONALFACE((581,584,582));
#5672=IFCINDEXEDPOLYGONALFACE((1244,1247,1245));
#5673=IFCINDEXEDPOLYGONALFACE((1923,1926,1924));
#5674=IFCINDEXEDPOLYGONALFACE((2220,2223,2221));
#5675=IFCINDEXEDPOLYGONALFACE((582,490,492));
#5676=IFCINDEXEDPOLYGONALFACE((1245,1153,1155));
#5677=IFCINDEXEDPOLYGONALFACE((1924,1832,1834));
#5678=IFCINDEXEDPOLYGONALFACE((2221,2129,2131));
#5679=IFCINDEXEDPOLYGONALFACE((568,490,583));
#5680=IFCINDEXEDPOLYGONALFACE((1231,1153,1246));
#5681=IFCINDEXEDPOLYGONALFACE((1910,1832,1925));
#5682=IFCINDEXEDPOLYGONALFACE((2207,2129,2222));
#5683=IFCINDEXEDPOLYGONALFACE((567,583,553));
#5684=IFCINDEXEDPOLYGONALFACE((1230,1246,1216));
#5685=IFCINDEXEDPOLYGONALFACE((1909,1925,1895));
#5686=IFCINDEXEDPOLYGONALFACE((2206,2222,2192));
#5687=IFCINDEXEDPOLYGONALFACE((582,583,490));
#5688=IFCINDEXEDPOLYGONALFACE((1245,1246,1153));
#5689=IFCINDEXEDPOLYGONALFACE((1924,1925,1832));
#5690=IFCINDEXEDPOLYGONALFACE((2221,2222,2129));
#5691=IFCINDEXEDPOLYGONALFACE((553,582,584));
#5692=IFCINDEXEDPOLYGONALFACE((1216,1245,1247));
#5693=IFCINDEXEDPOLYGONALFACE((1895,1924,1926));
#5694=IFCINDEXEDPOLYGONALFACE((2192,2221,2223));
#5695=IFCINDEXEDPOLYGONALFACE((581,556,584));
#5696=IFCINDEXEDPOLYGONALFACE((1244,1219,1247));
#5697=IFCINDEXEDPOLYGONALFACE((1923,1898,1926));
#5698=IFCINDEXEDPOLYGONALFACE((2220,2195,2223));
#5699=IFCINDEXEDPOLYGONALFACE((588,587,507));
#5700=IFCINDEXEDPOLYGONALFACE((1251,1250,1170));
#5701=IFCINDEXEDPOLYGONALFACE((1930,1929,1849));
#5702=IFCINDEXEDPOLYGONALFACE((2227,2226,2146));
#5703=IFCINDEXEDPOLYGONALFACE((587,574,586));
#5704=IFCINDEXEDPOLYGONALFACE((1250,1237,1249));
#5705=IFCINDEXEDPOLYGONALFACE((1929,1916,1928));
#5706=IFCINDEXEDPOLYGONALFACE((2226,2213,2225));
#5707=IFCINDEXEDPOLYGONALFACE((588,574,587));
#5708=IFCINDEXEDPOLYGONALFACE((1251,1237,1250));
#5709=IFCINDEXEDPOLYGONALFACE((1930,1916,1929));
#5710=IFCINDEXEDPOLYGONALFACE((2227,2213,2226));
#5711=IFCINDEXEDPOLYGONALFACE((591,585,479));
#5712=IFCINDEXEDPOLYGONALFACE((1254,1248,1142));
#5713=IFCINDEXEDPOLYGONALFACE((1933,1927,1821));
#5714=IFCINDEXEDPOLYGONALFACE((2230,2224,2118));
#5715=IFCINDEXEDPOLYGONALFACE((479,507,591));
#5716=IFCINDEXEDPOLYGONALFACE((1142,1170,1254));
#5717=IFCINDEXEDPOLYGONALFACE((1821,1849,1933));
#5718=IFCINDEXEDPOLYGONALFACE((2118,2146,2230));
#5719=IFCINDEXEDPOLYGONALFACE((590,574,588));
#5720=IFCINDEXEDPOLYGONALFACE((1253,1237,1251));
#5721=IFCINDEXEDPOLYGONALFACE((1932,1916,1930));
#5722=IFCINDEXEDPOLYGONALFACE((2229,2213,2227));
#5723=IFCINDEXEDPOLYGONALFACE((542,481,598));
#5724=IFCINDEXEDPOLYGONALFACE((1205,1144,1261));
#5725=IFCINDEXEDPOLYGONALFACE((1884,1823,1940));
#5726=IFCINDEXEDPOLYGONALFACE((2181,2120,2237));
#5727=IFCINDEXEDPOLYGONALFACE((510,589,472));
#5728=IFCINDEXEDPOLYGONALFACE((1173,1252,1135));
#5729=IFCINDEXEDPOLYGONALFACE((1852,1931,1814));
#5730=IFCINDEXEDPOLYGONALFACE((2149,2228,2111));
#5731=IFCINDEXEDPOLYGONALFACE((477,599,588));
#5732=IFCINDEXEDPOLYGONALFACE((1140,1262,1251));
#5733=IFCINDEXEDPOLYGONALFACE((1819,1941,1930));
#5734=IFCINDEXEDPOLYGONALFACE((2116,2238,2227));
#5735=IFCINDEXEDPOLYGONALFACE((585,559,592));
#5736=IFCINDEXEDPOLYGONALFACE((1248,1222,1255));
#5737=IFCINDEXEDPOLYGONALFACE((1927,1901,1934));
#5738=IFCINDEXEDPOLYGONALFACE((2224,2198,2231));
#5739=IFCINDEXEDPOLYGONALFACE((507,587,591));
#5740=IFCINDEXEDPOLYGONALFACE((1170,1250,1254));
#5741=IFCINDEXEDPOLYGONALFACE((1849,1929,1933));
#5742=IFCINDEXEDPOLYGONALFACE((2146,2226,2230));
#5743=IFCINDEXEDPOLYGONALFACE((561,590,599));
#5744=IFCINDEXEDPOLYGONALFACE((1224,1253,1262));
#5745=IFCINDEXEDPOLYGONALFACE((1903,1932,1941));
#5746=IFCINDEXEDPOLYGONALFACE((2200,2229,2238));
#5747=IFCINDEXEDPOLYGONALFACE((585,591,559));
#5748=IFCINDEXEDPOLYGONALFACE((1248,1254,1222));
#5749=IFCINDEXEDPOLYGONALFACE((1927,1933,1901));
#5750=IFCINDEXEDPOLYGONALFACE((2224,2230,2198));
#5751=IFCINDEXEDPOLYGONALFACE((592,562,589));
#5752=IFCINDEXEDPOLYGONALFACE((1255,1225,1252));
#5753=IFCINDEXEDPOLYGONALFACE((1934,1904,1931));
#5754=IFCINDEXEDPOLYGONALFACE((2231,2201,2228));
#5755=IFCINDEXEDPOLYGONALFACE((596,513,595));
#5756=IFCINDEXEDPOLYGONALFACE((1259,1176,1258));
#5757=IFCINDEXEDPOLYGONALFACE((1938,1855,1937));
#5758=IFCINDEXEDPOLYGONALFACE((2235,2152,2234));
#5759=IFCINDEXEDPOLYGONALFACE((595,472,593));
#5760=IFCINDEXEDPOLYGONALFACE((1258,1135,1256));
#5761=IFCINDEXEDPOLYGONALFACE((1937,1814,1935));
#5762=IFCINDEXEDPOLYGONALFACE((2234,2111,2232));
#5763=IFCINDEXEDPOLYGONALFACE((595,513,472));
#5764=IFCINDEXEDPOLYGONALFACE((1258,1176,1135));
#5765=IFCINDEXEDPOLYGONALFACE((1937,1855,1814));
#5766=IFCINDEXEDPOLYGONALFACE((2234,2152,2111));
#5767=IFCINDEXEDPOLYGONALFACE((560,595,594));
#5768=IFCINDEXEDPOLYGONALFACE((1223,1258,1257));
#5769=IFCINDEXEDPOLYGONALFACE((1902,1937,1936));
#5770=IFCINDEXEDPOLYGONALFACE((2199,2234,2233));
#5771=IFCINDEXEDPOLYGONALFACE((593,562,594));
#5772=IFCINDEXEDPOLYGONALFACE((1256,1225,1257));
#5773=IFCINDEXEDPOLYGONALFACE((1935,1904,1936));
#5774=IFCINDEXEDPOLYGONALFACE((2232,2201,2233));
#5775=IFCINDEXEDPOLYGONALFACE((478,513,596));
#5776=IFCINDEXEDPOLYGONALFACE((1141,1176,1259));
#5777=IFCINDEXEDPOLYGONALFACE((1820,1855,1938));
#5778=IFCINDEXEDPOLYGONALFACE((2117,2152,2235));
#5779=IFCINDEXEDPOLYGONALFACE((478,596,600));
#5780=IFCINDEXEDPOLYGONALFACE((1141,1259,1263));
#5781=IFCINDEXEDPOLYGONALFACE((1820,1938,1942));
#5782=IFCINDEXEDPOLYGONALFACE((2117,2235,2239));
#5783=IFCINDEXEDPOLYGONALFACE((596,601,600));
#5784=IFCINDEXEDPOLYGONALFACE((1259,1264,1263));
#5785=IFCINDEXEDPOLYGONALFACE((1938,1943,1942));
#5786=IFCINDEXEDPOLYGONALFACE((2235,2240,2239));
#5787=IFCINDEXEDPOLYGONALFACE((607,606,563));
#5788=IFCINDEXEDPOLYGONALFACE((1270,1269,1226));
#5789=IFCINDEXEDPOLYGONALFACE((1949,1948,1905));
#5790=IFCINDEXEDPOLYGONALFACE((2246,2245,2202));
#5791=IFCINDEXEDPOLYGONALFACE((598,607,597));
#5792=IFCINDEXEDPOLYGONALFACE((1261,1270,1260));
#5793=IFCINDEXEDPOLYGONALFACE((1940,1949,1939));
#5794=IFCINDEXEDPOLYGONALFACE((2237,2246,2236));
#5795=IFCINDEXEDPOLYGONALFACE((542,598,599));
#5796=IFCINDEXEDPOLYGONALFACE((1205,1261,1262));
#5797=IFCINDEXEDPOLYGONALFACE((1884,1940,1941));
#5798=IFCINDEXEDPOLYGONALFACE((2181,2237,2238));
#5799=IFCINDEXEDPOLYGONALFACE((542,599,477));
#5800=IFCINDEXEDPOLYGONALFACE((1205,1262,1140));
#5801=IFCINDEXEDPOLYGONALFACE((1884,1941,1819));
#5802=IFCINDEXEDPOLYGONALFACE((2181,2238,2116));
#5803=IFCINDEXEDPOLYGONALFACE((590,588,599));
#5804=IFCINDEXEDPOLYGONALFACE((1253,1251,1262));
#5805=IFCINDEXEDPOLYGONALFACE((1932,1930,1941));
#5806=IFCINDEXEDPOLYGONALFACE((2229,2227,2238));
#5807=IFCINDEXEDPOLYGONALFACE((600,497,478));
#5808=IFCINDEXEDPOLYGONALFACE((1263,1160,1141));
#5809=IFCINDEXEDPOLYGONALFACE((1942,1839,1820));
#5810=IFCINDEXEDPOLYGONALFACE((2239,2136,2117));
#5811=IFCINDEXEDPOLYGONALFACE((602,497,600));
#5812=IFCINDEXEDPOLYGONALFACE((1265,1160,1263));
#5813=IFCINDEXEDPOLYGONALFACE((1944,1839,1942));
#5814=IFCINDEXEDPOLYGONALFACE((2241,2136,2239));
#5815=IFCINDEXEDPOLYGONALFACE((564,600,601));
#5816=IFCINDEXEDPOLYGONALFACE((1227,1263,1264));
#5817=IFCINDEXEDPOLYGONALFACE((1906,1942,1943));
#5818=IFCINDEXEDPOLYGONALFACE((2203,2239,2240));
#5819=IFCINDEXEDPOLYGONALFACE((596,560,601));
#5820=IFCINDEXEDPOLYGONALFACE((1259,1223,1264));
#5821=IFCINDEXEDPOLYGONALFACE((1938,1902,1943));
#5822=IFCINDEXEDPOLYGONALFACE((2235,2199,2240));
#5823=IFCINDEXEDPOLYGONALFACE((497,602,205));
#5824=IFCINDEXEDPOLYGONALFACE((1160,1265,204));
#5825=IFCINDEXEDPOLYGONALFACE((1839,1944,251));
#5826=IFCINDEXEDPOLYGONALFACE((2136,2241,297));
#5827=IFCINDEXEDPOLYGONALFACE((608,531,491));
#5828=IFCINDEXEDPOLYGONALFACE((1271,1194,1154));
#5829=IFCINDEXEDPOLYGONALFACE((1950,1873,1833));
#5830=IFCINDEXEDPOLYGONALFACE((2247,2170,2130));
#5831=IFCINDEXEDPOLYGONALFACE((470,603,604));
#5832=IFCINDEXEDPOLYGONALFACE((1133,1266,1267));
#5833=IFCINDEXEDPOLYGONALFACE((1812,1945,1946));
#5834=IFCINDEXEDPOLYGONALFACE((2109,2242,2243));
#5835=IFCINDEXEDPOLYGONALFACE((608,558,610));
#5836=IFCINDEXEDPOLYGONALFACE((1271,1221,1273));
#5837=IFCINDEXEDPOLYGONALFACE((1950,1900,1952));
#5838=IFCINDEXEDPOLYGONALFACE((2247,2197,2249));
#5839=IFCINDEXEDPOLYGONALFACE((598,481,607));
#5840=IFCINDEXEDPOLYGONALFACE((1261,1144,1270));
#5841=IFCINDEXEDPOLYGONALFACE((1940,1823,1949));
#5842=IFCINDEXEDPOLYGONALFACE((2237,2120,2246));
#5843=IFCINDEXEDPOLYGONALFACE((546,604,606));
#5844=IFCINDEXEDPOLYGONALFACE((1209,1267,1269));
#5845=IFCINDEXEDPOLYGONALFACE((1888,1946,1948));
#5846=IFCINDEXEDPOLYGONALFACE((2185,2243,2245));
#5847=IFCINDEXEDPOLYGONALFACE((546,470,604));
#5848=IFCINDEXEDPOLYGONALFACE((1209,1133,1267));
#5849=IFCINDEXEDPOLYGONALFACE((1888,1812,1946));
#5850=IFCINDEXEDPOLYGONALFACE((2185,2109,2243));
#5851=IFCINDEXEDPOLYGONALFACE((563,606,605));
#5852=IFCINDEXEDPOLYGONALFACE((1226,1269,1268));
#5853=IFCINDEXEDPOLYGONALFACE((1905,1948,1947));
#5854=IFCINDEXEDPOLYGONALFACE((2202,2245,2244));
#5855=IFCINDEXEDPOLYGONALFACE((604,552,605));
#5856=IFCINDEXEDPOLYGONALFACE((1267,1215,1268));
#5857=IFCINDEXEDPOLYGONALFACE((1946,1894,1947));
#5858=IFCINDEXEDPOLYGONALFACE((2243,2191,2244));
#5859=IFCINDEXEDPOLYGONALFACE((546,606,481));
#5860=IFCINDEXEDPOLYGONALFACE((1209,1269,1144));
#5861=IFCINDEXEDPOLYGONALFACE((1888,1948,1823));
#5862=IFCINDEXEDPOLYGONALFACE((2185,2245,2120));
#5863=IFCINDEXEDPOLYGONALFACE((597,607,563));
#5864=IFCINDEXEDPOLYGONALFACE((1260,1270,1226));
#5865=IFCINDEXEDPOLYGONALFACE((1939,1949,1905));
#5866=IFCINDEXEDPOLYGONALFACE((2236,2246,2202));
#5867=IFCINDEXEDPOLYGONALFACE((606,607,481));
#5868=IFCINDEXEDPOLYGONALFACE((1269,1270,1144));
#5869=IFCINDEXEDPOLYGONALFACE((1948,1949,1823));
#5870=IFCINDEXEDPOLYGONALFACE((2245,2246,2120));
#5871=IFCINDEXEDPOLYGONALFACE((610,603,608));
#5872=IFCINDEXEDPOLYGONALFACE((1273,1266,1271));
#5873=IFCINDEXEDPOLYGONALFACE((1952,1945,1950));
#5874=IFCINDEXEDPOLYGONALFACE((2249,2242,2247));
#5875=IFCINDEXEDPOLYGONALFACE((558,609,570));
#5876=IFCINDEXEDPOLYGONALFACE((1221,1272,1233));
#5877=IFCINDEXEDPOLYGONALFACE((1900,1951,1912));
#5878=IFCINDEXEDPOLYGONALFACE((2197,2248,2209));
#5879=IFCINDEXEDPOLYGONALFACE((571,609,491));
#5880=IFCINDEXEDPOLYGONALFACE((1234,1272,1154));
#5881=IFCINDEXEDPOLYGONALFACE((1913,1951,1833));
#5882=IFCINDEXEDPOLYGONALFACE((2210,2248,2130));
#5883=IFCINDEXEDPOLYGONALFACE((608,609,558));
#5884=IFCINDEXEDPOLYGONALFACE((1271,1272,1221));
#5885=IFCINDEXEDPOLYGONALFACE((1950,1951,1900));
#5886=IFCINDEXEDPOLYGONALFACE((2247,2248,2197));
#5887=IFCINDEXEDPOLYGONALFACE((610,552,603));
#5888=IFCINDEXEDPOLYGONALFACE((1273,1215,1266));
#5889=IFCINDEXEDPOLYGONALFACE((1952,1894,1945));
#5890=IFCINDEXEDPOLYGONALFACE((2249,2191,2242));
#5891=IFCINDEXEDPOLYGONALFACE((578,611,489));
#5892=IFCINDEXEDPOLYGONALFACE((1241,1274,1152));
#5893=IFCINDEXEDPOLYGONALFACE((1920,1953,1831));
#5894=IFCINDEXEDPOLYGONALFACE((2217,2250,2128));
#5895=IFCINDEXEDPOLYGONALFACE((499,611,580));
#5896=IFCINDEXEDPOLYGONALFACE((1162,1274,1243));
#5897=IFCINDEXEDPOLYGONALFACE((1841,1953,1922));
#5898=IFCINDEXEDPOLYGONALFACE((2138,2250,2219));
#5899=IFCINDEXEDPOLYGONALFACE((664,634,673));
#5900=IFCINDEXEDPOLYGONALFACE((817,789,828));
#5901=IFCINDEXEDPOLYGONALFACE((1554,1524,1563));
#5902=IFCINDEXEDPOLYGONALFACE((1709,1679,1718));
#5903=IFCINDEXEDPOLYGONALFACE((2006,1976,2015));
#5904=IFCINDEXEDPOLYGONALFACE((638,639,620));
#5905=IFCINDEXEDPOLYGONALFACE((793,794,783));
#5906=IFCINDEXEDPOLYGONALFACE((1528,1529,1510));
#5907=IFCINDEXEDPOLYGONALFACE((1683,1684,1665));
#5908=IFCINDEXEDPOLYGONALFACE((1980,1981,1962));
#5909=IFCINDEXEDPOLYGONALFACE((449,676,701));
#5910=IFCINDEXEDPOLYGONALFACE((452,1566,1591));
#5911=IFCINDEXEDPOLYGONALFACE((455,1721,1746));
#5912=IFCINDEXEDPOLYGONALFACE((458,2018,2043));
#5913=IFCINDEXEDPOLYGONALFACE((637,639,675));
#5914=IFCINDEXEDPOLYGONALFACE((792,794,834));
#5915=IFCINDEXEDPOLYGONALFACE((1527,1529,1565));
#5916=IFCINDEXEDPOLYGONALFACE((1682,1684,1720));
#5917=IFCINDEXEDPOLYGONALFACE((1979,1981,2017));
#5918=IFCINDEXEDPOLYGONALFACE((698,669,655));
#5919=IFCINDEXEDPOLYGONALFACE((845,821,807));
#5920=IFCINDEXEDPOLYGONALFACE((1588,1559,1545));
#5921=IFCINDEXEDPOLYGONALFACE((1743,1714,1700));
#5922=IFCINDEXEDPOLYGONALFACE((2040,2011,1997));
#5923=IFCINDEXEDPOLYGONALFACE((682,681,683));
#5924=IFCINDEXEDPOLYGONALFACE((1572,1571,1573));
#5925=IFCINDEXEDPOLYGONALFACE((1727,1726,1728));
#5926=IFCINDEXEDPOLYGONALFACE((2024,2023,2025));
#5927=IFCINDEXEDPOLYGONALFACE((614,655,669));
#5928=IFCINDEXEDPOLYGONALFACE((777,807,821));
#5929=IFCINDEXEDPOLYGONALFACE((1504,1545,1559));
#5930=IFCINDEXEDPOLYGONALFACE((1659,1700,1714));
#5931=IFCINDEXEDPOLYGONALFACE((1956,1997,2011));
#5932=IFCINDEXEDPOLYGONALFACE((693,623,695));
#5933=IFCINDEXEDPOLYGONALFACE((1583,1513,1585));
#5934=IFCINDEXEDPOLYGONALFACE((1738,1668,1740));
#5935=IFCINDEXEDPOLYGONALFACE((2035,1965,2037));
#5936=IFCINDEXEDPOLYGONALFACE((648,620,697));
#5937=IFCINDEXEDPOLYGONALFACE((802,783,844));
#5938=IFCINDEXEDPOLYGONALFACE((1538,1510,1587));
#5939=IFCINDEXEDPOLYGONALFACE((1693,1665,1742));
#5940=IFCINDEXEDPOLYGONALFACE((1990,1962,2039));
#5941=IFCINDEXEDPOLYGONALFACE((671,632,749,660));
#5942=IFCINDEXEDPOLYGONALFACE((823,787,894,813));
#5943=IFCINDEXEDPOLYGONALFACE((1561,1522,1639,1550));
#5944=IFCINDEXEDPOLYGONALFACE((1716,1677,1794,1705));
#5945=IFCINDEXEDPOLYGONALFACE((2013,1974,2091,2002));
#5946=IFCINDEXEDPOLYGONALFACE((697,651,648));
#5947=IFCINDEXEDPOLYGONALFACE((844,805,802));
#5948=IFCINDEXEDPOLYGONALFACE((1587,1541,1538));
#5949=IFCINDEXEDPOLYGONALFACE((1742,1696,1693));
#5950=IFCINDEXEDPOLYGONALFACE((2039,1993,1990));
#5951=IFCINDEXEDPOLYGONALFACE((699,674,672));
#5952=IFCINDEXEDPOLYGONALFACE((846,830,827));
#5953=IFCINDEXEDPOLYGONALFACE((1589,1564,1562));
#5954=IFCINDEXEDPOLYGONALFACE((1744,1719,1717));
#5955=IFCINDEXEDPOLYGONALFACE((2041,2016,2014));
#5956=IFCINDEXEDPOLYGONALFACE((617,651,672));
#5957=IFCINDEXEDPOLYGONALFACE((780,805,827));
#5958=IFCINDEXEDPOLYGONALFACE((1507,1541,1562));
#5959=IFCINDEXEDPOLYGONALFACE((1662,1696,1717));
#5960=IFCINDEXEDPOLYGONALFACE((1959,1993,2014));
#5961=IFCINDEXEDPOLYGONALFACE((668,613,665));
#5962=IFCINDEXEDPOLYGONALFACE((1558,1503,1555));
#5963=IFCINDEXEDPOLYGONALFACE((1713,1658,1710));
#5964=IFCINDEXEDPOLYGONALFACE((2010,1955,2007));
#5965=IFCINDEXEDPOLYGONALFACE((700,645,718,631));
#5966=IFCINDEXEDPOLYGONALFACE((1590,1535,1608,1521));
#5967=IFCINDEXEDPOLYGONALFACE((1745,1690,1763,1676));
#5968=IFCINDEXEDPOLYGONALFACE((2042,1987,2060,1973));
#5969=IFCINDEXEDPOLYGONALFACE((687,652,685));
#5970=IFCINDEXEDPOLYGONALFACE((1577,1542,1575));
#5971=IFCINDEXEDPOLYGONALFACE((1732,1697,1730));
#5972=IFCINDEXEDPOLYGONALFACE((2029,1994,2027));
#5973=IFCINDEXEDPOLYGONALFACE((692,691,621));
#5974=IFCINDEXEDPOLYGONALFACE((1582,1581,1511));
#5975=IFCINDEXEDPOLYGONALFACE((1737,1736,1666));
#5976=IFCINDEXEDPOLYGONALFACE((2034,2033,1963));
#5977=IFCINDEXEDPOLYGONALFACE((629,680,682));
#5978=IFCINDEXEDPOLYGONALFACE((1519,1570,1572));
#5979=IFCINDEXEDPOLYGONALFACE((1674,1725,1727));
#5980=IFCINDEXEDPOLYGONALFACE((1971,2022,2024));
#5981=IFCINDEXEDPOLYGONALFACE((653,614,669));
#5982=IFCINDEXEDPOLYGONALFACE((777,821,806));
#5983=IFCINDEXEDPOLYGONALFACE((1543,1504,1559));
#5984=IFCINDEXEDPOLYGONALFACE((1698,1659,1714));
#5985=IFCINDEXEDPOLYGONALFACE((1995,1956,2011));
#5986=IFCINDEXEDPOLYGONALFACE((612,666,668));
#5987=IFCINDEXEDPOLYGONALFACE((1502,1556,1558));
#5988=IFCINDEXEDPOLYGONALFACE((1657,1711,1713));
#5989=IFCINDEXEDPOLYGONALFACE((1954,2008,2010));
#5990=IFCINDEXEDPOLYGONALFACE((640,677,701));
#5991=IFCINDEXEDPOLYGONALFACE((1530,1567,1591));
#5992=IFCINDEXEDPOLYGONALFACE((1685,1722,1746));
#5993=IFCINDEXEDPOLYGONALFACE((1982,2019,2043));
#5994=IFCINDEXEDPOLYGONALFACE((680,679,678));
#5995=IFCINDEXEDPOLYGONALFACE((1570,1569,1568));
#5996=IFCINDEXEDPOLYGONALFACE((1725,1724,1723));
#5997=IFCINDEXEDPOLYGONALFACE((2022,2021,2020));
#5998=IFCINDEXEDPOLYGONALFACE((700,647,645));
#5999=IFCINDEXEDPOLYGONALFACE((1590,1537,1535));
#6000=IFCINDEXEDPOLYGONALFACE((1745,1692,1690));
#6001=IFCINDEXEDPOLYGONALFACE((2042,1989,1987));
#6002=IFCINDEXEDPOLYGONALFACE((675,638,3));
#6003=IFCINDEXEDPOLYGONALFACE((834,793,49));
#6004=IFCINDEXEDPOLYGONALFACE((1565,1528,157));
#6005=IFCINDEXEDPOLYGONALFACE((1720,1683,112));
#6006=IFCINDEXEDPOLYGONALFACE((2017,1980,66));
#6007=IFCINDEXEDPOLYGONALFACE((653,615,712,644));
#6008=IFCINDEXEDPOLYGONALFACE((806,778,856,801));
#6009=IFCINDEXEDPOLYGONALFACE((1543,1505,1602,1534));
#6010=IFCINDEXEDPOLYGONALFACE((1698,1660,1757,1689));
#6011=IFCINDEXEDPOLYGONALFACE((1995,1957,2054,1986));
#6012=IFCINDEXEDPOLYGONALFACE((661,633,671));
#6013=IFCINDEXEDPOLYGONALFACE((814,788,823));
#6014=IFCINDEXEDPOLYGONALFACE((1551,1523,1561));
#6015=IFCINDEXEDPOLYGONALFACE((1706,1678,1716));
#6016=IFCINDEXEDPOLYGONALFACE((2003,1975,2013));
#6017=IFCINDEXEDPOLYGONALFACE((673,635,727,663));
#6018=IFCINDEXEDPOLYGONALFACE((828,790,900,816));
#6019=IFCINDEXEDPOLYGONALFACE((1563,1525,1617,1553));
#6020=IFCINDEXEDPOLYGONALFACE((1718,1680,1772,1708));
#6021=IFCINDEXEDPOLYGONALFACE((2015,1977,2069,2005));
#6022=IFCINDEXEDPOLYGONALFACE((696,694,627));
#6023=IFCINDEXEDPOLYGONALFACE((1586,1584,1517));
#6024=IFCINDEXEDPOLYGONALFACE((1741,1739,1672));
#6025=IFCINDEXEDPOLYGONALFACE((2038,2036,1969));
#6026=IFCINDEXEDPOLYGONALFACE((631,640,641));
#6027=IFCINDEXEDPOLYGONALFACE((677,450,449));
#6028=IFCINDEXEDPOLYGONALFACE((850,847,849,848,773,843,784,791,874,447,446));
#6029=IFCINDEXEDPOLYGONALFACE((1521,1530,1531));
#6030=IFCINDEXEDPOLYGONALFACE((1567,453,452));
#6031=IFCINDEXEDPOLYGONALFACE((1676,1685,1686));
#6032=IFCINDEXEDPOLYGONALFACE((1722,456,455));
#6033=IFCINDEXEDPOLYGONALFACE((1973,1982,1983));
#6034=IFCINDEXEDPOLYGONALFACE((2019,459,458));
#6035=IFCINDEXEDPOLYGONALFACE((675,2,1));
#6036=IFCINDEXEDPOLYGONALFACE((834,48,6));
#6037=IFCINDEXEDPOLYGONALFACE((1565,156,110));
#6038=IFCINDEXEDPOLYGONALFACE((1720,111,63));
#6039=IFCINDEXEDPOLYGONALFACE((2017,65,64));
#6040=IFCINDEXEDPOLYGONALFACE((638,675,639));
#6041=IFCINDEXEDPOLYGONALFACE((793,834,794));
#6042=IFCINDEXEDPOLYGONALFACE((1528,1565,1529));
#6043=IFCINDEXEDPOLYGONALFACE((1683,1720,1684));
#6044=IFCINDEXEDPOLYGONALFACE((1980,2017,1981));
#6045=IFCINDEXEDPOLYGONALFACE((639,637,618));
#6046=IFCINDEXEDPOLYGONALFACE((794,792,781));
#6047=IFCINDEXEDPOLYGONALFACE((1529,1527,1508));
#6048=IFCINDEXEDPOLYGONALFACE((1684,1682,1663));
#6049=IFCINDEXEDPOLYGONALFACE((1981,1979,1960));
#6050=IFCINDEXEDPOLYGONALFACE((701,676,636));
#6051=IFCINDEXEDPOLYGONALFACE((1591,1566,1526));
#6052=IFCINDEXEDPOLYGONALFACE((1746,1721,1681));
#6053=IFCINDEXEDPOLYGONALFACE((2043,2018,1978));
#6054=IFCINDEXEDPOLYGONALFACE((647,628,645));
#6055=IFCINDEXEDPOLYGONALFACE((1537,1518,1535));
#6056=IFCINDEXEDPOLYGONALFACE((1692,1673,1690));
#6057=IFCINDEXEDPOLYGONALFACE((1989,1970,1987));
#6058=IFCINDEXEDPOLYGONALFACE((641,636,630));
#6059=IFCINDEXEDPOLYGONALFACE((409,676,449));
#6060=IFCINDEXEDPOLYGONALFACE((847,850,446,411,786,785,842,771,848,849));
#6061=IFCINDEXEDPOLYGONALFACE((1531,1526,1520));
#6062=IFCINDEXEDPOLYGONALFACE((406,1566,452));
#6063=IFCINDEXEDPOLYGONALFACE((1686,1681,1675));
#6064=IFCINDEXEDPOLYGONALFACE((404,1721,455));
#6065=IFCINDEXEDPOLYGONALFACE((1983,1978,1972));
#6066=IFCINDEXEDPOLYGONALFACE((402,2018,458));
#6067=IFCINDEXEDPOLYGONALFACE((658,642,670));
#6068=IFCINDEXEDPOLYGONALFACE((811,799,822));
#6069=IFCINDEXEDPOLYGONALFACE((1548,1532,1560));
#6070=IFCINDEXEDPOLYGONALFACE((1703,1687,1715));
#6071=IFCINDEXEDPOLYGONALFACE((2000,1984,2012));
#6072=IFCINDEXEDPOLYGONALFACE((650,653,656));
#6073=IFCINDEXEDPOLYGONALFACE((804,806,809));
#6074=IFCINDEXEDPOLYGONALFACE((1540,1543,1546));
#6075=IFCINDEXEDPOLYGONALFACE((1695,1698,1701));
#6076=IFCINDEXEDPOLYGONALFACE((1992,1995,1998));
#6077=IFCINDEXEDPOLYGONALFACE((656,653,644));
#6078=IFCINDEXEDPOLYGONALFACE((809,806,801));
#6079=IFCINDEXEDPOLYGONALFACE((1546,1543,1534));
#6080=IFCINDEXEDPOLYGONALFACE((1701,1698,1689));
#6081=IFCINDEXEDPOLYGONALFACE((1998,1995,1986));
#6082=IFCINDEXEDPOLYGONALFACE((628,647,678));
#6083=IFCINDEXEDPOLYGONALFACE((1518,1537,1568));
#6084=IFCINDEXEDPOLYGONALFACE((1673,1692,1723));
#6085=IFCINDEXEDPOLYGONALFACE((1970,1989,2020));
#6086=IFCINDEXEDPOLYGONALFACE((647,646,678));
#6087=IFCINDEXEDPOLYGONALFACE((1537,1536,1568));
#6088=IFCINDEXEDPOLYGONALFACE((1692,1691,1723));
#6089=IFCINDEXEDPOLYGONALFACE((1989,1988,2020));
#6090=IFCINDEXEDPOLYGONALFACE((641,630,700));
#6091=IFCINDEXEDPOLYGONALFACE((1531,1520,1590));
#6092=IFCINDEXEDPOLYGONALFACE((1686,1675,1745));
#6093=IFCINDEXEDPOLYGONALFACE((1983,1972,2042));
#6094=IFCINDEXEDPOLYGONALFACE((647,630,646));
#6095=IFCINDEXEDPOLYGONALFACE((1537,1520,1536));
#6096=IFCINDEXEDPOLYGONALFACE((1692,1675,1691));
#6097=IFCINDEXEDPOLYGONALFACE((1989,1972,1988));
#6098=IFCINDEXEDPOLYGONALFACE((651,618,649));
#6099=IFCINDEXEDPOLYGONALFACE((805,781,803));
#6100=IFCINDEXEDPOLYGONALFACE((1541,1508,1539));
#6101=IFCINDEXEDPOLYGONALFACE((1696,1663,1694));
#6102=IFCINDEXEDPOLYGONALFACE((1993,1960,1991));
#6103=IFCINDEXEDPOLYGONALFACE((651,649,672));
#6104=IFCINDEXEDPOLYGONALFACE((805,803,827));
#6105=IFCINDEXEDPOLYGONALFACE((1541,1539,1562));
#6106=IFCINDEXEDPOLYGONALFACE((1696,1694,1717));
#6107=IFCINDEXEDPOLYGONALFACE((1993,1991,2014));
#6108=IFCINDEXEDPOLYGONALFACE((651,617,648));
#6109=IFCINDEXEDPOLYGONALFACE((805,780,802));
#6110=IFCINDEXEDPOLYGONALFACE((1541,1507,1538));
#6111=IFCINDEXEDPOLYGONALFACE((1696,1662,1693));
#6112=IFCINDEXEDPOLYGONALFACE((1993,1959,1990));
#6113=IFCINDEXEDPOLYGONALFACE((650,656,642));
#6114=IFCINDEXEDPOLYGONALFACE((804,809,799));
#6115=IFCINDEXEDPOLYGONALFACE((1540,1546,1532));
#6116=IFCINDEXEDPOLYGONALFACE((1695,1701,1687));
#6117=IFCINDEXEDPOLYGONALFACE((1992,1998,1984));
#6118=IFCINDEXEDPOLYGONALFACE((639,618,697));
#6119=IFCINDEXEDPOLYGONALFACE((794,781,844));
#6120=IFCINDEXEDPOLYGONALFACE((1529,1508,1587));
#6121=IFCINDEXEDPOLYGONALFACE((1684,1663,1742));
#6122=IFCINDEXEDPOLYGONALFACE((1981,1960,2039));
#6123=IFCINDEXEDPOLYGONALFACE((622,689,685));
#6124=IFCINDEXEDPOLYGONALFACE((1512,1579,1575));
#6125=IFCINDEXEDPOLYGONALFACE((1667,1734,1730));
#6126=IFCINDEXEDPOLYGONALFACE((1964,2031,2027));
#6127=IFCINDEXEDPOLYGONALFACE((688,621,691));
#6128=IFCINDEXEDPOLYGONALFACE((1578,1511,1581));
#6129=IFCINDEXEDPOLYGONALFACE((1733,1666,1736));
#6130=IFCINDEXEDPOLYGONALFACE((2030,1963,2033));
#6131=IFCINDEXEDPOLYGONALFACE((614,653,650));
#6132=IFCINDEXEDPOLYGONALFACE((777,806,804));
#6133=IFCINDEXEDPOLYGONALFACE((1504,1543,1540));
#6134=IFCINDEXEDPOLYGONALFACE((1659,1698,1695));
#6135=IFCINDEXEDPOLYGONALFACE((1956,1995,1992));
#6136=IFCINDEXEDPOLYGONALFACE((616,699,672));
#6137=IFCINDEXEDPOLYGONALFACE((779,846,827));
#6138=IFCINDEXEDPOLYGONALFACE((1506,1589,1562));
#6139=IFCINDEXEDPOLYGONALFACE((1661,1744,1717));
#6140=IFCINDEXEDPOLYGONALFACE((1958,2041,2014));
#6141=IFCINDEXEDPOLYGONALFACE((669,615,653));
#6142=IFCINDEXEDPOLYGONALFACE((778,806,821));
#6143=IFCINDEXEDPOLYGONALFACE((1559,1505,1543));
#6144=IFCINDEXEDPOLYGONALFACE((1714,1660,1698));
#6145=IFCINDEXEDPOLYGONALFACE((2011,1957,1995));
#6146=IFCINDEXEDPOLYGONALFACE((643,657,670));
#6147=IFCINDEXEDPOLYGONALFACE((800,810,822));
#6148=IFCINDEXEDPOLYGONALFACE((1533,1547,1560));
#6149=IFCINDEXEDPOLYGONALFACE((1688,1702,1715));
#6150=IFCINDEXEDPOLYGONALFACE((1985,1999,2012));
#6151=IFCINDEXEDPOLYGONALFACE((656,644,713,643));
#6152=IFCINDEXEDPOLYGONALFACE((809,801,858,800));
#6153=IFCINDEXEDPOLYGONALFACE((1546,1534,1603,1533));
#6154=IFCINDEXEDPOLYGONALFACE((1701,1689,1758,1688));
#6155=IFCINDEXEDPOLYGONALFACE((1998,1986,2055,1985));
#6156=IFCINDEXEDPOLYGONALFACE((670,659,658));
#6157=IFCINDEXEDPOLYGONALFACE((822,812,811));
#6158=IFCINDEXEDPOLYGONALFACE((1560,1549,1548));
#6159=IFCINDEXEDPOLYGONALFACE((1715,1704,1703));
#6160=IFCINDEXEDPOLYGONALFACE((2012,2001,2000));
#6161=IFCINDEXEDPOLYGONALFACE((643,670,656));
#6162=IFCINDEXEDPOLYGONALFACE((800,822,809));
#6163=IFCINDEXEDPOLYGONALFACE((1533,1560,1546));
#6164=IFCINDEXEDPOLYGONALFACE((1688,1715,1701));
#6165=IFCINDEXEDPOLYGONALFACE((1985,2012,1998));
#6166=IFCINDEXEDPOLYGONALFACE((658,659,633));
#6167=IFCINDEXEDPOLYGONALFACE((811,812,788));
#6168=IFCINDEXEDPOLYGONALFACE((1548,1549,1523));
#6169=IFCINDEXEDPOLYGONALFACE((1703,1704,1678));
#6170=IFCINDEXEDPOLYGONALFACE((2000,2001,1975));
#6171=IFCINDEXEDPOLYGONALFACE((659,657,708,632));
#6172=IFCINDEXEDPOLYGONALFACE((812,810,852,787));
#6173=IFCINDEXEDPOLYGONALFACE((1549,1547,1598,1522));
#6174=IFCINDEXEDPOLYGONALFACE((1704,1702,1753,1677));
#6175=IFCINDEXEDPOLYGONALFACE((2001,1999,2050,1974));
#6176=IFCINDEXEDPOLYGONALFACE((671,662,661));
#6177=IFCINDEXEDPOLYGONALFACE((823,815,814));
#6178=IFCINDEXEDPOLYGONALFACE((1561,1552,1551));
#6179=IFCINDEXEDPOLYGONALFACE((1716,1707,1706));
#6180=IFCINDEXEDPOLYGONALFACE((2013,2004,2003));
#6181=IFCINDEXEDPOLYGONALFACE((632,671,659));
#6182=IFCINDEXEDPOLYGONALFACE((787,823,812));
#6183=IFCINDEXEDPOLYGONALFACE((1522,1561,1549));
#6184=IFCINDEXEDPOLYGONALFACE((1677,1716,1704));
#6185=IFCINDEXEDPOLYGONALFACE((1974,2013,2001));
#6186=IFCINDEXEDPOLYGONALFACE((661,662,634));
#6187=IFCINDEXEDPOLYGONALFACE((814,815,789));
#6188=IFCINDEXEDPOLYGONALFACE((1551,1552,1524));
#6189=IFCINDEXEDPOLYGONALFACE((1706,1707,1679));
#6190=IFCINDEXEDPOLYGONALFACE((2003,2004,1976));
#6191=IFCINDEXEDPOLYGONALFACE((662,660,714,635));
#6192=IFCINDEXEDPOLYGONALFACE((815,813,857,790));
#6193=IFCINDEXEDPOLYGONALFACE((1552,1550,1604,1525));
#6194=IFCINDEXEDPOLYGONALFACE((1707,1705,1759,1680));
#6195=IFCINDEXEDPOLYGONALFACE((2004,2002,2056,1977));
#6196=IFCINDEXEDPOLYGONALFACE((673,665,664));
#6197=IFCINDEXEDPOLYGONALFACE((828,818,817));
#6198=IFCINDEXEDPOLYGONALFACE((1563,1555,1554));
#6199=IFCINDEXEDPOLYGONALFACE((1718,1710,1709));
#6200=IFCINDEXEDPOLYGONALFACE((2015,2007,2006));
#6201=IFCINDEXEDPOLYGONALFACE((635,673,662));
#6202=IFCINDEXEDPOLYGONALFACE((790,828,815));
#6203=IFCINDEXEDPOLYGONALFACE((1525,1563,1552));
#6204=IFCINDEXEDPOLYGONALFACE((1680,1718,1707));
#6205=IFCINDEXEDPOLYGONALFACE((1977,2015,2004));
#6206=IFCINDEXEDPOLYGONALFACE((664,665,613));
#6207=IFCINDEXEDPOLYGONALFACE((817,818,768));
#6208=IFCINDEXEDPOLYGONALFACE((1554,1555,1503));
#6209=IFCINDEXEDPOLYGONALFACE((1709,1710,1658));
#6210=IFCINDEXEDPOLYGONALFACE((2006,2007,1955));
#6211=IFCINDEXEDPOLYGONALFACE((612,665,663));
#6212=IFCINDEXEDPOLYGONALFACE((767,818,816));
#6213=IFCINDEXEDPOLYGONALFACE((1502,1555,1553));
#6214=IFCINDEXEDPOLYGONALFACE((1657,1710,1708));
#6215=IFCINDEXEDPOLYGONALFACE((1954,2007,2005));
#6216=IFCINDEXEDPOLYGONALFACE((696,668,666));
#6217=IFCINDEXEDPOLYGONALFACE((1586,1558,1556));
#6218=IFCINDEXEDPOLYGONALFACE((1741,1713,1711));
#6219=IFCINDEXEDPOLYGONALFACE((2038,2010,2008));
#6220=IFCINDEXEDPOLYGONALFACE((612,668,665));
#6221=IFCINDEXEDPOLYGONALFACE((1502,1558,1555));
#6222=IFCINDEXEDPOLYGONALFACE((1657,1713,1710));
#6223=IFCINDEXEDPOLYGONALFACE((1954,2010,2007));
#6224=IFCINDEXEDPOLYGONALFACE((668,667,613));
#6225=IFCINDEXEDPOLYGONALFACE((1558,1557,1503));
#6226=IFCINDEXEDPOLYGONALFACE((1713,1712,1658));
#6227=IFCINDEXEDPOLYGONALFACE((2010,2009,1955));
#6228=IFCINDEXEDPOLYGONALFACE((667,696,627));
#6229=IFCINDEXEDPOLYGONALFACE((1557,1586,1517));
#6230=IFCINDEXEDPOLYGONALFACE((1712,1741,1672));
#6231=IFCINDEXEDPOLYGONALFACE((2009,2038,1969));
#6232=IFCINDEXEDPOLYGONALFACE((669,654,744,615));
#6233=IFCINDEXEDPOLYGONALFACE((821,808,890,778));
#6234=IFCINDEXEDPOLYGONALFACE((1559,1544,1634,1505));
#6235=IFCINDEXEDPOLYGONALFACE((1714,1699,1789,1660));
#6236=IFCINDEXEDPOLYGONALFACE((2011,1996,2086,1957));
#6237=IFCINDEXEDPOLYGONALFACE((654,669,698));
#6238=IFCINDEXEDPOLYGONALFACE((808,821,845));
#6239=IFCINDEXEDPOLYGONALFACE((1544,1559,1588));
#6240=IFCINDEXEDPOLYGONALFACE((1699,1714,1743));
#6241=IFCINDEXEDPOLYGONALFACE((1996,2011,2040));
#6242=IFCINDEXEDPOLYGONALFACE((659,670,657));
#6243=IFCINDEXEDPOLYGONALFACE((812,822,810));
#6244=IFCINDEXEDPOLYGONALFACE((1549,1560,1547));
#6245=IFCINDEXEDPOLYGONALFACE((1704,1715,1702));
#6246=IFCINDEXEDPOLYGONALFACE((2001,2012,1999));
#6247=IFCINDEXEDPOLYGONALFACE((656,670,642));
#6248=IFCINDEXEDPOLYGONALFACE((809,822,799));
#6249=IFCINDEXEDPOLYGONALFACE((1546,1560,1532));
#6250=IFCINDEXEDPOLYGONALFACE((1701,1715,1687));
#6251=IFCINDEXEDPOLYGONALFACE((1998,2012,1984));
#6252=IFCINDEXEDPOLYGONALFACE((662,671,660));
#6253=IFCINDEXEDPOLYGONALFACE((815,823,813));
#6254=IFCINDEXEDPOLYGONALFACE((1552,1561,1550));
#6255=IFCINDEXEDPOLYGONALFACE((1707,1716,1705));
#6256=IFCINDEXEDPOLYGONALFACE((2004,2013,2002));
#6257=IFCINDEXEDPOLYGONALFACE((659,671,633));
#6258=IFCINDEXEDPOLYGONALFACE((812,823,788));
#6259=IFCINDEXEDPOLYGONALFACE((1549,1561,1523));
#6260=IFCINDEXEDPOLYGONALFACE((1704,1716,1678));
#6261=IFCINDEXEDPOLYGONALFACE((2001,2013,1975));
#6262=IFCINDEXEDPOLYGONALFACE((699,698,619));
#6263=IFCINDEXEDPOLYGONALFACE((846,845,782));
#6264=IFCINDEXEDPOLYGONALFACE((1589,1588,1509));
#6265=IFCINDEXEDPOLYGONALFACE((1744,1743,1664));
#6266=IFCINDEXEDPOLYGONALFACE((2041,2040,1961));
#6267=IFCINDEXEDPOLYGONALFACE((672,649,616));
#6268=IFCINDEXEDPOLYGONALFACE((827,803,779));
#6269=IFCINDEXEDPOLYGONALFACE((1562,1539,1506));
#6270=IFCINDEXEDPOLYGONALFACE((1717,1694,1661));
#6271=IFCINDEXEDPOLYGONALFACE((2014,1991,1958));
#6272=IFCINDEXEDPOLYGONALFACE((665,673,663));
#6273=IFCINDEXEDPOLYGONALFACE((818,828,816));
#6274=IFCINDEXEDPOLYGONALFACE((1555,1563,1553));
#6275=IFCINDEXEDPOLYGONALFACE((1710,1718,1708));
#6276=IFCINDEXEDPOLYGONALFACE((2007,2015,2005));
#6277=IFCINDEXEDPOLYGONALFACE((662,673,634));
#6278=IFCINDEXEDPOLYGONALFACE((815,828,789));
#6279=IFCINDEXEDPOLYGONALFACE((1552,1563,1524));
#6280=IFCINDEXEDPOLYGONALFACE((1707,1718,1679));
#6281=IFCINDEXEDPOLYGONALFACE((2004,2015,1976));
#6282=IFCINDEXEDPOLYGONALFACE((674,617,672));
#6283=IFCINDEXEDPOLYGONALFACE((830,780,827));
#6284=IFCINDEXEDPOLYGONALFACE((1564,1507,1562));
#6285=IFCINDEXEDPOLYGONALFACE((1719,1662,1717));
#6286=IFCINDEXEDPOLYGONALFACE((2016,1959,2014));
#6287=IFCINDEXEDPOLYGONALFACE((637,675,1));
#6288=IFCINDEXEDPOLYGONALFACE((792,834,6));
#6289=IFCINDEXEDPOLYGONALFACE((1527,1565,110));
#6290=IFCINDEXEDPOLYGONALFACE((1682,1720,63));
#6291=IFCINDEXEDPOLYGONALFACE((1979,2017,64));
#6292=IFCINDEXEDPOLYGONALFACE((3,2,675));
#6293=IFCINDEXEDPOLYGONALFACE((49,48,834));
#6294=IFCINDEXEDPOLYGONALFACE((157,156,1565));
#6295=IFCINDEXEDPOLYGONALFACE((112,111,1720));
#6296=IFCINDEXEDPOLYGONALFACE((66,65,2017));
#6297=IFCINDEXEDPOLYGONALFACE((640,701,641));
#6298=IFCINDEXEDPOLYGONALFACE((1530,1591,1531));
#6299=IFCINDEXEDPOLYGONALFACE((1685,1746,1686));
#6300=IFCINDEXEDPOLYGONALFACE((1982,2043,1983));
#6301=IFCINDEXEDPOLYGONALFACE((680,629,704,679));
#6302=IFCINDEXEDPOLYGONALFACE((1570,1519,1594,1569));
#6303=IFCINDEXEDPOLYGONALFACE((1725,1674,1749,1724));
#6304=IFCINDEXEDPOLYGONALFACE((2022,1971,2046,2021));
#6305=IFCINDEXEDPOLYGONALFACE((678,646,625));
#6306=IFCINDEXEDPOLYGONALFACE((1568,1536,1515));
#6307=IFCINDEXEDPOLYGONALFACE((1723,1691,1670));
#6308=IFCINDEXEDPOLYGONALFACE((2020,1988,1967));
#6309=IFCINDEXEDPOLYGONALFACE((678,679,725,628));
#6310=IFCINDEXEDPOLYGONALFACE((1568,1569,1615,1518));
#6311=IFCINDEXEDPOLYGONALFACE((1723,1724,1770,1673));
#6312=IFCINDEXEDPOLYGONALFACE((2020,2021,2067,1970));
#6313=IFCINDEXEDPOLYGONALFACE((681,682,625));
#6314=IFCINDEXEDPOLYGONALFACE((1571,1572,1515));
#6315=IFCINDEXEDPOLYGONALFACE((1726,1727,1670));
#6316=IFCINDEXEDPOLYGONALFACE((2023,2024,1967));
#6317=IFCINDEXEDPOLYGONALFACE((625,680,678));
#6318=IFCINDEXEDPOLYGONALFACE((1515,1570,1568));
#6319=IFCINDEXEDPOLYGONALFACE((1670,1725,1723));
#6320=IFCINDEXEDPOLYGONALFACE((1967,2022,2020));
#6321=IFCINDEXEDPOLYGONALFACE((622,684,683));
#6322=IFCINDEXEDPOLYGONALFACE((1512,1574,1573));
#6323=IFCINDEXEDPOLYGONALFACE((1667,1729,1728));
#6324=IFCINDEXEDPOLYGONALFACE((1964,2026,2025));
#6325=IFCINDEXEDPOLYGONALFACE((680,625,682));
#6326=IFCINDEXEDPOLYGONALFACE((1570,1515,1572));
#6327=IFCINDEXEDPOLYGONALFACE((1725,1670,1727));
#6328=IFCINDEXEDPOLYGONALFACE((2022,1967,2024));
#6329=IFCINDEXEDPOLYGONALFACE((682,683,684));
#6330=IFCINDEXEDPOLYGONALFACE((1572,1573,1574));
#6331=IFCINDEXEDPOLYGONALFACE((1727,1728,1729));
#6332=IFCINDEXEDPOLYGONALFACE((2024,2025,2026));
#6333=IFCINDEXEDPOLYGONALFACE((688,687,686));
#6334=IFCINDEXEDPOLYGONALFACE((1578,1577,1576));
#6335=IFCINDEXEDPOLYGONALFACE((1733,1732,1731));
#6336=IFCINDEXEDPOLYGONALFACE((2030,2029,2028));
#6337=IFCINDEXEDPOLYGONALFACE((683,681,626));
#6338=IFCINDEXEDPOLYGONALFACE((1573,1571,1516));
#6339=IFCINDEXEDPOLYGONALFACE((1728,1726,1671));
#6340=IFCINDEXEDPOLYGONALFACE((2025,2023,1968));
#6341=IFCINDEXEDPOLYGONALFACE((682,684,739,629));
#6342=IFCINDEXEDPOLYGONALFACE((1572,1574,1629,1519));
#6343=IFCINDEXEDPOLYGONALFACE((1727,1729,1784,1674));
#6344=IFCINDEXEDPOLYGONALFACE((2024,2026,2081,1971));
#6345=IFCINDEXEDPOLYGONALFACE((689,687,685));
#6346=IFCINDEXEDPOLYGONALFACE((1579,1577,1575));
#6347=IFCINDEXEDPOLYGONALFACE((1734,1732,1730));
#6348=IFCINDEXEDPOLYGONALFACE((2031,2029,2027));
#6349=IFCINDEXEDPOLYGONALFACE((652,687,688));
#6350=IFCINDEXEDPOLYGONALFACE((1542,1577,1578));
#6351=IFCINDEXEDPOLYGONALFACE((1697,1732,1733));
#6352=IFCINDEXEDPOLYGONALFACE((1994,2029,2030));
#6353=IFCINDEXEDPOLYGONALFACE((689,626,687));
#6354=IFCINDEXEDPOLYGONALFACE((1579,1516,1577));
#6355=IFCINDEXEDPOLYGONALFACE((1734,1671,1732));
#6356=IFCINDEXEDPOLYGONALFACE((2031,1968,2029));
#6357=IFCINDEXEDPOLYGONALFACE((686,687,626));
#6358=IFCINDEXEDPOLYGONALFACE((1576,1577,1516));
#6359=IFCINDEXEDPOLYGONALFACE((1731,1732,1671));
#6360=IFCINDEXEDPOLYGONALFACE((2028,2029,1968));
#6361=IFCINDEXEDPOLYGONALFACE((690,652,688));
#6362=IFCINDEXEDPOLYGONALFACE((1580,1542,1578));
#6363=IFCINDEXEDPOLYGONALFACE((1735,1697,1733));
#6364=IFCINDEXEDPOLYGONALFACE((2032,1994,2030));
#6365=IFCINDEXEDPOLYGONALFACE((621,688,686));
#6366=IFCINDEXEDPOLYGONALFACE((1511,1578,1576));
#6367=IFCINDEXEDPOLYGONALFACE((1666,1733,1731));
#6368=IFCINDEXEDPOLYGONALFACE((1963,2030,2028));
#6369=IFCINDEXEDPOLYGONALFACE((689,683,626));
#6370=IFCINDEXEDPOLYGONALFACE((1579,1573,1516));
#6371=IFCINDEXEDPOLYGONALFACE((1734,1728,1671));
#6372=IFCINDEXEDPOLYGONALFACE((2031,2025,1968));
#6373=IFCINDEXEDPOLYGONALFACE((683,689,622));
#6374=IFCINDEXEDPOLYGONALFACE((1573,1579,1512));
#6375=IFCINDEXEDPOLYGONALFACE((1728,1734,1667));
#6376=IFCINDEXEDPOLYGONALFACE((2025,2031,1964));
#6377=IFCINDEXEDPOLYGONALFACE((688,691,690));
#6378=IFCINDEXEDPOLYGONALFACE((1578,1581,1580));
#6379=IFCINDEXEDPOLYGONALFACE((1733,1736,1735));
#6380=IFCINDEXEDPOLYGONALFACE((2030,2033,2032));
#6381=IFCINDEXEDPOLYGONALFACE((623,690,691));
#6382=IFCINDEXEDPOLYGONALFACE((1513,1580,1581));
#6383=IFCINDEXEDPOLYGONALFACE((1668,1735,1736));
#6384=IFCINDEXEDPOLYGONALFACE((1965,2032,2033));
#6385=IFCINDEXEDPOLYGONALFACE((694,693,695));
#6386=IFCINDEXEDPOLYGONALFACE((1584,1583,1585));
#6387=IFCINDEXEDPOLYGONALFACE((1739,1738,1740));
#6388=IFCINDEXEDPOLYGONALFACE((2036,2035,2037));
#6389=IFCINDEXEDPOLYGONALFACE((624,693,694));
#6390=IFCINDEXEDPOLYGONALFACE((1514,1583,1584));
#6391=IFCINDEXEDPOLYGONALFACE((1669,1738,1739));
#6392=IFCINDEXEDPOLYGONALFACE((1966,2035,2036));
#6393=IFCINDEXEDPOLYGONALFACE((694,695,627));
#6394=IFCINDEXEDPOLYGONALFACE((1584,1585,1517));
#6395=IFCINDEXEDPOLYGONALFACE((1739,1740,1672));
#6396=IFCINDEXEDPOLYGONALFACE((2036,2037,1969));
#6397=IFCINDEXEDPOLYGONALFACE((696,624,694));
#6398=IFCINDEXEDPOLYGONALFACE((1586,1514,1584));
#6399=IFCINDEXEDPOLYGONALFACE((1741,1669,1739));
#6400=IFCINDEXEDPOLYGONALFACE((2038,1966,2036));
#6401=IFCINDEXEDPOLYGONALFACE((692,627,695));
#6402=IFCINDEXEDPOLYGONALFACE((1582,1517,1585));
#6403=IFCINDEXEDPOLYGONALFACE((1737,1672,1740));
#6404=IFCINDEXEDPOLYGONALFACE((2034,1969,2037));
#6405=IFCINDEXEDPOLYGONALFACE((695,691,692));
#6406=IFCINDEXEDPOLYGONALFACE((1585,1581,1582));
#6407=IFCINDEXEDPOLYGONALFACE((1740,1736,1737));
#6408=IFCINDEXEDPOLYGONALFACE((2037,2033,2034));
#6409=IFCINDEXEDPOLYGONALFACE((691,695,623));
#6410=IFCINDEXEDPOLYGONALFACE((1581,1585,1513));
#6411=IFCINDEXEDPOLYGONALFACE((1736,1740,1668));
#6412=IFCINDEXEDPOLYGONALFACE((2033,2037,1965));
#6413=IFCINDEXEDPOLYGONALFACE((624,696,666));
#6414=IFCINDEXEDPOLYGONALFACE((1514,1586,1556));
#6415=IFCINDEXEDPOLYGONALFACE((1669,1741,1711));
#6416=IFCINDEXEDPOLYGONALFACE((1966,2038,2008));
#6417=IFCINDEXEDPOLYGONALFACE((668,696,667));
#6418=IFCINDEXEDPOLYGONALFACE((1558,1586,1557));
#6419=IFCINDEXEDPOLYGONALFACE((1713,1741,1712));
#6420=IFCINDEXEDPOLYGONALFACE((2010,2038,2009));
#6421=IFCINDEXEDPOLYGONALFACE((651,697,618));
#6422=IFCINDEXEDPOLYGONALFACE((805,844,781));
#6423=IFCINDEXEDPOLYGONALFACE((1541,1587,1508));
#6424=IFCINDEXEDPOLYGONALFACE((1696,1742,1663));
#6425=IFCINDEXEDPOLYGONALFACE((1993,2039,1960));
#6426=IFCINDEXEDPOLYGONALFACE((639,697,620));
#6427=IFCINDEXEDPOLYGONALFACE((794,844,783));
#6428=IFCINDEXEDPOLYGONALFACE((1529,1587,1510));
#6429=IFCINDEXEDPOLYGONALFACE((1684,1742,1665));
#6430=IFCINDEXEDPOLYGONALFACE((1981,2039,1962));
#6431=IFCINDEXEDPOLYGONALFACE((654,698,616));
#6432=IFCINDEXEDPOLYGONALFACE((808,845,779));
#6433=IFCINDEXEDPOLYGONALFACE((1544,1588,1506));
#6434=IFCINDEXEDPOLYGONALFACE((1699,1743,1661));
#6435=IFCINDEXEDPOLYGONALFACE((1996,2040,1958));
#6436=IFCINDEXEDPOLYGONALFACE((619,698,655));
#6437=IFCINDEXEDPOLYGONALFACE((782,845,807));
#6438=IFCINDEXEDPOLYGONALFACE((1509,1588,1545));
#6439=IFCINDEXEDPOLYGONALFACE((1664,1743,1700));
#6440=IFCINDEXEDPOLYGONALFACE((1961,2040,1997));
#6441=IFCINDEXEDPOLYGONALFACE((674,699,619));
#6442=IFCINDEXEDPOLYGONALFACE((830,846,782));
#6443=IFCINDEXEDPOLYGONALFACE((1564,1589,1509));
#6444=IFCINDEXEDPOLYGONALFACE((1719,1744,1664));
#6445=IFCINDEXEDPOLYGONALFACE((2016,2041,1961));
#6446=IFCINDEXEDPOLYGONALFACE((698,699,616));
#6447=IFCINDEXEDPOLYGONALFACE((845,846,779));
#6448=IFCINDEXEDPOLYGONALFACE((1588,1589,1506));
#6449=IFCINDEXEDPOLYGONALFACE((1743,1744,1661));
#6450=IFCINDEXEDPOLYGONALFACE((2040,2041,1958));
#6451=IFCINDEXEDPOLYGONALFACE((647,700,630));
#6452=IFCINDEXEDPOLYGONALFACE((1537,1590,1520));
#6453=IFCINDEXEDPOLYGONALFACE((1692,1745,1675));
#6454=IFCINDEXEDPOLYGONALFACE((1989,2042,1972));
#6455=IFCINDEXEDPOLYGONALFACE((641,700,631));
#6456=IFCINDEXEDPOLYGONALFACE((1531,1590,1521));
#6457=IFCINDEXEDPOLYGONALFACE((1686,1745,1676));
#6458=IFCINDEXEDPOLYGONALFACE((1983,2042,1973));
#6459=IFCINDEXEDPOLYGONALFACE((449,701,677));
#6460=IFCINDEXEDPOLYGONALFACE((452,1591,1567));
#6461=IFCINDEXEDPOLYGONALFACE((455,1746,1722));
#6462=IFCINDEXEDPOLYGONALFACE((458,2043,2019));
#6463=IFCINDEXEDPOLYGONALFACE((641,701,636));
#6464=IFCINDEXEDPOLYGONALFACE((1531,1591,1526));
#6465=IFCINDEXEDPOLYGONALFACE((1686,1746,1681));
#6466=IFCINDEXEDPOLYGONALFACE((1983,2043,1978));
#6467=IFCINDEXEDPOLYGONALFACE((622,737,740));
#6468=IFCINDEXEDPOLYGONALFACE((1512,1627,1630));
#6469=IFCINDEXEDPOLYGONALFACE((1667,1782,1785));
#6470=IFCINDEXEDPOLYGONALFACE((1964,2079,2082));
#6471=IFCINDEXEDPOLYGONALFACE((702,723,726));
#6472=IFCINDEXEDPOLYGONALFACE((1592,1613,1616));
#6473=IFCINDEXEDPOLYGONALFACE((1747,1768,1771));
#6474=IFCINDEXEDPOLYGONALFACE((2044,2065,2068));
#6475=IFCINDEXEDPOLYGONALFACE((451,450,677,640,631,718,645,628,725,679,704,760,761,759,762));
#6476=IFCINDEXEDPOLYGONALFACE((870,791,784));
#6477=IFCINDEXEDPOLYGONALFACE((447,874,448));
#6478=IFCINDEXEDPOLYGONALFACE((454,453,1567,1530,1521,1608,1535,1518,1615,1569,1594,1650,1651,1649,1652));
#6479=IFCINDEXEDPOLYGONALFACE((457,456,1722,1685,1676,1763,1690,1673,1770,1724,1749,1805,1806,1804,1807));
#6480=IFCINDEXEDPOLYGONALFACE((460,459,2019,1982,1973,2060,1987,1970,2067,2021,2046,2102,2103,2101,2104));
#6481=IFCINDEXEDPOLYGONALFACE((762,759,761,760,705,724,717,721,407,451));
#6482=IFCINDEXEDPOLYGONALFACE((870,866,869));
#6483=IFCINDEXEDPOLYGONALFACE((875,408,448));
#6484=IFCINDEXEDPOLYGONALFACE((1652,1649,1651,1650,1595,1614,1607,1611,405,454));
#6485=IFCINDEXEDPOLYGONALFACE((1807,1804,1806,1805,1750,1769,1762,1766,403,457));
#6486=IFCINDEXEDPOLYGONALFACE((2104,2101,2103,2102,2047,2066,2059,2063,399,460));
#6487=IFCINDEXEDPOLYGONALFACE((751,754,714));
#6488=IFCINDEXEDPOLYGONALFACE((1641,1644,1604));
#6489=IFCINDEXEDPOLYGONALFACE((1796,1799,1759));
#6490=IFCINDEXEDPOLYGONALFACE((2093,2096,2056));
#6491=IFCINDEXEDPOLYGONALFACE((743,747,712));
#6492=IFCINDEXEDPOLYGONALFACE((888,892,856));
#6493=IFCINDEXEDPOLYGONALFACE((1633,1637,1602));
#6494=IFCINDEXEDPOLYGONALFACE((1788,1792,1757));
#6495=IFCINDEXEDPOLYGONALFACE((2085,2089,2054));
#6496=IFCINDEXEDPOLYGONALFACE((731,733,693));
#6497=IFCINDEXEDPOLYGONALFACE((1621,1623,1583));
#6498=IFCINDEXEDPOLYGONALFACE((1776,1778,1738));
#6499=IFCINDEXEDPOLYGONALFACE((2073,2075,2035));
#6500=IFCINDEXEDPOLYGONALFACE((685,736,737));
#6501=IFCINDEXEDPOLYGONALFACE((1575,1626,1627));
#6502=IFCINDEXEDPOLYGONALFACE((1730,1781,1782));
#6503=IFCINDEXEDPOLYGONALFACE((2027,2078,2079));
#6504=IFCINDEXEDPOLYGONALFACE((734,732,703));
#6505=IFCINDEXEDPOLYGONALFACE((1624,1622,1593));
#6506=IFCINDEXEDPOLYGONALFACE((1779,1777,1748));
#6507=IFCINDEXEDPOLYGONALFACE((2076,2074,2045));
#6508=IFCINDEXEDPOLYGONALFACE((752,748,753));
#6509=IFCINDEXEDPOLYGONALFACE((897,893,898));
#6510=IFCINDEXEDPOLYGONALFACE((1642,1638,1643));
#6511=IFCINDEXEDPOLYGONALFACE((1797,1793,1798));
#6512=IFCINDEXEDPOLYGONALFACE((2094,2090,2095));
#6513=IFCINDEXEDPOLYGONALFACE((706,740,737));
#6514=IFCINDEXEDPOLYGONALFACE((1596,1630,1627));
#6515=IFCINDEXEDPOLYGONALFACE((1751,1785,1782));
#6516=IFCINDEXEDPOLYGONALFACE((2048,2082,2079));
#6517=IFCINDEXEDPOLYGONALFACE((736,735,707));
#6518=IFCINDEXEDPOLYGONALFACE((1626,1625,1597));
#6519=IFCINDEXEDPOLYGONALFACE((1781,1780,1752));
#6520=IFCINDEXEDPOLYGONALFACE((2078,2077,2049));
#6521=IFCINDEXEDPOLYGONALFACE((734,703,735));
#6522=IFCINDEXEDPOLYGONALFACE((1624,1593,1625));
#6523=IFCINDEXEDPOLYGONALFACE((2076,2045,2077));
#6524=IFCINDEXEDPOLYGONALFACE((746,712,615,744));
#6525=IFCINDEXEDPOLYGONALFACE((891,856,778,890));
#6526=IFCINDEXEDPOLYGONALFACE((1636,1602,1505,1634));
#6527=IFCINDEXEDPOLYGONALFACE((1791,1757,1660,1789));
#6528=IFCINDEXEDPOLYGONALFACE((2088,2054,1957,2086));
#6529=IFCINDEXEDPOLYGONALFACE((710,756,758));
#6530=IFCINDEXEDPOLYGONALFACE((854,911,913));
#6531=IFCINDEXEDPOLYGONALFACE((1600,1646,1648));
#6532=IFCINDEXEDPOLYGONALFACE((1755,1801,1803));
#6533=IFCINDEXEDPOLYGONALFACE((2052,2098,2100));
#6534=IFCINDEXEDPOLYGONALFACE((758,757,710));
#6535=IFCINDEXEDPOLYGONALFACE((913,912,854));
#6536=IFCINDEXEDPOLYGONALFACE((1648,1647,1600));
#6537=IFCINDEXEDPOLYGONALFACE((1803,1802,1755));
#6538=IFCINDEXEDPOLYGONALFACE((2100,2099,2052));
#6539=IFCINDEXEDPOLYGONALFACE((159,766,1));
#6540=IFCINDEXEDPOLYGONALFACE((114,1656,110));
#6541=IFCINDEXEDPOLYGONALFACE((68,1811,63));
#6542=IFCINDEXEDPOLYGONALFACE((1472,2108,64));
#6543=IFCINDEXEDPOLYGONALFACE((728,702,729));
#6544=IFCINDEXEDPOLYGONALFACE((1618,1592,1619));
#6545=IFCINDEXEDPOLYGONALFACE((1773,1747,1774));
#6546=IFCINDEXEDPOLYGONALFACE((2070,2044,2071));
#6547=IFCINDEXEDPOLYGONALFACE((743,746,709));
#6548=IFCINDEXEDPOLYGONALFACE((891,853,888));
#6549=IFCINDEXEDPOLYGONALFACE((1633,1636,1599));
#6550=IFCINDEXEDPOLYGONALFACE((1788,1791,1754));
#6551=IFCINDEXEDPOLYGONALFACE((2085,2088,2051));
#6552=IFCINDEXEDPOLYGONALFACE((743,742,747));
#6553=IFCINDEXEDPOLYGONALFACE((888,887,892));
#6554=IFCINDEXEDPOLYGONALFACE((1633,1632,1637));
#6555=IFCINDEXEDPOLYGONALFACE((1788,1787,1792));
#6556=IFCINDEXEDPOLYGONALFACE((2085,2084,2089));
#6557=IFCINDEXEDPOLYGONALFACE((752,711,751));
#6558=IFCINDEXEDPOLYGONALFACE((897,855,896));
#6559=IFCINDEXEDPOLYGONALFACE((1642,1601,1641));
#6560=IFCINDEXEDPOLYGONALFACE((1797,1756,1796));
#6561=IFCINDEXEDPOLYGONALFACE((2094,2053,2093));
#6562=IFCINDEXEDPOLYGONALFACE((748,747,715));
#6563=IFCINDEXEDPOLYGONALFACE((893,892,860));
#6564=IFCINDEXEDPOLYGONALFACE((1638,1637,1605));
#6565=IFCINDEXEDPOLYGONALFACE((1793,1792,1760));
#6566=IFCINDEXEDPOLYGONALFACE((2090,2089,2057));
#6567=IFCINDEXEDPOLYGONALFACE((702,726,729));
#6568=IFCINDEXEDPOLYGONALFACE((1592,1616,1619));
#6569=IFCINDEXEDPOLYGONALFACE((1747,1771,1774));
#6570=IFCINDEXEDPOLYGONALFACE((2044,2068,2071));
#6571=IFCINDEXEDPOLYGONALFACE((766,159,158));
#6572=IFCINDEXEDPOLYGONALFACE((1656,114,113));
#6573=IFCINDEXEDPOLYGONALFACE((1811,68,67));
#6574=IFCINDEXEDPOLYGONALFACE((2108,1472,400));
#6575=IFCINDEXEDPOLYGONALFACE((766,637,1));
#6576=IFCINDEXEDPOLYGONALFACE((1656,1527,110));
#6577=IFCINDEXEDPOLYGONALFACE((1811,1682,63));
#6578=IFCINDEXEDPOLYGONALFACE((2108,1979,64));
#6579=IFCINDEXEDPOLYGONALFACE((649,618,763));
#6580=IFCINDEXEDPOLYGONALFACE((1539,1508,1653));
#6581=IFCINDEXEDPOLYGONALFACE((1694,1663,1808));
#6582=IFCINDEXEDPOLYGONALFACE((1991,1960,2105));
#6583=IFCINDEXEDPOLYGONALFACE((764,618,637));
#6584=IFCINDEXEDPOLYGONALFACE((1654,1508,1527));
#6585=IFCINDEXEDPOLYGONALFACE((1809,1663,1682));
#6586=IFCINDEXEDPOLYGONALFACE((2106,1960,1979));
#6587=IFCINDEXEDPOLYGONALFACE((763,618,764));
#6588=IFCINDEXEDPOLYGONALFACE((1653,1508,1654));
#6589=IFCINDEXEDPOLYGONALFACE((1808,1663,1809));
#6590=IFCINDEXEDPOLYGONALFACE((2105,1960,2106));
#6591=IFCINDEXEDPOLYGONALFACE((666,612,726));
#6592=IFCINDEXEDPOLYGONALFACE((1556,1502,1616));
#6593=IFCINDEXEDPOLYGONALFACE((1711,1657,1771));
#6594=IFCINDEXEDPOLYGONALFACE((2008,1954,2068));
#6595=IFCINDEXEDPOLYGONALFACE((731,730,722));
#6596=IFCINDEXEDPOLYGONALFACE((1621,1620,1612));
#6597=IFCINDEXEDPOLYGONALFACE((1776,1775,1767));
#6598=IFCINDEXEDPOLYGONALFACE((2073,2072,2064));
#6599=IFCINDEXEDPOLYGONALFACE((730,723,722));
#6600=IFCINDEXEDPOLYGONALFACE((1620,1613,1612));
#6601=IFCINDEXEDPOLYGONALFACE((1775,1768,1767));
#6602=IFCINDEXEDPOLYGONALFACE((2072,2065,2064));
#6603=IFCINDEXEDPOLYGONALFACE((730,666,726));
#6604=IFCINDEXEDPOLYGONALFACE((1620,1556,1616));
#6605=IFCINDEXEDPOLYGONALFACE((1775,1711,1771));
#6606=IFCINDEXEDPOLYGONALFACE((2072,2008,2068));
#6607=IFCINDEXEDPOLYGONALFACE((666,730,624));
#6608=IFCINDEXEDPOLYGONALFACE((1556,1620,1514));
#6609=IFCINDEXEDPOLYGONALFACE((1711,1775,1669));
#6610=IFCINDEXEDPOLYGONALFACE((2008,2072,1966));
#6611=IFCINDEXEDPOLYGONALFACE((754,716,755));
#6612=IFCINDEXEDPOLYGONALFACE((1644,1606,1645));
#6613=IFCINDEXEDPOLYGONALFACE((1799,1761,1800));
#6614=IFCINDEXEDPOLYGONALFACE((2096,2058,2097));
#6615=IFCINDEXEDPOLYGONALFACE((727,755,729));
#6616=IFCINDEXEDPOLYGONALFACE((1617,1645,1619));
#6617=IFCINDEXEDPOLYGONALFACE((1772,1800,1774));
#6618=IFCINDEXEDPOLYGONALFACE((2069,2097,2071));
#6619=IFCINDEXEDPOLYGONALFACE((726,612,729));
#6620=IFCINDEXEDPOLYGONALFACE((1616,1502,1619));
#6621=IFCINDEXEDPOLYGONALFACE((1771,1657,1774));
#6622=IFCINDEXEDPOLYGONALFACE((2068,1954,2071));
#6623=IFCINDEXEDPOLYGONALFACE((716,728,755));
#6624=IFCINDEXEDPOLYGONALFACE((1606,1618,1645));
#6625=IFCINDEXEDPOLYGONALFACE((1761,1773,1800));
#6626=IFCINDEXEDPOLYGONALFACE((2058,2070,2097));
#6627=IFCINDEXEDPOLYGONALFACE((729,612,663,727));
#6628=IFCINDEXEDPOLYGONALFACE((1619,1502,1553,1617));
#6629=IFCINDEXEDPOLYGONALFACE((1774,1657,1708,1772));
#6630=IFCINDEXEDPOLYGONALFACE((2071,1954,2005,2069));
#6631=IFCINDEXEDPOLYGONALFACE((731,624,730));
#6632=IFCINDEXEDPOLYGONALFACE((1621,1514,1620));
#6633=IFCINDEXEDPOLYGONALFACE((1776,1669,1775));
#6634=IFCINDEXEDPOLYGONALFACE((2073,1966,2072));
#6635=IFCINDEXEDPOLYGONALFACE((723,730,726));
#6636=IFCINDEXEDPOLYGONALFACE((1613,1620,1616));
#6637=IFCINDEXEDPOLYGONALFACE((1768,1775,1771));
#6638=IFCINDEXEDPOLYGONALFACE((2065,2072,2068));
#6639=IFCINDEXEDPOLYGONALFACE((623,693,733));
#6640=IFCINDEXEDPOLYGONALFACE((1513,1583,1623));
#6641=IFCINDEXEDPOLYGONALFACE((1668,1738,1778));
#6642=IFCINDEXEDPOLYGONALFACE((1965,2035,2075));
#6643=IFCINDEXEDPOLYGONALFACE((693,624,731));
#6644=IFCINDEXEDPOLYGONALFACE((1583,1514,1621));
#6645=IFCINDEXEDPOLYGONALFACE((1738,1669,1776));
#6646=IFCINDEXEDPOLYGONALFACE((2035,1966,2073));
#6647=IFCINDEXEDPOLYGONALFACE((733,732,734));
#6648=IFCINDEXEDPOLYGONALFACE((1623,1622,1624));
#6649=IFCINDEXEDPOLYGONALFACE((1778,1777,1779));
#6650=IFCINDEXEDPOLYGONALFACE((2075,2074,2076));
#6651=IFCINDEXEDPOLYGONALFACE((733,731,722));
#6652=IFCINDEXEDPOLYGONALFACE((2075,2073,2064));
#6653=IFCINDEXEDPOLYGONALFACE((734,623,733));
#6654=IFCINDEXEDPOLYGONALFACE((1624,1513,1623));
#6655=IFCINDEXEDPOLYGONALFACE((1779,1668,1778));
#6656=IFCINDEXEDPOLYGONALFACE((2076,1965,2075));
#6657=IFCINDEXEDPOLYGONALFACE((722,732,733));
#6658=IFCINDEXEDPOLYGONALFACE((1612,1622,1623));
#6659=IFCINDEXEDPOLYGONALFACE((1767,1777,1778));
#6660=IFCINDEXEDPOLYGONALFACE((2064,2074,2075));
#6661=IFCINDEXEDPOLYGONALFACE((652,690,735));
#6662=IFCINDEXEDPOLYGONALFACE((1542,1580,1625));
#6663=IFCINDEXEDPOLYGONALFACE((1697,1735,1780));
#6664=IFCINDEXEDPOLYGONALFACE((1994,2032,2077));
#6665=IFCINDEXEDPOLYGONALFACE((707,735,703));
#6666=IFCINDEXEDPOLYGONALFACE((1597,1625,1593));
#6667=IFCINDEXEDPOLYGONALFACE((1752,1780,1748));
#6668=IFCINDEXEDPOLYGONALFACE((2049,2077,2045));
#6669=IFCINDEXEDPOLYGONALFACE((690,734,735));
#6670=IFCINDEXEDPOLYGONALFACE((1580,1624,1625));
#6671=IFCINDEXEDPOLYGONALFACE((1735,1779,1780));
#6672=IFCINDEXEDPOLYGONALFACE((2032,2076,2077));
#6673=IFCINDEXEDPOLYGONALFACE((652,735,736));
#6674=IFCINDEXEDPOLYGONALFACE((1542,1625,1626));
#6675=IFCINDEXEDPOLYGONALFACE((1697,1780,1781));
#6676=IFCINDEXEDPOLYGONALFACE((1994,2077,2078));
#6677=IFCINDEXEDPOLYGONALFACE((690,623,734));
#6678=IFCINDEXEDPOLYGONALFACE((1580,1513,1624));
#6679=IFCINDEXEDPOLYGONALFACE((1735,1668,1779));
#6680=IFCINDEXEDPOLYGONALFACE((2032,1965,2076));
#6681=IFCINDEXEDPOLYGONALFACE((737,622,685));
#6682=IFCINDEXEDPOLYGONALFACE((1627,1512,1575));
#6683=IFCINDEXEDPOLYGONALFACE((1782,1667,1730));
#6684=IFCINDEXEDPOLYGONALFACE((2079,1964,2027));
#6685=IFCINDEXEDPOLYGONALFACE((736,707,706));
#6686=IFCINDEXEDPOLYGONALFACE((1626,1597,1596));
#6687=IFCINDEXEDPOLYGONALFACE((1781,1752,1751));
#6688=IFCINDEXEDPOLYGONALFACE((2078,2049,2048));
#6689=IFCINDEXEDPOLYGONALFACE((685,652,736));
#6690=IFCINDEXEDPOLYGONALFACE((1575,1542,1626));
#6691=IFCINDEXEDPOLYGONALFACE((1730,1697,1781));
#6692=IFCINDEXEDPOLYGONALFACE((2027,1994,2078));
#6693=IFCINDEXEDPOLYGONALFACE((741,760,704));
#6694=IFCINDEXEDPOLYGONALFACE((1631,1650,1594));
#6695=IFCINDEXEDPOLYGONALFACE((1786,1805,1749));
#6696=IFCINDEXEDPOLYGONALFACE((2083,2102,2046));
#6697=IFCINDEXEDPOLYGONALFACE((706,737,736));
#6698=IFCINDEXEDPOLYGONALFACE((1596,1627,1626));
#6699=IFCINDEXEDPOLYGONALFACE((1751,1782,1781));
#6700=IFCINDEXEDPOLYGONALFACE((2048,2079,2078));
#6701=IFCINDEXEDPOLYGONALFACE((740,738,741));
#6702=IFCINDEXEDPOLYGONALFACE((1630,1628,1631));
#6703=IFCINDEXEDPOLYGONALFACE((1785,1783,1786));
#6704=IFCINDEXEDPOLYGONALFACE((2082,2080,2083));
#6705=IFCINDEXEDPOLYGONALFACE((706,738,740));
#6706=IFCINDEXEDPOLYGONALFACE((1596,1628,1630));
#6707=IFCINDEXEDPOLYGONALFACE((1751,1783,1785));
#6708=IFCINDEXEDPOLYGONALFACE((2048,2080,2082));
#6709=IFCINDEXEDPOLYGONALFACE((740,739,684,622));
#6710=IFCINDEXEDPOLYGONALFACE((1630,1629,1574,1512));
#6711=IFCINDEXEDPOLYGONALFACE((1785,1784,1729,1667));
#6712=IFCINDEXEDPOLYGONALFACE((2082,2081,2026,1964));
#6713=IFCINDEXEDPOLYGONALFACE((739,740,741));
#6714=IFCINDEXEDPOLYGONALFACE((1629,1630,1631));
#6715=IFCINDEXEDPOLYGONALFACE((1784,1785,1786));
#6716=IFCINDEXEDPOLYGONALFACE((2081,2082,2083));
#6717=IFCINDEXEDPOLYGONALFACE((741,704,629,739));
#6718=IFCINDEXEDPOLYGONALFACE((1631,1594,1519,1629));
#6719=IFCINDEXEDPOLYGONALFACE((1786,1749,1674,1784));
#6720=IFCINDEXEDPOLYGONALFACE((2083,2046,1971,2081));
#6721=IFCINDEXEDPOLYGONALFACE((741,738,705));
#6722=IFCINDEXEDPOLYGONALFACE((1631,1628,1595));
#6723=IFCINDEXEDPOLYGONALFACE((1786,1783,1750));
#6724=IFCINDEXEDPOLYGONALFACE((2083,2080,2047));
#6725=IFCINDEXEDPOLYGONALFACE((710,745,756));
#6726=IFCINDEXEDPOLYGONALFACE((1600,1635,1646));
#6727=IFCINDEXEDPOLYGONALFACE((1755,1790,1801));
#6728=IFCINDEXEDPOLYGONALFACE((2052,2087,2098));
#6729=IFCINDEXEDPOLYGONALFACE((742,743,709));
#6730=IFCINDEXEDPOLYGONALFACE((887,888,853));
#6731=IFCINDEXEDPOLYGONALFACE((1632,1633,1599));
#6732=IFCINDEXEDPOLYGONALFACE((1787,1788,1754));
#6733=IFCINDEXEDPOLYGONALFACE((2084,2085,2051));
#6734=IFCINDEXEDPOLYGONALFACE((747,713,644,712));
#6735=IFCINDEXEDPOLYGONALFACE((892,858,801,856));
#6736=IFCINDEXEDPOLYGONALFACE((1637,1603,1534,1602));
#6737=IFCINDEXEDPOLYGONALFACE((1792,1758,1689,1757));
#6738=IFCINDEXEDPOLYGONALFACE((2089,2055,1986,2054));
#6739=IFCINDEXEDPOLYGONALFACE((746,744,756));
#6740=IFCINDEXEDPOLYGONALFACE((891,890,911));
#6741=IFCINDEXEDPOLYGONALFACE((1636,1634,1646));
#6742=IFCINDEXEDPOLYGONALFACE((1791,1789,1801));
#6743=IFCINDEXEDPOLYGONALFACE((2088,2086,2098));
#6744=IFCINDEXEDPOLYGONALFACE((712,746,743));
#6745=IFCINDEXEDPOLYGONALFACE((888,856,891));
#6746=IFCINDEXEDPOLYGONALFACE((1602,1636,1633));
#6747=IFCINDEXEDPOLYGONALFACE((1757,1791,1788));
#6748=IFCINDEXEDPOLYGONALFACE((2054,2088,2085));
#6749=IFCINDEXEDPOLYGONALFACE((746,745,709));
#6750=IFCINDEXEDPOLYGONALFACE((891,889,853));
#6751=IFCINDEXEDPOLYGONALFACE((1636,1635,1599));
#6752=IFCINDEXEDPOLYGONALFACE((1791,1790,1754));
#6753=IFCINDEXEDPOLYGONALFACE((2088,2087,2051));
#6754=IFCINDEXEDPOLYGONALFACE((745,746,756));
#6755=IFCINDEXEDPOLYGONALFACE((889,891,911));
#6756=IFCINDEXEDPOLYGONALFACE((1635,1636,1646));
#6757=IFCINDEXEDPOLYGONALFACE((1790,1791,1801));
#6758=IFCINDEXEDPOLYGONALFACE((2087,2088,2098));
#6759=IFCINDEXEDPOLYGONALFACE((748,708,657,643,713));
#6760=IFCINDEXEDPOLYGONALFACE((893,852,810,800,858));
#6761=IFCINDEXEDPOLYGONALFACE((1638,1598,1547,1533,1603));
#6762=IFCINDEXEDPOLYGONALFACE((1793,1753,1702,1688,1758));
#6763=IFCINDEXEDPOLYGONALFACE((2090,2050,1999,1985,2055));
#6764=IFCINDEXEDPOLYGONALFACE((747,742,715));
#6765=IFCINDEXEDPOLYGONALFACE((892,887,860));
#6766=IFCINDEXEDPOLYGONALFACE((1637,1632,1605));
#6767=IFCINDEXEDPOLYGONALFACE((1792,1787,1760));
#6768=IFCINDEXEDPOLYGONALFACE((2089,2084,2057));
#6769=IFCINDEXEDPOLYGONALFACE((747,748,713));
#6770=IFCINDEXEDPOLYGONALFACE((892,893,858));
#6771=IFCINDEXEDPOLYGONALFACE((1637,1638,1603));
#6772=IFCINDEXEDPOLYGONALFACE((1792,1793,1758));
#6773=IFCINDEXEDPOLYGONALFACE((2089,2090,2055));
#6774=IFCINDEXEDPOLYGONALFACE((752,751,749));
#6775=IFCINDEXEDPOLYGONALFACE((897,896,894));
#6776=IFCINDEXEDPOLYGONALFACE((1642,1641,1639));
#6777=IFCINDEXEDPOLYGONALFACE((1797,1796,1794));
#6778=IFCINDEXEDPOLYGONALFACE((2094,2093,2091));
#6779=IFCINDEXEDPOLYGONALFACE((751,750,754));
#6780=IFCINDEXEDPOLYGONALFACE((896,895,899));
#6781=IFCINDEXEDPOLYGONALFACE((1641,1640,1644));
#6782=IFCINDEXEDPOLYGONALFACE((1796,1795,1799));
#6783=IFCINDEXEDPOLYGONALFACE((2093,2092,2096));
#6784=IFCINDEXEDPOLYGONALFACE((752,749,632,708));
#6785=IFCINDEXEDPOLYGONALFACE((897,894,787,852));
#6786=IFCINDEXEDPOLYGONALFACE((1642,1639,1522,1598));
#6787=IFCINDEXEDPOLYGONALFACE((1797,1794,1677,1753));
#6788=IFCINDEXEDPOLYGONALFACE((2094,2091,1974,2050));
#6789=IFCINDEXEDPOLYGONALFACE((750,751,711));
#6790=IFCINDEXEDPOLYGONALFACE((895,896,855));
#6791=IFCINDEXEDPOLYGONALFACE((1640,1641,1601));
#6792=IFCINDEXEDPOLYGONALFACE((1795,1796,1756));
#6793=IFCINDEXEDPOLYGONALFACE((2092,2093,2053));
#6794=IFCINDEXEDPOLYGONALFACE((751,714,660,749));
#6795=IFCINDEXEDPOLYGONALFACE((896,857,813,894));
#6796=IFCINDEXEDPOLYGONALFACE((1641,1604,1550,1639));
#6797=IFCINDEXEDPOLYGONALFACE((1796,1759,1705,1794));
#6798=IFCINDEXEDPOLYGONALFACE((2093,2056,2002,2091));
#6799=IFCINDEXEDPOLYGONALFACE((748,715,753));
#6800=IFCINDEXEDPOLYGONALFACE((893,860,898));
#6801=IFCINDEXEDPOLYGONALFACE((1638,1605,1643));
#6802=IFCINDEXEDPOLYGONALFACE((1793,1760,1798));
#6803=IFCINDEXEDPOLYGONALFACE((2090,2057,2095));
#6804=IFCINDEXEDPOLYGONALFACE((748,752,708));
#6805=IFCINDEXEDPOLYGONALFACE((893,897,852));
#6806=IFCINDEXEDPOLYGONALFACE((1638,1642,1598));
#6807=IFCINDEXEDPOLYGONALFACE((1793,1797,1753));
#6808=IFCINDEXEDPOLYGONALFACE((2090,2094,2050));
#6809=IFCINDEXEDPOLYGONALFACE((753,711,752));
#6810=IFCINDEXEDPOLYGONALFACE((898,855,897));
#6811=IFCINDEXEDPOLYGONALFACE((1643,1601,1642));
#6812=IFCINDEXEDPOLYGONALFACE((1798,1756,1797));
#6813=IFCINDEXEDPOLYGONALFACE((2095,2053,2094));
#6814=IFCINDEXEDPOLYGONALFACE((755,727,635,714));
#6815=IFCINDEXEDPOLYGONALFACE((1645,1617,1525,1604));
#6816=IFCINDEXEDPOLYGONALFACE((1800,1772,1680,1759));
#6817=IFCINDEXEDPOLYGONALFACE((2097,2069,1977,2056));
#6818=IFCINDEXEDPOLYGONALFACE((754,750,716));
#6819=IFCINDEXEDPOLYGONALFACE((899,895,859));
#6820=IFCINDEXEDPOLYGONALFACE((1644,1640,1606));
#6821=IFCINDEXEDPOLYGONALFACE((1799,1795,1761));
#6822=IFCINDEXEDPOLYGONALFACE((2096,2092,2058));
#6823=IFCINDEXEDPOLYGONALFACE((714,754,755));
#6824=IFCINDEXEDPOLYGONALFACE((1604,1644,1645));
#6825=IFCINDEXEDPOLYGONALFACE((1759,1799,1800));
#6826=IFCINDEXEDPOLYGONALFACE((2056,2096,2097));
#6827=IFCINDEXEDPOLYGONALFACE((729,755,728));
#6828=IFCINDEXEDPOLYGONALFACE((1619,1645,1618));
#6829=IFCINDEXEDPOLYGONALFACE((1774,1800,1773));
#6830=IFCINDEXEDPOLYGONALFACE((2071,2097,2070));
#6831=IFCINDEXEDPOLYGONALFACE((758,616,765));
#6832=IFCINDEXEDPOLYGONALFACE((1648,1506,1655));
#6833=IFCINDEXEDPOLYGONALFACE((1803,1661,1810));
#6834=IFCINDEXEDPOLYGONALFACE((2100,1958,2107));
#6835=IFCINDEXEDPOLYGONALFACE((756,744,654,616));
#6836=IFCINDEXEDPOLYGONALFACE((911,890,808,779));
#6837=IFCINDEXEDPOLYGONALFACE((1646,1634,1544,1506));
#6838=IFCINDEXEDPOLYGONALFACE((1801,1789,1699,1661));
#6839=IFCINDEXEDPOLYGONALFACE((2098,2086,1996,1958));
#6840=IFCINDEXEDPOLYGONALFACE((763,719,757));
#6841=IFCINDEXEDPOLYGONALFACE((1653,1609,1647));
#6842=IFCINDEXEDPOLYGONALFACE((1808,1764,1802));
#6843=IFCINDEXEDPOLYGONALFACE((2105,2061,2099));
#6844=IFCINDEXEDPOLYGONALFACE((616,758,756));
#6845=IFCINDEXEDPOLYGONALFACE((779,913,911));
#6846=IFCINDEXEDPOLYGONALFACE((1506,1648,1646));
#6847=IFCINDEXEDPOLYGONALFACE((1661,1803,1801));
#6848=IFCINDEXEDPOLYGONALFACE((1958,2100,2098));
#6849=IFCINDEXEDPOLYGONALFACE((763,757,765));
#6850=IFCINDEXEDPOLYGONALFACE((1653,1647,1655));
#6851=IFCINDEXEDPOLYGONALFACE((1808,1802,1810));
#6852=IFCINDEXEDPOLYGONALFACE((2105,2099,2107));
#6853=IFCINDEXEDPOLYGONALFACE((705,760,741));
#6854=IFCINDEXEDPOLYGONALFACE((1595,1650,1631));
#6855=IFCINDEXEDPOLYGONALFACE((1750,1805,1786));
#6856=IFCINDEXEDPOLYGONALFACE((2047,2102,2083));
#6857=IFCINDEXEDPOLYGONALFACE((765,649,763));
#6858=IFCINDEXEDPOLYGONALFACE((1655,1539,1653));
#6859=IFCINDEXEDPOLYGONALFACE((1810,1694,1808));
#6860=IFCINDEXEDPOLYGONALFACE((2107,1991,2105));
#6861=IFCINDEXEDPOLYGONALFACE((719,763,764));
#6862=IFCINDEXEDPOLYGONALFACE((1609,1653,1654));
#6863=IFCINDEXEDPOLYGONALFACE((1764,1808,1809));
#6864=IFCINDEXEDPOLYGONALFACE((2061,2105,2106));
#6865=IFCINDEXEDPOLYGONALFACE((764,720,719));
#6866=IFCINDEXEDPOLYGONALFACE((1654,1610,1609));
#6867=IFCINDEXEDPOLYGONALFACE((1809,1765,1764));
#6868=IFCINDEXEDPOLYGONALFACE((2106,2062,2061));
#6869=IFCINDEXEDPOLYGONALFACE((766,720,764));
#6870=IFCINDEXEDPOLYGONALFACE((1656,1610,1654));
#6871=IFCINDEXEDPOLYGONALFACE((1811,1765,1809));
#6872=IFCINDEXEDPOLYGONALFACE((2108,2062,2106));
#6873=IFCINDEXEDPOLYGONALFACE((649,765,616));
#6874=IFCINDEXEDPOLYGONALFACE((1539,1655,1506));
#6875=IFCINDEXEDPOLYGONALFACE((1694,1810,1661));
#6876=IFCINDEXEDPOLYGONALFACE((1991,2107,1958));
#6877=IFCINDEXEDPOLYGONALFACE((765,757,758));
#6878=IFCINDEXEDPOLYGONALFACE((1655,1647,1648));
#6879=IFCINDEXEDPOLYGONALFACE((1810,1802,1803));
#6880=IFCINDEXEDPOLYGONALFACE((2107,2099,2100));
#6881=IFCINDEXEDPOLYGONALFACE((637,766,764));
#6882=IFCINDEXEDPOLYGONALFACE((1527,1656,1654));
#6883=IFCINDEXEDPOLYGONALFACE((1682,1811,1809));
#6884=IFCINDEXEDPOLYGONALFACE((1979,2108,2106));
#6885=IFCINDEXEDPOLYGONALFACE((720,766,158));
#6886=IFCINDEXEDPOLYGONALFACE((1610,1656,113));
#6887=IFCINDEXEDPOLYGONALFACE((1765,1811,67));
#6888=IFCINDEXEDPOLYGONALFACE((2062,2108,400));
#6889=IFCINDEXEDPOLYGONALFACE((831,829,798));
#6890=IFCINDEXEDPOLYGONALFACE((820,768,818));
#6891=IFCINDEXEDPOLYGONALFACE((769,831,798));
#6892=IFCINDEXEDPOLYGONALFACE((836,835,837));
#6893=IFCINDEXEDPOLYGONALFACE((770,837,840));
#6894=IFCINDEXEDPOLYGONALFACE((774,840,837));
#6895=IFCINDEXEDPOLYGONALFACE((835,832,775));
#6896=IFCINDEXEDPOLYGONALFACE((831,769,832));
#6897=IFCINDEXEDPOLYGONALFACE((819,820,767));
#6898=IFCINDEXEDPOLYGONALFACE((824,798,829));
#6899=IFCINDEXEDPOLYGONALFACE((767,820,818));
#6900=IFCINDEXEDPOLYGONALFACE((797,796,824));
#6901=IFCINDEXEDPOLYGONALFACE((795,798,824));
#6902=IFCINDEXEDPOLYGONALFACE((819,825,820));
#6903=IFCINDEXEDPOLYGONALFACE((825,826,820));
#6904=IFCINDEXEDPOLYGONALFACE((796,825,824));
#6905=IFCINDEXEDPOLYGONALFACE((829,797,824));
#6906=IFCINDEXEDPOLYGONALFACE((819,795,825));
#6907=IFCINDEXEDPOLYGONALFACE((795,824,825));
#6908=IFCINDEXEDPOLYGONALFACE((768,820,826));
#6909=IFCINDEXEDPOLYGONALFACE((825,796,826));
#6910=IFCINDEXEDPOLYGONALFACE((829,772,797));
#6911=IFCINDEXEDPOLYGONALFACE((831,772,829));
#6912=IFCINDEXEDPOLYGONALFACE((776,833,832));
#6913=IFCINDEXEDPOLYGONALFACE((775,832,769));
#6914=IFCINDEXEDPOLYGONALFACE((833,831,832));
#6915=IFCINDEXEDPOLYGONALFACE((776,832,835));
#6916=IFCINDEXEDPOLYGONALFACE((833,772,831));
#6917=IFCINDEXEDPOLYGONALFACE((837,770,836));
#6918=IFCINDEXEDPOLYGONALFACE((835,775,774));
#6919=IFCINDEXEDPOLYGONALFACE((836,776,835));
#6920=IFCINDEXEDPOLYGONALFACE((841,848,771));
#6921=IFCINDEXEDPOLYGONALFACE((774,837,835));
#6922=IFCINDEXEDPOLYGONALFACE((840,838,841));
#6923=IFCINDEXEDPOLYGONALFACE((774,838,840));
#6924=IFCINDEXEDPOLYGONALFACE((840,839,770));
#6925=IFCINDEXEDPOLYGONALFACE((839,840,841));
#6926=IFCINDEXEDPOLYGONALFACE((839,841,771));
#6927=IFCINDEXEDPOLYGONALFACE((841,838,773));
#6928=IFCINDEXEDPOLYGONALFACE((773,848,841));
#6929=IFCINDEXEDPOLYGONALFACE((903,767,816,900));
#6930=IFCINDEXEDPOLYGONALFACE((917,792,6));
#6931=IFCINDEXEDPOLYGONALFACE((896,899,857));
#6932=IFCINDEXEDPOLYGONALFACE((767,904,819));
#6933=IFCINDEXEDPOLYGONALFACE((871,866,914));
#6934=IFCINDEXEDPOLYGONALFACE((854,889,911));
#6935=IFCINDEXEDPOLYGONALFACE((916,915,867));
#6936=IFCINDEXEDPOLYGONALFACE((867,915,868));
#6937=IFCINDEXEDPOLYGONALFACE((902,903,901));
#6938=IFCINDEXEDPOLYGONALFACE((798,795,908));
#6939=IFCINDEXEDPOLYGONALFACE((879,838,880));
#6940=IFCINDEXEDPOLYGONALFACE((873,881,882));
#6941=IFCINDEXEDPOLYGONALFACE((908,906,907));
#6942=IFCINDEXEDPOLYGONALFACE((865,878,879));
#6943=IFCINDEXEDPOLYGONALFACE((819,904,905));
#6944=IFCINDEXEDPOLYGONALFACE((878,877,876));
#6945=IFCINDEXEDPOLYGONALFACE((914,872,871));
#6946=IFCINDEXEDPOLYGONALFACE((875,918,869));
#6947=IFCINDEXEDPOLYGONALFACE((779,919,913));
#6948=IFCINDEXEDPOLYGONALFACE((5,4,917));
#6949=IFCINDEXEDPOLYGONALFACE((781,792,915));
#6950=IFCINDEXEDPOLYGONALFACE((917,915,792));
#6951=IFCINDEXEDPOLYGONALFACE((918,874,791));
#6952=IFCINDEXEDPOLYGONALFACE((872,864,871));
#6953=IFCINDEXEDPOLYGONALFACE((448,874,918));
#6954=IFCINDEXEDPOLYGONALFACE((864,872,876));
#6955=IFCINDEXEDPOLYGONALFACE((872,843,876));
#6956=IFCINDEXEDPOLYGONALFACE((870,784,914));
#6957=IFCINDEXEDPOLYGONALFACE((872,784,843));
#6958=IFCINDEXEDPOLYGONALFACE((861,885,881));
#6959=IFCINDEXEDPOLYGONALFACE((862,909,907));
#6960=IFCINDEXEDPOLYGONALFACE((869,918,870));
#6961=IFCINDEXEDPOLYGONALFACE((878,865,877));
#6962=IFCINDEXEDPOLYGONALFACE((876,843,773));
#6963=IFCINDEXEDPOLYGONALFACE((877,864,876));
#6964=IFCINDEXEDPOLYGONALFACE((838,879,773));
#6965=IFCINDEXEDPOLYGONALFACE((773,878,876));
#6966=IFCINDEXEDPOLYGONALFACE((861,884,880));
#6967=IFCINDEXEDPOLYGONALFACE((878,773,879));
#6968=IFCINDEXEDPOLYGONALFACE((879,880,884));
#6969=IFCINDEXEDPOLYGONALFACE((885,882,881));
#6970=IFCINDEXEDPOLYGONALFACE((880,838,774));
#6971=IFCINDEXEDPOLYGONALFACE((873,882,883));
#6972=IFCINDEXEDPOLYGONALFACE((883,882,775));
#6973=IFCINDEXEDPOLYGONALFACE((885,774,882));
#6974=IFCINDEXEDPOLYGONALFACE((775,882,774));
#6975=IFCINDEXEDPOLYGONALFACE((886,873,883));
#6976=IFCINDEXEDPOLYGONALFACE((769,883,775));
#6977=IFCINDEXEDPOLYGONALFACE((884,865,879));
#6978=IFCINDEXEDPOLYGONALFACE((885,880,774));
#6979=IFCINDEXEDPOLYGONALFACE((880,885,861));
#6980=IFCINDEXEDPOLYGONALFACE((862,886,909));
#6981=IFCINDEXEDPOLYGONALFACE((901,900,790,857));
#6982=IFCINDEXEDPOLYGONALFACE((899,859,901));
#6983=IFCINDEXEDPOLYGONALFACE((857,899,901));
#6984=IFCINDEXEDPOLYGONALFACE((903,900,901));
#6985=IFCINDEXEDPOLYGONALFACE((851,903,902));
#6986=IFCINDEXEDPOLYGONALFACE((901,859,902));
#6987=IFCINDEXEDPOLYGONALFACE((851,904,903));
#6988=IFCINDEXEDPOLYGONALFACE((767,903,904));
#6989=IFCINDEXEDPOLYGONALFACE((904,910,905));
#6990=IFCINDEXEDPOLYGONALFACE((905,795,819));
#6991=IFCINDEXEDPOLYGONALFACE((862,907,906));
#6992=IFCINDEXEDPOLYGONALFACE((907,798,908));
#6993=IFCINDEXEDPOLYGONALFACE((863,908,905));
#6994=IFCINDEXEDPOLYGONALFACE((909,883,769));
#6995=IFCINDEXEDPOLYGONALFACE((769,798,909));
#6996=IFCINDEXEDPOLYGONALFACE((906,908,863));
#6997=IFCINDEXEDPOLYGONALFACE((905,908,795));
#6998=IFCINDEXEDPOLYGONALFACE((798,907,909));
#6999=IFCINDEXEDPOLYGONALFACE((883,909,886));
#7000=IFCINDEXEDPOLYGONALFACE((863,905,910));
#7001=IFCINDEXEDPOLYGONALFACE((904,851,910));
#7002=IFCINDEXEDPOLYGONALFACE((867,912,916));
#7003=IFCINDEXEDPOLYGONALFACE((912,913,919));
#7004=IFCINDEXEDPOLYGONALFACE((872,914,784));
#7005=IFCINDEXEDPOLYGONALFACE((870,914,866));
#7006=IFCINDEXEDPOLYGONALFACE((917,868,915));
#7007=IFCINDEXEDPOLYGONALFACE((781,915,916));
#7008=IFCINDEXEDPOLYGONALFACE((916,803,781));
#7009=IFCINDEXEDPOLYGONALFACE((919,803,916));
#7010=IFCINDEXEDPOLYGONALFACE((868,917,4));
#7011=IFCINDEXEDPOLYGONALFACE((5,917,6));
#7012=IFCINDEXEDPOLYGONALFACE((448,918,875));
#7013=IFCINDEXEDPOLYGONALFACE((870,918,791));
#7014=IFCINDEXEDPOLYGONALFACE((912,919,916));
#7015=IFCINDEXEDPOLYGONALFACE((803,919,779));
#7016=IFCINDEXEDPOLYGONALFACE((1097,1101,933));
#7017=IFCINDEXEDPOLYGONALFACE((948,1088,1085));
#7018=IFCINDEXEDPOLYGONALFACE((982,921,996));
#7019=IFCINDEXEDPOLYGONALFACE((979,980,990));
#7020=IFCINDEXEDPOLYGONALFACE((1066,946,1063));
#7021=IFCINDEXEDPOLYGONALFACE((994,356,995));
#7022=IFCINDEXEDPOLYGONALFACE((1061,275,1059));
#7023=IFCINDEXEDPOLYGONALFACE((1048,927,968));
#7024=IFCINDEXEDPOLYGONALFACE((958,1019,1022));
#7025=IFCINDEXEDPOLYGONALFACE((307,1037,1040));
#7026=IFCINDEXEDPOLYGONALFACE((1025,1026,1024));
#7027=IFCINDEXEDPOLYGONALFACE((1021,1014,951));
#7028=IFCINDEXEDPOLYGONALFACE((1074,932,1073));
#7029=IFCINDEXEDPOLYGONALFACE((1089,1090,953));
#7030=IFCINDEXEDPOLYGONALFACE((1038,1041,251));
#7031=IFCINDEXEDPOLYGONALFACE((969,960,970));
#7032=IFCINDEXEDPOLYGONALFACE((971,340,464));
#7033=IFCINDEXEDPOLYGONALFACE((1008,949,995));
#7034=IFCINDEXEDPOLYGONALFACE((215,1076,1074));
#7035=IFCINDEXEDPOLYGONALFACE((204,1101,1097));
#7036=IFCINDEXEDPOLYGONALFACE((1046,1048,1047));
#7037=IFCINDEXEDPOLYGONALFACE((1069,928,1071));
#7038=IFCINDEXEDPOLYGONALFACE((1095,1096,1097));
#7039=IFCINDEXEDPOLYGONALFACE((972,921,982));
#7040=IFCINDEXEDPOLYGONALFACE((1002,997,945));
#7041=IFCINDEXEDPOLYGONALFACE((967,1053,1051));
#7042=IFCINDEXEDPOLYGONALFACE((1002,955,1001));
#7043=IFCINDEXEDPOLYGONALFACE((1092,1091,1090));
#7044=IFCINDEXEDPOLYGONALFACE((1009,1007,1013));
#7045=IFCINDEXEDPOLYGONALFACE((980,963,977));
#7046=IFCINDEXEDPOLYGONALFACE((1043,1045,931));
#7047=IFCINDEXEDPOLYGONALFACE((926,1091,1094));
#7048=IFCINDEXEDPOLYGONALFACE((942,1033,1031));
#7049=IFCINDEXEDPOLYGONALFACE((1055,1057,254));
#7050=IFCINDEXEDPOLYGONALFACE((1065,946,1067));
#7051=IFCINDEXEDPOLYGONALFACE((1077,1079,922));
#7052=IFCINDEXEDPOLYGONALFACE((925,1011,1010));
#7053=IFCINDEXEDPOLYGONALFACE((1067,939,1068));
#7054=IFCINDEXEDPOLYGONALFACE((1096,1095,926));
#7055=IFCINDEXEDPOLYGONALFACE((947,1036,1034));
#7056=IFCINDEXEDPOLYGONALFACE((1102,261,1103));
#7057=IFCINDEXEDPOLYGONALFACE((1028,1027,924));
#7058=IFCINDEXEDPOLYGONALFACE((1076,932,1074));
#7059=IFCINDEXEDPOLYGONALFACE((308,1031,1033));
#7060=IFCINDEXEDPOLYGONALFACE((943,1060,1061));
#7061=IFCINDEXEDPOLYGONALFACE((349,1015,371));
#7062=IFCINDEXEDPOLYGONALFACE((1005,1002,1004));
#7063=IFCINDEXEDPOLYGONALFACE((1026,1028,924));
#7064=IFCINDEXEDPOLYGONALFACE((1034,1036,302));
#7065=IFCINDEXEDPOLYGONALFACE((952,1082,1081));
#7066=IFCINDEXEDPOLYGONALFACE((992,929,994));
#7067=IFCINDEXEDPOLYGONALFACE((1023,1022,959));
#7068=IFCINDEXEDPOLYGONALFACE((1011,1009,354));
#7069=IFCINDEXEDPOLYGONALFACE((1079,1078,922));
#7070=IFCINDEXEDPOLYGONALFACE((1039,931,1042));
#7071=IFCINDEXEDPOLYGONALFACE((984,987,950));
#7072=IFCINDEXEDPOLYGONALFACE((1031,325,1030));
#7073=IFCINDEXEDPOLYGONALFACE((998,996,1001));
#7074=IFCINDEXEDPOLYGONALFACE((464,1023,971));
#7075=IFCINDEXEDPOLYGONALFACE((1082,952,1080));
#7076=IFCINDEXEDPOLYGONALFACE((989,999,954));
#7077=IFCINDEXEDPOLYGONALFACE((1057,1056,1058));
#7078=IFCINDEXEDPOLYGONALFACE((970,961,1062));
#7079=IFCINDEXEDPOLYGONALFACE((1017,944,1020));
#7080=IFCINDEXEDPOLYGONALFACE((464,396,962));
#7081=IFCINDEXEDPOLYGONALFACE((970,957,961));
#7082=IFCINDEXEDPOLYGONALFACE((957,1006,983));
#7083=IFCINDEXEDPOLYGONALFACE((1062,468,467));
#7084=IFCINDEXEDPOLYGONALFACE((1062,961,395));
#7085=IFCINDEXEDPOLYGONALFACE((1023,958,1022));
#7086=IFCINDEXEDPOLYGONALFACE((980,979,963));
#7087=IFCINDEXEDPOLYGONALFACE((977,965,310,964));
#7088=IFCINDEXEDPOLYGONALFACE((1051,1053,966));
#7089=IFCINDEXEDPOLYGONALFACE((968,1051,1049));
#7090=IFCINDEXEDPOLYGONALFACE((1049,1048,968));
#7091=IFCINDEXEDPOLYGONALFACE((969,970,1062));
#7092=IFCINDEXEDPOLYGONALFACE((956,983,973));
#7093=IFCINDEXEDPOLYGONALFACE((965,982,935));
#7094=IFCINDEXEDPOLYGONALFACE((974,957,983));
#7095=IFCINDEXEDPOLYGONALFACE((960,1006,970));
#7096=IFCINDEXEDPOLYGONALFACE((983,984,974));
#7097=IFCINDEXEDPOLYGONALFACE((1084,1083,208));
#7098=IFCINDEXEDPOLYGONALFACE((965,977,982));
#7099=IFCINDEXEDPOLYGONALFACE((977,963,972));
#7100=IFCINDEXEDPOLYGONALFACE((990,991,929));
#7101=IFCINDEXEDPOLYGONALFACE((956,984,983));
#7102=IFCINDEXEDPOLYGONALFACE((297,991,990));
#7103=IFCINDEXEDPOLYGONALFACE((964,980,977));
#7104=IFCINDEXEDPOLYGONALFACE((996,935,982));
#7105=IFCINDEXEDPOLYGONALFACE((297,990,981));
#7106=IFCINDEXEDPOLYGONALFACE((980,964,311,981));
#7107=IFCINDEXEDPOLYGONALFACE((972,982,977));
#7108=IFCINDEXEDPOLYGONALFACE((1006,973,983));
#7109=IFCINDEXEDPOLYGONALFACE((950,974,984));
#7110=IFCINDEXEDPOLYGONALFACE((978,989,987));
#7111=IFCINDEXEDPOLYGONALFACE((984,988,987));
#7112=IFCINDEXEDPOLYGONALFACE((987,985,950));
#7113=IFCINDEXEDPOLYGONALFACE((989,986,999));
#7114=IFCINDEXEDPOLYGONALFACE((986,989,978));
#7115=IFCINDEXEDPOLYGONALFACE((985,987,989));
#7116=IFCINDEXEDPOLYGONALFACE((978,987,988));
#7117=IFCINDEXEDPOLYGONALFACE((984,956,988));
#7118=IFCINDEXEDPOLYGONALFACE((985,989,954));
#7119=IFCINDEXEDPOLYGONALFACE((981,990,980));
#7120=IFCINDEXEDPOLYGONALFACE((979,990,929));
#7121=IFCINDEXEDPOLYGONALFACE((993,994,991));
#7122=IFCINDEXEDPOLYGONALFACE((994,929,991));
#7123=IFCINDEXEDPOLYGONALFACE((356,994,993));
#7124=IFCINDEXEDPOLYGONALFACE((994,995,992));
#7125=IFCINDEXEDPOLYGONALFACE((991,297,359,993));
#7126=IFCINDEXEDPOLYGONALFACE((949,992,995));
#7127=IFCINDEXEDPOLYGONALFACE((924,1000,1026));
#7128=IFCINDEXEDPOLYGONALFACE((995,379,1008));
#7129=IFCINDEXEDPOLYGONALFACE((1001,955,301,998));
#7130=IFCINDEXEDPOLYGONALFACE((1002,1001,997));
#7131=IFCINDEXEDPOLYGONALFACE((996,998,333,935));
#7132=IFCINDEXEDPOLYGONALFACE((921,1001,996));
#7133=IFCINDEXEDPOLYGONALFACE((1024,1000,954));
#7134=IFCINDEXEDPOLYGONALFACE((999,986,934));
#7135=IFCINDEXEDPOLYGONALFACE((999,934,1024));
#7136=IFCINDEXEDPOLYGONALFACE((954,999,1024));
#7137=IFCINDEXEDPOLYGONALFACE((921,997,1001));
#7138=IFCINDEXEDPOLYGONALFACE((300,1005,1004));
#7139=IFCINDEXEDPOLYGONALFACE((1030,300,1004));
#7140=IFCINDEXEDPOLYGONALFACE((1003,942,1030));
#7141=IFCINDEXEDPOLYGONALFACE((1004,1002,945));
#7142=IFCINDEXEDPOLYGONALFACE((1004,945,1003));
#7143=IFCINDEXEDPOLYGONALFACE((1002,1005,329,955));
#7144=IFCINDEXEDPOLYGONALFACE((973,1006,960));
#7145=IFCINDEXEDPOLYGONALFACE((970,1006,957));
#7146=IFCINDEXEDPOLYGONALFACE((1008,1007,949));
#7147=IFCINDEXEDPOLYGONALFACE((1013,377,1009));
#7148=IFCINDEXEDPOLYGONALFACE((925,1007,1009));
#7149=IFCINDEXEDPOLYGONALFACE((354,1009,377));
#7150=IFCINDEXEDPOLYGONALFACE((353,1013,1008));
#7151=IFCINDEXEDPOLYGONALFACE((353,1008,379));
#7152=IFCINDEXEDPOLYGONALFACE((925,1009,1011));
#7153=IFCINDEXEDPOLYGONALFACE((1010,1011,1012));
#7154=IFCINDEXEDPOLYGONALFACE((1011,372,1012));
#7155=IFCINDEXEDPOLYGONALFACE((1012,951,1010));
#7156=IFCINDEXEDPOLYGONALFACE((1021,371,1015));
#7157=IFCINDEXEDPOLYGONALFACE((377,1013,353));
#7158=IFCINDEXEDPOLYGONALFACE((1008,1013,1007));
#7159=IFCINDEXEDPOLYGONALFACE((1015,349,1016));
#7160=IFCINDEXEDPOLYGONALFACE((1015,1014,1021));
#7161=IFCINDEXEDPOLYGONALFACE((346,1021,1012));
#7162=IFCINDEXEDPOLYGONALFACE((1015,1016,1014));
#7163=IFCINDEXEDPOLYGONALFACE((944,1014,1016));
#7164=IFCINDEXEDPOLYGONALFACE((1020,1019,1017));
#7165=IFCINDEXEDPOLYGONALFACE((1016,365,1020));
#7166=IFCINDEXEDPOLYGONALFACE((1018,1022,1019));
#7167=IFCINDEXEDPOLYGONALFACE((1022,1018,360,959));
#7168=IFCINDEXEDPOLYGONALFACE((1018,1019,347));
#7169=IFCINDEXEDPOLYGONALFACE((1017,1019,958));
#7170=IFCINDEXEDPOLYGONALFACE((1019,1020,347));
#7171=IFCINDEXEDPOLYGONALFACE((1016,1020,944));
#7172=IFCINDEXEDPOLYGONALFACE((371,1021,346));
#7173=IFCINDEXEDPOLYGONALFACE((1012,1021,951));
#7174=IFCINDEXEDPOLYGONALFACE((347,1020,365));
#7175=IFCINDEXEDPOLYGONALFACE((1016,349,365));
#7176=IFCINDEXEDPOLYGONALFACE((962,958,1023));
#7177=IFCINDEXEDPOLYGONALFACE((962,1023,464));
#7178=IFCINDEXEDPOLYGONALFACE((1023,959,348,971));
#7179=IFCINDEXEDPOLYGONALFACE((346,1012,372));
#7180=IFCINDEXEDPOLYGONALFACE((1011,354,372));
#7181=IFCINDEXEDPOLYGONALFACE((995,356,379));
#7182=IFCINDEXEDPOLYGONALFACE((1026,1000,1024));
#7183=IFCINDEXEDPOLYGONALFACE((941,1026,1025));
#7184=IFCINDEXEDPOLYGONALFACE((1024,934,1025));
#7185=IFCINDEXEDPOLYGONALFACE((1028,1029,1063));
#7186=IFCINDEXEDPOLYGONALFACE((1067,1064,1106,939));
#7187=IFCINDEXEDPOLYGONALFACE((941,1028,1026));
#7188=IFCINDEXEDPOLYGONALFACE((1027,1028,1063));
#7189=IFCINDEXEDPOLYGONALFACE((308,325,1031));
#7190=IFCINDEXEDPOLYGONALFACE((1028,941,1029));
#7191=IFCINDEXEDPOLYGONALFACE((325,300,1030));
#7192=IFCINDEXEDPOLYGONALFACE((1003,1030,1004));
#7193=IFCINDEXEDPOLYGONALFACE((1032,1033,942));
#7194=IFCINDEXEDPOLYGONALFACE((942,1031,1030));
#7195=IFCINDEXEDPOLYGONALFACE((1033,1032,1034));
#7196=IFCINDEXEDPOLYGONALFACE((302,321,1034));
#7197=IFCINDEXEDPOLYGONALFACE((321,1033,1034));
#7198=IFCINDEXEDPOLYGONALFACE((321,308,1033));
#7199=IFCINDEXEDPOLYGONALFACE((1037,1036,1035));
#7200=IFCINDEXEDPOLYGONALFACE((1032,947,1034));
#7201=IFCINDEXEDPOLYGONALFACE((1037,1035,923));
#7202=IFCINDEXEDPOLYGONALFACE((316,302,1036));
#7203=IFCINDEXEDPOLYGONALFACE((1035,1036,947));
#7204=IFCINDEXEDPOLYGONALFACE((1036,1037,316));
#7205=IFCINDEXEDPOLYGONALFACE((307,316,1037));
#7206=IFCINDEXEDPOLYGONALFACE((1042,1041,1039));
#7207=IFCINDEXEDPOLYGONALFACE((923,1040,1037));
#7208=IFCINDEXEDPOLYGONALFACE((1040,1038,314,307));
#7209=IFCINDEXEDPOLYGONALFACE((1040,923,1041));
#7210=IFCINDEXEDPOLYGONALFACE((1041,1038,1040));
#7211=IFCINDEXEDPOLYGONALFACE((1042,251,1041));
#7212=IFCINDEXEDPOLYGONALFACE((923,1039,1041));
#7213=IFCINDEXEDPOLYGONALFACE((1045,976,265,1044));
#7214=IFCINDEXEDPOLYGONALFACE((1045,1043,1046));
#7215=IFCINDEXEDPOLYGONALFACE((1044,251,1042));
#7216=IFCINDEXEDPOLYGONALFACE((931,1045,1042));
#7217=IFCINDEXEDPOLYGONALFACE((1042,1045,1044));
#7218=IFCINDEXEDPOLYGONALFACE((976,1045,1046));
#7219=IFCINDEXEDPOLYGONALFACE((1048,936,1047));
#7220=IFCINDEXEDPOLYGONALFACE((1046,1043,927));
#7221=IFCINDEXEDPOLYGONALFACE((1046,1047,264,976));
#7222=IFCINDEXEDPOLYGONALFACE((1049,936,1048));
#7223=IFCINDEXEDPOLYGONALFACE((927,1048,1046));
#7224=IFCINDEXEDPOLYGONALFACE((1051,966,255,1050));
#7225=IFCINDEXEDPOLYGONALFACE((1050,1049,1051));
#7226=IFCINDEXEDPOLYGONALFACE((1049,1050,287,936));
#7227=IFCINDEXEDPOLYGONALFACE((1055,1053,1052));
#7228=IFCINDEXEDPOLYGONALFACE((968,967,1051));
#7229=IFCINDEXEDPOLYGONALFACE((1055,1052,920));
#7230=IFCINDEXEDPOLYGONALFACE((1053,1054,283,966));
#7231=IFCINDEXEDPOLYGONALFACE((1052,1053,967));
#7232=IFCINDEXEDPOLYGONALFACE((1053,1055,1054));
#7233=IFCINDEXEDPOLYGONALFACE((254,1054,1055));
#7234=IFCINDEXEDPOLYGONALFACE((1059,1058,1056));
#7235=IFCINDEXEDPOLYGONALFACE((279,254,1057));
#7236=IFCINDEXEDPOLYGONALFACE((1058,279,1057));
#7237=IFCINDEXEDPOLYGONALFACE((920,1056,1057));
#7238=IFCINDEXEDPOLYGONALFACE((920,1057,1055));
#7239=IFCINDEXEDPOLYGONALFACE((1058,262,279));
#7240=IFCINDEXEDPOLYGONALFACE((262,1058,1059));
#7241=IFCINDEXEDPOLYGONALFACE((1061,1060,1104));
#7242=IFCINDEXEDPOLYGONALFACE((943,1059,1056));
#7243=IFCINDEXEDPOLYGONALFACE((943,1061,1059));
#7244=IFCINDEXEDPOLYGONALFACE((256,1061,1104));
#7245=IFCINDEXEDPOLYGONALFACE((969,1062,467));
#7246=IFCINDEXEDPOLYGONALFACE((395,468,1062));
#7247=IFCINDEXEDPOLYGONALFACE((1027,1063,946));
#7248=IFCINDEXEDPOLYGONALFACE((938,1063,1029));
#7249=IFCINDEXEDPOLYGONALFACE((1066,1067,946));
#7250=IFCINDEXEDPOLYGONALFACE((1066,1063,938));
#7251=IFCINDEXEDPOLYGONALFACE((1067,1068,1065));
#7252=IFCINDEXEDPOLYGONALFACE((1066,938,1064));
#7253=IFCINDEXEDPOLYGONALFACE((1064,1067,1066));
#7254=IFCINDEXEDPOLYGONALFACE((928,1065,1068));
#7255=IFCINDEXEDPOLYGONALFACE((1068,1071,928));
#7256=IFCINDEXEDPOLYGONALFACE((1068,1072,1071));
#7257=IFCINDEXEDPOLYGONALFACE((1069,1071,1073));
#7258=IFCINDEXEDPOLYGONALFACE((1074,1070,222,215));
#7259=IFCINDEXEDPOLYGONALFACE((1070,1073,205));
#7260=IFCINDEXEDPOLYGONALFACE((205,1073,1071));
#7261=IFCINDEXEDPOLYGONALFACE((205,1071,1072));
#7262=IFCINDEXEDPOLYGONALFACE((1068,939,1113,1072));
#7263=IFCINDEXEDPOLYGONALFACE((1069,1073,932));
#7264=IFCINDEXEDPOLYGONALFACE((1070,1074,1073));
#7265=IFCINDEXEDPOLYGONALFACE((1076,1075,932));
#7266=IFCINDEXEDPOLYGONALFACE((224,1077,1076));
#7267=IFCINDEXEDPOLYGONALFACE((922,1075,1077));
#7268=IFCINDEXEDPOLYGONALFACE((1077,1075,1076));
#7269=IFCINDEXEDPOLYGONALFACE((210,1077,224));
#7270=IFCINDEXEDPOLYGONALFACE((1076,215,224));
#7271=IFCINDEXEDPOLYGONALFACE((1079,229,1080));
#7272=IFCINDEXEDPOLYGONALFACE((208,1083,233));
#7273=IFCINDEXEDPOLYGONALFACE((210,1079,1077));
#7274=IFCINDEXEDPOLYGONALFACE((1078,1079,1080));
#7275=IFCINDEXEDPOLYGONALFACE((1078,1080,952));
#7276=IFCINDEXEDPOLYGONALFACE((1079,210,229));
#7277=IFCINDEXEDPOLYGONALFACE((216,1080,229));
#7278=IFCINDEXEDPOLYGONALFACE((1083,1081,1082));
#7279=IFCINDEXEDPOLYGONALFACE((1082,1080,216));
#7280=IFCINDEXEDPOLYGONALFACE((1083,1084,1081));
#7281=IFCINDEXEDPOLYGONALFACE((1082,216,233));
#7282=IFCINDEXEDPOLYGONALFACE((233,1083,1082));
#7283=IFCINDEXEDPOLYGONALFACE((948,1081,1084));
#7284=IFCINDEXEDPOLYGONALFACE((1089,1085,1088));
#7285=IFCINDEXEDPOLYGONALFACE((948,1084,1088));
#7286=IFCINDEXEDPOLYGONALFACE((1088,1086,237,975));
#7287=IFCINDEXEDPOLYGONALFACE((1090,1087,241,937));
#7288=IFCINDEXEDPOLYGONALFACE((1084,208,1086));
#7289=IFCINDEXEDPOLYGONALFACE((1089,975,209,1087));
#7290=IFCINDEXEDPOLYGONALFACE((1088,1084,1086));
#7291=IFCINDEXEDPOLYGONALFACE((975,1089,1088));
#7292=IFCINDEXEDPOLYGONALFACE((1085,1089,953));
#7293=IFCINDEXEDPOLYGONALFACE((1087,1090,1089));
#7294=IFCINDEXEDPOLYGONALFACE((1093,1094,1092));
#7295=IFCINDEXEDPOLYGONALFACE((1091,953,1090));
#7296=IFCINDEXEDPOLYGONALFACE((1092,1090,937));
#7297=IFCINDEXEDPOLYGONALFACE((1094,1091,1092));
#7298=IFCINDEXEDPOLYGONALFACE((1094,1093,218,940));
#7299=IFCINDEXEDPOLYGONALFACE((1092,937,1093));
#7300=IFCINDEXEDPOLYGONALFACE((940,1096,1094));
#7301=IFCINDEXEDPOLYGONALFACE((1102,1100,1101));
#7302=IFCINDEXEDPOLYGONALFACE((926,1094,1096));
#7303=IFCINDEXEDPOLYGONALFACE((1096,1098,1097));
#7304=IFCINDEXEDPOLYGONALFACE((1097,933,1095));
#7305=IFCINDEXEDPOLYGONALFACE((1099,1102,1101));
#7306=IFCINDEXEDPOLYGONALFACE((204,1097,1098));
#7307=IFCINDEXEDPOLYGONALFACE((1096,940,219,1098));
#7308=IFCINDEXEDPOLYGONALFACE((1101,204,1099));
#7309=IFCINDEXEDPOLYGONALFACE((1102,1103,1100));
#7310=IFCINDEXEDPOLYGONALFACE((933,1101,1100));
#7311=IFCINDEXEDPOLYGONALFACE((930,1100,1103));
#7312=IFCINDEXEDPOLYGONALFACE((1102,1099,268,261));
#7313=IFCINDEXEDPOLYGONALFACE((256,1104,270));
#7314=IFCINDEXEDPOLYGONALFACE((930,1103,1104));
#7315=IFCINDEXEDPOLYGONALFACE((1104,1060,930));
#7316=IFCINDEXEDPOLYGONALFACE((1103,261,270));
#7317=IFCINDEXEDPOLYGONALFACE((1104,1103,270));
#7318=IFCINDEXEDPOLYGONALFACE((262,1059,275));
#7319=IFCINDEXEDPOLYGONALFACE((1061,256,275));
#7320=IFCINDEXEDPOLYGONALFACE((973,960,1131));
#7321=IFCINDEXEDPOLYGONALFACE((1120,1107,1122));
#7322=IFCINDEXEDPOLYGONALFACE((1112,1132,1118));
#7323=IFCINDEXEDPOLYGONALFACE((956,1117,1119));
#7324=IFCINDEXEDPOLYGONALFACE((1108,1130,1109));
#7325=IFCINDEXEDPOLYGONALFACE((469,205,1132));
#7326=IFCINDEXEDPOLYGONALFACE((1129,1029,1128));
#7327=IFCINDEXEDPOLYGONALFACE((978,1120,1122));
#7328=IFCINDEXEDPOLYGONALFACE((1126,1125,1127));
#7329=IFCINDEXEDPOLYGONALFACE((1129,1128,1105));
#7330=IFCINDEXEDPOLYGONALFACE((1118,1130,1108));
#7331=IFCINDEXEDPOLYGONALFACE((1130,1129,1109));
#7332=IFCINDEXEDPOLYGONALFACE((1123,1126,934));
#7333=IFCINDEXEDPOLYGONALFACE((1120,988,1119));
#7334=IFCINDEXEDPOLYGONALFACE((1131,1117,973));
#7335=IFCINDEXEDPOLYGONALFACE((1124,466,392));
#7336=IFCINDEXEDPOLYGONALFACE((1132,1112,391));
#7337=IFCINDEXEDPOLYGONALFACE((1112,1118,1108));
#7338=IFCINDEXEDPOLYGONALFACE((1124,969,467));
#7339=IFCINDEXEDPOLYGONALFACE((969,1124,1115));
#7340=IFCINDEXEDPOLYGONALFACE((1114,1115,1124));
#7341=IFCINDEXEDPOLYGONALFACE((1117,1111,1116));
#7342=IFCINDEXEDPOLYGONALFACE((1117,1116,1119));
#7343=IFCINDEXEDPOLYGONALFACE((1117,956,973));
#7344=IFCINDEXEDPOLYGONALFACE((1115,1111,1131));
#7345=IFCINDEXEDPOLYGONALFACE((1118,1113,939,1106));
#7346=IFCINDEXEDPOLYGONALFACE((1113,1118,1132));
#7347=IFCINDEXEDPOLYGONALFACE((1120,978,988));
#7348=IFCINDEXEDPOLYGONALFACE((1119,1116,1107));
#7349=IFCINDEXEDPOLYGONALFACE((988,956,1119));
#7350=IFCINDEXEDPOLYGONALFACE((1121,1122,1107));
#7351=IFCINDEXEDPOLYGONALFACE((1107,1120,1119));
#7352=IFCINDEXEDPOLYGONALFACE((1122,1121,1123));
#7353=IFCINDEXEDPOLYGONALFACE((934,986,1123));
#7354=IFCINDEXEDPOLYGONALFACE((1110,1123,1121));
#7355=IFCINDEXEDPOLYGONALFACE((986,1122,1123));
#7356=IFCINDEXEDPOLYGONALFACE((1128,1127,1125));
#7357=IFCINDEXEDPOLYGONALFACE((986,978,1122));
#7358=IFCINDEXEDPOLYGONALFACE((1114,1124,392));
#7359=IFCINDEXEDPOLYGONALFACE((467,466,1124));
#7360=IFCINDEXEDPOLYGONALFACE((1025,934,1126));
#7361=IFCINDEXEDPOLYGONALFACE((1127,1025,1126));
#7362=IFCINDEXEDPOLYGONALFACE((1110,1125,1126));
#7363=IFCINDEXEDPOLYGONALFACE((1110,1126,1123));
#7364=IFCINDEXEDPOLYGONALFACE((1127,941,1025));
#7365=IFCINDEXEDPOLYGONALFACE((941,1127,1128));
#7366=IFCINDEXEDPOLYGONALFACE((1029,941,1128));
#7367=IFCINDEXEDPOLYGONALFACE((1105,1128,1125));
#7368=IFCINDEXEDPOLYGONALFACE((1129,938,1029));
#7369=IFCINDEXEDPOLYGONALFACE((938,1129,1130));
#7370=IFCINDEXEDPOLYGONALFACE((1129,1105,1109));
#7371=IFCINDEXEDPOLYGONALFACE((1130,1106,1064,938));
#7372=IFCINDEXEDPOLYGONALFACE((1118,1106,1130));
#7373=IFCINDEXEDPOLYGONALFACE((1117,1131,1111));
#7374=IFCINDEXEDPOLYGONALFACE((1115,1131,960));
#7375=IFCINDEXEDPOLYGONALFACE((1132,205,1072,1113));
#7376=IFCINDEXEDPOLYGONALFACE((469,1132,391));
#7377=IFCINDEXEDPOLYGONALFACE((1309,1426,1425));
#7378=IFCINDEXEDPOLYGONALFACE((1300,1406,1409));
#7379=IFCINDEXEDPOLYGONALFACE((1450,1452,1307));
#7380=IFCINDEXEDPOLYGONALFACE((123,1391,1388));
#7381=IFCINDEXEDPOLYGONALFACE((1463,1459,1461));
#7382=IFCINDEXEDPOLYGONALFACE((1467,1466,1284));
#7383=IFCINDEXEDPOLYGONALFACE((1368,1366,1298));
#7384=IFCINDEXEDPOLYGONALFACE((1378,1379,1329));
#7385=IFCINDEXEDPOLYGONALFACE((1413,1282,1414));
#7386=IFCINDEXEDPOLYGONALFACE((1327,1328,1362));
#7387=IFCINDEXEDPOLYGONALFACE((1357,1359,1308));
#7388=IFCINDEXEDPOLYGONALFACE((1339,1331,1316));
#7389=IFCINDEXEDPOLYGONALFACE((1471,465,414));
#7390=IFCINDEXEDPOLYGONALFACE((1470,1322,53,57,1326));
#7391=IFCINDEXEDPOLYGONALFACE((1392,1390,1391));
#7392=IFCINDEXEDPOLYGONALFACE((1301,1399,1398));
#7393=IFCINDEXEDPOLYGONALFACE((168,1418,1415));
#7394=IFCINDEXEDPOLYGONALFACE((1444,1317,1445));
#7395=IFCINDEXEDPOLYGONALFACE((1294,1348,1346));
#7396=IFCINDEXEDPOLYGONALFACE((1277,1364,1365));
#7397=IFCINDEXEDPOLYGONALFACE((1308,1359,1358));
#7398=IFCINDEXEDPOLYGONALFACE((1307,1452,1451));
#7399=IFCINDEXEDPOLYGONALFACE((1432,1435,1436));
#7400=IFCINDEXEDPOLYGONALFACE((116,1399,1397));
#7401=IFCINDEXEDPOLYGONALFACE((1338,1289,1334));
#7402=IFCINDEXEDPOLYGONALFACE((1352,1356,70));
#7403=IFCINDEXEDPOLYGONALFACE((1301,1396,1397));
#7404=IFCINDEXEDPOLYGONALFACE((1281,1383,1385));
#7405=IFCINDEXEDPOLYGONALFACE((1468,1462,1463));
#7406=IFCINDEXEDPOLYGONALFACE((1278,1420,1422));
#7407=IFCINDEXEDPOLYGONALFACE((1285,1393,1395));
#7408=IFCINDEXEDPOLYGONALFACE((78,95,1354));
#7409=IFCINDEXEDPOLYGONALFACE((1361,1291,1371));
#7410=IFCINDEXEDPOLYGONALFACE((1404,1275,1400));
#7411=IFCINDEXEDPOLYGONALFACE((1460,1280,1455));
#7412=IFCINDEXEDPOLYGONALFACE((1346,1348,1312));
#7413=IFCINDEXEDPOLYGONALFACE((1440,1438,1));
#7414=IFCINDEXEDPOLYGONALFACE((1310,1339,1330));
#7415=IFCINDEXEDPOLYGONALFACE((1414,1412,110));
#7416=IFCINDEXEDPOLYGONALFACE((1366,1368,77));
#7417=IFCINDEXEDPOLYGONALFACE((161,1426,1424));
#7418=IFCINDEXEDPOLYGONALFACE((1292,1404,1400));
#7419=IFCINDEXEDPOLYGONALFACE((1422,169,1423));
#7420=IFCINDEXEDPOLYGONALFACE((1368,1374,1370));
#7421=IFCINDEXEDPOLYGONALFACE((1457,1280,1458));
#7422=IFCINDEXEDPOLYGONALFACE((1386,1387,1388));
#7423=IFCINDEXEDPOLYGONALFACE((1344,1338,1337));
#7424=IFCINDEXEDPOLYGONALFACE((1383,1335,1333));
#7425=IFCINDEXEDPOLYGONALFACE((1453,1448,1449));
#7426=IFCINDEXEDPOLYGONALFACE((1346,1312,71,1345));
#7427=IFCINDEXEDPOLYGONALFACE((1305,1337,1338));
#7428=IFCINDEXEDPOLYGONALFACE((1391,1304,1388));
#7429=IFCINDEXEDPOLYGONALFACE((1364,1366,1369));
#7430=IFCINDEXEDPOLYGONALFACE((1296,1340,1342));
#7431=IFCINDEXEDPOLYGONALFACE((1284,1462,1465));
#7432=IFCINDEXEDPOLYGONALFACE((1344,1337,1346));
#7433=IFCINDEXEDPOLYGONALFACE((1441,1434,1436));
#7434=IFCINDEXEDPOLYGONALFACE((1449,1446,29));
#7435=IFCINDEXEDPOLYGONALFACE((1418,1297,1415));
#7436=IFCINDEXEDPOLYGONALFACE((1343,1342,1350));
#7437=IFCINDEXEDPOLYGONALFACE((1433,1299,1427));
#7438=IFCINDEXEDPOLYGONALFACE((1307,1448,1450));
#7439=IFCINDEXEDPOLYGONALFACE((1328,1325,1362));
#7440=IFCINDEXEDPOLYGONALFACE((1276,1440,1439));
#7441=IFCINDEXEDPOLYGONALFACE((1433,1429,1431));
#7442=IFCINDEXEDPOLYGONALFACE((1318,1436,1434));
#7443=IFCINDEXEDPOLYGONALFACE((1447,1317,1443));
#7444=IFCINDEXEDPOLYGONALFACE((1363,1339,1316));
#7445=IFCINDEXEDPOLYGONALFACE((1467,1465,6));
#7446=IFCINDEXEDPOLYGONALFACE((1362,1325,413));
#7447=IFCINDEXEDPOLYGONALFACE((1469,1323,58,1322));
#7448=IFCINDEXEDPOLYGONALFACE((1326,52,1471));
#7449=IFCINDEXEDPOLYGONALFACE((1470,1469,1322));
#7450=IFCINDEXEDPOLYGONALFACE((465,1471,52));
#7451=IFCINDEXEDPOLYGONALFACE((1320,1328,1327));
#7452=IFCINDEXEDPOLYGONALFACE((1362,463,462));
#7453=IFCINDEXEDPOLYGONALFACE((1325,1328,1316));
#7454=IFCINDEXEDPOLYGONALFACE((1374,1377,64));
#7455=IFCINDEXEDPOLYGONALFACE((1379,1381,1380));
#7456=IFCINDEXEDPOLYGONALFACE((1320,1363,1328));
#7457=IFCINDEXEDPOLYGONALFACE((1340,1331,1339));
#7458=IFCINDEXEDPOLYGONALFACE((1365,1355,1277));
#7459=IFCINDEXEDPOLYGONALFACE((1335,1334,80,1333));
#7460=IFCINDEXEDPOLYGONALFACE((1334,1335,1338));
#7461=IFCINDEXEDPOLYGONALFACE((1335,1332,1305));
#7462=IFCINDEXEDPOLYGONALFACE((1332,1335,1383));
#7463=IFCINDEXEDPOLYGONALFACE((1412,1408,1410));
#7464=IFCINDEXEDPOLYGONALFACE((1288,1407,1406));
#7465=IFCINDEXEDPOLYGONALFACE((118,137,1393));
#7466=IFCINDEXEDPOLYGONALFACE((163,182,1420));
#7467=IFCINDEXEDPOLYGONALFACE((1344,1289,1338));
#7468=IFCINDEXEDPOLYGONALFACE((1305,1338,1335));
#7469=IFCINDEXEDPOLYGONALFACE((1363,1330,1339));
#7470=IFCINDEXEDPOLYGONALFACE((1296,1331,1340));
#7471=IFCINDEXEDPOLYGONALFACE((1341,1342,1340));
#7472=IFCINDEXEDPOLYGONALFACE((1340,1339,1310));
#7473=IFCINDEXEDPOLYGONALFACE((1314,1342,1341));
#7474=IFCINDEXEDPOLYGONALFACE((1340,1310,1341));
#7475=IFCINDEXEDPOLYGONALFACE((1348,1352,1349));
#7476=IFCINDEXEDPOLYGONALFACE((1343,1296,1342));
#7477=IFCINDEXEDPOLYGONALFACE((1350,1342,1314));
#7478=IFCINDEXEDPOLYGONALFACE((1345,1344,1346));
#7479=IFCINDEXEDPOLYGONALFACE((1344,1345,103,1289));
#7480=IFCINDEXEDPOLYGONALFACE((1352,1348,1347));
#7481=IFCINDEXEDPOLYGONALFACE((1337,1294,1346));
#7482=IFCINDEXEDPOLYGONALFACE((1352,1347,1306));
#7483=IFCINDEXEDPOLYGONALFACE((1348,1349,99,1312));
#7484=IFCINDEXEDPOLYGONALFACE((1347,1348,1294));
#7485=IFCINDEXEDPOLYGONALFACE((1308,1343,1357));
#7486=IFCINDEXEDPOLYGONALFACE((70,1349,1352));
#7487=IFCINDEXEDPOLYGONALFACE((1357,1343,1350));
#7488=IFCINDEXEDPOLYGONALFACE((1286,1357,1351));
#7489=IFCINDEXEDPOLYGONALFACE((1350,1314,1351));
#7490=IFCINDEXEDPOLYGONALFACE((1354,95,1356));
#7491=IFCINDEXEDPOLYGONALFACE((78,1354,1355));
#7492=IFCINDEXEDPOLYGONALFACE((1355,1354,1353));
#7493=IFCINDEXEDPOLYGONALFACE((1356,1306,1354));
#7494=IFCINDEXEDPOLYGONALFACE((1353,1354,1306));
#7495=IFCINDEXEDPOLYGONALFACE((91,78,1355));
#7496=IFCINDEXEDPOLYGONALFACE((1277,1355,1353));
#7497=IFCINDEXEDPOLYGONALFACE((1306,1356,1352));
#7498=IFCINDEXEDPOLYGONALFACE((1356,95,70));
#7499=IFCINDEXEDPOLYGONALFACE((1351,1357,1350));
#7500=IFCINDEXEDPOLYGONALFACE((1365,1369,72));
#7501=IFCINDEXEDPOLYGONALFACE((1358,1359,1361));
#7502=IFCINDEXEDPOLYGONALFACE((1361,1371,1279));
#7503=IFCINDEXEDPOLYGONALFACE((1286,1359,1357));
#7504=IFCINDEXEDPOLYGONALFACE((1360,1361,1359));
#7505=IFCINDEXEDPOLYGONALFACE((1291,1361,1360));
#7506=IFCINDEXEDPOLYGONALFACE((1359,1286,1360));
#7507=IFCINDEXEDPOLYGONALFACE((1358,1361,1279));
#7508=IFCINDEXEDPOLYGONALFACE((1327,1362,462));
#7509=IFCINDEXEDPOLYGONALFACE((413,463,1362));
#7510=IFCINDEXEDPOLYGONALFACE((1330,1363,1320));
#7511=IFCINDEXEDPOLYGONALFACE((1363,1316,1328));
#7512=IFCINDEXEDPOLYGONALFACE((72,91,1365));
#7513=IFCINDEXEDPOLYGONALFACE((1355,1365,91));
#7514=IFCINDEXEDPOLYGONALFACE((77,86,1366));
#7515=IFCINDEXEDPOLYGONALFACE((1364,1369,1365));
#7516=IFCINDEXEDPOLYGONALFACE((1374,1368,1367));
#7517=IFCINDEXEDPOLYGONALFACE((1298,1366,1364));
#7518=IFCINDEXEDPOLYGONALFACE((1374,1367,1283));
#7519=IFCINDEXEDPOLYGONALFACE((1368,1370,84,77));
#7520=IFCINDEXEDPOLYGONALFACE((1367,1368,1298));
#7521=IFCINDEXEDPOLYGONALFACE((1369,86,72));
#7522=IFCINDEXEDPOLYGONALFACE((86,1369,1366));
#7523=IFCINDEXEDPOLYGONALFACE((1372,1381,1302));
#7524=IFCINDEXEDPOLYGONALFACE((64,1370,1374));
#7525=IFCINDEXEDPOLYGONALFACE((1382,1279,1371));
#7526=IFCINDEXEDPOLYGONALFACE((1382,1372,1279));
#7527=IFCINDEXEDPOLYGONALFACE((1287,1382,1373));
#7528=IFCINDEXEDPOLYGONALFACE((1371,1291,1373));
#7529=IFCINDEXEDPOLYGONALFACE((1283,1377,1374));
#7530=IFCINDEXEDPOLYGONALFACE((1377,1375,64));
#7531=IFCINDEXEDPOLYGONALFACE((1378,1376,1379));
#7532=IFCINDEXEDPOLYGONALFACE((1377,1283,1378));
#7533=IFCINDEXEDPOLYGONALFACE((1375,1377,1378));
#7534=IFCINDEXEDPOLYGONALFACE((1378,1329,1481,1375));
#7535=IFCINDEXEDPOLYGONALFACE((1376,1378,1283));
#7536=IFCINDEXEDPOLYGONALFACE((1381,1287,1380));
#7537=IFCINDEXEDPOLYGONALFACE((1379,1376,1302));
#7538=IFCINDEXEDPOLYGONALFACE((1379,1380,1474,1329));
#7539=IFCINDEXEDPOLYGONALFACE((1382,1287,1381));
#7540=IFCINDEXEDPOLYGONALFACE((1302,1381,1379));
#7541=IFCINDEXEDPOLYGONALFACE((1373,1382,1371));
#7542=IFCINDEXEDPOLYGONALFACE((1372,1382,1381));
#7543=IFCINDEXEDPOLYGONALFACE((1383,1281,1332));
#7544=IFCINDEXEDPOLYGONALFACE((1384,1385,1383));
#7545=IFCINDEXEDPOLYGONALFACE((63,1385,1384));
#7546=IFCINDEXEDPOLYGONALFACE((1383,1333,81,1384));
#7547=IFCINDEXEDPOLYGONALFACE((1387,1386,1281));
#7548=IFCINDEXEDPOLYGONALFACE((1385,63,1387));
#7549=IFCINDEXEDPOLYGONALFACE((1281,1385,1387));
#7550=IFCINDEXEDPOLYGONALFACE((1387,1389,1388));
#7551=IFCINDEXEDPOLYGONALFACE((1388,1304,1386));
#7552=IFCINDEXEDPOLYGONALFACE((132,1392,1391));
#7553=IFCINDEXEDPOLYGONALFACE((1388,1389,130,123));
#7554=IFCINDEXEDPOLYGONALFACE((1387,63,1389));
#7555=IFCINDEXEDPOLYGONALFACE((1391,123,132));
#7556=IFCINDEXEDPOLYGONALFACE((1393,1392,118));
#7557=IFCINDEXEDPOLYGONALFACE((1304,1391,1390));
#7558=IFCINDEXEDPOLYGONALFACE((1285,1390,1393));
#7559=IFCINDEXEDPOLYGONALFACE((1392,132,118));
#7560=IFCINDEXEDPOLYGONALFACE((1392,1393,1390));
#7561=IFCINDEXEDPOLYGONALFACE((1395,1393,137));
#7562=IFCINDEXEDPOLYGONALFACE((124,1396,1395));
#7563=IFCINDEXEDPOLYGONALFACE((124,1395,137));
#7564=IFCINDEXEDPOLYGONALFACE((1395,1394,1285));
#7565=IFCINDEXEDPOLYGONALFACE((1394,1395,1396));
#7566=IFCINDEXEDPOLYGONALFACE((1396,1301,1394));
#7567=IFCINDEXEDPOLYGONALFACE((141,1397,1396));
#7568=IFCINDEXEDPOLYGONALFACE((116,1397,141));
#7569=IFCINDEXEDPOLYGONALFACE((1396,124,141));
#7570=IFCINDEXEDPOLYGONALFACE((1405,1403,1404));
#7571=IFCINDEXEDPOLYGONALFACE((1301,1397,1399));
#7572=IFCINDEXEDPOLYGONALFACE((1398,1399,1400));
#7573=IFCINDEXEDPOLYGONALFACE((1399,1401,1400));
#7574=IFCINDEXEDPOLYGONALFACE((1400,1275,1398));
#7575=IFCINDEXEDPOLYGONALFACE((1402,1405,1404));
#7576=IFCINDEXEDPOLYGONALFACE((1400,1401,145,1292));
#7577=IFCINDEXEDPOLYGONALFACE((1399,116,1401));
#7578=IFCINDEXEDPOLYGONALFACE((1404,1292,117,1402));
#7579=IFCINDEXEDPOLYGONALFACE((1406,1405,1288));
#7580=IFCINDEXEDPOLYGONALFACE((1275,1404,1403));
#7581=IFCINDEXEDPOLYGONALFACE((1300,1403,1406));
#7582=IFCINDEXEDPOLYGONALFACE((1405,1402,149,1288));
#7583=IFCINDEXEDPOLYGONALFACE((1405,1406,1403));
#7584=IFCINDEXEDPOLYGONALFACE((1409,1406,1407));
#7585=IFCINDEXEDPOLYGONALFACE((1336,1410,1409));
#7586=IFCINDEXEDPOLYGONALFACE((1409,1407,126,1336));
#7587=IFCINDEXEDPOLYGONALFACE((1409,1408,1300));
#7588=IFCINDEXEDPOLYGONALFACE((1408,1409,1410));
#7589=IFCINDEXEDPOLYGONALFACE((1408,1412,1282));
#7590=IFCINDEXEDPOLYGONALFACE((1411,1412,1410));
#7591=IFCINDEXEDPOLYGONALFACE((110,1412,1411));
#7592=IFCINDEXEDPOLYGONALFACE((1410,1336,127,1411));
#7593=IFCINDEXEDPOLYGONALFACE((1418,1419,1297));
#7594=IFCINDEXEDPOLYGONALFACE((1282,1412,1414));
#7595=IFCINDEXEDPOLYGONALFACE((1413,1414,1415));
#7596=IFCINDEXEDPOLYGONALFACE((1414,1416,1415));
#7597=IFCINDEXEDPOLYGONALFACE((1415,1297,1413));
#7598=IFCINDEXEDPOLYGONALFACE((177,1419,1418));
#7599=IFCINDEXEDPOLYGONALFACE((1415,1416,175,168));
#7600=IFCINDEXEDPOLYGONALFACE((1414,110,1416));
#7601=IFCINDEXEDPOLYGONALFACE((1418,168,177));
#7602=IFCINDEXEDPOLYGONALFACE((1420,1419,163));
#7603=IFCINDEXEDPOLYGONALFACE((1417,1297,1419));
#7604=IFCINDEXEDPOLYGONALFACE((1278,1417,1420));
#7605=IFCINDEXEDPOLYGONALFACE((1419,177,163));
#7606=IFCINDEXEDPOLYGONALFACE((1419,1420,1417));
#7607=IFCINDEXEDPOLYGONALFACE((182,169,1422));
#7608=IFCINDEXEDPOLYGONALFACE((186,1424,1423));
#7609=IFCINDEXEDPOLYGONALFACE((1422,1423,1421));
#7610=IFCINDEXEDPOLYGONALFACE((182,1422,1420));
#7611=IFCINDEXEDPOLYGONALFACE((1278,1422,1421));
#7612=IFCINDEXEDPOLYGONALFACE((1309,1421,1424));
#7613=IFCINDEXEDPOLYGONALFACE((1424,1421,1423));
#7614=IFCINDEXEDPOLYGONALFACE((161,1424,186));
#7615=IFCINDEXEDPOLYGONALFACE((1423,169,186));
#7616=IFCINDEXEDPOLYGONALFACE((1426,1428,1427));
#7617=IFCINDEXEDPOLYGONALFACE((1424,1426,1309));
#7618=IFCINDEXEDPOLYGONALFACE((1431,1429,194,1313));
#7619=IFCINDEXEDPOLYGONALFACE((1425,1426,1427));
#7620=IFCINDEXEDPOLYGONALFACE((1425,1427,1299));
#7621=IFCINDEXEDPOLYGONALFACE((1431,1430,1433));
#7622=IFCINDEXEDPOLYGONALFACE((1427,1428,190,1315));
#7623=IFCINDEXEDPOLYGONALFACE((1426,161,1428));
#7624=IFCINDEXEDPOLYGONALFACE((1433,1430,1299));
#7625=IFCINDEXEDPOLYGONALFACE((1432,1431,1313));
#7626=IFCINDEXEDPOLYGONALFACE((1318,1430,1432));
#7627=IFCINDEXEDPOLYGONALFACE((1431,1432,1430));
#7628=IFCINDEXEDPOLYGONALFACE((1276,1434,1438));
#7629=IFCINDEXEDPOLYGONALFACE((1433,1315,162,1429));
#7630=IFCINDEXEDPOLYGONALFACE((1315,1433,1427));
#7631=IFCINDEXEDPOLYGONALFACE((1441,1437,1438));
#7632=IFCINDEXEDPOLYGONALFACE((1318,1432,1436));
#7633=IFCINDEXEDPOLYGONALFACE((1432,1313,1435));
#7634=IFCINDEXEDPOLYGONALFACE((1436,1435,171,1319));
#7635=IFCINDEXEDPOLYGONALFACE((1,1438,1437));
#7636=IFCINDEXEDPOLYGONALFACE((1438,1434,1441));
#7637=IFCINDEXEDPOLYGONALFACE((1440,1442,1443));
#7638=IFCINDEXEDPOLYGONALFACE((1438,1440,1276));
#7639=IFCINDEXEDPOLYGONALFACE((10,1445,24));
#7640=IFCINDEXEDPOLYGONALFACE((1439,1440,1443));
#7641=IFCINDEXEDPOLYGONALFACE((1441,1319,172,1437));
#7642=IFCINDEXEDPOLYGONALFACE((1319,1441,1436));
#7643=IFCINDEXEDPOLYGONALFACE((1439,1443,1317));
#7644=IFCINDEXEDPOLYGONALFACE((1440,1,1442));
#7645=IFCINDEXEDPOLYGONALFACE((1443,1442,22,15));
#7646=IFCINDEXEDPOLYGONALFACE((1447,24,1445));
#7647=IFCINDEXEDPOLYGONALFACE((1445,1317,1447));
#7648=IFCINDEXEDPOLYGONALFACE((1446,1445,10));
#7649=IFCINDEXEDPOLYGONALFACE((1295,1444,1446));
#7650=IFCINDEXEDPOLYGONALFACE((1445,1446,1444));
#7651=IFCINDEXEDPOLYGONALFACE((1449,1295,1446));
#7652=IFCINDEXEDPOLYGONALFACE((1447,15,24));
#7653=IFCINDEXEDPOLYGONALFACE((15,1447,1443));
#7654=IFCINDEXEDPOLYGONALFACE((1453,33,1450));
#7655=IFCINDEXEDPOLYGONALFACE((1446,10,29));
#7656=IFCINDEXEDPOLYGONALFACE((1295,1449,1448));
#7657=IFCINDEXEDPOLYGONALFACE((16,1449,29));
#7658=IFCINDEXEDPOLYGONALFACE((8,1450,33));
#7659=IFCINDEXEDPOLYGONALFACE((1450,1448,1453));
#7660=IFCINDEXEDPOLYGONALFACE((1452,1454,1455));
#7661=IFCINDEXEDPOLYGONALFACE((1458,1456,41,1290));
#7662=IFCINDEXEDPOLYGONALFACE((8,1452,1450));
#7663=IFCINDEXEDPOLYGONALFACE((1451,1452,1455));
#7664=IFCINDEXEDPOLYGONALFACE((1453,16,33));
#7665=IFCINDEXEDPOLYGONALFACE((16,1453,1449));
#7666=IFCINDEXEDPOLYGONALFACE((1451,1455,1280));
#7667=IFCINDEXEDPOLYGONALFACE((1452,8,1454));
#7668=IFCINDEXEDPOLYGONALFACE((1455,1454,37,1293));
#7669=IFCINDEXEDPOLYGONALFACE((1460,1293,9,1456,1458));
#7670=IFCINDEXEDPOLYGONALFACE((1458,1280,1460));
#7671=IFCINDEXEDPOLYGONALFACE((1459,1458,1290));
#7672=IFCINDEXEDPOLYGONALFACE((1303,1457,1459));
#7673=IFCINDEXEDPOLYGONALFACE((1458,1459,1457));
#7674=IFCINDEXEDPOLYGONALFACE((1463,1303,1459));
#7675=IFCINDEXEDPOLYGONALFACE((1293,1460,1455));
#7676=IFCINDEXEDPOLYGONALFACE((1468,1464,1465));
#7677=IFCINDEXEDPOLYGONALFACE((1459,1290,1461));
#7678=IFCINDEXEDPOLYGONALFACE((1303,1463,1462));
#7679=IFCINDEXEDPOLYGONALFACE((1463,1461,18,1311));
#7680=IFCINDEXEDPOLYGONALFACE((6,1465,1464));
#7681=IFCINDEXEDPOLYGONALFACE((1465,1462,1468));
#7682=IFCINDEXEDPOLYGONALFACE((1467,6,1323));
#7683=IFCINDEXEDPOLYGONALFACE((1465,1467,1284));
#7684=IFCINDEXEDPOLYGONALFACE((1466,1469,1321));
#7685=IFCINDEXEDPOLYGONALFACE((1469,1466,1467));
#7686=IFCINDEXEDPOLYGONALFACE((1468,1311,19,1464));
#7687=IFCINDEXEDPOLYGONALFACE((1311,1468,1463));
#7688=IFCINDEXEDPOLYGONALFACE((1470,1321,1469));
#7689=IFCINDEXEDPOLYGONALFACE((1323,1469,1467));
#7690=IFCINDEXEDPOLYGONALFACE((1470,1324,1321));
#7691=IFCINDEXEDPOLYGONALFACE((1471,1324,1470));
#7692=IFCINDEXEDPOLYGONALFACE((1326,1471,1470));
#7693=IFCINDEXEDPOLYGONALFACE((1324,1471,414));
#7694=IFCINDEXEDPOLYGONALFACE((1330,1320,1498));
#7695=IFCINDEXEDPOLYGONALFACE((1314,1488,1490));
#7696=IFCINDEXEDPOLYGONALFACE((1500,64,1375,1481));
#7697=IFCINDEXEDPOLYGONALFACE((1482,1483,1487));
#7698=IFCINDEXEDPOLYGONALFACE((1499,1474,1497));
#7699=IFCINDEXEDPOLYGONALFACE((1472,64,1500));
#7700=IFCINDEXEDPOLYGONALFACE((1473,1495,1494));
#7701=IFCINDEXEDPOLYGONALFACE((1286,1351,1491));
#7702=IFCINDEXEDPOLYGONALFACE((1493,1491,1478));
#7703=IFCINDEXEDPOLYGONALFACE((1495,1473,1496));
#7704=IFCINDEXEDPOLYGONALFACE((1497,1476,1499));
#7705=IFCINDEXEDPOLYGONALFACE((1497,1496,1477));
#7706=IFCINDEXEDPOLYGONALFACE((1491,1493,1286));
#7707=IFCINDEXEDPOLYGONALFACE((1488,1341,1486));
#7708=IFCINDEXEDPOLYGONALFACE((1485,1310,1330));
#7709=IFCINDEXEDPOLYGONALFACE((1498,1485,1330));
#7710=IFCINDEXEDPOLYGONALFACE((1500,1480,400));
#7711=IFCINDEXEDPOLYGONALFACE((1501,1500,1481));
#7712=IFCINDEXEDPOLYGONALFACE((1487,1327,462));
#7713=IFCINDEXEDPOLYGONALFACE((1487,461,401));
#7714=IFCINDEXEDPOLYGONALFACE((1327,1487,1483));
#7715=IFCINDEXEDPOLYGONALFACE((1310,1485,1486));
#7716=IFCINDEXEDPOLYGONALFACE((1485,1484,1486));
#7717=IFCINDEXEDPOLYGONALFACE((1498,1479,1485));
#7718=IFCINDEXEDPOLYGONALFACE((1484,1485,1479));
#7719=IFCINDEXEDPOLYGONALFACE((1488,1314,1341));
#7720=IFCINDEXEDPOLYGONALFACE((1486,1484,1475));
#7721=IFCINDEXEDPOLYGONALFACE((1341,1310,1486));
#7722=IFCINDEXEDPOLYGONALFACE((1482,1487,401));
#7723=IFCINDEXEDPOLYGONALFACE((462,461,1487));
#7724=IFCINDEXEDPOLYGONALFACE((1489,1491,1490));
#7725=IFCINDEXEDPOLYGONALFACE((1475,1488,1486));
#7726=IFCINDEXEDPOLYGONALFACE((1488,1489,1490));
#7727=IFCINDEXEDPOLYGONALFACE((1488,1475,1489));
#7728=IFCINDEXEDPOLYGONALFACE((1351,1490,1491));
#7729=IFCINDEXEDPOLYGONALFACE((1351,1314,1490));
#7730=IFCINDEXEDPOLYGONALFACE((1360,1493,1494));
#7731=IFCINDEXEDPOLYGONALFACE((1489,1478,1491));
#7732=IFCINDEXEDPOLYGONALFACE((1494,1492,1473));
#7733=IFCINDEXEDPOLYGONALFACE((1494,1291,1360));
#7734=IFCINDEXEDPOLYGONALFACE((1493,1478,1492));
#7735=IFCINDEXEDPOLYGONALFACE((1360,1286,1493));
#7736=IFCINDEXEDPOLYGONALFACE((1495,1291,1494));
#7737=IFCINDEXEDPOLYGONALFACE((1492,1494,1493));
#7738=IFCINDEXEDPOLYGONALFACE((1287,1373,1496));
#7739=IFCINDEXEDPOLYGONALFACE((1373,1495,1496));
#7740=IFCINDEXEDPOLYGONALFACE((1373,1291,1495));
#7741=IFCINDEXEDPOLYGONALFACE((1287,1496,1497));
#7742=IFCINDEXEDPOLYGONALFACE((1473,1477,1496));
#7743=IFCINDEXEDPOLYGONALFACE((1497,1474,1380,1287));
#7744=IFCINDEXEDPOLYGONALFACE((1476,1497,1477));
#7745=IFCINDEXEDPOLYGONALFACE((1498,1483,1479));
#7746=IFCINDEXEDPOLYGONALFACE((1483,1498,1320));
#7747=IFCINDEXEDPOLYGONALFACE((1501,1481,1329,1474));
#7748=IFCINDEXEDPOLYGONALFACE((1499,1476,1480));
#7749=IFCINDEXEDPOLYGONALFACE((1472,1500,400));
#7750=IFCINDEXEDPOLYGONALFACE((1499,1480,1501));
#7751=IFCINDEXEDPOLYGONALFACE((1500,1501,1480));
#7752=IFCINDEXEDPOLYGONALFACE((1499,1501,1474));
#7753=IFCINDEXEDPOLYGONALFACE((1623,1621,1612));
#7754=IFCINDEXEDPOLYGONALFACE((1778,1776,1767));
#7755=IFCINDEXEDPOLYGONALFACE((1779,1748,1780));
#7756=IFCCARTESIANPOINTLIST3D(((0.84600000000001341,-0.24599999999999994,0.74920000000000131),(0.84458188354272534,-0.24905513950121572,0.74778188354271047),(0.84200000000001352,-0.25000000000000244,0.74520000000000142),(0.84200000000001352,-0.25000000000000244,0.34399999999999975),(0.84458188354272512,-0.24905513950121586,0.34141811645729286),(0.84600000000001352,-0.24600000000000241,0.33999999999999958),(0.84200000000001352,-0.25000000000000244,0.62333645300072749),(0.84600000000001341,-0.24600000000000119,0.54460000000000064),(0.84600000000001341,-0.24600000000000158,0.47966817819394919),(0.84600000000001352,-0.24600000000000058,0.64690000000000081),(0.84200000000001352,-0.25000000000000244,0.48366805026352094),(0.84200000000001352,-0.25000000000000244,0.55350225163212419),(0.84200000000001352,-0.25000000000000244,0.68426822650036434),(0.84200000000001352,-0.25000000000000244,0.58841935231642584),(0.84600000000001341,-0.24600000000000025,0.69805000000000128),(0.84600000000001341,-0.24600000000000088,0.59575000000000078),(0.84200000000001352,-0.25000000000000244,0.41383384889491776),(0.84600000000001352,-0.24600000000000202,0.40983408909697439),(0.84600000000001352,-0.24600000000000222,0.37491704454848696),(0.84200000000001352,-0.25000000000000244,0.71028325178938512),(0.84200000000001352,-0.25000000000000244,0.3789171006843014),(0.84600000000001341,-0.24600000000000019,0.7142829554515141),(0.84488228500534956,-0.24877352359788557,0.70616647772758001),(0.84600000000001341,-0.24600000000000041,0.67247500000000093),(0.84200000000001352,-0.25000000000000244,0.65380216351370335),(0.844967984487902,-0.24868161669141334,0.65968750000166254),(0.84486423640094133,-0.2487921586343928,0.63443011165652763),(0.84474112067392537,-0.24891311816634118,0.60814051137554326),(0.84600000000001341,-0.24600000000000072,0.6213250000000009),(0.84498190239766779,-0.24866613167170656,0.68293844019173255),(0.84200000000001352,-0.25000000000000244,0.72774162589469316),(0.84528400499414091,-0.24828370558491172,0.72739521807501606),(0.84600000000001341,-0.24600000000000102,0.57017500000000054),(0.84497309935645082,-0.24867594473350355,0.5829625000015568),(0.84493508331836265,-0.24871758825327941,0.55890362430250973),(0.84200000000001352,-0.25000000000000244,0.51858515094782265),(0.84600000000001341,-0.24600000000000141,0.51213408909697489),(0.84474238875227969,-0.24891192443780016,0.53305871902895052),(0.84474730821829902,-0.2489072835351501,0.50978093472163644),(0.84200000000001352,-0.25000000000000244,0.44875094957921935),(0.84600000000001352,-0.2460000000000018,0.44475113364546182),(0.84468769430364965,-0.24896248195441192,0.39637556681970554),(0.84490240397279714,-0.24875246274793747,0.42026688795784606),(0.84479997285331887,-0.24885659798024978,0.37373272778491423),(0.84487360693580049,-0.24878251382361535,0.48679093962097797),(0.84524408245106053,-0.24834007030894797,0.46220965592089397),(0.84497758823410563,-0.24867094895275238,0.44133989149421815),(0.84458188354272534,-0.24905513950121574,0.33858188354270713),(0.84200000000001352,-0.25000000000000244,0.33599999999999969),(0.84200000000001329,-0.25000000000000244,0.20800000000000035),(0.84482842712475947,-0.24882842712474884,0.20800000000000035),(0.84600000000001352,-0.24600000000000263,0.2080000000000001),(0.84600000000001352,-0.24600000000000252,0.27016591090303538),(0.8420000000000134,-0.25000000000000244,0.27199999999999991),(0.84200000000001352,-0.25000000000000244,0.30108295545144448),(0.84200000000001329,-0.25000000000000244,0.24291704454855556),(0.84600000000001352,-0.24600000000000258,0.24291704454848242),(0.84600000000001352,-0.24600000000000249,0.30508295545151748),(0.84482842712465056,-0.24882842712485775,0.25654147772700303),(0.8448907427323562,-0.24876470730013528,0.28654147772291355),(0.84488117809358043,-0.248774673457033,0.23227073886346786),(0.84476625038689379,-0.24888926613469553,0.31000118179538416),(0.84600000000001341,-0.24600000000000116,1.5676000000000074),(0.84600000000001341,-0.24600000000000177,1.9768000000000117),(0.84458188354271624,-0.2490551395012234,1.9753818835427348),(0.8420000000000134,-0.25000000000000244,1.9728000000000114),(0.8420000000000134,-0.25000000000000244,1.5716000000000072),(0.8445818835427199,-0.24905513950122021,1.5690181164572903),(0.8420000000000134,-0.25000000000000244,1.8509363655280158),(0.84600000000001341,-0.24600000000000147,1.7721999467576794),(0.84600000000001341,-0.24600000000000141,1.7072681562201886),(0.84600000000001341,-0.24600000000000163,1.8744999733788454),(0.8420000000000134,-0.25000000000000244,1.7112682015747263),(0.8420000000000134,-0.25000000000000244,1.7811023023620858),(0.8420000000000134,-0.25000000000000244,1.9118681827640138),(0.8420000000000134,-0.25000000000000244,1.8160193527557653),(0.84600000000001341,-0.24600000000000172,1.9256499866894285),(0.84600000000001341,-0.24600000000000158,1.8233499600682623),(0.8420000000000134,-0.25000000000000244,1.6414341007873665),(0.84600000000001341,-0.24600000000000127,1.6374340248677677),(0.84600000000001341,-0.24600000000000125,1.602517065676218),(0.8420000000000134,-0.25000000000000244,1.937882987227761),(0.8420000000000134,-0.25000000000000244,1.6065170503936868),(0.84600000000001341,-0.24600000000000175,1.9418829343238011),(0.84488228500833884,-0.24877352359477914,1.9337664777467771),(0.84600000000001341,-0.24600000000000166,1.9000750332764675),(0.8420000000000134,-0.25000000000000244,1.8814022741460148),(0.84496798449185395,-0.24868161668703917,1.8872875000167748),(0.84486423639817643,-0.24879215863722884,1.8620301117851419),(0.84474112069256235,-0.24891311814880449,1.8357405116229437),(0.84600000000001341,-0.24600000000000161,1.8489249134812233),(0.84498190238810167,-0.24866613168240548,1.9105384402050922),(0.8420000000000134,-0.25000000000000244,1.9553415124246007),(0.84528400498875933,-0.24828370559265048,1.954995218065837),(0.84600000000001341,-0.24600000000000155,1.7977750066553009),(0.84497309936174803,-0.248675944727618,1.8105625000133099),(0.84493508331848177,-0.24871758825315068,1.7865036244293668),(0.8420000000000134,-0.25000000000000244,1.7461852519684058),(0.84600000000001341,-0.24600000000000144,1.7397340514889339),(0.84474238874305851,-0.24891192444648441,1.7606587192296876),(0.84474730822735733,-0.2489072835265902,1.7373809351154654),(0.8420000000000134,-0.25000000000000244,1.6763511511810465),(0.84600000000001341,-0.24600000000000133,1.672351090543978),(0.84468769430516566,-0.24896248195303647,1.6239755667993139),(0.84490240397333127,-0.24875246274737414,1.647866887816253),(0.84479997285471231,-0.24885659797888385,1.6013327278383238),(0.84487360694229652,-0.24878251381690666,1.714390940014225),(0.84524408241418636,-0.24834007036006717,1.689809655930236),(0.84497758822614055,-0.24867094896163192,1.6689398914031965),(0.84600000000001341,-0.24600000000000055,1.1584000000000054),(0.84458188354272001,-0.24905513950122019,1.5661818835427248),(0.8420000000000134,-0.25000000000000244,1.5636000000000077),(0.84200000000001352,-0.25000000000000244,1.1624000000000057),(0.84458188354272445,-0.24905513950121647,1.1598181164572956),(0.84200000000001352,-0.25000000000000244,1.4417363753956696),(0.84600000000001341,-0.24600000000000086,1.3629998435137427),(0.84600000000001341,-0.2460000000000008,1.2980680591343756),(0.84600000000001341,-0.24600000000000102,1.4652999217568752),(0.84200000000001352,-0.25000000000000244,1.3020682418014013),(0.84200000000001352,-0.25000000000000244,1.3719023085985358),(0.8420000000000134,-0.25000000000000244,1.5026682418014023),(0.8420000000000134,-0.25000000000000244,1.4068193419971025),(0.84600000000001341,-0.24600000000000111,1.5164499608784412),(0.84600000000001341,-0.24600000000000097,1.4141498826353089),(0.84200000000001352,-0.25000000000000244,1.2322341750042671),(0.84600000000001341,-0.24600000000000066,1.2282338730809266),(0.84600000000001341,-0.24600000000000063,1.1933167800542024),(0.8420000000000134,-0.25000000000000244,1.5286829666014405),(0.84200000000001352,-0.25000000000000244,1.1973170333985728),(0.84600000000001341,-0.24600000000000113,1.532682906973283),(0.84488228500600548,-0.24877352359720395,1.5245664777322181),(0.84600000000001341,-0.24600000000000105,1.4908747848313946),(0.8420000000000134,-0.25000000000000244,1.4722023085985361),(0.84496798448881838,-0.24868161669039893,1.4780875000056544),(0.84486423639933761,-0.24879215863603787,1.4528301117015647),(0.84474112067985097,-0.24891311816076542,1.4265405114632681),(0.84600000000001341,-0.246000000000001,1.4397250586823556),(0.84498190239389204,-0.24866613167592946,1.5013384401948666),(0.84200000000001352,-0.25000000000000244,1.5461415374042879),(0.84528400499211465,-0.2482837055878255,1.5457952180718895),(0.84600000000001341,-0.24600000000000094,1.3885747065882619),(0.84497309935771292,-0.24867594473210106,1.4013625000049907),(0.84493508331774603,-0.24871758825394524,1.3773036243490053),(0.8420000000000134,-0.25000000000000244,1.3369852751999687),(0.84600000000001341,-0.24600000000000083,1.3305339513240593),(0.84474238874813401,-0.2489119244417046,1.3514587191038365),(0.8447473082209962,-0.24890728353260125,1.3281809348696538),(0.84200000000001352,-0.25000000000000244,1.2671512084028342),(0.84600000000001341,-0.24600000000000072,1.2631509661076512),(0.84468769430383539,-0.24896248195424339,1.214775566813713),(0.8449024039727201,-0.24875246274801852,1.2386668879029834),(0.84479997285372466,-0.24885659797985193,1.1921327278114959),(0.84487360693772062,-0.24878251382163236,1.3051909397698809),(0.84524408243652605,-0.24834007032909741,1.280609655923564),(0.84497758823051339,-0.24867094895675693,1.2597398914586226),(0.84458188354272445,-0.24905513950121647,1.1569818835427153),(0.84200000000001352,-0.25000000000000244,1.1544000000000054),(0.84200000000001352,-0.25000000000000244,0.7532000000000012),(0.84458188354272534,-0.24905513950121572,0.75061811645729215),(0.84200000000001352,-0.25000000000000244,1.0325362679824521),(0.84600000000001341,-0.24600000000000025,0.95380000000000342),(0.84600000000001341,-0.24600000000000016,0.88886817819401986),(0.84600000000001341,-0.24600000000000041,1.0561000000000047),(0.84200000000001352,-0.25000000000000244,0.89286813399122689),(0.84200000000001352,-0.25000000000000244,0.96270220098683956),(0.84200000000001352,-0.25000000000000244,1.0934681339912289),(0.84200000000001352,-0.25000000000000244,0.99761923448464584),(0.84600000000001341,-0.2460000000000005,1.107250000000005),(0.84600000000001341,-0.24600000000000036,1.004950000000004),(0.84200000000001352,-0.25000000000000244,0.82303406699561399),(0.84600000000001341,-0.24600000000000005,0.81903408909701059),(0.84600000000001341,-0.24600000000000002,0.78411704454850595),(0.84200000000001352,-0.25000000000000244,1.1194829665021988),(0.84200000000001352,-0.25000000000000244,0.78811703349780771),(0.84600000000001341,-0.24600000000000052,1.1234829554515009),(0.84488228500553053,-0.2487735235976975,1.1153664777288639),(0.84600000000001341,-0.24600000000000047,1.0816750000000046),(0.84200000000001352,-0.25000000000000244,1.0630023075770485),(0.84496798448816623,-0.24868161669112085,1.0688875000027978),(0.84486423640032837,-0.24879215863502138,1.0436301116718094),(0.84474112067587026,-0.24891311816451117,1.0173405114054495),(0.84600000000001341,-0.24600000000000039,1.0305250000000044),(0.84498190239634297,-0.24866613167318818,1.092138440192558),(0.8420000000000134,-0.25000000000000244,1.1369413766608942),(0.84528400499344092,-0.24828370558591834,1.1365952180739449),(0.84600000000001341,-0.24600000000000033,0.97937500000000355),(0.84497309935681197,-0.24867594473310223,0.99216250000256689),(0.84493508331807565,-0.24871758825358933,0.96810362431860475),(0.84200000000001352,-0.25000000000000244,0.92778516748903306),(0.84600000000001341,-0.24600000000000022,0.92133408909701142),(0.84474238875075169,-0.24891192443923921,0.94225871905512515),(0.84474730821916211,-0.2489072835343345,0.91898093477355158),(0.84200000000001352,-0.25000000000000244,0.85795110049342038),(0.84600000000001341,-0.24600000000000011,0.85395113364551523),(0.84468769430366242,-0.24896248195440035,0.80557556681789777),(0.84490240397274063,-0.24875246274799706,0.82946688793836676),(0.84479997285344843,-0.2488565979801228,0.78293272779532153),(0.84487360693641655,-0.24878251382297911,0.89599093967338783),(0.84524408244586879,-0.24834007031614547,0.8714096559216824),(0.84497758823276792,-0.24867094895424371,0.85053989148151377),(0.84200000000001329,-0.16000000000000258,0.75320000000000153),(0.84200000000001329,-0.16000000000000258,1.1544000000000056),(0.844581883542734,-0.16094486049879672,1.1569818835426966),(0.8460000000000133,-0.16400000000000256,1.1584000000000059),(0.8460000000000133,-0.16400000000000259,0.74920000000000164),(0.84458188354272412,-0.16094486049878839,0.75061811645729271),(0.84200000000001329,-0.16000000000000258,0.87506364360938593),(0.8460000000000133,-0.16400000000000256,0.95380002672101094),(0.8460000000000133,-0.16400000000000256,1.0187318604912712),(0.8460000000000133,-0.16400000000000259,0.85150004008151359),(0.84200000000001329,-0.16000000000000258,1.0147318218046957),(0.84200000000001329,-0.16000000000000258,0.94489773270704069),(0.84200000000001329,-0.16000000000000258,0.81413182180469368),(0.84200000000001329,-0.16000000000000258,0.90998068815821342),(0.8460000000000133,-0.16400000000000259,0.80035004676176469),(0.8460000000000133,-0.16400000000000259,0.90265003340126226),(0.84200000000001329,-0.16000000000000258,1.0845659109023507),(0.8460000000000133,-0.16400000000000256,1.0885659302456385),(0.8460000000000133,-0.16400000000000256,1.1234829651228222),(0.84200000000001329,-0.16000000000000258,0.78811704454882903),(0.84200000000001329,-0.16000000000000258,1.119482955451178),(0.8460000000000133,-0.16400000000000259,0.78411708831919957),(0.84488228500585583,-0.16122647640264579,0.79223352227950483),(0.8460000000000133,-0.16400000000000259,0.82592504342163908),(0.84200000000001329,-0.16000000000000258,0.84459773270703975),(0.8449679844891147,-0.16131838330993412,0.83871250000494035),(0.84486423639680774,-0.16120784136137228,0.86396988826197896),(0.84474112068388385,-0.16108688184303452,0.89025948846278169),(0.8460000000000133,-0.16400000000000259,0.87707503674138787),(0.84498190238910653,-0.16133386831872348,0.81546155981702084),(0.84200000000001329,-0.16000000000000258,0.77065852227441523),(0.84528400498933631,-0.16171629440818447,0.77100478193616706),(0.8460000000000133,-0.16400000000000256,0.92822503006113655),(0.84497309935750664,-0.16132405526767485,0.91543750000463808),(0.84493508331603862,-0.16128241174421601,0.93949637561550525),(0.84200000000001329,-0.16000000000000258,0.97981477725586819),(0.8460000000000133,-0.16400000000000256,0.98626594360614106),(0.84474238874303131,-0.16108807555349514,0.96534128082862003),(0.84474730822208544,-0.16109271646843309,0.98861906499508112),(0.84200000000001329,-0.16000000000000258,1.0496488663535231),(0.8460000000000133,-0.16400000000000256,1.0536488953684549),(0.84468769430290913,-0.16103751804492147,1.1020244331836948),(0.84490240397249805,-0.16124753725175245,1.0781331121303501),(0.84479997285372865,-0.16114340202015712,1.1246672721583251),(0.84487360693867719,-0.1612174861793608,1.0116090600937773),(0.8452440824213443,-0.16165992964986112,1.0361903440836042),(0.84497758822784219,-0.16132905104027043,1.0570601085729909),(0.84200000000001329,-0.16000000000000258,1.1624000000000059),(0.84200000000001329,-0.16000000000000258,1.5636000000000079),(0.844581883542738,-0.16094486049880011,1.5661818835426913),(0.8460000000000133,-0.1640000000000025,1.5676000000000077),(0.844581883542734,-0.16094486049879672,1.1598181164573149),(0.84200000000001329,-0.16000000000000258,1.2842636436115238),(0.8460000000000133,-0.1640000000000025,1.3630000000000069),(0.8460000000000133,-0.1640000000000025,1.4279318218059776),(0.8460000000000133,-0.1640000000000025,1.2607000000000064),(0.84200000000001329,-0.16000000000000258,1.4239318218057657),(0.84200000000001329,-0.16000000000000258,1.3540977327086448),(0.84200000000001329,-0.16000000000000258,1.2233318218057647),(0.84200000000001329,-0.16000000000000258,1.3191806881600843),(0.8460000000000133,-0.1640000000000025,1.2095500000000061),(0.8460000000000133,-0.1640000000000025,1.3118500000000066),(0.84200000000001329,-0.16000000000000258,1.4937659109028867),(0.8460000000000133,-0.1640000000000025,1.4977659109029928),(0.8460000000000133,-0.1640000000000025,1.5326829554515002),(0.84200000000001329,-0.16000000000000258,1.1973170445485666),(0.84200000000001329,-0.16000000000000258,1.5286829554514474),(0.8460000000000133,-0.16400000000000256,1.1933170445485133),(0.84488228500545626,-0.16122647640223042,1.2014335222761885),(0.8460000000000133,-0.1640000000000025,1.2351250000000062),(0.84200000000001329,-0.16000000000000258,1.2537977327086443),(0.84496798448831134,-0.16131838330904494,1.2479125000018556),(0.84486423639934949,-0.16120784136397953,1.273169888313884),(0.84474112067740925,-0.16108688183694217,1.2994594885656983),(0.8460000000000133,-0.1640000000000025,1.2862750000000065),(0.84498190239449333,-0.16133386832474836,1.2246615598125481),(0.84200000000001329,-0.16000000000000258,1.1798585222742861),(0.84528400499238088,-0.16171629441256247,1.1802047819291961),(0.8460000000000133,-0.1640000000000025,1.3374250000000065),(0.84497309935672282,-0.16132405526680396,1.3246375000017798),(0.84493508331739275,-0.16128241174567837,1.348696375666897),(0.84200000000001329,-0.16000000000000258,1.3890147772572055),(0.8460000000000133,-0.1640000000000025,1.3954659109029923),(0.84474238874863672,-0.16108807555877414,1.3745412809165503),(0.84474730821959809,-0.1610927164660827,1.3978190651695035),(0.84200000000001329,-0.16000000000000258,1.4588488663543262),(0.8460000000000133,-0.1640000000000025,1.462848866354485),(0.8446876943032029,-0.16103751804518796,1.5112244331800335),(0.84490240397268279,-0.16124753725194726,1.4873331120761755),(0.84479997285346276,-0.16114340201989658,1.5338672721886726),(0.84487360693684954,-0.16121748617747331,1.4208090602687069),(0.84524408243936422,-0.16165992967484241,1.4453903440817264),(0.84497758823156532,-0.16132905104442083,1.4662601085323188),(0.84200000000001329,-0.16000000000000258,1.5716000000000077),(0.8420000000000134,-0.16000000000000258,1.9728000000000114),(0.84458188354274144,-0.16094486049880302,1.9753818835426888),(0.84600000000001341,-0.16400000000000248,1.9768000000000117),(0.844581883542738,-0.16094486049880014,1.5690181164573243),(0.84200000000001329,-0.16000000000000258,1.693463643611955),(0.84600000000001341,-0.1640000000000025,1.7722000000000098),(0.84600000000001341,-0.16400000000000248,1.8371318218060673),(0.84600000000001341,-0.1640000000000025,1.6699000000000088),(0.84200000000001329,-0.16000000000000258,1.8331318218059833),(0.84200000000001329,-0.16000000000000258,1.7632977327089692),(0.84200000000001329,-0.16000000000000258,1.6325318218059814),(0.8420000000000134,-0.16000000000000258,1.7283806881604624),(0.8460000000000133,-0.1640000000000025,1.6187500000000083),(0.8460000000000133,-0.1640000000000025,1.7210500000000091),(0.8420000000000134,-0.16000000000000258,1.9029659109029975),(0.84600000000001341,-0.16400000000000248,1.9069659109030395),(0.84600000000001341,-0.16400000000000248,1.9418829554515256),(0.84200000000001329,-0.16000000000000258,1.6065170445485146),(0.8420000000000134,-0.16000000000000258,1.9378829554515045),(0.8460000000000133,-0.1640000000000025,1.6025170445484938),(0.84488228500530993,-0.16122647640207841,1.6106335222752601),(0.84600000000001341,-0.1640000000000025,1.6443250000000085),(0.84200000000001329,-0.16000000000000258,1.6629977327089682),(0.84496798448799704,-0.16131838330869708,1.6571125000009803),(0.84486423640043284,-0.16120784136509098,1.682369888335798),(0.84474112067474671,-0.16108688183443687,1.708659488609064),(0.84600000000001341,-0.1640000000000025,1.6954750000000089),(0.84498190239669291,-0.16133386832720831,1.633861559811135),(0.84200000000001329,-0.16000000000000258,1.5890585222742613),(0.84528400499358458,-0.1617162944142935,1.5894047819266797),(0.8460000000000133,-0.1640000000000025,1.7466250000000096),(0.84497309935641129,-0.16132405526645782,1.7338375000009512),(0.84493508331800526,-0.16128241174633989,1.7578963756895407),(0.84200000000001329,-0.16000000000000258,1.7982147772574761),(0.84600000000001341,-0.1640000000000025,1.8046659109030383),(0.84474238875112562,-0.16108807556111812,1.7837412809552888),(0.84474730821854782,-0.16109271646509013,1.8070190652466325),(0.8420000000000134,-0.16000000000000258,1.8680488663544901),(0.84600000000001341,-0.16400000000000248,1.8720488663545534),(0.84468769430337798,-0.16103751804534686,1.9204244331788285),(0.84490240397278349,-0.16124753725205346,1.8965331120503801),(0.8447999728533343,-0.16114340201977059,1.9430672722051565),(0.84487360693606217,-0.16121748617666015,1.8300090603466039),(0.84524408244741012,-0.16165992968599646,1.8545903440811196),(0.84497758823342173,-0.16132905104649026,1.8754601085136307),(0.84600000000001341,-0.16400000000000245,2.3710000000000155),(0.84458188354274144,-0.16094486049880302,1.9782181164573345),(0.8420000000000134,-0.16000000000000258,1.9808000000000119),(0.84200000000001329,-0.16000000000000258,2.3710000000000155),(0.84482842712475792,-0.16117157287525471,2.3710000000000155),(0.84200000000001329,-0.16000000000000258,2.2313318218060574),(0.84600000000001341,-0.16400000000000245,2.1739000000000135),(0.84600000000001341,-0.16400000000000245,2.2724500000000147),(0.84600000000001341,-0.16400000000000245,2.3360829554515368),(0.84600000000001341,-0.16400000000000245,2.2231750000000146),(0.84200000000001329,-0.16000000000000258,2.1060659109030344),(0.84200000000001329,-0.16000000000000258,2.3011659109030367),(0.84200000000001329,-0.16000000000000258,2.1686988663545463),(0.84600000000001341,-0.16400000000000245,2.0753500000000122),(0.84600000000001341,-0.16400000000000248,2.1246250000000129),(0.8420000000000134,-0.16000000000000258,2.0434329554515229),(0.84600000000001341,-0.16400000000000248,2.0260750000000121),(0.8420000000000134,-0.16000000000000258,2.0121164777257676),(0.84200000000001329,-0.16000000000000258,2.3360829554515261),(0.84600000000001341,-0.16400000000000248,1.9942585222742513),(0.84600000000001341,-0.16400000000000245,2.3042664777257755),(0.84482842712474804,-0.16117157287524472,2.320174716589233),(0.84482842712477024,-0.16117157287526696,2.3438340040646484),(0.84486709919659497,-0.16121078107762279,2.2970660452142098),(0.84200000000001329,-0.16000000000000258,2.2662488663545468),(0.84600000000001341,-0.16400000000000245,2.2478125000000144),(0.84495259590717597,-0.16130144901678831,2.2601312500005832),(0.8449560097280483,-0.16130518896993704,2.2360059240652186),(0.84200000000001329,-0.16000000000000258,2.2000153440803021),(0.84486738016207441,-0.16121106991729717,2.2108332070498999),(0.84470550868384597,-0.16105377822258893,2.1848837380735948),(0.84600000000001341,-0.16400000000000245,2.1985375000000142),(0.84600000000001341,-0.16400000000000245,2.1492625000000132),(0.84200000000001329,-0.16000000000000258,2.1373823886287906),(0.84499175983280383,-0.16134493444470993,2.1369437500005986),(0.84494100269402062,-0.16128881886370011,2.1125592479152999),(0.84200000000001329,-0.16000000000000258,2.0747494331772791),(0.84600000000001341,-0.16400000000000248,2.099987500000013),(0.84496060795148509,-0.16131024154287638,2.1609817367595694),(0.84600000000001341,-0.16400000000000248,2.0507125000000124),(0.84484442582629382,-0.16118766258802852,2.063031250000634),(0.8449062483462505,-0.16125159672719233,2.0877925316241188),(0.84496532109630262,-0.16131543843507215,2.0383937500006204),(0.84496788404015843,-0.16131827213829616,2.0144824686912783),(0.07900000000002752,-0.16000000000000303,1.5716000000000077),(0.079000000000027451,-0.16000000000000303,1.9728000000000117),(0.07900000000002752,-0.16000000000000303,1.1624000000000057),(0.079000000000027451,-0.16000000000000303,1.5636000000000079),(0.07900000000002759,-0.16000000000000303,0.75320000000000153),(0.07900000000002759,-0.16000000000000303,1.1544000000000059),(0.07900000000002759,-0.16000000000000303,0.74520000000000164),(0.84200000000001329,-0.16000000000000303,0.74520000000000164),(0.84200000000001329,-0.16000000000000303,0.33999999999999986),(0.07900000000002759,-0.16000000000000303,0.33999999999999986),(1.0560000000000123,-0.16000000000000303,0.33999999999999986),(0.8500000000000133,-0.16000000000000303,0.33999999999999986),(0.8500000000000133,-0.16000000000000303,2.3710000000000155),(1.0560000000000125,-0.16000000000000303,2.3710000000000155),(0.049000000000031026,-0.25000000000000261,2.4010000000000176),(0.049000000000031158,-0.25000000000000261,1.9808000000000112),(0.84200000000001352,-0.25000000000000261,1.9808000000000112),(0.8420000000000134,-0.25000000000000261,2.4010000000000176),(0.049000000000030887,-0.25000000000000261,1.9728000000000114),(0.049000000000030887,-0.25000000000000261,1.5716000000000074),(0.049000000000030887,-0.25000000000000261,1.5636000000000077),(0.049000000000030887,-0.25000000000000261,1.1624000000000057),(0.049000000000030887,-0.25000000000000261,1.1544000000000054),(0.049000000000030887,-0.25000000000000261,0.7532000000000012),(0.049000000000031158,-0.25000000000000261,0.34399999999999975),(0.049000000000031026,-0.25000000000000261,0.74520000000000142),(0.049000000000031026,-0.25000000000000261,0.20800000000000035),(0.049000000000031026,-0.25000000000000261,0.33599999999999941),(1.0860000000000127,-0.25000000000000261,2.4010000000000176),(0.8500000000000133,-0.25000000000000261,2.4010000000000176),(0.8500000000000133,-0.25000000000000261,0.2080000000000001),(1.0860000000000127,-0.25000000000000261,0.20800000000000035),(1.0860000000000127,-0.23000000000000295,0.20800000000000035),(1.0860000000000127,-0.23000000000000295,2.4010000000000176),(0.049000000000031095,-0.23000000000000628,0.20800000000000046),(0.049000000000031095,-0.23000000000000628,2.4010000000000176),(0.064000000000027271,-0.23000000000000623,2.3860000000000161),(0.064000000000027146,-0.23000000000000623,0.22000000000000033),(1.0710000000000126,-0.23000000000000298,0.22000000000000033),(1.0710000000000126,-0.23000000000000298,2.3860000000000161),(1.0710000000000124,-0.18000000000000302,0.22000000000000033),(1.0710000000000126,-0.18000000000000302,2.3860000000000157),(0.064000000000027341,-0.18000000000000968,0.22000000000000039),(0.064000000000027618,-0.18000000000000968,2.3860000000000157),(0.079000000000027451,-0.18000000000000957,2.371000000000016),(0.079000000000027451,-0.18000000000000957,0.33999999999999991),(1.0560000000000125,-0.1800000000000031,0.33999999999999991),(1.0560000000000125,-0.1800000000000031,2.371000000000016),(0.07900000000002752,-0.16000000000000303,1.9808000000000117),(0.079000000000027451,-0.16000000000000303,2.3710000000000155),(0.07900000000002752,-0.1611715728752976,1.9779715728752636),(0.07900000000002752,-0.16400000000004697,1.9768000000000117),(0.07900000000002752,-0.16117157287529757,1.9756284271247597),(0.07900000000002752,-0.16117157287528941,1.5687715728752596),(0.07900000000002752,-0.16400000000003873,1.5676000000000077),(0.07900000000002752,-0.16117157287528916,1.5664284271247555),(0.07900000000002752,-0.16117157287527972,1.1595715728752578),(0.07900000000002752,-0.16400000000002901,1.1584000000000059),(0.07900000000002752,-0.16117157287527956,1.1572284271247535),(0.07900000000002759,-0.16117157287525616,0.75037157287525347),(0.07900000000002752,-0.16400000000000545,0.74920000000000164),(0.07900000000002759,-0.16117157287525594,0.74802842712474937),(0.049000000000031026,-0.24882842712474532,0.33882842712474553),(0.049000000000031026,-0.24599999999999977,0.33999999999999986),(0.049000000000031026,-0.24882842712474521,0.3411715728752539),(0.049000000000031026,-0.24882842712474745,0.74802842712474749),(0.049000000000031026,-0.24600000000000119,0.74920000000000131),(0.049000000000031026,-0.24882842712474751,0.75037157287525513),(0.049000000000031026,-0.24882842712474915,1.1572284271247517),(0.049000000000031026,-0.24600000000000283,1.1584000000000054),(0.049000000000031026,-0.24882842712474906,1.1595715728752594),(0.049000000000031026,-0.24882842712475856,1.5664284271247539),(0.049000000000031026,-0.24600000000001226,1.5676000000000074),(0.049000000000031026,-0.24882842712475856,1.5687715728752614),(0.049000000000031026,-0.24882842712476744,1.9756284271247575),(0.049000000000031026,-0.2460000000000212,1.9768000000000114),(0.049000000000031026,-0.24882842712476747,1.9779715728752651),(0.84482842712475958,-0.24882842712474862,2.4010000000000176),(0.84600000000001341,-0.24600000000000241,2.4010000000000176),(0.84717157287526723,-0.24882842712474859,2.4010000000000176),(0.84717157287526346,-0.16117157287524947,2.3710000000000155),(0.84717157287526723,-0.24882842712474876,0.20800000000000035),(0.84482842712475936,-0.16117157287525638,0.33999999999999991),(0.84600000000001319,-0.16400000000000259,0.33999999999999991),(0.84717157287526701,-0.16117157287525635,0.33999999999999991),(0.8445818835427239,-0.16094486049878837,0.74778188354271047),(0.46250000000002045,-0.164000000000004,0.74920000000000164),(0.46050000000002039,-0.16000000000000478,0.74520000000000153),(0.70633182768128433,-0.16400000000000306,0.74920000000000164),(0.65125000000001687,-0.16000000000000447,0.74520000000000164),(0.74662500000001519,-0.16000000000000431,0.74520000000000164),(0.80708296149031955,-0.16000000000000422,0.74520000000000164),(0.69893750440810287,-0.16000000000000436,0.74520000000000164),(0.58441590602891524,-0.16400000000000353,0.74920000000000164),(0.77616591384064881,-0.16400000000000278,0.74920000000000164),(0.64537385904336264,-0.16400000000000328,0.74920000000000164),(0.55587500000001866,-0.16000000000000464,0.74520000000000164),(0.52345795301446785,-0.16400000000000375,0.74920000000000164),(0.50818750440810645,-0.16000000000000472,0.74520000000000164),(0.21866817231875679,-0.16400000000000492,0.74920000000000164),(0.26975000000002392,-0.16000000000000508,0.74520000000000153),(0.17437500000002568,-0.16000000000000525,0.74520000000000142),(0.36512500000002218,-0.16000000000000492,0.74520000000000153),(0.22206249559193786,-0.16000000000000519,0.74520000000000153),(0.34058409397112571,-0.16400000000000445,0.74920000000000164),(0.14883408615939217,-0.1640000000000052,0.74920000000000164),(0.27962614095667837,-0.16400000000000467,0.74920000000000164),(0.40154204698557311,-0.1640000000000042,0.74920000000000164),(0.24914714882598041,-0.16400000000000481,0.74920000000000164),(0.41281249559193434,-0.16000000000000483,0.74520000000000153),(0.11391704307970987,-0.16400000000000534,0.74920000000000164),(0.12668750440811347,-0.16000000000000533,0.74520000000000142),(0.1505312522040696,-0.16000000000000528,0.74520000000000153),(0.81108295692033106,-0.16400000000000264,0.74920000000000164),(0.096458519254874392,-0.16000000000000539,0.74520000000000142),(0.18375112923907444,-0.16400000000000506,0.74920000000000175),(0.16245312433938672,-0.16122015782217269,0.74807619148638482),(0.13750816244772907,-0.16118403689490279,0.74804083645969122),(0.1132148964227831,-0.16097770682232396,0.74782025646610195),(0.31743750440810992,-0.16000000000000503,0.74520000000000153),(0.18640933201604334,-0.16102268174140091,0.74787124989227705),(0.19821874779598181,-0.16000000000000519,0.74520000000000153),(0.60356249559193076,-0.16000000000000453,0.74520000000000164),(0.61489488253613889,-0.16400000000000339,0.74920000000000164),(0.62740624338788697,-0.1600000000000045,0.74520000000000164),(0.6393281211947105,-0.16105669601267081,0.74790868263887733),(0.67585285117406046,-0.16400000000000317,0.74920000000000175),(0.66488439155038381,-0.16109962210126152,0.74795459761934346),(0.69013954990671778,-0.16131584433570223,0.74816568851530363),(0.74124887076096646,-0.16400000000000292,0.74920000000000164),(0.72278125220405909,-0.16000000000000433,0.74520000000000164),(0.73470312102565372,-0.16106340594446325,0.7479159556979027),(0.77685398515325421,-0.16000000000000428,0.74520000000000164),(0.76147511669648715,-0.16116634641681743,0.74802319099079417),(0.79196846414606925,-0.16119531468784948,0.74805197130066081),(0.67509375661214688,-0.16000000000000444,0.74520000000000164),(0.71227150173074871,-0.16093539184676497,0.74777063744373007),(0.23390766690255474,-0.16127557385738589,0.74812873730358709),(0.25849926764066256,-0.16112843319472961,0.74798461919889392),(0.29359375661215387,-0.16000000000000505,0.74520000000000153),(0.31010511746390196,-0.16400000000000453,0.74920000000000175),(0.30551562336934018,-0.16104026605464947,0.74789072015875291),(0.33076053882120771,-0.1610829938777564,0.74793698287951782),(0.37106307047834941,-0.16400000000000434,0.74920000000000164),(0.35582357616514732,-0.16139982391326638,0.7482395862083453),(0.38896874779597823,-0.16000000000000492,0.74520000000000153),(0.40089062272297477,-0.16101854170978028,0.74786662829499351),(0.43202102349279681,-0.16400000000000411,0.74920000000000164),(0.42543996451476296,-0.16104547896494353,0.74789644311146908),(0.24590624338789394,-0.16000000000000511,0.74520000000000153),(0.28198823938786205,-0.16099095622651732,0.74783546116822919),(0.43665624338789044,-0.16000000000000481,0.74520000000000153),(0.34128125220406613,-0.16000000000000497,0.74520000000000153),(0.37813442426106258,-0.16094991459673116,0.74778785220457911),(0.21013658868376256,-0.16118640677982427,0.74804318363658784),(0.81523151732495913,-0.16111743516722063,0.74797323276787386),(0.59965539474371488,-0.16142270831900921,0.74825901415346219),(0.57971874779597476,-0.16000000000000458,0.74520000000000153),(0.5539369295216916,-0.16400000000000364,0.74920000000000164),(0.56779687160710524,-0.16122764905762205,0.74808341295209002),(0.53203125220406255,-0.16000000000000464,0.74520000000000164),(0.52010937192684392,-0.16102987331892257,0.74787924382957816),(0.49297897650724415,-0.16400000000000386,0.74920000000000164),(0.49600856622700318,-0.16102122448785178,0.7478696247766693),(0.48434375661215034,-0.16000000000000475,0.74520000000000153),(0.54400256821068627,-0.16101541179714746,0.74786312471720251),(0.45037100804226515,-0.16122147928934036,0.74807746809894027),(0.47310644592246875,-0.16094513593519214,0.74778220943099616),(0.46050000000002045,-0.16000000000000481,0.75320000000000165),(0.26975000000002408,-0.16000000000000511,0.75320000000000165),(0.17437500000002581,-0.16000000000000525,0.75320000000000165),(0.11391705490334142,-0.16000000000000536,0.75320000000000165),(0.22206251151164033,-0.16000000000000519,0.75320000000000176),(0.36512500000002229,-0.16000000000000494,0.75320000000000165),(0.41281251151163678,-0.16000000000000489,0.75320000000000165),(0.65125000000001698,-0.1600000000000045,0.75320000000000165),(0.74662500000001519,-0.16000000000000433,0.75320000000000165),(0.55587500000001877,-0.16000000000000464,0.75320000000000165),(0.69893748848840076,-0.16000000000000442,0.75320000000000165),(0.50818748848840423,-0.16000000000000472,0.75320000000000165),(0.79431251151162963,-0.16000000000000428,0.75320000000000165),(0.82454148405997185,-0.16000000000000419,0.75320000000000165),(0.31743748848840775,-0.16000000000000505,0.75320000000000153),(0.29359375575583124,-0.16000000000000508,0.75320000000000165),(0.30551562301484497,-0.16104026596741663,0.75050927993720462),(0.33076053852281628,-0.16108299378147903,0.75046301722309561),(0.38896875575582945,-0.16000000000000492,0.75320000000000165),(0.37704687237991413,-0.16105590303513972,0.75049217927819012),(0.35389733231656395,-0.16097176806672014,0.75058660922205944),(0.34128124424421502,-0.16000000000000497,0.75320000000000165),(0.6035625115116332,-0.16000000000000458,0.75320000000000165),(0.14414602745168362,-0.16000000000000533,0.75320000000000165),(0.12903153323301159,-0.16117157286890141,0.75037157288161316),(0.10494435078991741,-0.16117157286770728,0.75037157288280731),(0.1522287318369823,-0.16111240748941089,0.75043200262053056),(0.19821875575583303,-0.16000000000000522,0.75320000000000165),(0.21014062386438609,-0.1610954882911291,0.75044976151343334),(0.23628598308655513,-0.16113086248278286,0.75041287784493438),(0.26092862357381374,-0.16124016023526003,0.75030460978917823),(0.28312217280157226,-0.16093212069416243,0.75063326733671498),(0.24590624424421678,-0.16000000000000514,0.75320000000000165),(0.66061335018491485,-0.16133672738767335,0.75021554376939503),(0.62740624424420977,-0.16000000000000453,0.75320000000000165),(0.61548437029682668,-0.16101846104088385,0.75053346190065917),(0.59094409343066789,-0.16104498700783093,0.7505040960298861),(0.68571921912580913,-0.16108689425420886,0.75045886612625279),(0.57971875575582599,-0.16000000000000461,0.75320000000000165),(0.63821618316344031,-0.16094863924676361,0.75061365169523275),(0.6750937557558242,-0.16000000000000444,0.75320000000000165),(0.70938599941882108,-0.16106280958396091,0.7504846892516891),(0.72278124424420798,-0.16000000000000436,0.75320000000000165),(0.73470311955901257,-0.16106340596124333,0.75048404428395743),(0.7614751156307864,-0.16116634655877204,0.75037680886672842),(0.53203124424421155,-0.16000000000000472,0.75320000000000165),(0.54395312091200831,-0.16112478337416572,0.75041914952676514),(0.56751404434700736,-0.16146505561573565,0.75010580269396843),(0.785602307312252,-0.1611862575240719,0.75035696407354313),(0.77046875575582241,-0.16000000000000431,0.75320000000000165),(0.82121563518851937,-0.16127520107536175,0.75027160951711391),(0.44726050845172338,-0.16123558043447286,0.75030898210560815),(0.47192593598432497,-0.16112560404200052,0.75041830126063236),(0.48434375575582778,-0.16000000000000478,0.75320000000000165),(0.49626562132588625,-0.1610294405703436,0.75052123598000076),(0.52012408607930716,-0.16100984970189613,0.75054312190819517),(0.42293960521943008,-0.16114933680491708,0.75039398514826394),(0.40002432428180584,-0.16096288471958869,0.75059693819254047),(0.43665624424421323,-0.16000000000000483,0.75320000000000165),(0.17534168010676748,-0.16125018665672092,0.75029508578834314),(0.44749999894497616,-0.24600000000000058,0.74920000000000131),(0.44550000000002216,-0.25000000000000061,0.74520000000000142),(0.64375000000001781,-0.25000000000000033,0.74520000000000142),(0.64674999841744873,-0.24600000000000027,0.74920000000000131),(0.70633181974599135,-0.24600000000000019,0.74920000000000131),(0.74287500000001561,-0.25000000000000017,0.74520000000000142),(0.77616590987300227,-0.24600000000000008,0.74920000000000131),(0.69331250000001676,-0.25000000000000028,0.74520000000000142),(0.79243750000001456,-0.25000000000000011,0.74520000000000142),(0.3283363580468267,-0.25000000000000083,0.74520000000000142),(0.24824999947250362,-0.24600000000000088,0.74920000000000142),(0.34787499920873988,-0.24600000000000077,0.74920000000000131),(0.39768749907685802,-0.24600000000000066,0.74920000000000131),(0.18866817902342892,-0.25000000000000105,0.74520000000000142),(0.2585022685351277,-0.25000000000000094,0.74520000000000142),(0.38691817902342446,-0.25000000000000072,0.74520000000000142),(0.14862499973626728,-0.24600000000000105,0.74920000000000131),(0.1984374996043855,-0.246000000000001,0.74920000000000142),(0.11883408951172997,-0.25000000000000111,0.74520000000000142),(0.098812499868149231,-0.24600000000000113,0.74920000000000131),(0.54712499868121245,-0.24600000000000047,0.74920000000000131),(0.5446250000000199,-0.2500000000000005,0.74520000000000142),(0.49506250000002106,-0.25000000000000056,0.74520000000000142),(0.49731249881309436,-0.24600000000000052,0.74920000000000142),(0.083917044755880355,-0.25000000000000122,0.74520000000000142),(0.81108295493650784,-0.24600000000000002,0.74920000000000131),(0.80708295524416407,-0.25000000000000011,0.74520000000000142),(0.7997602279671282,-0.24874433231913448,0.74811009280301544),(0.083917045063536588,-0.24600000000000116,0.74920000000000131),(0.091364777418818613,-0.24882842717530843,0.7480284270741866),(0.59418750000001896,-0.25000000000000044,0.74520000000000142),(0.59693749854933065,-0.24600000000000036,0.74920000000000131),(0.62184374953843569,-0.24600000000000033,0.74920000000000131),(0.1237187508572543,-0.24600000000000111,0.74920000000000131),(0.15375113426757944,-0.25000000000000111,0.74520000000000142),(0.13617187976840817,-0.24898544916726592,0.74786215951244206),(0.76765625000001514,-0.25000000000000017,0.74520000000000142),(0.74124886480949692,-0.24600000000000016,0.74920000000000142),(0.61896875000001816,-0.25000000000000039,0.74520000000000142),(0.7552656256078899,-0.24878029996564677,0.74807574896349349),(0.29806249934062179,-0.24600000000000083,0.74920000000000131),(0.63429687647973232,-0.24875445070703761,0.74810051741979078),(0.67654090802667399,-0.24600000000000025,0.74920000000000131),(0.66853125000001723,-0.25000000000000028,0.74520000000000142),(0.60657812648625375,-0.24889495599042566,0.7479602952402794),(0.57203124756022539,-0.24600000000000039,0.74920000000000131),(0.56940625000001943,-0.25000000000000044,0.74520000000000142),(0.55701562678079453,-0.24888965450950487,0.74796584468394545),(0.5222187498021994,-0.2460000000000005,0.74920000000000131),(0.51984375000002059,-0.2500000000000005,0.74520000000000142),(0.50745312707532886,-0.24888420626094673,0.74797152561675462),(0.47240624782398916,-0.24600000000000055,0.74920000000000142),(0.47028125000002169,-0.25000000000000061,0.74520000000000142),(0.45789062736985081,-0.24887861042877457,0.74797733721383663),(0.42259375006596317,-0.24600000000000063,0.74920000000000131),(0.41620908951172325,-0.25000000000000072,0.74520000000000142),(0.43273080377792644,-0.24889463783635191,0.74796062887697201),(0.65922461227146367,-0.24875070588008019,0.74810406906965077),(0.58179661153697182,-0.2489155606113887,0.74793852265306116),(0.53223404336172175,-0.24891549114673692,0.74793859660653217),(0.72974168168634501,-0.24887260813709658,0.74798354495036368),(0.4826714706750877,-0.24891540613015081,0.74793868711179101),(0.71809375000001607,-0.25000000000000022,0.74520000000000142),(0.82241705529482478,-0.24855304501712616,0.74827927932161675),(0.066458522377955756,-0.25000000000000122,0.74520000000000142),(0.066458522531783804,-0.24600000000000119,0.74920000000000131),(0.16033499610819976,-0.24872230479279045,0.74813070923415548),(0.17353124861528035,-0.24600000000000102,0.74920000000000131),(0.18598437943892598,-0.24865939095908318,0.74818791561573639),(0.22358522377927831,-0.25000000000000094,0.74520000000000142),(0.2116068780882249,-0.24879494309376396,0.74806151936960685),(0.23715552772031984,-0.24889547625527667,0.74795974949137467),(0.22334375059349057,-0.24600000000000097,0.74920000000000131),(0.27315624835151653,-0.24600000000000086,0.74920000000000131),(0.2934193132909772,-0.25000000000000089,0.74520000000000142),(0.28560937878324488,-0.24872194952593821,0.74813103919766655),(0.31257607477559013,-0.24887006291315089,0.74798616921140271),(0.26168710082194807,-0.24869033554131378,0.74816008355881347),(0.32296875032972683,-0.2460000000000008,0.74920000000000142),(0.33698482859549361,-0.24877933028177979,0.74807668614638356),(0.35762726853512561,-0.25000000000000078,0.74520000000000142),(0.37278124808775281,-0.24600000000000072,0.74920000000000131),(0.38523437812261008,-0.24865425905894531,0.74819247537133038),(0.36127198010816503,-0.24869291542071018,0.74815773672542263),(0.40902863758042984,-0.24868236153578865,0.74816731134047876),(0.77753575901583716,-0.24903965349789861,0.74780009742369802),(0.68313254585242089,-0.24889451765020354,0.74796075489181302),(0.70644459027957662,-0.24903013075272667,0.74781118892870446),(0.11387110452304755,-0.24862116971056927,0.74822150117464969),(0.070182391498016569,-0.24896885829223675,0.74788064925729414),(0.44550000456017586,-0.25000000000000072,0.7532000000000012),(0.32833636038212322,-0.25000000000000089,0.75320000000000131),(0.18866817708541106,-0.246000000000001,0.74920000000000131),(0.18866817563092347,-0.25000000000000111,0.75320000000000131),(0.25850226800652337,-0.250000000000001,0.7532000000000012),(0.29341931875447691,-0.25000000000000094,0.75320000000000131),(0.56666364194581098,-0.24600000000000041,0.74920000000000131),(0.6437500022800946,-0.25000000000000044,0.75320000000000131),(0.702331824369121,-0.25000000000000033,0.75320000000000131),(0.5446250034201352,-0.25000000000000056,0.75320000000000131),(0.636497730488501,-0.24600000000000027,0.74920000000000131),(0.60158068621715588,-0.24600000000000036,0.74920000000000142),(0.50708182194377716,-0.2460000000000005,0.74920000000000131),(0.59418749828996131,-0.2500000000000005,0.75320000000000131),(0.4950625085503092,-0.25000000000000067,0.75320000000000131),(0.11883409237563089,-0.25000000000000122,0.7532000000000012),(0.11883408854272111,-0.24600000000000113,0.74920000000000131),(0.7721659167447209,-0.25000000000000022,0.75320000000000131),(0.8070829583723671,-0.25000000000000017,0.75320000000000131),(0.08391705074798457,-0.25000000000000128,0.7532000000000012),(0.38691818247114945,-0.25000000000000083,0.75320000000000131),(0.41620909807581624,-0.25000000000000078,0.75320000000000131),(0.15375113400327708,-0.25000000000000117,0.75320000000000131),(0.15375113281406597,-0.24600000000000105,0.74920000000000131),(0.43504687718975243,-0.24877705457082877,0.7503211168987548),(0.47729091388448153,-0.24600000000000055,0.74920000000000131),(0.4702812565552425,-0.25000000000000072,0.75320000000000131),(0.4601763709161506,-0.24876257448029709,0.7503072189435066),(0.41014062731119461,-0.24869399095546699,0.75024324286897648),(0.38634532284611695,-0.24868227842514554,0.75023261353207982),(0.35762726686648272,-0.25000000000000089,0.75320000000000131),(0.36032812755830673,-0.24865949894035957,0.75021218049637828),(0.33581374324899937,-0.24872715411005505,0.75027380273050381),(0.31087783966039079,-0.24918738350773192,0.75078326948655061),(0.28734955780326477,-0.24874050690373323,0.75028630442383071),(0.26070312803780138,-0.24865662027678048,0.75020962064195928),(0.22358521725856981,-0.25000000000000105,0.75320000000000131),(0.21845908902814914,-0.24600000000000097,0.74920000000000131),(0.23519196120686059,-0.24878836400247595,0.75033206935409968),(0.21028372248955296,-0.24894810336232337,0.75049654173972347),(0.61896875028502807,-0.25000000000000044,0.75320000000000131),(0.63135937642030637,-0.24896612999694523,0.75051633220364045),(0.6714147747598459,-0.24600000000000025,0.74920000000000131),(0.6730409087644541,-0.25000000000000039,0.75320000000000131),(0.65760902962842138,-0.2488300649491631,0.75037321164861726),(0.60714090135834664,-0.24894692243120772,0.75049525450653121),(0.58092856903195611,-0.24879748638139068,0.75034096695613206),(0.5368727300030729,-0.24600000000000047,0.74920000000000131),(0.51984375142506856,-0.25000000000000061,0.75320000000000131),(0.53223437712221544,-0.24897127953221157,0.75052203473856427),(0.55660152321219614,-0.2489384655395161,0.75048606922102423),(0.56940625541520185,-0.2500000000000005,0.7532000000000012),(0.50839886233765197,-0.24896837098979427,0.75051881114672159),(0.48427158678505905,-0.24890324135629027,0.75044842052138738),(0.68768636662370497,-0.24877200170037869,0.75031625129855406),(0.73724887511707449,-0.25000000000000028,0.75320000000000131),(0.71110886473857737,-0.24888803817486629,0.7504324676152736),(0.10137557156281606,-0.24882842724299539,0.7503715729935031),(0.17120966131732887,-0.2488284273360071,0.75037157308651492),(0.13629261523998015,-0.24882842720204124,0.75037157295254908),(0.078335730866260778,-0.2488284271332126,0.75037157288372025),(0.75870738871712329,-0.24868769432783216,0.75023751806754335),(0.78259870979700552,-0.24890240399730815,0.75044753727792668),(0.73606454980487523,-0.24879997289118427,0.75034340205688177),(0.81975400534109299,-0.24892169867240299,0.7504680269277183),(0.44749999750136865,-0.24599999999999914,0.33999999999999986),(0.44550001242961756,-0.2499999999999992,0.3359999999999998),(0.32833635756534713,-0.2459999999999993,0.33999999999999986),(0.24725000621482429,-0.2499999999999995,0.3359999999999998),(0.18866818015147846,-0.24999999999999961,0.3359999999999998),(0.34637500932222087,-0.24999999999999939,0.3359999999999998),(0.18866817628403551,-0.24599999999999955,0.33999999999999986),(0.2585022669246913,-0.24599999999999944,0.33999999999999986),(0.29341931224501916,-0.24599999999999939,0.33999999999999986),(0.29681252019811794,-0.24999999999999944,0.3359999999999998),(0.64375001864441084,-0.24999999999999886,0.3359999999999998),(0.64674999875069106,-0.2459999999999988,0.33999999999999986),(0.70633181871870176,-0.24599999999999869,0.33999999999999986),(0.74287499689261671,-0.24999999999999872,0.3359999999999998),(0.77616590935935759,-0.24599999999999858,0.33999999999999986),(0.69331250776851383,-0.24999999999999881,0.3359999999999998),(0.79243751087591041,-0.24999999999999864,0.3359999999999998),(0.11883408564337969,-0.24599999999999964,0.33999999999999986),(0.11883409007575478,-0.24999999999999975,0.3359999999999998),(0.083917045037892934,-0.24999999999999978,0.3359999999999998),(0.54712499562737615,-0.24599999999999897,0.33999999999999986),(0.54462501553701415,-0.24999999999999903,0.3359999999999998),(0.4950625264129111,-0.24999999999999914,0.3359999999999998),(0.49731249656437243,-0.24599999999999903,0.3399999999999998),(0.083917040323051764,-0.24599999999999972,0.33999999999999986),(0.8110829546796855,-0.24599999999999853,0.33999999999999986),(0.80708295496215143,-0.24999999999999864,0.3359999999999998),(0.79976022458069718,-0.24874433211660529,0.33891009299400554),(0.38791817753335783,-0.24599999999999925,0.33999999999999986),(0.39593749844632392,-0.24999999999999928,0.3359999999999998),(0.37115626631386767,-0.24999999999999933,0.3359999999999998),(0.35812726505069892,-0.24599999999999927,0.33999999999999986),(0.59418750466111714,-0.24999999999999897,0.3359999999999998),(0.59693749469037993,-0.24599999999999889,0.3399999999999998),(0.62184374422188182,-0.24599999999999883,0.33999999999999986),(0.76765625388426362,-0.24999999999999867,0.3359999999999998),(0.74124886403902979,-0.24599999999999866,0.33999999999999986),(0.61896876165276393,-0.24999999999999895,0.3359999999999998),(0.75526561971499306,-0.2487802999433672,0.33887574898503048),(0.63429687085773578,-0.24875445076661737,0.33890051736320853),(0.66853125077686693,-0.24999999999999883,0.3359999999999998),(0.67654091123335003,-0.24599999999999878,0.33999999999999986),(0.60657812028541491,-0.24889495607519099,0.33876029515137562),(0.57203124515887804,-0.24599999999999894,0.33999999999999986),(0.56940627252866094,-0.249999999999999,0.3359999999999998),(0.55701562069208987,-0.24888965459367043,0.33876584459600911),(0.52221874609587426,-0.245999999999999,0.33999999999999986),(0.51984375854536735,-0.24999999999999908,0.3359999999999998),(0.50745312110774055,-0.24888420634052039,0.33877152553394257),(0.47240624703287054,-0.24599999999999911,0.33999999999999986),(0.47028126942126436,-0.24999999999999917,0.3359999999999998),(0.45789062152765203,-0.24887861050137808,0.33877733713858255),(0.41770909001601686,-0.24599999999999916,0.33999999999999986),(0.43157471561777788,-0.24883026910200301,0.33882658394714216),(0.65922460667151228,-0.24875070593078547,0.33890406902162024),(0.58179660538887257,-0.24891556074092402,0.33873852251514863),(0.53223403733081165,-0.24891549129791035,0.33873859644559084),(0.38354687215937466,-0.24897381004649022,0.33867515491278333),(0.40757835607556897,-0.24895736986282599,0.33869331830544464),(0.42071875543797077,-0.24999999999999925,0.3359999999999998),(0.72974167531784995,-0.24887260812695425,0.33878354496082747),(0.48267146476740985,-0.24891540629982944,0.33873868693116044),(0.35970163926032467,-0.24896782142252016,0.33868179715937385),(0.71809376476016062,-0.24999999999999878,0.3359999999999998),(0.33552667957429216,-0.2489008059001932,0.33875414689684474),(0.3108778340585564,-0.24837593414205181,0.33921790878562907),(0.32159375233057419,-0.24999999999999942,0.3359999999999998),(0.82241705393334663,-0.24855304502228678,0.33907927931733522),(0.28777837517365423,-0.24888322584538419,0.33877254553154762),(0.27203126320647109,-0.24999999999999947,0.3359999999999998),(0.25964062322018194,-0.24899246142337125,0.33865427478412297),(0.22358522160436337,-0.24599999999999947,0.33999999999999986),(0.21795909318315138,-0.24999999999999958,0.3359999999999998),(0.23434489085530058,-0.24888428908662644,0.33877143942108862),(0.20893360562412125,-0.24867656717945733,0.33897253900459673),(0.15375113511361654,-0.24999999999999969,0.3359999999999998),(0.15375113096370757,-0.24599999999999961,0.33999999999999986),(0.77753575382166573,-0.2490396533653661,0.33860009757863235),(0.68313254015305536,-0.24889451769106655,0.33876075484896701),(0.70644458419428313,-0.24903013081356823,0.33861118885809816),(0.10137556685458463,-0.2488284271389756,0.33882842711051636),(0.17120965595257934,-0.24882842715212425,0.3388284270973676),(0.13629261140354068,-0.24882842714560088,0.33882842710389099),(0.07833572671223514,-0.24882842713172987,0.33882842711776212),(0.44550000000002227,-0.2499999999999992,0.34399999999999992),(0.56666363234084383,-0.24600000000000155,0.33999999999999986),(0.64375000000001781,-0.24999999999999886,0.34399999999999992),(0.7023318170375108,-0.24999999999999881,0.34399999999999992),(0.54462500461786667,-0.24999999999999903,0.34399999999999992),(0.63649772425563622,-0.24600000000000175,0.33999999999999986),(0.50708182453174055,-0.24600000000000133,0.33999999999999986),(0.60158068665954745,-0.24600000000000163,0.33999999999999986),(0.49506250692679099,-0.24999999999999914,0.34399999999999992),(0.59418750230894224,-0.24999999999999897,0.34399999999999992),(0.24725000000002664,-0.2499999999999995,0.34399999999999992),(0.34637499538217786,-0.24999999999999939,0.34399999999999992),(0.39593749307325349,-0.24999999999999928,0.34399999999999992),(0.14812500461787539,-0.24999999999999969,0.34399999999999992),(0.19768750230895107,-0.24999999999999961,0.34399999999999992),(0.098562506926799923,-0.24999999999999975,0.34399999999999992),(0.77216590390091544,-0.24999999999999867,0.34399999999999992),(0.80708295656831108,-0.24999999999999864,0.34399999999999992),(0.083917052667426592,-0.24999999999999978,0.34399999999999992),(0.091239772026536797,-0.24882842711718206,0.34117157286768979),(0.12334375577233772,-0.24999999999999972,0.34399999999999992),(0.13573437433363769,-0.24867787332697119,0.341028637611348),(0.29681249769110224,-0.24999999999999944,0.34399999999999992),(0.066458527159382982,-0.24599999999999986,0.33999999999999986),(0.066458526333728868,-0.24999999999999981,0.34399999999999992),(0.15984868663851753,-0.24893764001722002,0.3412851756724925),(0.17290625346341321,-0.24999999999999964,0.34399999999999992),(0.18529687401516196,-0.24898193519499145,0.34133390501053129),(0.21110196508063328,-0.2488551030158605,0.34119850276301711),(0.23640633303825123,-0.24877594182808388,0.34112004392965917),(0.27203124884556446,-0.24999999999999947,0.34399999999999992),(0.28442187335368357,-0.24890792631492184,0.3412533721498931),(0.31175674856181984,-0.24877055360113257,0.34111486001323171),(0.22246875115448889,-0.24999999999999958,0.34399999999999992),(0.26056371870369521,-0.24896626673636965,0.34131648334294251),(0.32159374653664013,-0.24999999999999942,0.34399999999999992),(0.61896875115448002,-0.24999999999999895,0.34399999999999992),(0.63135937115022822,-0.24896612986877531,0.34131633206198053),(0.67304090851876419,-0.24999999999999883,0.34399999999999992),(0.67141476185172499,-0.24600000000000188,0.33999999999999986),(0.65760902371441632,-0.24883006480912623,0.34117321150841812),(0.6071408962793029,-0.24894692225223775,0.34129525431153668),(0.58092856387194225,-0.24879748615104896,0.34114096673074895),(0.53687272843629208,-0.24600000000000144,0.33999999999999986),(0.51984375577232877,-0.24999999999999908,0.34399999999999992),(0.53223437173782573,-0.24897127936155522,0.34132203454921628),(0.55660151794005608,-0.24893846532780747,0.3412860689918002),(0.56940625346340445,-0.249999999999999,0.34399999999999992),(0.50839885722315525,-0.24896837079483572,0.34131881093088123),(0.47729092062718897,-0.24600000000000125,0.33999999999999986),(0.48426593698011988,-0.24890289301248394,0.34124805302411765),(0.47028125808125321,-0.24999999999999917,0.34399999999999992),(0.45789062221018179,-0.24887861033125461,0.34122266268509016),(0.43157471600272995,-0.24883026894821053,0.34117341589886452),(0.40671121199451804,-0.24882299773622135,0.34116615388891958),(0.37115624422771559,-0.24999999999999933,0.34399999999999992),(0.35876562286553226,-0.24899338769189802,0.34134676986938739),(0.3827576170442486,-0.24895934476612769,0.34130885181471005),(0.33521034514211828,-0.24898400679248345,0.34133622383402623),(0.42071874191879127,-0.24999999999999925,0.34399999999999992),(0.68768636154308815,-0.24877200153824899,0.34111625114270683),(0.73724886046921312,-0.24999999999999872,0.34399999999999992),(0.71110885934177281,-0.2488880380807828,0.34123246751709363),(0.11358270966901887,-0.24903306853168219,0.3413922240736369),(0.78962443050595232,-0.24896248204384555,0.34131230579494515),(0.76573310918899096,-0.24875246285449901,0.34109759612827628),(0.8122672705105457,-0.2488565980880022,0.3412000272566299),(0.07011988600968104,-0.24867555346321718,0.34102654852646519),(0.73411201701255369,-0.24878238661678526,0.34112626989528794),(0.8500000000000133,-0.16000000000000256,1.3555000000000077),(0.8500000000000133,-0.16000000000000256,1.8632500000000118),(0.8500000000000133,-0.16000000000000256,0.84775000000000378),(0.8500000000000133,-0.16000000000000256,1.60937500000001),(0.8500000000000133,-0.16000000000000256,0.59387500000000193),(0.8500000000000133,-0.16000000000000256,2.1171250000000139),(0.8500000000000133,-0.16000000000000256,1.1016250000000058),(0.8500000000000133,-0.16000000000000256,1.482437485368127),(0.8500000000000133,-0.16000000000000256,0.72081251463188467),(0.8500000000000133,-0.16000000000000256,1.9901874853681309),(0.8500000000000133,-0.16000000000000256,1.2285625146318886),(0.8500000000000133,-0.16000000000000256,1.5459062573159499),(0.8500000000000133,-0.16000000000000256,0.78428125731594411),(0.8500000000000133,-0.16000000000000256,1.1650937426840657),(0.8460000000000133,-0.16400000000000259,0.54459999890132771),(0.84600000000001341,-0.16400000000000248,1.8744998812645262),(0.8460000000000133,-0.1640000000000025,1.4653000200382702),(0.8460000000000133,-0.16400000000000256,1.0561000000000047),(0.8460000000000133,-0.16400000000000259,0.64689999835199152),(0.8460000000000133,-0.16400000000000259,0.69804999807732337),(0.8460000000000133,-0.16400000000000256,1.1072499861332448),(0.84600000000001319,-0.16400000000000259,0.59574999862665956),(0.8500000000000133,-0.16000000000000256,1.7363125146318925),(0.8500000000000133,-0.16000000000000256,1.292031257315948),(0.8500000000000133,-0.16000000000000256,2.2440625146318967),(0.8500000000000133,-0.16000000000000256,1.799781257315952),(0.8500000000000133,-0.16000000000000256,0.6573437426840617),(0.8500000000000133,-0.16000000000000256,1.6728437426840697),(0.8500000000000133,-0.16000000000000256,0.97468748536812311),(0.8500000000000133,-0.16000000000000256,2.053656257315954),(0.8500000000000133,-0.16000000000000256,0.46693748536811919),(0.8500000000000133,-0.16000000000000256,2.1805937426840738),(0.8500000000000133,-0.16000000000000256,0.91121874268406367),(0.8500000000000133,-0.16000000000000256,1.0381562573159462),(0.8500000000000133,-0.16000000000000256,0.53040625731594215),(0.84600000000001341,-0.16400000000000248,1.8233499010537733),(0.84600000000001319,-0.16400000000000259,0.44229999945066384),(0.8500000000000133,-0.16000000000000256,0.40346874268405969),(0.8500000000000133,-0.16000000000000256,2.3075312573159561),(0.84600000000001341,-0.16400000000000245,2.3217250000000154),(0.8460000000000133,-0.16400000000000262,0.39114999972533188),(0.8500000000000133,-0.16000000000000256,0.37491705436230377),(0.8500000000000133,-0.16000000000000256,2.3360829456377115),(0.8500000000000133,-0.16000000000000256,1.9267187426840715),(0.84600000000001341,-0.16400000000000248,1.9256498614752793),(0.8460000000000133,-0.16400000000000248,1.9000748713699027),(0.8460000000000133,-0.1640000000000025,1.414150030057401),(0.8500000000000133,-0.16000000000000256,1.4189687426840676),(0.8500000000000133,-0.16000000000000256,1.4507030993942154),(0.84600000000001319,-0.16400000000000259,0.37491704643464857),(0.8471715729904169,-0.16117157276010655,0.38303352431703724),(0.84600000000001341,-0.16400000000000245,2.3535414777257468),(0.8500000000000133,-0.16000000000000256,1.8949843859739233),(0.84600000000001319,-0.16400000000000259,0.41672499958799786),(0.8500000000000133,-0.16000000000000256,0.43520309939420754),(0.8460000000000133,-0.16400000000000256,1.0049500138667646),(0.8460000000000133,-0.1640000000000025,1.5164500100191389),(0.84720339769821529,-0.1611401021756777,1.9128625000037671),(0.8460000000000133,-0.16400000000000259,0.49344999917599575),(0.8500000000000133,-0.16000000000000256,1.9584530993942195),(0.84714298960105117,-0.16120044796794067,1.9382776720738806),(0.84600000000001341,-0.16400000000000248,1.9512248515806558),(0.84705808201806743,-0.1612898120752447,1.8872875000036193),(0.84702964297142191,-0.16132101154860939,0.42951250193937923),(0.84715028690773619,-0.16119302025449236,0.45500890612271366),(0.8500000000000133,-0.16000000000000256,0.49867187134203078),(0.8460000000000133,-0.16400000000000259,0.51902499903866173),(0.84721980738209768,-0.16112414725563481,0.48100538370996387),(0.84600000000001319,-0.16400000000000259,0.46787499931332976),(0.84705594971597953,-0.16129212852500963,0.50623750159850889),(0.84702808900751858,-0.16132273552806695,1.9640125000033555),(0.84704725672201253,-0.1613016102701412,1.9877688339694404),(0.8500000000000133,-0.16000000000000256,2.0219218713420428),(0.84600000000001341,-0.16400000000000248,2.0014375000000122),(0.84707861724221412,-0.16126768911314615,2.0137562500025417),(0.84716286680658603,-0.16118030582460807,2.0400078479198465),(0.84704292346183352,-0.16130635964773837,1.8636058578902885),(0.8500000000000133,-0.16000000000000256,1.8315156140261002),(0.84600000000001341,-0.16400000000000248,1.8489248911591496),(0.84704300155376266,-0.16130627392096789,0.52992076735762939),(0.8500000000000133,-0.16000000000000256,0.5621406432898538),(0.8470180684351345,-0.16133390095038352,1.8361375000036919),(0.847136203636915,-0.1612073900396421,1.8108862147794129),(0.8500000000000133,-0.16000000000000256,1.7680469006058042),(0.84725821627098763,-0.1610875058827124,1.7845982007645673),(0.84600000000001341,-0.16400000000000248,1.7977749109483965),(0.84701895873087962,-0.16133290552253796,0.40624628423956355),(0.8500000000000133,-0.16000000000000256,2.0853906432898657),(0.84718863430993929,-0.16115461374209758,2.0648558766174272),(0.8470323874630894,-0.16131797169465389,2.1123062500023955),(0.8500000000000133,-0.16000000000000256,2.1488593567101617),(0.8471182035082292,-0.16122596882138526,2.1377424946392529),(0.84728707080097387,-0.16106060972972552,2.1634144992849511),(0.84702349374614661,-0.16132784534117534,2.0885505898410561),(0.8500000000000133,-0.16000000000000256,2.212328128657985),(0.84701030056850213,-0.16134261457270352,2.2108562500022639),(0.84708035490942335,-0.16126583238535391,2.2356165058405963),(0.8500000000000133,-0.16000000000000256,2.2757969006058079),(0.84600000000001341,-0.16400000000000245,2.297087500000015),(0.84709349503982156,-0.16125186810426309,2.2847687500022569),(0.84748357611822911,-0.16089072181251501,2.2601819316318243),(0.84702569217703061,-0.16132539853919703,2.1870617405925965),(0.84701170984703977,-0.16134102990584179,2.3094062500021457),(0.84703355647388157,-0.16131667877318859,2.333341318412145),(0.84715042776266081,-0.16119287726237416,0.55391468351914352),(0.84600000000001319,-0.16400000000000259,0.57017499876399358),(0.84712261774374398,-0.16122139039242783,0.58296250116941239),(0.8500000000000133,-0.16000000000000256,0.62560935671014994),(0.84722775292520924,-0.16111648718466068,0.60984144983727784),(0.8460000000000133,-0.16400000000000259,0.62132499848932543),(0.84707444033827461,-0.16127216190627203,1.7594125000039775),(0.84700216005105722,-0.1613518014348562,1.7338375000039137),(0.8500000000000133,-0.16000000000000256,1.7045781286579811),(0.84706373343766939,-0.16128369024688879,1.7098096205839284),(0.84709850652315377,-0.16124657747453697,1.6826875000041939),(0.8500000000000133,-0.16000000000000256,1.6411093567101578),(0.84721084855653706,-0.16113283515902208,1.6561142122781785),(0.84711374078956569,-0.16123061238355976,1.6311055061764184),(0.8460000000000133,-0.1640000000000025,1.5931749901053842),(0.8500000000000133,-0.16000000000000256,1.5776406432898618),(0.84703304337791152,-0.16131724611591894,1.6072406872542995),(0.84700363786615451,-0.16135012944414953,1.580387500004212),(0.84711324559718881,-0.16123112856604729,1.5555307401565492),(0.8500000000000133,-0.16000000000000256,1.5141718713420387),(0.8460000000000133,-0.1640000000000025,1.5420250050095732),(0.8473991468250599,-0.16096099312894507,1.5300390627920484),(0.84712434278928583,-0.16121960513480968,1.505904514029822),(0.8460000000000133,-0.1640000000000025,1.4908750150287045),(0.84701551439823974,-0.16133676030128855,1.4780875000069871),(0.84705238903958724,-0.16129600487686055,1.4542463030782629),(0.8460000000000133,-0.1640000000000025,1.4397250250478355),(0.84706262192801562,-0.16128489225588874,1.4269375000075382),(0.8500000000000133,-0.16000000000000256,1.3872343859739193),(0.84718244014707189,-0.16116074719775109,1.4008734773223008),(0.8460000000000133,-0.1640000000000025,1.3885750350669666),(0.84715392608952822,-0.16118933045413703,1.3754458038229764),(0.8500000000000133,-0.16000000000000256,1.3237656140260963),(0.84702498862210795,-0.16132618113902236,1.3502125000079741),(0.84704825119852112,-0.16130052245557105,1.3264396430101011),(0.84717519649183404,-0.1611679538951204,1.302022825103325),(0.8500000000000133,-0.16000000000000256,1.2602969006058),(0.84736173890519595,-0.16099341083691862,1.2761640628858142),(0.84673388681719364,-0.16169077833956969,0.36151676229334623),(0.84709573196585142,-0.16124950419274409,0.63462987490255818),(0.84600000000001319,-0.16400000000000259,0.67247499821465739),(0.8500000000000133,-0.16000000000000256,0.68907812865797302),(0.84702772978818253,-0.16132313433511322,0.65848716927754236),(0.84701095236438662,-0.16134188144885495,0.68526250055046833),(0.84712604599868124,-0.16121784464879946,0.71033843604206459),(0.8500000000000133,-0.16000000000000256,0.75254690060579632),(0.8460000000000133,-0.16400000000000259,0.77477499306662168),(0.84729924812933866,-0.16104941711978243,0.73667968807727724),(0.8460000000000133,-0.16400000000000259,0.72362500013733577),(0.84709010900174353,-0.16125545370267233,0.76198750003117821),(0.84700699449626415,-0.16134633874533441,0.78756250002997752),(0.8500000000000133,-0.16000000000000256,0.81601561402609224),(0.84705837718932597,-0.16128949170087403,0.81150221967252212),(0.84708208802372098,-0.16126398287677218,0.83871250002997),(0.8500000000000133,-0.16000000000000256,0.87948438597391554),(0.84719843192137778,-0.16114496649743715,0.8650624313142683),(0.84712961012222632,-0.16121416763794297,0.89024610869487653),(0.8500000000000133,-0.16000000000000256,0.94295309939421146),(0.84703769040402688,-0.16131211572840026,0.91414108856223342),(0.84699970597115359,-0.16135458212367573,0.94101250002596259),(0.84710412476745334,-0.16124066916854252,0.96571433445631305),(0.8500000000000133,-0.16000000000000256,1.0064218713420348),(0.8460000000000133,-0.16400000000000256,0.97937499306662379),(0.8460000000000133,-0.16400000000000256,1.0305250069333844),(0.84747464747515988,-0.16089796927397548,0.9905546879918038),(0.84713241925198235,-0.16121127616040817,1.0177375000240336),(0.84702354886031739,-0.16132778395091457,1.0433125000219812),(0.8500000000000133,-0.16000000000000256,1.0698906432898578),(0.84704876499115367,-0.1612999607553838,1.0670938721638998),(0.8460000000000133,-0.16400000000000256,1.081674993066625),(0.84704964007972672,-0.16129900456484053,1.0944625000198558),(0.8500000000000133,-0.16000000000000256,1.1333593567101541),(0.84717074762589217,-0.16117239836548428,1.1203189102266364),(0.84717493651819709,-0.16116821322771391,1.1459400809910396),(0.8460000000000133,-0.16400000000000256,1.1328250069333856),(0.8460000000000133,-0.1640000000000025,1.1839749949904401),(0.8500000000000133,-0.16000000000000256,1.1968281286579769),(0.84703464904644465,-0.16131547141528424,1.1711875000089595),(0.84704558265967911,-0.16130344327352114,1.194915825213249),(0.84716655414040065,-0.16117660053116287,1.2191751102854693),(0.8474345310128738,-0.16093106388531628,1.2444296878983512),(0.84200000000001329,-0.16000000000000258,0.619336356456621),(0.8460000000000133,-0.16400000000000259,0.67936590668705354),(0.84200000000001329,-0.16000000000000258,0.47966817822831048),(0.84200000000001329,-0.16000000000000258,0.68226817822831143),(0.84200000000001329,-0.16000000000000258,0.65080226734246616),(0.84200000000001329,-0.16000000000000258,0.54950226734246566),(0.84200000000001329,-0.16000000000000258,0.40983408911415525),(0.84200000000001329,-0.16000000000000258,0.71028295544292408),(0.8460000000000133,-0.16400000000000259,0.71428294964341443),(0.84200000000001329,-0.16000000000000258,0.37491704455707764),(0.84482842712843209,-0.16117157287892894,0.3830335223359746),(0.84200000000001329,-0.16000000000000258,0.44475113367123287),(0.8447510557276029,-0.16109626234248309,0.4295125000565852),(0.84492637614598465,-0.16127303783446204,0.69627556689072279),(0.84488677545181656,-0.16123115051134015,0.45434821790882529),(0.845003179414614,-0.16135785817872988,0.48066250004997535),(0.84200000000001329,-0.16000000000000258,0.5145852227853881),(0.84489302523928966,-0.16123768123401813,0.50540880865045557),(0.84461688900506149,-0.16097479059646408,0.5320437451536566),(0.84430922163042121,-0.16073388679595463,0.36151676115989945),(0.84200000000001329,-0.16000000000000258,0.58441931189954333),(0.84493879038366893,-0.16128642098310753,0.55738750004307269),(0.8449493722137994,-0.16129792606605003,0.58120356617070768),(0.8447701093167499,-0.16111443343980533,0.60644201859133451),(0.84476685381315286,-0.16111131172039972,0.63411250003714792),(0.84491099533945613,-0.16125662504682137,0.65851460552325369),(0.84497286905087021,-0.16132379940840699,0.40630404520605623),(0.84475955342587838,-0.16110433688254636,0.71993770145332481),(0.46249999218834575,-0.1640000000000284,1.1584000000000059),(0.46050000000002034,-0.16000000000002834,1.1544000000000056),(0.70633180948973751,-0.16400000000002798,1.1584000000000059),(0.65125000000001665,-0.16000000000002806,1.1544000000000056),(0.74662500000001486,-0.1600000000000279,1.1544000000000056),(0.80708295503506922,-0.16000000000002779,1.1544000000000056),(0.69893750440810354,-0.16000000000002795,1.1544000000000056),(0.5844159008390416,-0.16400000000002821,1.1584000000000059),(0.77616590474487579,-0.1640000000000279,1.1584000000000059),(0.6453738551643895,-0.1640000000000281,1.1584000000000059),(0.55587500000001855,-0.1600000000000282,1.1544000000000056),(0.52345794651369359,-0.16400000000002829,1.1584000000000059),(0.50818750440810712,-0.16000000000002826,1.1544000000000056),(0.21866817488695392,-0.16400000000002876,1.1584000000000059),(0.26975000000002392,-0.16000000000002867,1.1544000000000056),(0.17437500000002568,-0.16000000000002881,1.1544000000000056),(0.36512500000002202,-0.16000000000002851,1.1544000000000056),(0.22206249559193697,-0.16000000000002873,1.1544000000000056),(0.34058408353764985,-0.1640000000000286,1.1584000000000059),(0.1488340796318155,-0.1640000000000289,1.1584000000000059),(0.2796261292123019,-0.16400000000002871,1.1584000000000059),(0.40154203786299775,-0.16400000000002851,1.1584000000000059),(0.24914714423795273,-0.16400000000002873,1.1584000000000059),(0.4128124955919335,-0.16000000000002843,1.1544000000000056),(0.11391704762759676,-0.16400000000002898,1.1584000000000059),(0.12668750440811435,-0.16000000000002887,1.1544000000000056),(0.15053125661215769,-0.16000000000002887,1.1544000000000056),(0.81108295237244499,-0.16400000000002782,1.1584000000000059),(0.096458531298674946,-0.16000000000002895,1.1544000000000056),(0.18375112725938475,-0.16400000000002884,1.1584000000000059),(0.16245312433938672,-0.16122015782219634,1.1572761914863889),(0.13750816244772879,-0.16118403689492647,1.1572408364596953),(0.11321489642278255,-0.16097770682234755,1.1570202564661061),(0.31743750440811075,-0.16000000000002859,1.1544000000000056),(0.18640933201604418,-0.16102268174142456,1.1570712498922813),(0.19821874338789366,-0.16000000000002876,1.1544000000000056),(0.60356249559192987,-0.16000000000002812,1.1544000000000056),(0.61489487019004041,-0.16400000000002815,1.1584000000000059),(0.62740624779597332,-0.16000000000002806,1.1544000000000059),(0.6393281211947105,-0.16105669601269482,1.1571086826388817),(0.6758528401387387,-0.16400000000002807,1.1584000000000059),(0.66488439155038848,-0.16109962210128534,1.1571545976193478),(0.69013954990672688,-0.16131584433572671,1.1573656885153087),(0.7412488571173067,-0.16400000000002796,1.1584000000000059),(0.72278125661214709,-0.16000000000002793,1.1544000000000056),(0.7347031210256536,-0.16106340594448737,1.1571159556979072),(0.77685398192562982,-0.16000000000002784,1.1544000000000056),(0.76147511669649204,-0.16116634641684124,1.1572231909907986),(0.79196846414606925,-0.16119531468787357,1.1572519713006655),(0.6750937522040602,-0.16000000000002798,1.1544000000000056),(0.71227150173075249,-0.1609353918467884,1.1569706374437339),(0.23390766690255499,-0.16127557385740959,1.1573287373035912),(0.25849926764066394,-0.16112843319475334,1.1571846191988984),(0.29359375220406725,-0.16000000000002859,1.1544000000000056),(0.3101051141866511,-0.16400000000002865,1.1584000000000059),(0.30551562336934007,-0.16104026605467323,1.157090720158757),(0.33076053882120954,-0.16108299387778008,1.1571369828795219),(0.37106305288864855,-0.16400000000002854,1.1584000000000059),(0.3558235761651477,-0.16139982391329055,1.15743958620835),(0.38896874338789011,-0.16000000000002845,1.1544000000000056),(0.40089062272297477,-0.16101854170980412,1.1570666282949977),(0.43202102283734695,-0.16400000000002843,1.1584000000000059),(0.4254399645147659,-0.16104547896496726,1.1570964431114734),(0.2459062477959805,-0.1600000000000287,1.1544000000000056),(0.28198823938786255,-0.16099095622654089,1.157035461168233),(0.43665624779597695,-0.1600000000000284,1.1544000000000056),(0.34128125661215419,-0.16000000000002854,1.1544000000000056),(0.37813442426106231,-0.16094991459675478,1.1569878522045833),(0.21013658868376298,-0.16118640677984802,1.1572431836365922),(0.81523151732496646,-0.16111743516724469,1.1571732327678783),(0.59965539474371576,-0.16142270831903319,1.1574590141534666),(0.57971874338788643,-0.16000000000002815,1.1544000000000056),(0.55393693148804279,-0.16400000000002826,1.1584000000000059),(0.56779687160710524,-0.16122764905764603,1.1572834129520944),(0.53203125661215067,-0.16000000000002823,1.1544000000000056),(0.52010937192684392,-0.1610298733189465,1.1570792438295827),(0.49297896153934445,-0.16400000000002837,1.1584000000000059),(0.49600856622699946,-0.16102122448787556,1.1570696247766736),(0.48434375220406378,-0.16000000000002834,1.1544000000000056),(0.54400256821068638,-0.16101541179717108,1.1570631247172065),(0.45037100804226887,-0.1612214792893642,1.1572774680989446),(0.47310644592246853,-0.16094513593521537,1.1569822094309998),(0.46049998848840606,-0.16000000000002837,1.1624000000000059),(0.26975000575583125,-0.16000000000002867,1.1624000000000057),(0.17437499136631496,-0.16000000000002884,1.1624000000000059),(0.11391705174251568,-0.16000000000002895,1.1624000000000059),(0.2220624985610731,-0.16000000000002876,1.1624000000000057),(0.36512499712211871,-0.16000000000002854,1.1624000000000057),(0.41281248129364789,-0.16000000000002845,1.1624000000000059),(0.6512499942442096,-0.16000000000002806,1.1624000000000057),(0.74662498561049706,-0.16000000000002793,1.1624000000000059),(0.55587500287792224,-0.1600000000000282,1.1624000000000059),(0.69893747841573906,-0.16000000000002798,1.1624000000000059),(0.50818749568316401,-0.16000000000002829,1.1624000000000059),(0.79431249280525529,-0.16000000000002781,1.1624000000000059),(0.82454148564038354,-0.16000000000002779,1.1624000000000059),(0.31743751295058931,-0.16000000000002859,1.1624000000000059),(0.29359375935321025,-0.16000000000002865,1.1624000000000059),(0.30551562301484508,-0.16104026596744023,1.1597092799372088),(0.33076053852281634,-0.16108299378150256,1.1596630172230997),(0.38896875071949766,-0.16000000000002845,1.1624000000000059),(0.37704687237991413,-0.16105590303516326,1.1596921792781945),(0.35389733231656395,-0.16097176806674371,1.1597866092220634),(0.3412812435247396,-0.16000000000002856,1.1624000000000059),(0.60356251007268036,-0.16000000000002812,1.1624000000000059),(0.14414602155441536,-0.16000000000002887,1.1624000000000059),(0.12903153323301145,-0.16117157286892494,1.1595715728816174),(0.10494435078991741,-0.16117157286773084,1.1595715728828115),(0.15222873183698202,-0.16111240748943445,1.1596320026205347),(0.19821874496369402,-0.16000000000002881,1.1624000000000059),(0.21014062386438609,-0.16109548829115269,1.1596497615134373),(0.23628598308655527,-0.16113086248280642,1.1596128778449384),(0.2609286235738138,-0.16124016023528359,1.1595046097891823),(0.28312217280157231,-0.160932120694186,1.1598332673367191),(0.24590625215845219,-0.16000000000002873,1.1624000000000059),(0.66061335018491552,-0.16133672738769686,1.1594155437693991),(0.62740624064683048,-0.16000000000002809,1.1624000000000059),(0.61548437029682657,-0.16101846104090742,1.1597334619006634),(0.59094409343066789,-0.16104498700785447,1.1597040960298903),(0.6857192191258098,-0.16108689425423245,1.159658866126257),(0.57971875647530136,-0.1600000000000282,1.1624000000000059),(0.63821618316344075,-0.16094863924678718,1.1598136516952369),(0.67509374784158871,-0.16000000000002804,1.1624000000000059),(0.70938599941882186,-0.16106280958398445,1.1596846892516932),(0.72278123201311817,-0.16000000000002795,1.1624000000000059),(0.73470311955901246,-0.16106340596126692,1.1596840442839615),(0.76147511563078674,-0.16116634655879564,1.1595768088667326),(0.53203124928054313,-0.16000000000002826,1.1624000000000059),(0.54395312091200831,-0.16112478337418931,1.1596191495267694),(0.56751404434700736,-0.16146505561575919,1.1593058026939727),(0.785602307312252,-0.16118625752409546,1.1595569640735472),(0.77046873920787606,-0.16000000000002784,1.1624000000000059),(0.82121563518855034,-0.16127520107538626,1.1594716095171174),(0.44726050845172383,-0.16123558043449643,1.1595089821056122),(0.47192593598432558,-0.16112560404202403,1.1596183012606367),(0.48434374208578512,-0.16000000000002834,1.1624000000000059),(0.49626562132588625,-0.16102944057036717,1.1597212359800049),(0.52012408607930716,-0.16100984970191967,1.1597431219081993),(0.42293960521943041,-0.16114933680494065,1.1595939851482682),(0.40002432428180607,-0.16096288471961226,1.1597969381925448),(0.43665623489102695,-0.1600000000000284,1.1624000000000059),(0.17534168010676721,-0.16125018665674451,1.1594950857883473),(0.85000000000001352,-0.25000000000000244,1.3044999076758781),(0.85000000000001352,-0.25000000000000244,0.7562500461620697),(0.85000000000001352,-0.25000000000000244,1.8527499538379477),(0.85000000000001352,-0.25000000000000244,1.0303749769189738),(0.8500000000000133,-0.25000000000000244,2.126874884594852),(0.85000000000001352,-0.25000000000000244,0.48212493075690432),(0.8500000000000133,-0.25000000000000244,1.5786250230810432),(0.85000000000001352,-0.25000000000000244,1.1674373499732957),(0.8500000000000133,-0.25000000000000244,1.9898123268922696),(0.85000000000001352,-0.25000000000000244,0.34506237305432175),(0.85000000000001352,-0.25000000000000244,1.4415624653784607),(0.84600000000001341,-0.24600000000000208,2.1888999963644684),(0.84600000000001341,-0.24600000000000194,2.0828499945466938),(0.84600000000001341,-0.24600000000000069,1.2607000155891406),(0.84600000000001341,-0.2460000000000013,1.6699000000000086),(0.84600000000001352,-0.2460000000000018,0.44229999999999992),(0.84600000000001341,-0.24600000000000202,2.1358749954555813),(0.84600000000001341,-0.2460000000000008,1.311850023383708),(0.84600000000001352,-0.24600000000000147,0.49345000000000011),(0.8500000000000133,-0.25000000000000244,1.7156875807836263),(0.85000000000001363,-0.25000000000000244,0.61918748845948701),(0.8500000000000133,-0.25000000000000244,2.263937442297435),(0.85000000000001352,-0.25000000000000244,1.0989062557702653),(0.8500000000000133,-0.25000000000000244,1.9212812326892394),(0.85000000000001352,-0.25000000000000244,0.89331260386465239),(0.85000000000001352,-0.25000000000000244,1.235968628824587),(0.85000000000001352,-0.25000000000000244,1.3730311865271696),(0.8500000000000133,-0.25000000000000244,2.0583436057435609),(0.85000000000001363,-0.25000000000000244,0.41359365190561304),(0.85000000000001352,-0.25000000000000244,1.5100937442297522),(0.85000000000001352,-0.25000000000000244,1.6471563019323348),(0.8500000000000133,-0.25000000000000244,1.7842186749866566),(0.85000000000001352,-0.25000000000000244,0.55065620960819572),(0.8500000000000133,-0.25000000000000244,2.1954061634461439),(0.85000000000001352,-0.25000000000000244,0.96184369806768266),(0.84600000000001341,-0.24600000000000224,2.294949998182243),(0.84600000000001352,-0.24600000000000211,0.39114999999999989),(0.84600000000001341,-0.24600000000000141,1.7210500000000089),(0.84600000000001341,-0.24600000000000008,0.85150006653697718),(0.84600000000001341,-0.24600000000000219,2.2419249972733559),(0.84600000000001341,-0.24600000000000019,0.90264996673151554),(0.8500000000000133,-0.25000000000000244,2.3324687211487265),(0.85000000000001363,-0.25000000000000244,0.68771876731077841),(0.85000000000001352,-0.25000000000000244,0.8247813250133611),(0.84600000000001352,-0.24600000000000002,0.8003500332684893),(0.84600000000001341,-0.24600000000000233,2.3479749990911305),(0.85000000000001363,-0.25000000000000244,0.27783415698133418),(0.84600000000001352,-0.24600000000000252,0.27400000000000013),(0.84600000000001352,-0.24600000000000244,0.307),(0.85000000000001352,-0.25000000000000244,0.24291717081479763),(0.8500000000000133,-0.25000000000000244,2.3660830138334812),(0.84600000000001352,-0.24600000000000258,0.24100000000000024),(0.84600000000001341,-0.24600000000000236,2.3660829493175726),(0.84717157280873578,-0.24882842705821717,2.3570289780977873),(0.84600000000001341,-0.24600000000000186,2.0298250009088985),(0.84600000000001341,-0.24600000000000227,2.3214624950011404),(0.8500000000000133,-0.25000000000000244,2.2982029893989502),(0.8500000000000133,-0.25000000000000244,1.6128905701825587),(0.84600000000001341,-0.24600000000000125,1.6187500000000081),(0.84600000000001341,-0.24600000000000127,1.6443249913001083),(0.84726235674786632,-0.24891638636397637,1.6315374999652226),(0.84600000000001341,-0.24600000000000063,1.2095500077945729),(0.8500000000000133,-0.25000000000000244,1.6814220336821115),(0.84710091776030549,-0.24875596120571816,1.6571124999645241),(0.84708873851348487,-0.24874309251704521,2.3082062501819376),(0.84729433309768698,-0.24894607647790576,2.2810703090910063),(0.84600000000001341,-0.24600000000000222,2.2684375013633455),(0.84706364922117428,-0.24871621871424679,2.2551812469089048),(0.8500000000000133,-0.25000000000000244,2.2296718951959198),(0.84704334735331455,-0.24869410562650784,1.6807883682167841),(0.84600000000001341,-0.24600000000000133,1.6954750086999086),(0.84705370742743946,-0.24870543158790021,1.7082624999601146),(0.8500000000000133,-0.25000000000000244,1.7499531278851412),(0.84721427273128824,-0.2488704918714908,1.7348418611761007),(0.84600000000001341,-0.24600000000000144,1.7466249913001095),(0.84705950022227716,-0.2487117265822989,2.2315975942064208),(0.84600000000001341,-0.24600000000000213,2.2154124931833659),(0.84711046574604654,-0.24876597031711564,1.7598271152456402),(0.8500000000000133,-0.25000000000000244,1.8184842220881718),(0.84706182723432544,-0.24871424774090034,1.810562499951138),(0.84722217707726477,-0.24887814172859271,1.8372824281342393),(0.84704783939674611,-0.24869902719003148,1.7867952730470258),(0.84703066553271078,-0.24868012179225157,2.202156246717653),(0.8500000000000133,-0.25000000000000244,2.1611404316963676),(0.84722636845453381,-0.24888218112719079,2.175899948292388),(0.84600000000001341,-0.24600000000000205,2.162387499545571),(0.84713677706787582,-0.24879319788788676,2.1491312473445086),(0.84679436820215226,-0.24839247252367774,2.3790144890455109),(0.84705708621658105,-0.24870910658027645,2.3317453361691616),(0.8500000000000133,-0.25000000000000244,1.887015685587724),(0.8471018439146093,-0.24875693512884309,1.8621643519806319),(0.84707050181355581,-0.24872360797023993,1.9128624999452171),(0.8500000000000133,-0.25000000000000244,1.9555467797907542),(0.84723017969290326,-0.2488858439781689,1.9397254410913516),(0.84702972428264622,-0.24867907860333205,1.8859936519239515),(0.84600000000001341,-0.24600000000000175,1.9512249913001116),(0.84705829115543751,-0.24871041492649321,2.1255926724234668),(0.8500000000000133,-0.25000000000000244,2.0926093374933372),(0.84600000000001341,-0.24600000000000197,2.1093624913655913),(0.84709394552512318,-0.24874860826400993,1.9645068582301461),(0.84600000000001341,-0.2460000000000018,2.0033125040900011),(0.8500000000000133,-0.25000000000000244,2.024077873993785),(0.84702902502916277,-0.24867830314240047,1.9883676876249221),(0.8472056521742477,-0.24886210066710665,2.0129613826458823),(0.8473180595271963,-0.24896769191465024,2.0381408090260273),(0.84600000000001341,-0.24600000000000188,2.0563374977277964),(0.84711746026653068,-0.2487732588564551,2.0695937485064593),(0.8469958152688799,-0.24864099869391063,2.0961062481176973),(0.84706652393294513,-0.24871932310767775,1.6075972002095045),(0.84600000000001341,-0.24600000000000119,1.5931750086999077),(0.8469990203387604,-0.24864464006487805,1.5803874999737282),(0.8500000000000133,-0.25000000000000244,1.5443594759795289),(0.84713250602851364,-0.24878881306713554,1.5552181407144128),(0.84727045391408651,-0.2489239661702583,1.5288374421977255),(0.84600000000001341,-0.24600000000000113,1.5420250272809923),(0.85000000000001352,-0.25000000000000244,1.4758280124799761),(0.84703911220905792,-0.24868945040656695,1.5036624999884056),(0.84705460388310783,-0.24870640752927764,1.4797778459703883),(0.84722861665675109,-0.24888434296932624,1.4545017237161431),(0.85000000000001352,-0.25000000000000244,1.4072969182769457),(0.84722810612014032,-0.24888385233996749,1.4269374999881934),(0.84705800071076498,-0.24871009966275684,1.4031097889339477),(0.84700369157717659,-0.24864993128877896,1.3757874999896418),(0.85000000000001352,-0.25000000000000244,1.3387654547773933),(0.84714558476113799,-0.24880219800229905,1.3503981384904804),(0.84723288374264327,-0.24888843688146575,1.324293844980871),(0.84600000000001341,-0.24600000000000083,1.3374249961027227),(0.84600000000001341,-0.24600000000000072,1.2862750506646929),(0.85000000000001352,-0.25000000000000244,1.2702343605743631),(0.84702667939649434,-0.24867569889724198,1.2990624999903693),(0.84706059109487775,-0.24871290900850407,1.275077646522307),(0.84723964013121578,-0.24889489436676804,1.2495581108058011),(0.84600000000001341,-0.24600000000000066,1.2351249805135878),(0.85000000000001352,-0.25000000000000244,1.2017028970748107),(0.84719645554515766,-0.24885309279373477,1.2223374999906569),(0.84705155507264651,-0.2487030857386138,1.1985909547184475),(0.84600000000001341,-0.24600000000000058,1.183975035075558),(0.84701043376219021,-0.24865753526969639,1.1711874999919978),(0.85000000000001352,-0.25000000000000244,1.1331718028717805),(0.8471592595615931,-0.24881605997122527,1.1455658817686445),(0.84719978931518758,-0.24885636484374829,1.1197236517490681),(0.84600000000001341,-0.24600000000000052,1.1328250499027361),(0.85000000000001352,-0.25000000000000244,1.0646407086687502),(0.84701637724751555,-0.24866420631160382,1.0944624999950159),(0.84706767289649776,-0.24872056202980203,1.0703608309661192),(0.84724993149337879,-0.24890467265089031,1.0445895076274805),(0.85000000000001352,-0.25000000000000244,0.99610924516919797),(0.84716733728876226,-0.24882418518590757,1.0177374999949083),(0.8470470277865807,-0.24869813919335282,0.99404364893823893),(0.8470192645499709,-0.24866743625544691,0.9665874999953592),(0.85000000000001352,-0.25000000000000244,0.92757815096616747),(0.84717348339354737,-0.24883033635340124,0.94072182780562041),(0.84717079138548057,-0.24882764541897781,0.9151281667971275),(0.84600000000001352,-0.24600000000000022,0.92822491682878472),(0.84600000000001341,-0.24600000000000011,0.87707501663424625),(0.85000000000001352,-0.25000000000000244,0.8590470567631372),(0.84702447013598459,-0.24867324185742429,0.86428749999568732),(0.8471807874514925,-0.24883761177863983,0.8382955213148211),(0.84706190940272652,-0.2487143366854809,0.88829419850311797),(0.85000000000001352,-0.25000000000000244,0.790515593263585),(0.84600000000001352,-0.24600000000000005,0.82592511643970801),(0.84715772158018054,-0.24881450766283653,0.81282130814856013),(0.84600000000001352,-0.24599999999999997,0.77477495009727049),(0.84703020688709596,-0.24867961356663243,0.76198749999605242),(0.85000000000001352,-0.25000000000000244,0.72198449906055462),(0.84718821273980183,-0.24884496966650346,0.7358664399050614),(0.84705866492661208,-0.24871082053740035,0.78594031970462486),(0.84600000000001352,-0.24600000000000008,0.72362500000000118),(0.84714555212147669,-0.24880216475403044,0.71050855317099648),(0.85000000000001352,-0.25000000000000244,0.65345303556100209),(0.84703647848566177,-0.24868654801445786,0.65968749999721321),(0.84719575441790251,-0.24885240367325964,0.6334346429265757),(0.84705569955351379,-0.24870759946830304,0.68359064910758638),(0.85000000000001352,-0.25000000000000244,0.58492194135797193),(0.84713424631253398,-0.24879060133353209,0.60819002945091327),(0.84704328893326164,-0.24869404151188507,0.55738749999733428),(0.85000000000001352,-0.25000000000000244,0.51639047785841952),(0.84720340790107307,-0.24885990780133868,0.53100019041626445),(0.84705302260498649,-0.24870468560709239,0.58124528351447657),(0.84600000000001352,-0.24600000000000133,0.51902500000000029),(0.84712376938033007,-0.2487798016876045,0.50586585874427514),(0.84600000000001352,-0.24600000000000163,0.46787499999999987),(0.85000000000001363,-0.25000000000000244,0.44785938365538924),(0.84705064254764151,-0.24870209004626984,0.45508749999747228),(0.84721116887102654,-0.24886747640513512,0.42856314315090177),(0.84705064366097593,-0.2487020912614846,0.47890432632697982),(0.84600000000001352,-0.24600000000000194,0.41672499999999979),(0.85000000000001363,-0.25000000000000244,0.37932792015583683),(0.84711408834288071,-0.24876974979145028,0.40353615757444133),(0.84600000000001352,-0.24600000000000224,0.36557499999999987),(0.84705854395862057,-0.24871068927702281,0.3527874999976241),(0.85000000000001363,-0.25000000000000244,0.31144826501782791),(0.84720832582459182,-0.24886470858872189,0.32629954384958526),(0.84704857258409261,-0.24869982892209175,0.3765678883009288),(0.84731937987414063,-0.2489688845953959,0.294641191717888),(0.8472062995269235,-0.24886273255241748,0.27186700430372274),(0.84721281242882229,-0.24886907396959551,0.23235004556623393),(0.84458188354271624,-0.24905513950122338,1.9782181164572878),(0.8420000000000134,-0.25000000000000244,2.1216636405653584),(0.84600000000001341,-0.24600000000000191,2.0466340955915263),(0.8420000000000134,-0.25000000000000244,2.2613318202826878),(0.8420000000000134,-0.25000000000000244,2.0512318202826849),(0.8420000000000134,-0.25000000000000244,2.0864477304240214),(0.8420000000000134,-0.25000000000000244,2.1914977281188985),(0.8420000000000134,-0.25000000000000244,2.3311659124464779),(0.8420000000000134,-0.25000000000000244,2.0157170460819058),(0.84600000000001341,-0.24600000000000186,2.0117170477957691),(0.8420000000000134,-0.25000000000000244,2.3660829585283727),(0.84482842709827255,-0.24882842715123565,2.3570289744258122),(0.8420000000000134,-0.25000000000000244,2.296248866364583),(0.84486459020456883,-0.24879179565154369,2.308206246381503),(0.84478914028465324,-0.24886717569615341,2.2820848644803484),(0.84439247256930394,-0.24920563176381938,2.3790144871805845),(0.84497746479864844,-0.24867108655286607,2.2551812467569818),(0.8420000000000134,-0.25000000000000244,2.2264147742007929),(0.84492435419241951,-0.24872913036650324,2.2313380995657255),(0.84489662396452447,-0.24875854483527715,2.2021562473557386),(0.8420000000000134,-0.25000000000000244,2.1565806820370033),(0.84474100091163595,-0.24891323085293604,2.1752832230340324),(0.84495885249071834,-0.24869168942084002,2.1491312479879916),(0.84493239826315736,-0.24872048532918745,2.1254143923771167),(0.84491855433327201,-0.24873533190012301,2.0961062486489523),(0.84470719522190152,-0.24894467214314267,2.0687308526574504),(0.84494274679615344,-0.24870928796805009,2.3317275864290479),(0.84479929868643699,-0.24885725862746119,2.0460973059181602),(0.84473197310573112,-0.24892169864114175,2.0030459945894701),(0.84522463992674945,-0.24836679051521507,2.0244953114511901),(0.44750000000002227,-0.24600000000000219,1.1584000000000054),(0.44550000000002216,-0.25000000000000216,1.1544000000000054),(0.64375000000001781,-0.25000000000000183,1.1544000000000054),(0.64675000000001781,-0.24600000000000186,1.1584000000000054),(0.70633182164207886,-0.24600000000000175,1.1584000000000054),(0.74287500000001561,-0.25000000000000167,1.1544000000000054),(0.77616591082104613,-0.24600000000000163,1.1584000000000056),(0.69331250000001676,-0.25000000000000172,1.1544000000000054),(0.79243750000001467,-0.25000000000000155,1.1544000000000054),(0.32833635804682659,-0.25000000000000239,1.1544000000000054),(0.24825000000002662,-0.24600000000000252,1.1584000000000054),(0.34787500105507085,-0.24600000000000236,1.1584000000000054),(0.39768750052754653,-0.24600000000000227,1.1584000000000054),(0.18866817902342878,-0.25000000000000261,1.1544000000000054),(0.25850226853512759,-0.2500000000000025,1.1544000000000054),(0.3869181790234244,-0.25000000000000228,1.1544000000000054),(0.14862499894498252,-0.24600000000000269,1.1584000000000054),(0.19843749841745814,-0.24600000000000258,1.1584000000000054),(0.1188340895117299,-0.25000000000000278,1.1544000000000054),(0.098812499472506726,-0.24600000000000274,1.1584000000000054),(0.54712499894497368,-0.24600000000000202,1.1584000000000054),(0.54462500000002001,-0.250000000000002,1.1544000000000054),(0.49506250000002106,-0.25000000000000211,1.1544000000000054),(0.49731249947249795,-0.24600000000000211,1.1584000000000054),(0.083917044755880424,-0.25000000000000283,1.1544000000000054),(0.81108295541052988,-0.24600000000000158,1.1584000000000054),(0.80708295524416407,-0.25000000000000155,1.1544000000000054),(0.79976022796712853,-0.24874433231913601,1.1573100928030196),(0.083917044589514683,-0.2460000000000028,1.1584000000000054),(0.091364777418818613,-0.24882842717531006,1.1572284270741906),(0.59418750000001885,-0.25000000000000189,1.1544000000000056),(0.59693749841744936,-0.24600000000000194,1.1584000000000054),(0.62184375026378003,-0.24600000000000191,1.1584000000000054),(0.12371874920874462,-0.24600000000000272,1.1584000000000054),(0.15375113426757925,-0.25000000000000272,1.1544000000000056),(0.13617187976840817,-0.24898544916726756,1.1570621595124462),(0.76765625000001503,-0.25000000000000167,1.1544000000000054),(0.7412488662315625,-0.24600000000000172,1.1584000000000056),(0.61896875000001839,-0.25000000000000189,1.1544000000000054),(0.7552656256078899,-0.24878029996564824,1.1572757489634975),(0.29806250158259512,-0.24600000000000241,1.1584000000000054),(0.63429687647973265,-0.24875445070703914,1.1573005174197948),(0.67654091187609466,-0.2460000000000018,1.1584000000000054),(0.66853125000001723,-0.25000000000000183,1.1544000000000056),(0.60657812648625398,-0.24889495599042719,1.1571602952402833),(0.57203124868121147,-0.24600000000000197,1.1584000000000054),(0.56940625000001954,-0.250000000000002,1.1544000000000054),(0.55701562678079475,-0.24888965450950642,1.1571658446839492),(0.5222187492087359,-0.24600000000000205,1.1584000000000054),(0.51984375000002059,-0.25000000000000205,1.1544000000000054),(0.50745312707532886,-0.24888420626094829,1.1571715256167587),(0.47240624973626005,-0.24600000000000213,1.1584000000000054),(0.47028125000002163,-0.25000000000000216,1.1544000000000054),(0.45789062736985081,-0.24887861042877618,1.1571773372138405),(0.42259375026378443,-0.24600000000000222,1.1584000000000054),(0.41620908951172325,-0.25000000000000228,1.1544000000000056),(0.43273080377792655,-0.24889463783635349,1.157160628876976),(0.65922461227146356,-0.24875070588008169,1.1573040690696548),(0.58179661153697204,-0.24891556061139022,1.1571385226530653),(0.53223404336172186,-0.24891549114673844,1.1571385966065362),(0.72974168168634568,-0.24887260813709811,1.1571835449503678),(0.48267147067508781,-0.24891540613015234,1.157138687111795),(0.7180937500000163,-0.25000000000000172,1.1544000000000054),(0.82241705529482345,-0.24855304501712761,1.1574792793216209),(0.066458522377955687,-0.25000000000000283,1.1544000000000054),(0.066458523349819262,-0.24600000000000283,1.1584000000000054),(0.16033499610819985,-0.24872230479279203,1.1573307092341596),(0.17353124868122033,-0.24600000000000263,1.1584000000000054),(0.1859843794389259,-0.24865939095908479,1.1573879156157403),(0.22358522377927817,-0.25000000000000261,1.1544000000000056),(0.21160687808822484,-0.24879494309376554,1.157261519369611),(0.23715552772031975,-0.24889547625527828,1.1571597494913786),(0.22334375026378878,-0.24600000000000255,1.1584000000000054),(0.27315624973626451,-0.24600000000000249,1.1584000000000054),(0.29341931329097715,-0.25000000000000244,1.1544000000000054),(0.28560937878324488,-0.24872194952593979,1.1573310391976706),(0.31257607477559007,-0.24887006291315247,1.1571861692114067),(0.26168710082194802,-0.24869033554131537,1.1573600835588174),(0.32296875131883296,-0.24600000000000238,1.1584000000000054),(0.33698482859549356,-0.24877933028178137,1.1572766861463875),(0.3576272685351255,-0.25000000000000233,1.1544000000000054),(0.37278125079130869,-0.24600000000000233,1.1584000000000054),(0.38523437812261008,-0.24865425905894689,1.1573924753713345),(0.36127198010816514,-0.24869291542071176,1.1573577367254266),(0.4090286375804299,-0.24868236153579021,1.1573673113404828),(0.77753575901583727,-0.24903965349790011,1.157000097423702),(0.68313254585242056,-0.24889451765020507,1.157160754891817),(0.70644459027957673,-0.24903013075272812,1.1570111889287087),(0.11387110452304755,-0.24862116971057088,1.1574215011746536),(0.070182391498016569,-0.24896885829223842,1.1570806492572983),(0.44550000000002232,-0.25000000000000216,1.1624000000000054),(0.32833636297037488,-0.25000000000000244,1.1624000000000054),(0.18866817696089291,-0.24600000000000258,1.1584000000000054),(0.18866818148520301,-0.25000000000000266,1.1624000000000054),(0.25850227678794335,-0.2500000000000025,1.1624000000000054),(0.29341932443931357,-0.25000000000000244,1.1624000000000054),(0.56666364607828978,-0.24600000000000197,1.1584000000000054),(0.64374999543986344,-0.25000000000000183,1.1624000000000054),(0.70233181851484161,-0.25000000000000172,1.1624000000000054),(0.54462499771994288,-0.25000000000000205,1.1624000000000054),(0.63649773650044261,-0.24600000000000186,1.1584000000000054),(0.6015806912893662,-0.24600000000000191,1.1584000000000054),(0.50708182401001689,-0.24600000000000208,1.1584000000000054),(0.59418750114005769,-0.25000000000000194,1.1624000000000054),(0.49506249429982818,-0.25000000000000211,1.1624000000000054),(0.11883408618246249,-0.25000000000000278,1.1624000000000054),(0.11883408653874006,-0.24600000000000269,1.1584000000000054),(0.77216591381758204,-0.25000000000000167,1.1624000000000057),(0.80708296146895209,-0.25000000000000155,1.1624000000000054),(0.083917038531092433,-0.25000000000000283,1.1624000000000054),(0.38691817692504421,-0.25000000000000233,1.1624000000000054),(0.41620908846253324,-0.25000000000000228,1.1624000000000054),(0.15375113383383282,-0.25000000000000272,1.1624000000000054),(0.15375113174981644,-0.24600000000000263,1.1584000000000054),(0.43504687718975243,-0.24877705457083024,1.1595211168987589),(0.47729091297588055,-0.24600000000000211,1.1584000000000054),(0.47028124714992514,-0.25000000000000216,1.1624000000000054),(0.46017637091615021,-0.24876257448029862,1.1595072189435107),(0.41014062731119461,-0.24869399095546849,1.1594432428689807),(0.3863453228461175,-0.24868227842514704,1.159432613532084),(0.35762726538755507,-0.25000000000000233,1.1624000000000054),(0.36032812755830673,-0.24865949894036107,1.1594121804963824),(0.33581374324899976,-0.24872715411005661,1.159473802730508),(0.31087783966039084,-0.2491873835077334,1.1599832694865546),(0.28734955780326527,-0.24874050690373475,1.159486304423835),(0.26070312803780138,-0.24865662027678198,1.1594096206419635),(0.22358522913657319,-0.25000000000000261,1.1624000000000054),(0.21845908799502928,-0.24600000000000252,1.1584000000000054),(0.23519196120686098,-0.24878836400247745,1.1595320693541038),(0.2102837224895541,-0.2489481033623249,1.1596965417397278),(0.61896874828996051,-0.25000000000000189,1.1624000000000054),(0.63135937642030648,-0.2489661299969467,1.1597163322036448),(0.67141478171151903,-0.2460000000000018,1.1584000000000054),(0.67304090697735253,-0.25000000000000183,1.1624000000000054),(0.65760902962842094,-0.24883006494916451,1.1595732116486215),(0.60714090135834731,-0.24894692243120919,1.1596952545065353),(0.580928569031957,-0.2487974863813921,1.1595409669561363),(0.53687273504415334,-0.24600000000000202,1.1584000000000054),(0.51984374144973111,-0.25000000000000211,1.1624000000000054),(0.53223437712221544,-0.24897127953221307,1.1597220347385684),(0.55660152321219658,-0.24893846553951751,1.1596860692210282),(0.56940625399015465,-0.250000000000002,1.1624000000000054),(0.50839886233765252,-0.24896837098979577,1.1597188111467258),(0.48427158678505922,-0.24890324135629166,1.1596484205213915),(0.6876863666237053,-0.24877200170038019,1.1595162512985582),(0.73724886616621177,-0.25000000000000172,1.1624000000000054),(0.71110886473857704,-0.24888803817486777,1.1596324676152778),(0.10137557156281606,-0.24882842724299695,1.1595715729935072),(0.17120966131732887,-0.24882842733600866,1.159571573086519),(0.1362926152399801,-0.24882842720204276,1.1595715729525533),(0.078335730866261125,-0.24882842713321415,1.1595715728837244),(0.75870738871712329,-0.24868769432783361,1.1594375180675476),(0.78259870979700474,-0.24890240399730962,1.1596475372779309),(0.7360645498048759,-0.24879997289118577,1.159543402056886),(0.81975400534109255,-0.24892169867240446,1.1596680269277224),(0.44750000000002227,-0.2460000000000116,1.5676000000000074),(0.44550000000002216,-0.25000000000001177,1.5636000000000077),(0.6437500000000177,-0.25000000000001144,1.5636000000000077),(0.64675000000001781,-0.24600000000001129,1.5676000000000074),(0.70633182107247072,-0.24600000000001118,1.5676000000000074),(0.74287500000001561,-0.25000000000001132,1.5636000000000077),(0.77616591053624218,-0.24600000000001107,1.5676000000000074),(0.69331250000001665,-0.25000000000001138,1.5636000000000077),(0.79243750000001456,-0.25000000000001127,1.5636000000000077),(0.32833635804682648,-0.25000000000001193,1.5636000000000077),(0.24825000000002662,-0.24600000000001193,1.5676000000000074),(0.34787500000002447,-0.24600000000001176,1.5676000000000074),(0.39768750000002334,-0.24600000000001168,1.5676000000000074),(0.18866817902342869,-0.25000000000001216,1.5636000000000077),(0.25850226853512759,-0.25000000000001205,1.5636000000000077),(0.38691817902342429,-0.25000000000001188,1.5636000000000077),(0.14862500000002882,-0.2460000000000121,1.5676000000000074),(0.19843750000002772,-0.24600000000001199,1.5676000000000074),(0.11883408951172976,-0.25000000000001227,1.5636000000000077),(0.098812500000029918,-0.24600000000001215,1.5676000000000074),(0.54712500000002007,-0.24600000000001146,1.5676000000000074),(0.54462500000002001,-0.2500000000000116,1.5636000000000077),(0.49506250000002106,-0.25000000000001171,1.5636000000000077),(0.49731250000002114,-0.24600000000001152,1.5676000000000074),(0.083917044755880424,-0.25000000000001232,1.5636000000000074),(0.81108295632317395,-0.24600000000001102,1.5676000000000074),(0.80708295524416396,-0.25000000000001121,1.5636000000000077),(0.79976022796712853,-0.24874433231914558,1.5665100928030216),(0.083917043676870681,-0.24600000000001215,1.5676000000000074),(0.091364777418818613,-0.24882842717531953,1.5664284270741928),(0.59418750000001885,-0.25000000000001155,1.5636000000000077),(0.59693750000001899,-0.24600000000001135,1.5676000000000074),(0.62184375000001835,-0.24600000000001132,1.5676000000000074),(0.12371875000002941,-0.24600000000001213,1.5676000000000074),(0.1537511342675793,-0.25000000000001221,1.5636000000000077),(0.13617187976840817,-0.248985449167277,1.5662621595124482),(0.76765625000001503,-0.25000000000001127,1.5636000000000077),(0.74124886474931051,-0.24600000000001115,1.5676000000000074),(0.61896875000001839,-0.25000000000001149,1.5636000000000077),(0.7552656256078899,-0.24878029996565781,1.5664757489634997),(0.29806250000002549,-0.24600000000001182,1.5676000000000074),(0.63429687647973265,-0.24875445070704871,1.566500517419797),(0.67654091053624421,-0.24600000000001124,1.5676000000000074),(0.66853125000001723,-0.25000000000001144,1.5636000000000077),(0.60657812648625409,-0.24889495599043673,1.5663602952402855),(0.57203125000001953,-0.24600000000001143,1.5676000000000074),(0.56940625000001943,-0.25000000000001155,1.5636000000000077),(0.55701562678079475,-0.24888965450951597,1.5663658446839517),(0.5222187500000206,-0.24600000000001149,1.5676000000000074),(0.51984375000002059,-0.25000000000001166,1.5636000000000077),(0.50745312707532886,-0.24888420626095778,1.5663715256167607),(0.47240625000002173,-0.24600000000001154,1.5676000000000074),(0.47028125000002163,-0.25000000000001171,1.5636000000000077),(0.45789062736985081,-0.24887861042878567,1.5663773372138428),(0.42259375000002281,-0.24600000000001165,1.5676000000000074),(0.4162090895117232,-0.25000000000001177,1.5636000000000077),(0.432730803777926,-0.24889463783636301,1.5663606288769782),(0.65922461227146401,-0.24875070588009124,1.566504069069657),(0.58179661153697204,-0.2489155606113998,1.5663385226530673),(0.53223404336172186,-0.24891549114674805,1.5663385966065384),(0.72974168168634435,-0.24887260813710765,1.5663835449503698),(0.4826714706750877,-0.24891540613016191,1.5663386871117972),(0.7180937500000163,-0.25000000000001138,1.5636000000000077),(0.82241705529481446,-0.2485530450171366,1.5666792793216235),(0.066458522377955756,-0.25000000000001232,1.5636000000000077),(0.066458521838450857,-0.24600000000001221,1.5676000000000074),(0.16033499610820037,-0.24872230479280152,1.5665307092341616),(0.17353125000002831,-0.24600000000001201,1.5676000000000074),(0.18598437943892598,-0.24865939095909426,1.5665879156157425),(0.22358522377927811,-0.2500000000000121,1.5636000000000077),(0.21160687808822523,-0.24879494309377498,1.566461519369613),(0.2371555277203205,-0.2488954762552878,1.5663597494913808),(0.22334375000002721,-0.24600000000001196,1.5676000000000074),(0.27315625000002608,-0.2460000000000119,1.5676000000000074),(0.29341931329097715,-0.25000000000001199,1.5636000000000077),(0.28560937878324494,-0.24872194952594925,1.5665310391976728),(0.31257607477559046,-0.24887006291316194,1.5663861692114089),(0.26168710082194763,-0.24869033554132483,1.5665600835588196),(0.32296875000002501,-0.24600000000001179,1.5676000000000074),(0.33698482859549428,-0.24877933028179092,1.5664766861463897),(0.35762726853512544,-0.25000000000001188,1.5636000000000079),(0.37278125000002393,-0.24600000000001174,1.5676000000000074),(0.38523437812261008,-0.24865425905895641,1.5665924753713365),(0.36127198010816464,-0.24869291542072122,1.5665577367254289),(0.40902863758042979,-0.24868236153579965,1.566567311340485),(0.77753575901583727,-0.24903965349790971,1.5662000974237043),(0.68313254585242167,-0.24889451765021456,1.5663607548918193),(0.70644459027957673,-0.24903013075273786,1.5662111889287107),(0.11387110452304755,-0.24862116971058032,1.5666215011746558),(0.070182391498016569,-0.24896885829224788,1.5662806492573005),(0.44549999543986946,-0.25000000000001171,1.5716000000000074),(0.32833635458122051,-0.25000000000001188,1.5716000000000074),(0.18866817708541106,-0.24600000000001199,1.5676000000000074),(0.18866817729062568,-0.2500000000000121,1.5716000000000074),(0.25850226593592313,-0.25000000000001199,1.5716000000000074),(0.29341931025857182,-0.25000000000001199,1.5716000000000074),(0.56666364194581098,-0.24600000000001143,1.5676000000000074),(0.64374999315978865,-0.25000000000001144,1.5716000000000074),(0.70233181358911312,-0.25000000000001132,1.5716000000000074),(0.54462499429982902,-0.2500000000000116,1.5716000000000072),(0.63649773437194335,-0.24600000000001129,1.5676000000000074),(0.60158068621715599,-0.24600000000001135,1.5676000000000074),(0.50708182194377716,-0.24600000000001149,1.5676000000000074),(0.59418749828996165,-0.25000000000001149,1.5716000000000074),(0.49506249030969646,-0.25000000000001166,1.5716000000000074),(0.11883408864532838,-0.25000000000001221,1.5716000000000074),(0.11883408854272111,-0.24600000000001213,1.5676000000000074),(0.77216590223441062,-0.25000000000001121,1.5716000000000074),(0.80708295567736477,-0.25000000000001121,1.5716000000000074),(0.083917044322679699,-0.25000000000001227,1.5716000000000074),(0.38691817501054498,-0.25000000000001182,1.5716000000000074),(0.41620908522520722,-0.25000000000001177,1.5716000000000074),(0.15375113296797699,-0.25000000000001216,1.5716000000000074),(0.15375113281406597,-0.24600000000001207,1.5676000000000074),(0.43504687718975249,-0.24877705457083976,1.5687211168987607),(0.47729091000103907,-0.24600000000001154,1.5676000000000074),(0.47028124287478296,-0.25000000000001171,1.5716000000000074),(0.46017637091615082,-0.24876257448030809,1.5687072189435125),(0.41014062731119477,-0.24869399095547798,1.5686432428689827),(0.38634532284611689,-0.24868227842515653,1.5686326135320861),(0.35762726479588269,-0.25000000000001188,1.5716000000000074),(0.36032812755830679,-0.24865949894037057,1.5686121804963842),(0.33581374324899932,-0.24872715411006607,1.5686738027305098),(0.31087783966039079,-0.24918738350774297,1.5691832694865564),(0.2873495578032646,-0.24874050690374422,1.5686863044238368),(0.26070312803780143,-0.24865662027679147,1.5686096206419655),(0.22358522161327435,-0.25000000000001205,1.5716000000000074),(0.21845908514470683,-0.24600000000001196,1.5676000000000074),(0.23519196120686059,-0.24878836400248694,1.5687320693541056),(0.21028372248955254,-0.24894810336233439,1.5688965417397296),(0.61896874572487515,-0.25000000000001144,1.5716000000000077),(0.6313593764203066,-0.24896612999695622,1.5689163322036466),(0.67141477864328847,-0.24600000000001124,1.5676000000000074),(0.67304090337445099,-0.25000000000001138,1.5716000000000074),(0.6576090296284216,-0.24883006494917409,1.5687732116486233),(0.60714090135834664,-0.24894692243121874,1.5688952545065371),(0.58092856903195611,-0.2487974863814017,1.5687409669561383),(0.53687273388651524,-0.24600000000001146,1.5676000000000074),(0.51984374686491552,-0.2500000000000116,1.5716000000000074),(0.53223437712221555,-0.24897127953222262,1.5689220347385702),(0.55660152321219625,-0.24893846553952712,1.5688860692210302),(0.56940624173474252,-0.25000000000001155,1.5716000000000074),(0.50839886233765197,-0.24896837098980529,1.5689188111467278),(0.48427158678505922,-0.24890324135630132,1.5688484205213933),(0.6876863666237053,-0.24877200170038974,1.56871625129856),(0.73724885791176187,-0.25000000000001127,1.5716000000000074),(0.7111088647385776,-0.24888803817487731,1.5688324676152796),(0.10137557156281606,-0.24882842724300641,1.5687715729935092),(0.17120966131732887,-0.24882842733601815,1.568771573086521),(0.13629261523998015,-0.24882842720205228,1.5687715729525551),(0.078335730866260445,-0.24882842713322362,1.5687715728837264),(0.75870738871712329,-0.24868769432784316,1.5686375180675494),(0.78259870979700585,-0.24890240399731917,1.5688475372779327),(0.73606454980487546,-0.24879997289119529,1.568743402056888),(0.81975400534108644,-0.24892169867241393,1.5688680269277242),(0.46249999218834575,-0.16400000000003809,1.5676000000000077),(0.46050000440810651,-0.16000000000003803,1.5636000000000077),(0.70633180948973751,-0.1640000000000377,1.5676000000000077),(0.65125000661214605,-0.16000000000003772,1.5636000000000079),(0.7466249988979935,-0.16000000000003756,1.5636000000000079),(0.80708294990976948,-0.16000000000003747,1.5636000000000079),(0.69893750275506972,-0.16000000000003764,1.5636000000000079),(0.5844159008390416,-0.16400000000003792,1.5676000000000077),(0.77616590474487579,-0.16400000000003756,1.5676000000000077),(0.6453738551643895,-0.16400000000003778,1.5676000000000077),(0.55587500551012625,-0.16000000000003786,1.5636000000000079),(0.52345794651369359,-0.16400000000003798,1.5676000000000077),(0.50818750936720258,-0.16000000000003795,1.5636000000000079),(0.21866817488695392,-0.16400000000003848,1.5676000000000077),(0.26975000220406703,-0.16000000000003833,1.5636000000000077),(0.17437500110204723,-0.16000000000003847,1.5636000000000077),(0.36512500330608677,-0.16000000000003822,1.5636000000000079),(0.22206249724497087,-0.16000000000003842,1.5636000000000077),(0.34058408353764985,-0.16400000000003828,1.5676000000000077),(0.1488340796318155,-0.16400000000003859,1.5676000000000081),(0.2796261292123019,-0.16400000000003839,1.5676000000000074),(0.40154203786299775,-0.16400000000003817,1.5676000000000077),(0.24914714423795273,-0.16400000000003845,1.5676000000000077),(0.41281249944901044,-0.16000000000003811,1.5636000000000079),(0.11391704762759676,-0.16400000000003864,1.5676000000000077),(0.12668750495912351,-0.16000000000003856,1.5636000000000077),(0.15053124862249917,-0.16000000000003856,1.5636000000000077),(0.81108295237244499,-0.1640000000000375,1.5676000000000077),(0.09645852504514936,-0.16000000000003861,1.5636000000000077),(0.18375112725938475,-0.16400000000003853,1.5676000000000077),(0.16245312433938672,-0.161220157822206,1.5664761914863912),(0.1375081624477284,-0.16118403689493616,1.5664408364596976),(0.1132148964227816,-0.16097770682235715,1.5662202564661081),(0.31743750716316305,-0.16000000000003828,1.5636000000000077),(0.1864093320160447,-0.16102268174143419,1.5662712498922833),(0.19821875358159521,-0.16000000000003844,1.5636000000000077),(0.60356250165304992,-0.16000000000003781,1.5636000000000079),(0.61489487019004041,-0.16400000000003784,1.5676000000000077),(0.62740625413259798,-0.16000000000003772,1.5636000000000079),(0.6393281211947105,-0.1610566960127045,1.5663086826388837),(0.6758528401387387,-0.16400000000003775,1.5676000000000077),(0.66488439155038848,-0.16109962210129503,1.5663545976193498),(0.69013954990672699,-0.1613158443357364,1.5665656885153108),(0.7412488571173067,-0.16400000000003764,1.5676000000000077),(0.72278125523461778,-0.16000000000003761,1.5636000000000079),(0.7347031210256536,-0.16106340594449706,1.5663159556979096),(0.7768539788119676,-0.16000000000003753,1.5636000000000079),(0.76147511669649204,-0.16116634641685093,1.5664231909908006),(0.79196846414606914,-0.16119531468788326,1.5664519713006675),(0.67509375027552176,-0.16000000000003767,1.5636000000000079),(0.71227150173075249,-0.16093539184679806,1.5661706374437359),(0.23390766690255499,-0.16127557385741928,1.5665287373035932),(0.25849926764066422,-0.16112843319476303,1.5663846191989004),(0.29359375468361509,-0.16000000000003828,1.5636000000000079),(0.3101051141866511,-0.16400000000003831,1.5676000000000077),(0.30551562336934007,-0.16104026605468291,1.5662907201587593),(0.33076053882120982,-0.16108299387778974,1.5663369828795242),(0.37106305288864855,-0.16400000000003825,1.5676000000000077),(0.3558235761651477,-0.16139982391330027,1.566639586208352),(0.38896875578563478,-0.16000000000003814,1.5636000000000079),(0.40089062272297477,-0.16101854170981378,1.566266628295),(0.43202102283734695,-0.16400000000003812,1.5676000000000077),(0.42543996451476607,-0.16104547896497692,1.5662964431114756),(0.24590624972451894,-0.16000000000003839,1.5636000000000077),(0.28198823938786272,-0.16099095622655052,1.566235461168235),(0.4366562519285585,-0.16000000000003808,1.5636000000000079),(0.34128125082653871,-0.16000000000003822,1.5636000000000077),(0.37813442426106225,-0.16094991459676444,1.5661878522045853),(0.21013658868376325,-0.16118640677985774,1.5664431836365944),(0.81523151732496646,-0.16111743516725438,1.5663732327678805),(0.59965539474371576,-0.16142270831904287,1.5666590141534689),(0.57971875798967432,-0.16000000000003783,1.5636000000000079),(0.55393693148804279,-0.16400000000003795,1.5676000000000077),(0.56779687160710524,-0.16122764905765569,1.5664834129520964),(0.53203125303057819,-0.16000000000003792,1.5636000000000079),(0.52010937192684392,-0.16102987331895618,1.5662792438295849),(0.49297896153934445,-0.16400000000003806,1.5676000000000077),(0.49600856622699924,-0.16102122448788522,1.5662696247766756),(0.48434375688765458,-0.160000000000038,1.5636000000000079),(0.54400256821068627,-0.16101541179718074,1.5662631247172087),(0.45037100804226915,-0.16122147928937389,1.5664774680989466),(0.47310644592246853,-0.16094513593522497,1.5661822094310018),(0.46049998848840606,-0.16000000000003808,1.5716000000000077),(0.26975000575583108,-0.16000000000003833,1.5716000000000077),(0.17437499136631487,-0.16000000000003853,1.5716000000000077),(0.11391705174251561,-0.16000000000003861,1.5716000000000074),(0.22206249856107305,-0.16000000000003844,1.5716000000000077),(0.36512499712211854,-0.16000000000003822,1.5716000000000077),(0.41281248129364789,-0.16000000000003814,1.5716000000000077),(0.6512499942442096,-0.16000000000003772,1.5716000000000077),(0.74662498561049706,-0.16000000000003761,1.5716000000000077),(0.55587500287792224,-0.16000000000003792,1.5716000000000077),(0.69893747841573906,-0.16000000000003767,1.5716000000000077),(0.50818749568316401,-0.16000000000003797,1.5716000000000077),(0.79431249280525529,-0.16000000000003753,1.5716000000000077),(0.82454148564038354,-0.16000000000003747,1.5716000000000077),(0.31743751295058914,-0.16000000000003828,1.5716000000000077),(0.29359375935321014,-0.16000000000003833,1.5716000000000077),(0.30551562301484492,-0.16104026596744989,1.5689092799372109),(0.33076053852281628,-0.16108299378151228,1.5688630172231015),(0.38896875071949755,-0.16000000000003817,1.5716000000000077),(0.37704687237991402,-0.16105590303517298,1.5688921792781962),(0.3538973323165639,-0.16097176806675337,1.5689866092220652),(0.34128124352473949,-0.16000000000003825,1.5716000000000077),(0.60356251007268025,-0.16000000000003781,1.5716000000000077),(0.14414602155441522,-0.16000000000003858,1.5716000000000077),(0.12903153323301131,-0.16117157286893463,1.5687715728816194),(0.10494435078991728,-0.16117157286774053,1.5687715728828135),(0.15222873183698202,-0.16111240748944414,1.5688320026205365),(0.19821874496369396,-0.16000000000003847,1.5716000000000077),(0.21014062386438581,-0.16109548829116238,1.5688497615134394),(0.23628598308655499,-0.16113086248281608,1.5688128778449402),(0.26092862357381347,-0.16124016023529328,1.5687046097891844),(0.28312217280157209,-0.16093212069419568,1.5690332673367211),(0.24590625215845205,-0.16000000000003842,1.5716000000000077),(0.66061335018491552,-0.16133672738770657,1.5686155437694009),(0.62740624064683048,-0.16000000000003781,1.5716000000000077),(0.61548437029682657,-0.1610184610409171,1.568933461900665),(0.59094409343066789,-0.16104498700786418,1.5689040960298921),(0.6857192191258098,-0.16108689425424211,1.568858866126259),(0.57971875647530113,-0.16000000000003786,1.5716000000000077),(0.63821618316344075,-0.16094863924679687,1.5690136516952387),(0.67509374784158871,-0.1600000000000377,1.5716000000000077),(0.70938599941882186,-0.16106280958399413,1.568884689251695),(0.72278123201311817,-0.16000000000003764,1.5716000000000077),(0.73470311955901246,-0.16106340596127658,1.5688840442839633),(0.76147511563078674,-0.1611663465588053,1.5687768088667344),(0.53203124928054313,-0.16000000000003795,1.5716000000000077),(0.54395312091200831,-0.16112478337419903,1.5688191495267714),(0.56751404434700736,-0.16146505561576888,1.5685058026939744),(0.785602307312252,-0.16118625752410512,1.568756964073549),(0.77046873920787617,-0.16000000000003756,1.5716000000000077),(0.82121563518856311,-0.16127520107539633,1.5686716095171187),(0.44726050845172383,-0.16123558043450614,1.5687089821056139),(0.47192593598432558,-0.16112560404203374,1.5688183012606385),(0.48434374208578512,-0.160000000000038,1.5716000000000077),(0.49626562132588625,-0.16102944057037685,1.5689212359800067),(0.52012408607930716,-0.16100984970192936,1.5689431219082013),(0.42293960521943041,-0.16114933680495033,1.5687939851482702),(0.40002432428180601,-0.16096288471962197,1.5689969381925466),(0.43665623489102695,-0.16000000000003808,1.5716000000000077),(0.17534168010676721,-0.1612501866567542,1.5686950857883493),(0.44750000105506865,-0.24600000000002056,1.9768000000000114),(0.44550000000002216,-0.25000000000002054,1.9728000000000114),(0.64375000000001803,-0.25000000000002021,1.9728000000000114),(0.64675000052754106,-0.24600000000002023,1.9768000000000114),(0.70633182072943435,-0.24600000000002012,1.9768000000000114),(0.74287500000001572,-0.25000000000002004,1.9728000000000114),(0.77616590930967755,-0.24600000000002001,1.9768000000000114),(0.69331250000001676,-0.2500000000000201,1.9728000000000114),(0.79243750000001467,-0.25000000000001993,1.9728000000000114),(0.32833635804682632,-0.25000000000002071,1.9728000000000112),(0.24824999947250342,-0.24600000000002087,1.9768000000000114),(0.34787500026378598,-0.2460000000000207,1.9768000000000114),(0.39768750171447381,-0.24600000000002062,1.9768000000000114),(0.18866817902342864,-0.25000000000002098,1.9728000000000112),(0.25850226853512753,-0.25000000000002087,1.9728000000000114),(0.38691817902342424,-0.25000000000002065,1.9728000000000112),(0.14862500079131366,-0.24600000000002104,1.9768000000000114),(0.19843750013190856,-0.24600000000002092,1.9768000000000114),(0.11883408951172969,-0.25000000000002109,1.9728000000000114),(0.098812501450718793,-0.24600000000002109,1.9768000000000114),(0.54712499973625839,-0.2460000000000204,1.9768000000000114),(0.54462500000002001,-0.25000000000002037,1.9728000000000114),(0.49506250000002106,-0.25000000000002048,1.9728000000000114),(0.49731250039566349,-0.24600000000002045,1.9768000000000114),(0.083917044755880299,-0.25000000000002115,1.9728000000000112),(0.81108295465484548,-0.24600000000001995,1.9768000000000114),(0.80708295524416407,-0.25000000000001993,1.9728000000000114),(0.79976022796712853,-0.24874433231915438,1.9757100928030256),(0.083917047455292007,-0.24600000000002112,1.9768000000000114),(0.091364777418818613,-0.24882842717532844,1.9756284270741966),(0.59418750000001896,-0.25000000000002032,1.9728000000000114),(0.59693749907685323,-0.24600000000002029,1.9768000000000114),(0.62184374874715076,-0.24600000000002026,1.9768000000000117),(0.1237187511210163,-0.24600000000002106,1.9768000000000114),(0.15375113426757903,-0.25000000000002109,1.9728000000000114),(0.13617187976840817,-0.2489854491672859,1.9754621595124522),(0.76765625000001514,-0.25000000000001998,1.9728000000000112),(0.7412488639645094,-0.24600000000002009,1.9768000000000114),(0.6189687500000185,-0.25000000000002026,1.9728000000000112),(0.75526562560789001,-0.24878029996566661,1.9756757489635033),(0.29806249881309832,-0.24600000000002079,1.9768000000000114),(0.63429687647973243,-0.24875445070705751,1.9757005174198008),(0.67654091062848776,-0.24600000000002017,1.9768000000000114),(0.66853125000001723,-0.25000000000002015,1.9728000000000114),(0.60657812648625409,-0.24889495599044556,1.9755602952402895),(0.57203124940655581,-0.24600000000002034,1.9768000000000114),(0.56940625000001943,-0.25000000000002032,1.9728000000000114),(0.55701562678079475,-0.2488896545095248,1.9755658446839555),(0.52221875006596097,-0.24600000000002042,1.9768000000000114),(0.51984375000002059,-0.25000000000002043,1.9728000000000114),(0.50745312707532897,-0.24888420626096661,1.9755715256167647),(0.47240625072536607,-0.24600000000002048,1.9768000000000114),(0.47028125000002163,-0.25000000000002048,1.9728000000000114),(0.45789062736985081,-0.24887861042879453,1.9755773372138468),(0.42259375138477129,-0.24600000000002059,1.9768000000000114),(0.4162090895117232,-0.25000000000002059,1.9728000000000114),(0.43273080377792655,-0.24889463783637181,1.975560628876982),(0.65922461227146356,-0.24875070588010006,1.9757040690696608),(0.58179661153697204,-0.24891556061140857,1.9755385226530711),(0.53223404336172186,-0.24891549114675682,1.9755385966065424),(0.72974168168634579,-0.24887260813711645,1.9755835449503738),(0.4826714706750877,-0.24891540613017071,1.975538687111801),(0.71809375000001607,-0.2500000000000201,1.9728000000000114),(0.82241705529480591,-0.24855304501714495,1.9758792793216275),(0.066458522377955562,-0.25000000000002121,1.9728000000000117),(0.066458522672615081,-0.24600000000002117,1.9768000000000114),(0.16033499610819985,-0.24872230479281041,1.9757307092341656),(0.17353125046161116,-0.24600000000002095,1.9768000000000114),(0.1859843794389259,-0.24865939095910311,1.9757879156157465),(0.22358522377927803,-0.25000000000002093,1.9728000000000114),(0.21160687808822484,-0.24879494309378389,1.975661519369617),(0.23715552772031975,-0.24889547625529659,1.9755597494913848),(0.22334374980220592,-0.2460000000000209,1.9768000000000114),(0.27315624914280084,-0.24600000000002081,1.9768000000000114),(0.29341931329097687,-0.25000000000002082,1.9728000000000114),(0.28560937878324488,-0.24872194952595814,1.9757310391976766),(0.31257607477559007,-0.24887006291317082,1.9755861692114127),(0.26168710082194802,-0.24869033554133374,1.9757600835588236),(0.32296874848339568,-0.24600000000002076,1.9768000000000114),(0.33698482859549356,-0.24877933028179972,1.9756766861463937),(0.35762726853512528,-0.25000000000002071,1.9728000000000112),(0.37278125204417639,-0.24600000000002065,1.9768000000000114),(0.38523437812261013,-0.24865425905896524,1.9757924753713405),(0.36127198010816514,-0.2486929154207301,1.9757577367254329),(0.40902863758042995,-0.24868236153580858,1.9757673113404888),(0.77753575901583749,-0.24903965349791846,1.975400097423708),(0.68313254585242034,-0.24889451765022344,1.975560754891823),(0.70644459027957685,-0.24903013075274646,1.9754111889287147),(0.11387110452304755,-0.24862116971058923,1.9758215011746598),(0.070182391498016569,-0.24896885829225676,1.9754806492573043),(0.44550000456017502,-0.25000000000002059,1.9808000000000112),(0.32833636370152602,-0.25000000000002082,1.9808000000000112),(0.18866817764143679,-0.24600000000002095,1.9768000000000114),(0.18866818641093142,-0.25000000000002104,1.9808000000000112),(0.25850227505622869,-0.25000000000002087,1.9808000000000112),(0.29341931937887739,-0.25000000000002082,1.9808000000000112),(0.56666364083375798,-0.24600000000002034,1.9768000000000114),(0.64375000228009438,-0.25000000000002026,1.9808000000000112),(0.70233182270941885,-0.2500000000000201,1.9808000000000112),(0.54462500342013465,-0.25000000000002037,1.9808000000000112),(0.63649773159618284,-0.24600000000002023,1.9768000000000114),(0.60158068621497041,-0.24600000000002029,1.9768000000000114),(0.5070818184751682,-0.24600000000002045,1.9768000000000114),(0.59418750741026727,-0.25000000000002032,1.980800000000011),(0.49506249943000208,-0.25000000000002048,1.9808000000000117),(0.11883409776563404,-0.25000000000002115,1.9808000000000112),(0.11883408687901204,-0.24600000000002106,1.9768000000000114),(0.77216591135471613,-0.25000000000002004,1.9808000000000112),(0.80708295567736477,-0.25000000000001993,1.9808000000000112),(0.083917044322679699,-0.25000000000002121,1.9808000000000112),(0.38691818413085066,-0.25000000000002071,1.9808000000000112),(0.41620909434551279,-0.25000000000002065,1.9808000000000112),(0.15375114208828272,-0.25000000000002109,1.9808000000000112),(0.15375113226022444,-0.24600000000002101,1.9768000000000114),(0.43504687718975243,-0.24877705457084867,1.9779211168987647),(0.4772909111793171,-0.24600000000002048,1.9768000000000114),(0.47028125199508858,-0.25000000000002054,1.9808000000000112),(0.46017637091615032,-0.24876257448031699,1.9779072189435167),(0.41014062731119461,-0.24869399095548689,1.9778432428689865),(0.38634532284611717,-0.24868227842516544,1.9778326135320898),(0.35762727391618826,-0.25000000000002071,1.9808000000000112),(0.36032812755830668,-0.24865949894037948,1.977812180496388),(0.33581374324899943,-0.24872715411007498,1.9778738027305138),(0.31087783966039084,-0.24918738350775183,1.9783832694865604),(0.28734955780326482,-0.24874050690375316,1.9778863044238408),(0.26070312803780138,-0.24865662027680041,1.9778096206419693),(0.22358523073358003,-0.25000000000002098,1.9808000000000112),(0.21845908882073176,-0.2460000000000209,1.9768000000000114),(0.23519196120686064,-0.24878836400249582,1.9779320693541096),(0.21028372248955296,-0.2489481033623433,1.9780965417397336),(0.61896875484518077,-0.25000000000002032,1.9808000000000112),(0.63135937642030648,-0.24896612999696507,1.9781163322036506),(0.67141477697739527,-0.24600000000002017,1.9768000000000114),(0.67304091249475639,-0.25000000000002021,1.9808000000000112),(0.65760902962842105,-0.24883006494918292,1.9779732116486273),(0.60714090135834708,-0.24894692243122757,1.9780952545065409),(0.58092856903195678,-0.2487974863814105,1.9779409669561421),(0.53687272965446309,-0.2460000000000204,1.9768000000000114),(0.51984375598522115,-0.25000000000002048,1.9808000000000117),(0.53223437712221544,-0.24897127953223147,1.9781220347385742),(0.55660152321219647,-0.24893846553953591,1.978086069221034),(0.56940625085504815,-0.25000000000002037,1.980800000000011),(0.5083988623376523,-0.24896837098981417,1.9781188111467316),(0.48427158678505922,-0.24890324135631012,1.9780484205213973),(0.6876863666237053,-0.24877200170039857,1.9779162512985637),(0.7372488670320676,-0.2500000000000201,1.9808000000000112),(0.71110886473857704,-0.24888803817488614,1.9780324676152836),(0.10137557156281599,-0.24882842724301535,1.9779715729935132),(0.17120966131732887,-0.24882842733602706,1.977971573086525),(0.1362926152399801,-0.24882842720206122,1.9779715729525589),(0.078335730866260514,-0.24882842713323255,1.9779715728837302),(0.75870738871712329,-0.24868769432785198,1.9778375180675534),(0.78259870979700485,-0.24890240399732799,1.9780475372779365),(0.7360645498048759,-0.24879997289120415,1.9779434020568918),(0.81975400534108167,-0.24892169867242273,1.9780680269277282),(0.46249999218834564,-0.16400000000004636,1.9768000000000117),(0.46049999559193111,-0.16000000000004633,1.9728000000000117),(0.70633180948973739,-0.16400000000004597,1.9768000000000117),(0.65124999338788281,-0.16000000000004599,1.9728000000000117),(0.74662500110203756,-0.16000000000004586,1.9728000000000117),(0.80708296016037295,-0.16000000000004574,1.9728000000000117),(0.69893749724496024,-0.16000000000004594,1.9728000000000117),(0.5844159008390416,-0.16400000000004616,1.9768000000000117),(0.77616590474487579,-0.16400000000004586,1.9768000000000117),(0.6453738551643895,-0.16400000000004605,1.9768000000000117),(0.55587499448990707,-0.16000000000004616,1.9728000000000117),(0.52345794651369348,-0.16400000000004628,1.9768000000000117),(0.50818749944900843,-0.16000000000004624,1.9728000000000117),(0.21866819051030428,-0.16400000000004678,1.9768000000000117),(0.2697499977959793,-0.1600000000000466,1.9728000000000117),(0.17437499889800337,-0.16000000000004677,1.9728000000000117),(0.36512499669395521,-0.16000000000004647,1.9728000000000117),(0.22206249393890201,-0.16000000000004672,1.9728000000000117),(0.34058408353764968,-0.16400000000004658,1.9768000000000117),(0.14883409525516586,-0.16400000000004689,1.9768000000000117),(0.27962614483565218,-0.16400000000004666,1.9768000000000117),(0.40154203786299769,-0.16400000000004647,1.9768000000000119),(0.2491471754846534,-0.16400000000004672,1.9768000000000117),(0.41281249173485385,-0.16000000000004641,1.9728000000000117),(0.11391704762759663,-0.16400000000004691,1.9768000000000119),(0.12668750385710481,-0.16000000000004683,1.9728000000000117),(0.15053124696946474,-0.1600000000000468,1.9728000000000117),(0.81108295237244499,-0.16400000000004583,1.9768000000000117),(0.096458528736026436,-0.16000000000004691,1.9728000000000117),(0.18375114288273506,-0.1640000000000468,1.9768000000000119),(0.16245312433938672,-0.16122015782221435,1.975676191486395),(0.13750816244772948,-0.16118403689494448,1.9756408364597013),(0.11321489642278404,-0.16097770682236556,1.9754202564661123),(0.31743750165305656,-0.16000000000004652,1.9728000000000117),(0.18640933201604362,-0.1610226817414426,1.9754712498922875),(0.198218750826542,-0.16000000000004674,1.9728000000000117),(0.6035624895308056,-0.16000000000004611,1.9728000000000117),(0.61489487019004019,-0.16400000000004614,1.9768000000000117),(0.62740624145934432,-0.16000000000004605,1.9728000000000114),(0.63932812119471061,-0.16105669601271283,1.9755086826388879),(0.67585284013873859,-0.16400000000004603,1.9768000000000117),(0.66488439155038848,-0.16109962210130332,1.9755545976193538),(0.69013954990672688,-0.16131584433574472,1.9757656885153145),(0.74124885711730648,-0.16400000000004594,1.9768000000000119),(0.72278124917349895,-0.16000000000004588,1.9728000000000117),(0.73470312102565372,-0.1610634059445053,1.9755159556979134),(0.77685398503929459,-0.1600000000000458,1.9728000000000117),(0.76147511669649215,-0.16116634641685923,1.9756231909908046),(0.79196846414606958,-0.16119531468789156,1.9756519713006715),(0.67509374531642152,-0.16000000000004597,1.9728000000000117),(0.7122715017307526,-0.16093539184680639,1.9753706374437401),(0.23390766690255485,-0.16127557385742763,1.9757287373035974),(0.25849926764066361,-0.16112843319477135,1.9755846191989044),(0.29359374972451791,-0.1600000000000466,1.9728000000000117),(0.31010511418665093,-0.16400000000004661,1.9768000000000117),(0.30551562336934029,-0.16104026605469121,1.975490720158763),(0.33076053882120932,-0.16108299387779809,1.9755369828795279),(0.37106305288864849,-0.1640000000000465,1.9768000000000117),(0.35582357616514765,-0.16139982391330851,1.9758395862083558),(0.38896874862249381,-0.16000000000004644,1.9728000000000117),(0.40089062272297493,-0.16101854170982211,1.975466628295004),(0.43202102283734684,-0.16400000000004644,1.9768000000000117),(0.42543996451476568,-0.16104547896498528,1.9754964431114794),(0.24590624586744059,-0.16000000000004666,1.9728000000000117),(0.28198823938786255,-0.16099095622655896,1.9754354611682392),(0.43665624366339245,-0.16000000000004636,1.9728000000000117),(0.34128124476541649,-0.16000000000004652,1.9728000000000117),(0.37813442426106242,-0.16094991459677283,1.9753878522045893),(0.21013658868376284,-0.16118640677986598,1.9756431836365982),(0.81523151732496668,-0.16111743516726268,1.9755732327678845),(0.59965539474371565,-0.16142270831905117,1.9758590141534729),(0.57971874641844567,-0.16000000000004613,1.9728000000000117),(0.55393693148804279,-0.16400000000004625,1.9768000000000117),(0.56779687160710546,-0.16122764905766401,1.9756834129521004),(0.53203124256136847,-0.16000000000004619,1.9728000000000117),(0.52010937192684414,-0.16102987331896451,1.9754792438295887),(0.4929789615393444,-0.1640000000000463,1.9768000000000117),(0.49600856622700001,-0.16102122448789358,1.9754696247766796),(0.48434374752046971,-0.16000000000004627,1.9728000000000117),(0.54400256821068649,-0.16101541179718909,1.9754631247172127),(0.45037100804226859,-0.16122147928938221,1.9756774680989506),(0.47310644592246864,-0.16094513593523341,1.9753822094310058),(0.46049998848840606,-0.16000000000004633,1.9808000000000117),(0.26975000575583113,-0.16000000000004663,1.9808000000000117),(0.17437499136631496,-0.1600000000000468,1.9808000000000117),(0.11391705174251561,-0.16000000000004691,1.9808000000000117),(0.22206249856107305,-0.16000000000004674,1.9808000000000117),(0.36512499712211854,-0.16000000000004649,1.9808000000000117),(0.41281248129364789,-0.16000000000004641,1.9808000000000117),(0.65124999424420971,-0.16000000000004602,1.9808000000000117),(0.74662498561049717,-0.16000000000004586,1.9808000000000117),(0.55587500287792224,-0.16000000000004619,1.9808000000000117),(0.69893747841573906,-0.16000000000004597,1.9808000000000117),(0.50818749568316413,-0.16000000000004627,1.9808000000000117),(0.7943124928052554,-0.1600000000000458,1.9808000000000117),(0.82454148564038365,-0.16000000000004574,1.9808000000000117),(0.3174375129505892,-0.16000000000004658,1.9808000000000119),(0.29359375935321019,-0.1600000000000466,1.9808000000000117),(0.30551562301484492,-0.16104026596745816,1.9781092799372146),(0.33076053852281628,-0.16108299378152058,1.9780630172231053),(0.38896875071949766,-0.16000000000004647,1.9808000000000117),(0.37704687237991408,-0.16105590303518127,1.9780921792782002),(0.3538973323165639,-0.16097176806676167,1.9781866092220692),(0.34128124352473954,-0.16000000000004652,1.9808000000000117),(0.60356251007268036,-0.16000000000004611,1.9808000000000117),(0.14414602155441522,-0.16000000000004683,1.9808000000000117),(0.12903153323301131,-0.16117157286894293,1.9779715728816232),(0.10494435078991728,-0.16117157286774883,1.9779715728828173),(0.15222873183698202,-0.16111240748945241,1.9780320026205402),(0.19821874496369396,-0.16000000000004677,1.9808000000000117),(0.21014062386438581,-0.16109548829117068,1.9780497615134431),(0.23628598308655499,-0.16113086248282438,1.9780128778449442),(0.26092862357381347,-0.16124016023530155,1.9779046097891881),(0.28312217280157209,-0.16093212069420396,1.9782332673367251),(0.24590625215845205,-0.16000000000004666,1.9808000000000119),(0.66061335018491552,-0.16133672738771485,1.9778155437694049),(0.62740624064683059,-0.16000000000004605,1.9808000000000117),(0.61548437029682668,-0.16101846104092538,1.978133461900669),(0.590944093430668,-0.16104498700787248,1.9781040960298959),(0.6857192191258098,-0.16108689425425041,1.9780588661262628),(0.57971875647530136,-0.16000000000004613,1.9808000000000117),(0.63821618316344075,-0.16094863924680516,1.9782136516952424),(0.67509374784158882,-0.16000000000004599,1.9808000000000117),(0.70938599941882186,-0.16106280958400243,1.9780846892516988),(0.72278123201311817,-0.16000000000004594,1.9808000000000117),(0.73470311955901257,-0.16106340596128488,1.9780840442839673),(0.76147511563078674,-0.16116634655881359,1.9779768088667384),(0.53203124928054324,-0.16000000000004624,1.9808000000000117),(0.54395312091200831,-0.16112478337420727,1.9780191495267752),(0.56751404434700736,-0.16146505561577712,1.9777058026939784),(0.78560230731225222,-0.16118625752411342,1.9779569640735528),(0.77046873920787629,-0.16000000000004586,1.9808000000000117),(0.82121563518857388,-0.16127520107540494,1.9778716095171223),(0.44726050845172383,-0.16123558043451441,1.9779089821056179),(0.47192593598432558,-0.16112560404204199,1.9780183012606425),(0.48434374208578512,-0.1600000000000463,1.9808000000000117),(0.49626562132588625,-0.16102944057038512,1.9781212359800107),(0.52012408607930716,-0.16100984970193766,1.9781431219082053),(0.42293960521943041,-0.1611493368049586,1.977993985148274),(0.40002432428180601,-0.16096288471963024,1.9781969381925506),(0.43665623489102695,-0.16000000000004641,1.9808000000000117),(0.17534168010676721,-0.1612501866567625,1.9778950857883533)));
#7757=IFCPOLYGONALFACESET(#7756,.T.,(#4479,#4480,#4481,#4482,#4483,#4484,#4485,#4486,#4487,#4488,#4489,#4490,#4491,#4492,#4493,#4494,#4495,#4496,#4497,#4498,#4499,#4500,#4501,#4502,#4503,#4504,#4505,#4506,#4507,#4508,#4509,#4510,#4511,#4512,#4513,#4514,#4515,#4516,#4517,#4518,#4519,#4520,#4521,#4522,#4523,#4524,#4525,#4526,#4527,#4528,#4529,#4530,#4531,#4532,#4533,#4534,#4535,#4536,#4537,#4538,#4539,#4540,#4541,#4542,#4543,#4544,#4545,#4546,#4547,#4548,#4549,#4550,#4551,#4552,#4553,#4554,#4555,#4556,#4557,#4558,#4559,#4560,#4561,#4562,#4563,#4564,#4565,#4566,#4567,#4568,#4569,#4570,#4571,#4572,#4573,#4574,#4575,#4576,#4577,#4578,#4579,#4580,#4581,#4582,#4583,#4584,#4585,#4586,#4587,#4588,#4589,#4590,#4591,#4592,#4593,#4594,#4595,#4596,#4597,#4598,#4599,#4600,#4601,#4602,#4603,#4604,#4605,#4606,#4607,#4608,#4609,#4610,#4611,#4612,#4613,#4614,#4615,#4616,#4617,#4618,#4619,#4620,#4621,#4622,#4623,#4624,#4625,#4626,#4627,#4628,#4629,#4630,#4631,#4632,#4633,#4634,#4635,#4636,#4637,#4638,#4639,#4640,#4641,#4642,#4643,#4644,#4645,#4646,#4647,#4648,#4649,#4650,#4651,#4652,#4653,#4654,#4655,#4656,#4657,#4658,#4659,#4660,#4661,#4662,#4663,#4664,#4665,#4666,#4667,#4668,#4669,#4670,#4671,#4672,#4673,#4674,#4675,#4676,#4677,#4678,#4679,#4680,#4681,#4682,#4683,#4684,#4685,#4686,#4687,#4688,#4689,#4690,#4691,#4692,#4693,#4694,#4695,#4696,#4697,#4698,#4699,#4700,#4701,#4702,#4703,#4704,#4705,#4706,#4707,#4708,#4709,#4710,#4711,#4712,#4713,#4714,#4715,#4716,#4717,#4718,#4719,#4720,#4721,#4722,#4723,#4724,#4725,#4726,#4727,#4728,#4729,#4730,#4731,#4732,#4733,#4734,#4735,#4736,#4737,#4738,#4739,#4740,#4741,#4742,#4743,#4744,#4745,#4746,#4747,#4748,#4749,#4750,#4751,#4752,#4753,#4754,#4755,#4756,#4757,#4758,#4759,#4760,#4761,#4762,#4763,#4764,#4765,#4766,#4767,#4768,#4769,#4770,#4771,#4772,#4773,#4774,#4775,#4776,#4777,#4778,#4779,#4780,#4781,#4782,#4783,#4784,#4785,#4786,#4787,#4788,#4789,#4790,#4791,#4792,#4793,#4794,#4795,#4796,#4797,#4798,#4799,#4800,#4801,#4802,#4803,#4804,#4805,#4806,#4807,#4808,#4809,#4810,#4811,#4812,#4813,#4814,#4815,#4816,#4817,#4818,#4819,#4820,#4821,#4822,#4823,#4824,#4825,#4826,#4827,#4828,#4829,#4830,#4831,#4832,#4833,#4834,#4835,#4836,#4837,#4838,#4839,#4840,#4841,#4842,#4843,#4844,#4845,#4846,#4847,#4848,#4849,#4850,#4851,#4852,#4853,#4854,#4855,#4856,#4857,#4858,#4859,#4860,#4861,#4862,#4863,#4864,#4865,#4866,#4867,#4868,#4869,#4870,#4871,#4872,#4873,#4874,#4875,#4876,#4877,#4878,#4879,#4880,#4881,#4882,#4883,#4884,#4885,#4886,#4887,#4888,#4889,#4890,#4891,#4892,#4893,#4894,#4895,#4896,#4897,#4898,#4899,#4900,#4901,#4902,#4903,#4904,#4905,#4906,#4907,#4908,#4909,#4910,#4911,#4912,#4913,#4914,#4915,#4916,#4917,#4918,#4919,#4920,#4921,#4922,#4923,#4924,#4925,#4926,#4927,#4928,#4929,#4930,#4931,#4932,#4933,#4934,#4935,#4936,#4937,#4938,#4939,#4940,#4941,#4942,#4943,#4944,#4945,#4946,#4947,#4948,#4949,#4950,#4951,#4952,#4953,#4954,#4955,#4956,#4957,#4958,#4959,#4960,#4961,#4962,#4963,#4964,#4965,#4966,#4967,#4968,#4969,#4970,#4971,#4972,#4973,#4974,#4975,#4976,#4977,#4978,#4979,#4980,#4981,#4982,#4983,#4984,#4985,#4986,#4987,#4988,#4989,#4990,#4991,#4992,#4993,#4994,#4995,#4996,#4997,#4998,#4999,#5000,#5001,#5002,#5003,#5004,#5005,#5006,#5007,#5008,#5009,#5010,#5011,#5012,#5013,#5014,#5015,#5016,#5017,#5018,#5019,#5020,#5021,#5022,#5023,#5024,#5025,#5026,#5027,#5028,#5029,#5030,#5031,#5032,#5033,#5034,#5035,#5036,#5037,#5038,#5039,#5040,#5041,#5042,#5043,#5044,#5045,#5046,#5047,#5048,#5049,#5050,#5051,#5052,#5053,#5054,#5055,#5056,#5057,#5058,#5059,#5060,#5061,#5062,#5063,#5064,#5065,#5066,#5067,#5068,#5069,#5070,#5071,#5072,#5073,#5074,#5075,#5076,#5077,#5078,#5079,#5080,#5081,#5082,#5083,#5084,#5085,#5086,#5087,#5088,#5089,#5090,#5091,#5092,#5093,#5094,#5095,#5096,#5097,#5098,#5099,#5100,#5101,#5102,#5103,#5104,#5105,#5106,#5107,#5108,#5109,#5110,#5111,#5112,#5113,#5114,#5115,#5116,#5117,#5118,#5119,#5120,#5121,#5122,#5123,#5124,#5125,#5126,#5127,#5128,#5129,#5130,#5131,#5132,#5133,#5134,#5135,#5136,#5137,#5138,#5139,#5140,#5141,#5142,#5143,#5144,#5145,#5146,#5147,#5148,#5149,#5150,#5151,#5152,#5153,#5154,#5155,#5156,#5157,#5158,#5159,#5160,#5161,#5162,#5163,#5164,#5165,#5166,#5167,#5168,#5169,#5170,#5171,#5172,#5173,#5174,#5175,#5176,#5177,#5178,#5179,#5180,#5181,#5182,#5183,#5184,#5185,#5186,#5187,#5188,#5189,#5190,#5191,#5192,#5193,#5194,#5195,#5196,#5197,#5198,#5199,#5200,#5201,#5202,#5203,#5204,#5205,#5206,#5207,#5208,#5209,#5210,#5211,#5212,#5213,#5214,#5215,#5216,#5217,#5218,#5219,#5220,#5221,#5222,#5223,#5224,#5225,#5226,#5227,#5228,#5229,#5230,#5231,#5232,#5233,#5234,#5235,#5236,#5237,#5238,#5239,#5240,#5241,#5242,#5243,#5244,#5245,#5246,#5247,#5248,#5249,#5250,#5251,#5252,#5253,#5254,#5255,#5256,#5257,#5258,#5259,#5260,#5261,#5262,#5263,#5264,#5265,#5266,#5267,#5268,#5269,#5270,#5271,#5272,#5273,#5274,#5275,#5276,#5277,#5278,#5279,#5280,#5281,#5282,#5283,#5284,#5285,#5286,#5287,#5288,#5289,#5290,#5291,#5292,#5293,#5294,#5295,#5296,#5297,#5298,#5299,#5300,#5301,#5302,#5303,#5304,#5305,#5306,#5307,#5308,#5309,#5310,#5311,#5312,#5313,#5314,#5315,#5316,#5317,#5318,#5319,#5320,#5321,#5322,#5323,#5324,#5325,#5326,#5327,#5328,#5329,#5330,#5331,#5332,#5333,#5334,#5335,#5336,#5337,#5338,#5339,#5340,#5341,#5342,#5343,#5344,#5345,#5346,#5347,#5348,#5349,#5350,#5351,#5352,#5353,#5354,#5355,#5356,#5357,#5358,#5359,#5360,#5361,#5362,#5363,#5364,#5365,#5366,#5367,#5368,#5369,#5370,#5371,#5372,#5373,#5374,#5375,#5376,#5377,#5378,#5379,#5380,#5381,#5382,#5383,#5384,#5385,#5386,#5387,#5388,#5389,#5390,#5391,#5392,#5393,#5394,#5395,#5396,#5397,#5398,#5399,#5400,#5401,#5402,#5403,#5404,#5405,#5406,#5407,#5408,#5409,#5410,#5411,#5412,#5413,#5414,#5415,#5416,#5417,#5418,#5419,#5420,#5421,#5422,#5423,#5424,#5425,#5426,#5427,#5428,#5429,#5430,#5431,#5432,#5433,#5434,#5435,#5436,#5437,#5438,#5439,#5440,#5441,#5442,#5443,#5444,#5445,#5446,#5447,#5448,#5449,#5450,#5451,#5452,#5453,#5454,#5455,#5456,#5457,#5458,#5459,#5460,#5461,#5462,#5463,#5464,#5465,#5466,#5467,#5468,#5469,#5470,#5471,#5472,#5473,#5474,#5475,#5476,#5477,#5478,#5479,#5480,#5481,#5482,#5483,#5484,#5485,#5486,#5487,#5488,#5489,#5490,#5491,#5492,#5493,#5494,#5495,#5496,#5497,#5498,#5499,#5500,#5501,#5502,#5503,#5504,#5505,#5506,#5507,#5508,#5509,#5510,#5511,#5512,#5513,#5514,#5515,#5516,#5517,#5518,#5519,#5520,#5521,#5522,#5523,#5524,#5525,#5526,#5527,#5528,#5529,#5530,#5531,#5532,#5533,#5534,#5535,#5536,#5537,#5538,#5539,#5540,#5541,#5542,#5543,#5544,#5545,#5546,#5547,#5548,#5549,#5550,#5551,#5552,#5553,#5554,#5555,#5556,#5557,#5558,#5559,#5560,#5561,#5562,#5563,#5564,#5565,#5566,#5567,#5568,#5569,#5570,#5571,#5572,#5573,#5574,#5575,#5576,#5577,#5578,#5579,#5580,#5581,#5582,#5583,#5584,#5585,#5586,#5587,#5588,#5589,#5590,#5591,#5592,#5593,#5594,#5595,#5596,#5597,#5598,#5599,#5600,#5601,#5602,#5603,#5604,#5605,#5606,#5607,#5608,#5609,#5610,#5611,#5612,#5613,#5614,#5615,#5616,#5617,#5618,#5619,#5620,#5621,#5622,#5623,#5624,#5625,#5626,#5627,#5628,#5629,#5630,#5631,#5632,#5633,#5634,#5635,#5636,#5637,#5638,#5639,#5640,#5641,#5642,#5643,#5644,#5645,#5646,#5647,#5648,#5649,#5650,#5651,#5652,#5653,#5654,#5655,#5656,#5657,#5658,#5659,#5660,#5661,#5662,#5663,#5664,#5665,#5666,#5667,#5668,#5669,#5670,#5671,#5672,#5673,#5674,#5675,#5676,#5677,#5678,#5679,#5680,#5681,#5682,#5683,#5684,#5685,#5686,#5687,#5688,#5689,#5690,#5691,#5692,#5693,#5694,#5695,#5696,#5697,#5698,#5699,#5700,#5701,#5702,#5703,#5704,#5705,#5706,#5707,#5708,#5709,#5710,#5711,#5712,#5713,#5714,#5715,#5716,#5717,#5718,#5719,#5720,#5721,#5722,#5723,#5724,#5725,#5726,#5727,#5728,#5729,#5730,#5731,#5732,#5733,#5734,#5735,#5736,#5737,#5738,#5739,#5740,#5741,#5742,#5743,#5744,#5745,#5746,#5747,#5748,#5749,#5750,#5751,#5752,#5753,#5754,#5755,#5756,#5757,#5758,#5759,#5760,#5761,#5762,#5763,#5764,#5765,#5766,#5767,#5768,#5769,#5770,#5771,#5772,#5773,#5774,#5775,#5776,#5777,#5778,#5779,#5780,#5781,#5782,#5783,#5784,#5785,#5786,#5787,#5788,#5789,#5790,#5791,#5792,#5793,#5794,#5795,#5796,#5797,#5798,#5799,#5800,#5801,#5802,#5803,#5804,#5805,#5806,#5807,#5808,#5809,#5810,#5811,#5812,#5813,#5814,#5815,#5816,#5817,#5818,#5819,#5820,#5821,#5822,#5823,#5824,#5825,#5826,#5827,#5828,#5829,#5830,#5831,#5832,#5833,#5834,#5835,#5836,#5837,#5838,#5839,#5840,#5841,#5842,#5843,#5844,#5845,#5846,#5847,#5848,#5849,#5850,#5851,#5852,#5853,#5854,#5855,#5856,#5857,#5858,#5859,#5860,#5861,#5862,#5863,#5864,#5865,#5866,#5867,#5868,#5869,#5870,#5871,#5872,#5873,#5874,#5875,#5876,#5877,#5878,#5879,#5880,#5881,#5882,#5883,#5884,#5885,#5886,#5887,#5888,#5889,#5890,#5891,#5892,#5893,#5894,#5895,#5896,#5897,#5898,#5899,#5900,#5901,#5902,#5903,#5904,#5905,#5906,#5907,#5908,#5909,#5910,#5911,#5912,#5913,#5914,#5915,#5916,#5917,#5918,#5919,#5920,#5921,#5922,#5923,#5924,#5925,#5926,#5927,#5928,#5929,#5930,#5931,#5932,#5933,#5934,#5935,#5936,#5937,#5938,#5939,#5940,#5941,#5942,#5943,#5944,#5945,#5946,#5947,#5948,#5949,#5950,#5951,#5952,#5953,#5954,#5955,#5956,#5957,#5958,#5959,#5960,#5961,#5962,#5963,#5964,#5965,#5966,#5967,#5968,#5969,#5970,#5971,#5972,#5973,#5974,#5975,#5976,#5977,#5978,#5979,#5980,#5981,#5982,#5983,#5984,#5985,#5986,#5987,#5988,#5989,#5990,#5991,#5992,#5993,#5994,#5995,#5996,#5997,#5998,#5999,#6000,#6001,#6002,#6003,#6004,#6005,#6006,#6007,#6008,#6009,#6010,#6011,#6012,#6013,#6014,#6015,#6016,#6017,#6018,#6019,#6020,#6021,#6022,#6023,#6024,#6025,#6026,#6027,#6028,#6029,#6030,#6031,#6032,#6033,#6034,#6035,#6036,#6037,#6038,#6039,#6040,#6041,#6042,#6043,#6044,#6045,#6046,#6047,#6048,#6049,#6050,#6051,#6052,#6053,#6054,#6055,#6056,#6057,#6058,#6059,#6060,#6061,#6062,#6063,#6064,#6065,#6066,#6067,#6068,#6069,#6070,#6071,#6072,#6073,#6074,#6075,#6076,#6077,#6078,#6079,#6080,#6081,#6082,#6083,#6084,#6085,#6086,#6087,#6088,#6089,#6090,#6091,#6092,#6093,#6094,#6095,#6096,#6097,#6098,#6099,#6100,#6101,#6102,#6103,#6104,#6105,#6106,#6107,#6108,#6109,#6110,#6111,#6112,#6113,#6114,#6115,#6116,#6117,#6118,#6119,#6120,#6121,#6122,#6123,#6124,#6125,#6126,#6127,#6128,#6129,#6130,#6131,#6132,#6133,#6134,#6135,#6136,#6137,#6138,#6139,#6140,#6141,#6142,#6143,#6144,#6145,#6146,#6147,#6148,#6149,#6150,#6151,#6152,#6153,#6154,#6155,#6156,#6157,#6158,#6159,#6160,#6161,#6162,#6163,#6164,#6165,#6166,#6167,#6168,#6169,#6170,#6171,#6172,#6173,#6174,#6175,#6176,#6177,#6178,#6179,#6180,#6181,#6182,#6183,#6184,#6185,#6186,#6187,#6188,#6189,#6190,#6191,#6192,#6193,#6194,#6195,#6196,#6197,#6198,#6199,#6200,#6201,#6202,#6203,#6204,#6205,#6206,#6207,#6208,#6209,#6210,#6211,#6212,#6213,#6214,#6215,#6216,#6217,#6218,#6219,#6220,#6221,#6222,#6223,#6224,#6225,#6226,#6227,#6228,#6229,#6230,#6231,#6232,#6233,#6234,#6235,#6236,#6237,#6238,#6239,#6240,#6241,#6242,#6243,#6244,#6245,#6246,#6247,#6248,#6249,#6250,#6251,#6252,#6253,#6254,#6255,#6256,#6257,#6258,#6259,#6260,#6261,#6262,#6263,#6264,#6265,#6266,#6267,#6268,#6269,#6270,#6271,#6272,#6273,#6274,#6275,#6276,#6277,#6278,#6279,#6280,#6281,#6282,#6283,#6284,#6285,#6286,#6287,#6288,#6289,#6290,#6291,#6292,#6293,#6294,#6295,#6296,#6297,#6298,#6299,#6300,#6301,#6302,#6303,#6304,#6305,#6306,#6307,#6308,#6309,#6310,#6311,#6312,#6313,#6314,#6315,#6316,#6317,#6318,#6319,#6320,#6321,#6322,#6323,#6324,#6325,#6326,#6327,#6328,#6329,#6330,#6331,#6332,#6333,#6334,#6335,#6336,#6337,#6338,#6339,#6340,#6341,#6342,#6343,#6344,#6345,#6346,#6347,#6348,#6349,#6350,#6351,#6352,#6353,#6354,#6355,#6356,#6357,#6358,#6359,#6360,#6361,#6362,#6363,#6364,#6365,#6366,#6367,#6368,#6369,#6370,#6371,#6372,#6373,#6374,#6375,#6376,#6377,#6378,#6379,#6380,#6381,#6382,#6383,#6384,#6385,#6386,#6387,#6388,#6389,#6390,#6391,#6392,#6393,#6394,#6395,#6396,#6397,#6398,#6399,#6400,#6401,#6402,#6403,#6404,#6405,#6406,#6407,#6408,#6409,#6410,#6411,#6412,#6413,#6414,#6415,#6416,#6417,#6418,#6419,#6420,#6421,#6422,#6423,#6424,#6425,#6426,#6427,#6428,#6429,#6430,#6431,#6432,#6433,#6434,#6435,#6436,#6437,#6438,#6439,#6440,#6441,#6442,#6443,#6444,#6445,#6446,#6447,#6448,#6449,#6450,#6451,#6452,#6453,#6454,#6455,#6456,#6457,#6458,#6459,#6460,#6461,#6462,#6463,#6464,#6465,#6466,#6467,#6468,#6469,#6470,#6471,#6472,#6473,#6474,#6475,#6476,#6477,#6478,#6479,#6480,#6481,#6482,#6483,#6484,#6485,#6486,#6487,#6488,#6489,#6490,#6491,#6492,#6493,#6494,#6495,#6496,#6497,#6498,#6499,#6500,#6501,#6502,#6503,#6504,#6505,#6506,#6507,#6508,#6509,#6510,#6511,#6512,#6513,#6514,#6515,#6516,#6517,#6518,#6519,#6520,#6521,#6522,#6523,#6524,#6525,#6526,#6527,#6528,#6529,#6530,#6531,#6532,#6533,#6534,#6535,#6536,#6537,#6538,#6539,#6540,#6541,#6542,#6543,#6544,#6545,#6546,#6547,#6548,#6549,#6550,#6551,#6552,#6553,#6554,#6555,#6556,#6557,#6558,#6559,#6560,#6561,#6562,#6563,#6564,#6565,#6566,#6567,#6568,#6569,#6570,#6571,#6572,#6573,#6574,#6575,#6576,#6577,#6578,#6579,#6580,#6581,#6582,#6583,#6584,#6585,#6586,#6587,#6588,#6589,#6590,#6591,#6592,#6593,#6594,#6595,#6596,#6597,#6598,#6599,#6600,#6601,#6602,#6603,#6604,#6605,#6606,#6607,#6608,#6609,#6610,#6611,#6612,#6613,#6614,#6615,#6616,#6617,#6618,#6619,#6620,#6621,#6622,#6623,#6624,#6625,#6626,#6627,#6628,#6629,#6630,#6631,#6632,#6633,#6634,#6635,#6636,#6637,#6638,#6639,#6640,#6641,#6642,#6643,#6644,#6645,#6646,#6647,#6648,#6649,#6650,#6651,#6652,#6653,#6654,#6655,#6656,#6657,#6658,#6659,#6660,#6661,#6662,#6663,#6664,#6665,#6666,#6667,#6668,#6669,#6670,#6671,#6672,#6673,#6674,#6675,#6676,#6677,#6678,#6679,#6680,#6681,#6682,#6683,#6684,#6685,#6686,#6687,#6688,#6689,#6690,#6691,#6692,#6693,#6694,#6695,#6696,#6697,#6698,#6699,#6700,#6701,#6702,#6703,#6704,#6705,#6706,#6707,#6708,#6709,#6710,#6711,#6712,#6713,#6714,#6715,#6716,#6717,#6718,#6719,#6720,#6721,#6722,#6723,#6724,#6725,#6726,#6727,#6728,#6729,#6730,#6731,#6732,#6733,#6734,#6735,#6736,#6737,#6738,#6739,#6740,#6741,#6742,#6743,#6744,#6745,#6746,#6747,#6748,#6749,#6750,#6751,#6752,#6753,#6754,#6755,#6756,#6757,#6758,#6759,#6760,#6761,#6762,#6763,#6764,#6765,#6766,#6767,#6768,#6769,#6770,#6771,#6772,#6773,#6774,#6775,#6776,#6777,#6778,#6779,#6780,#6781,#6782,#6783,#6784,#6785,#6786,#6787,#6788,#6789,#6790,#6791,#6792,#6793,#6794,#6795,#6796,#6797,#6798,#6799,#6800,#6801,#6802,#6803,#6804,#6805,#6806,#6807,#6808,#6809,#6810,#6811,#6812,#6813,#6814,#6815,#6816,#6817,#6818,#6819,#6820,#6821,#6822,#6823,#6824,#6825,#6826,#6827,#6828,#6829,#6830,#6831,#6832,#6833,#6834,#6835,#6836,#6837,#6838,#6839,#6840,#6841,#6842,#6843,#6844,#6845,#6846,#6847,#6848,#6849,#6850,#6851,#6852,#6853,#6854,#6855,#6856,#6857,#6858,#6859,#6860,#6861,#6862,#6863,#6864,#6865,#6866,#6867,#6868,#6869,#6870,#6871,#6872,#6873,#6874,#6875,#6876,#6877,#6878,#6879,#6880,#6881,#6882,#6883,#6884,#6885,#6886,#6887,#6888,#6889,#6890,#6891,#6892,#6893,#6894,#6895,#6896,#6897,#6898,#6899,#6900,#6901,#6902,#6903,#6904,#6905,#6906,#6907,#6908,#6909,#6910,#6911,#6912,#6913,#6914,#6915,#6916,#6917,#6918,#6919,#6920,#6921,#6922,#6923,#6924,#6925,#6926,#6927,#6928,#6929,#6930,#6931,#6932,#6933,#6934,#6935,#6936,#6937,#6938,#6939,#6940,#6941,#6942,#6943,#6944,#6945,#6946,#6947,#6948,#6949,#6950,#6951,#6952,#6953,#6954,#6955,#6956,#6957,#6958,#6959,#6960,#6961,#6962,#6963,#6964,#6965,#6966,#6967,#6968,#6969,#6970,#6971,#6972,#6973,#6974,#6975,#6976,#6977,#6978,#6979,#6980,#6981,#6982,#6983,#6984,#6985,#6986,#6987,#6988,#6989,#6990,#6991,#6992,#6993,#6994,#6995,#6996,#6997,#6998,#6999,#7000,#7001,#7002,#7003,#7004,#7005,#7006,#7007,#7008,#7009,#7010,#7011,#7012,#7013,#7014,#7015,#7016,#7017,#7018,#7019,#7020,#7021,#7022,#7023,#7024,#7025,#7026,#7027,#7028,#7029,#7030,#7031,#7032,#7033,#7034,#7035,#7036,#7037,#7038,#7039,#7040,#7041,#7042,#7043,#7044,#7045,#7046,#7047,#7048,#7049,#7050,#7051,#7052,#7053,#7054,#7055,#7056,#7057,#7058,#7059,#7060,#7061,#7062,#7063,#7064,#7065,#7066,#7067,#7068,#7069,#7070,#7071,#7072,#7073,#7074,#7075,#7076,#7077,#7078,#7079,#7080,#7081,#7082,#7083,#7084,#7085,#7086,#7087,#7088,#7089,#7090,#7091,#7092,#7093,#7094,#7095,#7096,#7097,#7098,#7099,#7100,#7101,#7102,#7103,#7104,#7105,#7106,#7107,#7108,#7109,#7110,#7111,#7112,#7113,#7114,#7115,#7116,#7117,#7118,#7119,#7120,#7121,#7122,#7123,#7124,#7125,#7126,#7127,#7128,#7129,#7130,#7131,#7132,#7133,#7134,#7135,#7136,#7137,#7138,#7139,#7140,#7141,#7142,#7143,#7144,#7145,#7146,#7147,#7148,#7149,#7150,#7151,#7152,#7153,#7154,#7155,#7156,#7157,#7158,#7159,#7160,#7161,#7162,#7163,#7164,#7165,#7166,#7167,#7168,#7169,#7170,#7171,#7172,#7173,#7174,#7175,#7176,#7177,#7178,#7179,#7180,#7181,#7182,#7183,#7184,#7185,#7186,#7187,#7188,#7189,#7190,#7191,#7192,#7193,#7194,#7195,#7196,#7197,#7198,#7199,#7200,#7201,#7202,#7203,#7204,#7205,#7206,#7207,#7208,#7209,#7210,#7211,#7212,#7213,#7214,#7215,#7216,#7217,#7218,#7219,#7220,#7221,#7222,#7223,#7224,#7225,#7226,#7227,#7228,#7229,#7230,#7231,#7232,#7233,#7234,#7235,#7236,#7237,#7238,#7239,#7240,#7241,#7242,#7243,#7244,#7245,#7246,#7247,#7248,#7249,#7250,#7251,#7252,#7253,#7254,#7255,#7256,#7257,#7258,#7259,#7260,#7261,#7262,#7263,#7264,#7265,#7266,#7267,#7268,#7269,#7270,#7271,#7272,#7273,#7274,#7275,#7276,#7277,#7278,#7279,#7280,#7281,#7282,#7283,#7284,#7285,#7286,#7287,#7288,#7289,#7290,#7291,#7292,#7293,#7294,#7295,#7296,#7297,#7298,#7299,#7300,#7301,#7302,#7303,#7304,#7305,#7306,#7307,#7308,#7309,#7310,#7311,#7312,#7313,#7314,#7315,#7316,#7317,#7318,#7319,#7320,#7321,#7322,#7323,#7324,#7325,#7326,#7327,#7328,#7329,#7330,#7331,#7332,#7333,#7334,#7335,#7336,#7337,#7338,#7339,#7340,#7341,#7342,#7343,#7344,#7345,#7346,#7347,#7348,#7349,#7350,#7351,#7352,#7353,#7354,#7355,#7356,#7357,#7358,#7359,#7360,#7361,#7362,#7363,#7364,#7365,#7366,#7367,#7368,#7369,#7370,#7371,#7372,#7373,#7374,#7375,#7376,#7377,#7378,#7379,#7380,#7381,#7382,#7383,#7384,#7385,#7386,#7387,#7388,#7389,#7390,#7391,#7392,#7393,#7394,#7395,#7396,#7397,#7398,#7399,#7400,#7401,#7402,#7403,#7404,#7405,#7406,#7407,#7408,#7409,#7410,#7411,#7412,#7413,#7414,#7415,#7416,#7417,#7418,#7419,#7420,#7421,#7422,#7423,#7424,#7425,#7426,#7427,#7428,#7429,#7430,#7431,#7432,#7433,#7434,#7435,#7436,#7437,#7438,#7439,#7440,#7441,#7442,#7443,#7444,#7445,#7446,#7447,#7448,#7449,#7450,#7451,#7452,#7453,#7454,#7455,#7456,#7457,#7458,#7459,#7460,#7461,#7462,#7463,#7464,#7465,#7466,#7467,#7468,#7469,#7470,#7471,#7472,#7473,#7474,#7475,#7476,#7477,#7478,#7479,#7480,#7481,#7482,#7483,#7484,#7485,#7486,#7487,#7488,#7489,#7490,#7491,#7492,#7493,#7494,#7495,#7496,#7497,#7498,#7499,#7500,#7501,#7502,#7503,#7504,#7505,#7506,#7507,#7508,#7509,#7510,#7511,#7512,#7513,#7514,#7515,#7516,#7517,#7518,#7519,#7520,#7521,#7522,#7523,#7524,#7525,#7526,#7527,#7528,#7529,#7530,#7531,#7532,#7533,#7534,#7535,#7536,#7537,#7538,#7539,#7540,#7541,#7542,#7543,#7544,#7545,#7546,#7547,#7548,#7549,#7550,#7551,#7552,#7553,#7554,#7555,#7556,#7557,#7558,#7559,#7560,#7561,#7562,#7563,#7564,#7565,#7566,#7567,#7568,#7569,#7570,#7571,#7572,#7573,#7574,#7575,#7576,#7577,#7578,#7579,#7580,#7581,#7582,#7583,#7584,#7585,#7586,#7587,#7588,#7589,#7590,#7591,#7592,#7593,#7594,#7595,#7596,#7597,#7598,#7599,#7600,#7601,#7602,#7603,#7604,#7605,#7606,#7607,#7608,#7609,#7610,#7611,#7612,#7613,#7614,#7615,#7616,#7617,#7618,#7619,#7620,#7621,#7622,#7623,#7624,#7625,#7626,#7627,#7628,#7629,#7630,#7631,#7632,#7633,#7634,#7635,#7636,#7637,#7638,#7639,#7640,#7641,#7642,#7643,#7644,#7645,#7646,#7647,#7648,#7649,#7650,#7651,#7652,#7653,#7654,#7655,#7656,#7657,#7658,#7659,#7660,#7661,#7662,#7663,#7664,#7665,#7666,#7667,#7668,#7669,#7670,#7671,#7672,#7673,#7674,#7675,#7676,#7677,#7678,#7679,#7680,#7681,#7682,#7683,#7684,#7685,#7686,#7687,#7688,#7689,#7690,#7691,#7692,#7693,#7694,#7695,#7696,#7697,#7698,#7699,#7700,#7701,#7702,#7703,#7704,#7705,#7706,#7707,#7708,#7709,#7710,#7711,#7712,#7713,#7714,#7715,#7716,#7717,#7718,#7719,#7720,#7721,#7722,#7723,#7724,#7725,#7726,#7727,#7728,#7729,#7730,#7731,#7732,#7733,#7734,#7735,#7736,#7737,#7738,#7739,#7740,#7741,#7742,#7743,#7744,#7745,#7746,#7747,#7748,#7749,#7750,#7751,#7752,#7753,#7754,#7755),$);
#7758=IFCINDEXEDCOLOURMAP(#7757,1.,#4478,(1,1,1,1,1,1,1,1,1,1,1,1,1,1,1,1,1,1,1,1,1,1,1,1,1,1,1,1,1,1,1,1,1,1,1,1,1,1,1,1,1,1,1,1,1,1,1,1,1,1,1,1,1,1,1,1,1,1,1,1,1,1,1,1,1,1,1,1,1,1,1,1,1,1,1,1,1,1,1,1,1,1,1,1,1,1,1,1,1,1,1,1,1,1,1,1,1,1,1,1,1,1,1,1,1,1,1,1,1,1,1,1,1,1,1,1,1,1,1,1,1,1,1,1,1,1,1,1,1,1,1,1,1,1,1,1,1,1,1,1,1,1,1,1,1,1,1,1,1,1,1,1,1,1,1,1,1,1,1,1,1,1,1,1,1,1,1,1,1,1,1,1,1,1,1,1,1,1,1,1,1,1,1,1,1,1,1,1,1,1,1,1,1,1,1,1,1,1,1,1,1,1,1,1,1,1,1,1,1,1,1,1,1,1,1,1,1,1,1,1,1,1,1,1,1,1,1,1,1,1,1,1,1,1,1,1,1,1,1,1,1,1,1,1,1,1,1,1,1,1,1,1,1,1,1,1,1,1,1,1,1,1,1,1,1,1,1,1,1,1,1,1,1,1,1,1,1,1,1,1,1,1,1,1,1,1,1,1,1,1,1,1,1,1,1,1,1,1,1,1,1,1,1,1,1,1,1,1,1,1,1,1,1,1,1,1,1,1,1,1,1,1,1,1,1,1,1,1,1,1,1,1,1,1,1,1,1,1,1,1,1,1,1,1,1,1,1,1,1,1,1,1,1,1,1,1,1,1,1,1,1,1,1,1,1,1,1,1,1,1,1,1,1,1,1,1,1,1,1,1,1,1,1,1,1,1,1,1,1,1,1,1,1,1,1,1,1,1,1,1,1,1,1,1,1,1,1,1,1,1,1,1,1,1,1,1,1,1,1,1,1,1,1,1,1,1,1,1,1,1,1,1,1,1,1,1,1,1,1,1,1,1,1,1,1,1,1,1,1,1,1,1,1,1,1,1,1,1,1,1,1,1,1,1,1,1,1,1,1,1,1,1,1,1,1,1,1,1,1,1,1,1,1,1,1,1,1,1,1,1,1,1,1,1,1,1,1,1,1,1,1,1,1,1,1,1,1,1,1,1,1,1,1,1,1,1,1,1,1,1,1,1,1,1,1,1,1,1,1,1,1,1,1,1,1,1,1,1,1,1,1,1,1,1,1,1,1,1,1,1,1,1,1,1,1,1,1,1,1,1,1,1,1,1,1,1,1,1,1,1,1,1,1,1,1,1,1,1,1,1,1,1,1,1,1,1,1,1,1,1,1,1,1,1,1,1,1,1,1,1,1,1,1,1,1,1,1,1,1,1,1,1,1,1,1,1,1,1,1,1,1,1,1,1,1,1,1,1,1,1,1,1,1,1,1,1,1,1,1,1,1,1,1,1,1,1,1,1,1,1,1,1,1,1,1,1,1,1,1,1,1,1,1,1,1,1,1,1,1,1,1,1,1,1,1,1,1,1,1,1,1,1,1,1,1,1,1,1,1,1,1,1,1,1,1,1,1,1,1,1,1,1,1,1,1,1,1,1,1,1,1,1,1,1,1,1,1,1,1,1,1,1,1,1,1,1,1,1,1,1,1,1,1,1,1,1,1,1,1,1,1,1,1,1,1,1,1,1,1,1,1,1,1,1,1,1,1,1,1,1,1,1,1,1,1,1,1,1,1,1,1,1,1,1,1,1,1,1,1,1,1,1,1,1,1,1,1,1,1,1,1,1,1,1,1,1,1,1,1,1,1,1,1,1,1,1,1,1,1,1,1,1,1,1,1,1,1,1,1,1,1,1,1,1,1,1,1,1,1,1,1,1,1,1,1,1,1,1,1,1,1,1,1,1,1,1,1,1,1,1,1,1,1,1,1,1,1,1,1,1,1,1,1,1,1,1,1,1,1,1,1,1,1,1,1,1,1,1,1,1,1,1,1,1,1,1,1,1,1,1,1,1,1,1,1,1,1,1,1,1,1,1,1,1,1,1,1,1,1,1,1,1,1,1,1,1,1,1,1,1,1,1,1,1,1,1,1,1,1,1,1,1,1,1,1,1,1,1,1,1,1,1,1,1,1,1,1,1,1,1,1,1,1,1,1,1,1,1,1,1,1,1,1,1,1,1,1,1,1,1,1,1,1,1,1,1,1,1,1,1,1,1,1,1,1,1,1,1,1,1,1,1,1,1,1,1,1,1,1,1,1,1,1,1,1,1,1,1,1,1,1,1,1,1,1,1,1,1,1,1,1,1,1,1,1,1,1,1,1,1,1,1,1,1,1,1,1,1,1,1,1,1,1,1,1,1,1,1,1,1,1,1,1,1,1,1,1,1,1,1,1,1,1,1,1,1,1,1,1,1,1,1,1,1,1,1,1,1,1,1,1,1,1,1,1,1,1,1,1,1,1,1,1,1,1,1,1,1,1,1,1,1,1,1,1,1,1,1,1,1,1,1,1,1,1,1,1,1,1,1,1,1,1,1,1,1,1,1,1,1,1,1,1,1,1,1,1,1,1,1,1,1,1,1,1,1,1,1,1,1,1,1,1,1,1,1,1,1,1,1,1,1,1,1,1,1,1,1,1,1,1,1,1,1,1,1,1,1,1,1,1,1,1,1,1,1,1,1,1,1,1,1,1,1,1,1,1,1,1,1,1,1,1,1,1,1,1,1,1,1,1,1,1,1,1,1,1,1,1,1,1,1,1,1,1,1,1,1,1,1,1,1,1,1,1,1,1,1,1,1,1,1,1,1,1,1,1,1,1,1,1,1,1,1,1,1,1,1,1,1,1,1,1,1,1,1,1,1,1,1,1,1,1,1,1,1,1,1,1,1,1,1,1,1,1,1,1,1,1,1,1,1,1,1,1,1,1,1,1,1,1,1,1,1,1,1,1,1,1,1,1,1,1,1,1,1,1,1,1,1,1,1,1,1,1,1,1,1,1,1,1,1,1,1,1,1,1,1,1,1,1,1,1,1,1,1,1,1,1,1,1,1,1,1,1,1,1,1,1,1,1,1,1,1,1,1,1,1,1,1,1,1,1,1,1,1,1,1,1,1,1,1,1,1,1,1,1,1,1,1,1,1,1,1,1,1,1,1,1,1,1,1,1,1,1,1,1,1,1,1,1,1,1,1,1,1,1,1,1,1,1,1,1,1,1,1,1,1,1,1,1,1,1,1,1,1,1,1,1,1,1,1,1,1,1,1,1,1,1,1,1,1,1,1,1,1,1,1,1,1,1,1,1,1,1,1,1,1,1,1,1,1,1,1,1,1,1,1,1,1,1,1,1,1,1,1,1,1,1,1,1,1,1,1,1,1,1,1,1,1,1,1,1,1,1,1,1,1,1,1,1,1,1,1,1,1,1,1,1,1,1,1,1,1,1,1,1,1,1,1,1,1,1,1,1,1,1,1,1,1,1,1,1,1,1,1,1,1,1,1,1,1,1,1,1,1,1,1,1,1,1,1,1,1,1,1,1,1,1,1,1,1,1,1,1,1,1,1,1,1,1,1,1,1,1,1,1,1,1,1,1,1,1,1,1,1,1,1,1,1,1,1,1,1,1,1,1,1,1,1,1,1,1,1,1,1,1,1,1,1,1,1,1,1,1,1,1,1,1,1,1,1,1,1,1,1,1,1,1,1,1,1,1,1,1,1,1,1,1,1,1,1,1,1,1,1,1,1,1,1,1,1,1,1,1,1,1,1,1,1,1,1,1,1,1,1,1,1,1,1,1,1,1,1,1,1,1,1,1,1,1,1,1,1,1,1,1,1,1,1,1,1,1,1,1,1,1,1,1,1,1,1,1,1,1,1,1,1,1,1,1,1,1,1,1,1,1,1,1,1,1,1,1,1,1,1,1,1,1,1,1,1,1,1,1,1,1,1,1,1,1,1,1,1,1,1,1,1,1,1,1,1,1,1,1,1,1,1,1,1,1,1,1,1,1,1,1,1,1,1,1,1,1,1,1,1,1,1,1,1,1,1,1,1,1,1,1,1,1,1,1,1,1,1,1,1,1,1,1,1,1,1,1,1,1,1,1,1,1,1,1,1,1,1,1,1,1,1,1,1,1,1,1,1,1,1,1,1,1,1,1,1,1,1,1,1,1,1,1,1,1,1,1,1,1,1,1,1,1,1,1,1,1,1,1,1,1,1,1,1,1,1,1,1,1,1,1,1,1,1,1,1,1,1,1,1,1,1,1,1,1,1,1,1,1,1,1,1,1,1,1,1,1,1,1,1,1,1,1,1,1,1,1,1,1,1,1,1,1,1,1,1,1,1,1,1,1,1,1,1,1,1,1,1,1,1,1,1,1,1,1,1,1,1,1,1,1,1,1,1,1,1,1,1,1,1,1,1,1,1,1,1,1,1,1,1,1,1,1,1,1,1,1,1,1,1,1,1,1,1,1,1,1,1,1,1,1,1,1,1,1,1,1,1,1,1,1,1,1,1,1,1,1,1,1,1,1,1,1,1,1,1,1,1,1,1,1,1,1,1,1,1,1,1,1,1,1,1,1,1,1,1,1,1,1,1,1,1,1,1,1,1,1,1,1,1,1,1,1,1,1,1,1,1,1,1,1,1,1,1,1,1,1,1,1,1,1,1,1,1,1,1,1,1,1,1,1,1,1,1,1,1,1,1,1,1,1,1,1,1,1,1,1,1,1,1,1,1,1,1,1,1,1,1,1,1,1,1,1,1,1,1,1,1,1,1,1,1,1,1,1,1,1,1,1,1,1,1,1,1,1,1,1,1,1,1,1,1,1,1,1,1,1,1,1,1,1,1,1,1,1,1,1,1,1,1,1,1,1,1,1,1,1,1,1,1,1,1,1,1,1,1,1,1,1,1,1,1,1,1,1,1,1,1,1,1,1,1,1,1,1,1,1,1,1,1,1,1,1,1,1,1,1,1,1,1,1,1,1,1,1,1,1,1,1,1,1,1,1,1,1,1,1,1,1,1,1,1,1,1,1,1,1,1,1,1,1,1,1,1,1,1,1,1,1,1,1,1,1,1,1,1,1,1,1,1,1,1,1,1,1,1,1,1,1,1,1,1,1,1,1,1,1,1,1,1,1,1,1,1,1,1,1,1,1,1,1,1,1,1,1,1,1,1,1,1,1,1,1,1,1,1,1,1,1,1,1,1,1,1,1,1,1,1,1,1,1,1,1,1,1,1,1,1,1,1,1,1,1,1,1,1,1,1,1,1,1,1,1,1,1,1,1,1,1,1,1,1,1,1,1,1,1,1,1,1,1,1,1,1,1,1,1,1,1,1,1,1,1,1,1,1,1,1,1,1,1,1,1,1,1,1,1,1,1,1,1,1,1,1,1,1,1,1,1,1,1,1,1,1,1,1,1,1,1,1,1,1,1,1,1,1,1,1,1,1,1,1,1,1,1,1,1,1,1,1,1,1,1,1,1,1,1,1,1,1,1,1,1,1,1,1,1,1,1,1,1,1,1,1,1,1,1,1,1,1,1,1,1,1,1,1,1,1,1,1,1,1,1,1,1,1,1,1,1,1,1,1,1,1,1,1,1,1,1,1,1,1,1,1,1,1,1,1,1,1,1,1,1,1,1,1,1,1,1,1,1,1,1,1,1,1,1,1,1,1,1,1,1,1,1,1,1,1,1,1,1,1,1,1,1,1,1,1,1,1,1,1,1,1,1,1,1,1,1,1,1,1,1,1,1,1,1,1,1,1,1,1,1,1,1,1,1,1,1,1,1,1,1,1,1,1,1,1,1,1,1,1,1,1,1,1,1,1,1,1,1,1,1,1,1,1,1,1,1,1,1,1,1,1,1,1,1,1,1,1,1,1,1,1,1,1,1,1,1,1,1,1,1,1,1,1,1,1,1,1,1,1,1,1,1,1,1,1,1,1,1,1,1,1,1,1,1,1,1,1,1,1,1,1,1,1,1,1,1,1,1,1,1,1,1,1,1,1,1,1,1,1,1,1,1,1,1,1,1,1,1,1,1,1,1,1,1,1,1,1,1,1,1,1,1,1,1,1,1,1,1,1,1,1,1,1,1,1,1,1,1,1,1,1,1,1,1,1,1,1,1,1,1,1,1,1,1,1,1,1,1,1,1,1,1,1,1,1,1,1,1,1,1,1,1,1,1,1,1,1,1,1,1,1,1,1,1,1,1,1,1,1,1,1,1,1,1,1,1,1,1,1,1,1,1,1,1,1,1,1,1,1,1,1,1,1,1,1,1,1,1,1,1,1,1,1,1,1,1,1,1,1,1,1,1,1,1,1,1,1,1,1,1,1,1,1,1,1,1,1,1,1,1,1,1,1,1,1,1,1,1,1,1,1,1,1,1,1,1,1,1,1,1,1,1,1,1,1,1,1,1,1,1,1,1,1,1,1,1,1,1,1,1,1,1,1,1,1,1,1,1,1,1,1,1,1,1,1,1,1,1,1,1,1,1,1,1,1,1,1,1,1,1,1,1,1,1,1,1,1,1,1,1,1,1,1,1,1,1,1,1,1,1,1,1,1,1,1,1,1,1,1,1,1,1,1,1,1,1,1,1,1,1,1,1,1,1,1,1,1,1,1,1,1,1,1,1,1,1,1,1,1,1,1,1,1,1,1,1,1,1,1,1,1,1,1,1,1,1,1,1,1,1,1,1,1,1,1,1,1,1,1,1,1,1,1,1,1,1,1,1,1,1,1,1,1,1,1,1,1,1,1,1,1,1,1,1,1,1,1,1,1,1,1,1,1,1,1,1,1,1,1,1,1,1,1,1,1,1,1,1,1,1,1,1,1,1,1,1,1,1,1,1,1,1,1,1,1,1,1,1,1,1,1,1,1,1,1,1,1,1,1,1,1,1,1,1,1,1,1,1,1,1,1,1,1,1,1,1,1,1,1,1,1,1,1,1,1,1,1,1,1,1,1,1,1,1,1,1,1,1,1,1,1,1,1,1,1,1,1,1,1,1,1,1,1,1,1,1,1,1,1,1,1,1,1,1,1,1,1,1,1,1,1,1,1,1,1,1,1,1,1,1,1,1,1,1,1,1,1,1,1,1,1,1,1,1,1,1,1,1,1,1,1,1,1,1,1,1,1,1,1,1,1,1,1,1,1,1,1,1,1,1,1,1,1,1,1,1,1,1,1,1,1,1,1,1,1,1,1,1,1,1,1,1,1,1,1,1,1,1,1,1,1,1,1,1,1,1,1,1,1,1,1,1,1,1,1,1,1,1,1,1,1,1,1,1,1,1,1,1,1,1,1,1,1,1,1,1,1,1,1,1,1,1,1,1,1,1,1,1,1,1,1,1,1,1,1,1,1,1,1,1,1,1,1,1,1,1,1,1));
#7759=IFCSTYLEDITEM(#7757,(#3836),$);
#7760=IFCCOLOURRGBLIST(((0.31372549019607843,0.31372549019607843,0.31372549019607843)));
#7761=IFCINDEXEDPOLYGONALFACE((1,2,3,4,5,6,7,8,9,10));
#7762=IFCINDEXEDPOLYGONALFACE((11,12,13,14,15,16,17,18,19,20));
#7763=IFCINDEXEDPOLYGONALFACE((11,20,1,10));
#7764=IFCINDEXEDPOLYGONALFACE((20,19,2,1));
#7765=IFCINDEXEDPOLYGONALFACE((15,14,7,6));
#7766=IFCINDEXEDPOLYGONALFACE((14,13,8,7));
#7767=IFCINDEXEDPOLYGONALFACE((13,12,9,8));
#7768=IFCINDEXEDPOLYGONALFACE((10,9,12,11));
#7769=IFCINDEXEDPOLYGONALFACE((19,18,3,2));
#7770=IFCINDEXEDPOLYGONALFACE((18,17,4,3));
#7771=IFCINDEXEDPOLYGONALFACE((17,16,5,4));
#7772=IFCINDEXEDPOLYGONALFACE((6,5,16,15));
#7773=IFCCARTESIANPOINTLIST3D(((1.0560000000000123,-0.18000000000000926,0.22000000000000042),(1.0560000000000123,-0.16803909636195519,0.22000000000000039),(1.0560000000000123,-0.16803909636195519,0.22400000000000034),(1.0560000000000123,-0.16403909636195518,0.22400000000000034),(1.0560000000000123,-0.16403909636195518,0.22000000000000033),(1.0560000000000123,-0.16000000000000306,0.22000000000000033),(1.0560000000000123,-0.16000000000000306,0.33599999999999991),(1.0560000000000123,-0.16400000000000303,0.33599999999999991),(1.0560000000000123,-0.16400000000000303,0.33999999999999991),(1.0560000000000123,-0.18000000000000907,0.34000000000000002),(0.07900000000002752,-0.18000000000000907,0.34000000000000002),(0.07900000000002759,-0.16400000000000303,0.33999999999999991),(0.07900000000002759,-0.16400000000000303,0.33599999999999991),(0.07900000000002759,-0.16000000000000306,0.33599999999999991),(0.07900000000002759,-0.16000000000000306,0.22000000000000033),(0.07900000000002759,-0.16403909636195518,0.22000000000000033),(0.07900000000002759,-0.16403909636195518,0.22400000000000034),(0.07900000000002752,-0.16803909636195519,0.22400000000000034),(0.07900000000002752,-0.16803909636195519,0.22000000000000039),(0.07900000000002752,-0.18000000000000924,0.22000000000000042)));
#7774=IFCPOLYGONALFACESET(#7773,.T.,(#7761,#7762,#7763,#7764,#7765,#7766,#7767,#7768,#7769,#7770,#7771,#7772),$);
#7775=IFCINDEXEDCOLOURMAP(#7774,1.,#7760,(1,1,1,1,1,1,1,1,1,1,1,1));
#7776=IFCSTYLEDITEM(#7774,(#3836),$);
#7777=IFCCOLOURRGBLIST(((0.79607843137254897,0.79607843137254897,0.79607843137254897)));
#7778=IFCINDEXEDPOLYGONALFACE((1,2,3,4));
#7779=IFCINDEXEDPOLYGONALFACE((5,6,7,8));
#7780=IFCINDEXEDPOLYGONALFACE((9,10,11,12,13,14));
#7781=IFCINDEXEDPOLYGONALFACE((8,15,16,5));
#7782=IFCINDEXEDPOLYGONALFACE((6,17,18,19,20,7));
#7783=IFCINDEXEDPOLYGONALFACE((18,17,13,12));
#7784=IFCINDEXEDPOLYGONALFACE((17,6,5,16,2,1,14,13));
#7785=IFCINDEXEDPOLYGONALFACE((16,15,3,2));
#7786=IFCINDEXEDPOLYGONALFACE((12,11,19,18));
#7787=IFCINDEXEDPOLYGONALFACE((15,8,7,20,10,9,4,3));
#7788=IFCINDEXEDPOLYGONALFACE((11,10,20,19));
#7789=IFCINDEXEDPOLYGONALFACE((4,9,14,1));
#7790=IFCCARTESIANPOINTLIST3D(((1.0560000000000125,-0.1800000000000031,0.20000000000000021),(1.0560000000000123,-0.16000000000000306,0.20000000000000015),(1.0560000000000123,-0.16000000000000306,0.20700000000000035),(1.0560000000000125,-0.1800000000000031,0.20900000000000035),(0.07900000000002752,-0.18000000000000957,0.20000000000000021),(0.064000000000027479,-0.18000000000000524,0.20000000000000021),(0.064000000000027479,-0.18000000000000524,0.20900000000000046),(0.07900000000002752,-0.18000000000000957,0.20900000000000099),(1.0710000000000124,-0.18000000000000302,0.20900000000000035),(1.0710000000000124,-0.21000000000000349,0.21200000000000033),(1.0710000000000124,-0.21000000000000349,0.21500000000000033),(1.0710000000000126,-0.23000000000000351,0.21500000000000033),(1.0710000000000126,-0.23000000000000351,0.20000000000000015),(1.0710000000000124,-0.18000000000000302,0.20000000000000021),(0.07900000000002759,-0.16000000000000306,0.20700000000000035),(0.07900000000002759,-0.16000000000000306,0.20000000000000015),(0.06400000000002741,-0.23000000000000351,0.20000000000000015),(0.064000000000027341,-0.23000000000000351,0.21500000000000033),(0.06400000000002741,-0.21000000000000349,0.21500000000000033),(0.06400000000002741,-0.21000000000000349,0.21200000000000033)));
#7791=IFCPOLYGONALFACESET(#7790,.T.,(#7778,#7779,#7780,#7781,#7782,#7783,#7784,#7785,#7786,#7787,#7788,#7789),$);
#7792=IFCINDEXEDCOLOURMAP(#7791,1.,#7777,(1,1,1,1,1,1,1,1,1,1,1,1));
#7793=IFCSTYLEDITEM(#7791,(#485),$);
#7794=IFCCOLOURRGBLIST(((0.79607843137254897,0.79607843137254897,0.79607843137254897)));
#7795=IFCINDEXEDPOLYGONALFACE((9,10,11,12,13,14,15,16,17,18,19,20,21,22,23,24,1,2,3,4,5,6,7,8));
#7796=IFCINDEXEDPOLYGONALFACEWITHVOIDS((33,34,35,36,37,38,39,40,41,42,43,44,45,46,47,48,25,26,27,28,29,30,31,32),((69,70,71,72,73,74,75,76,77,78,79,80,81,82,49,50,51,52,53,54,55,56,57,58,59,60,61,62,63,64,65,66,67,68)));
#7797=IFCINDEXEDPOLYGONALFACE((114,113,112,111,110,109,108,107,106,84,83,104,103,102,101,100,99,98,97,96,95,94,93,92,91,90,89,88,87,86,85,105,116,115));
#7798=IFCINDEXEDPOLYGONALFACE((48,2,1,25));
#7799=IFCINDEXEDPOLYGONALFACE((47,3,2,48));
#7800=IFCINDEXEDPOLYGONALFACE((5,4,46,45));
#7801=IFCINDEXEDPOLYGONALFACE((47,46,4,3));
#7802=IFCINDEXEDPOLYGONALFACE((6,5,45,44));
#7803=IFCINDEXEDPOLYGONALFACE((7,6,44,43));
#7804=IFCINDEXEDPOLYGONALFACE((42,8,7,43));
#7805=IFCINDEXEDPOLYGONALFACE((41,9,8,42));
#7806=IFCINDEXEDPOLYGONALFACE((11,10,40,39));
#7807=IFCINDEXEDPOLYGONALFACE((41,40,10,9));
#7808=IFCINDEXEDPOLYGONALFACE((12,11,39,38));
#7809=IFCINDEXEDPOLYGONALFACE((13,12,38,37));
#7810=IFCINDEXEDPOLYGONALFACE((36,14,13,37));
#7811=IFCINDEXEDPOLYGONALFACE((49,84,106,50));
#7812=IFCINDEXEDPOLYGONALFACE((35,15,14,36));
#7813=IFCINDEXEDPOLYGONALFACE((50,106,107,51));
#7814=IFCINDEXEDPOLYGONALFACE((17,16,34,33));
#7815=IFCINDEXEDPOLYGONALFACE((52,108,109,53));
#7816=IFCINDEXEDPOLYGONALFACE((35,34,16,15));
#7817=IFCINDEXEDPOLYGONALFACE((51,107,108,52));
#7818=IFCINDEXEDPOLYGONALFACE((18,17,33,32));
#7819=IFCINDEXEDPOLYGONALFACE((53,109,110,54));
#7820=IFCINDEXEDPOLYGONALFACE((19,18,32,31));
#7821=IFCINDEXEDPOLYGONALFACE((111,55,54,110));
#7822=IFCINDEXEDPOLYGONALFACE((30,20,19,31));
#7823=IFCINDEXEDPOLYGONALFACE((112,56,55,111));
#7824=IFCINDEXEDPOLYGONALFACE((29,21,20,30));
#7825=IFCINDEXEDPOLYGONALFACE((56,112,113,57));
#7826=IFCINDEXEDPOLYGONALFACE((23,22,28,27));
#7827=IFCINDEXEDPOLYGONALFACE((58,114,115,59));
#7828=IFCINDEXEDPOLYGONALFACE((29,28,22,21));
#7829=IFCINDEXEDPOLYGONALFACE((57,113,114,58));
#7830=IFCINDEXEDPOLYGONALFACE((24,23,27,26));
#7831=IFCINDEXEDPOLYGONALFACE((59,115,116,60));
#7832=IFCINDEXEDPOLYGONALFACE((1,24,26,25));
#7833=IFCINDEXEDPOLYGONALFACE((60,116,105,61));
#7834=IFCINDEXEDPOLYGONALFACE((83,84,49,82));
#7835=IFCINDEXEDPOLYGONALFACE((78,101,102,79));
#7836=IFCINDEXEDPOLYGONALFACE((80,103,104,81));
#7837=IFCINDEXEDPOLYGONALFACE((81,104,83,82));
#7838=IFCINDEXEDPOLYGONALFACE((103,80,79,102));
#7839=IFCINDEXEDPOLYGONALFACE((73,96,97,74));
#7840=IFCINDEXEDPOLYGONALFACE((75,98,99,76));
#7841=IFCINDEXEDPOLYGONALFACE((76,99,100,77));
#7842=IFCINDEXEDPOLYGONALFACE((98,75,74,97));
#7843=IFCINDEXEDPOLYGONALFACE((77,100,101,78));
#7844=IFCINDEXEDPOLYGONALFACE((72,95,96,73));
#7845=IFCINDEXEDPOLYGONALFACE((67,90,91,68));
#7846=IFCINDEXEDPOLYGONALFACE((69,92,93,70));
#7847=IFCINDEXEDPOLYGONALFACE((70,93,94,71));
#7848=IFCINDEXEDPOLYGONALFACE((92,69,68,91));
#7849=IFCINDEXEDPOLYGONALFACE((62,85,86,63));
#7850=IFCINDEXEDPOLYGONALFACE((64,87,88,65));
#7851=IFCINDEXEDPOLYGONALFACE((65,88,89,66));
#7852=IFCINDEXEDPOLYGONALFACE((87,64,63,86));
#7853=IFCINDEXEDPOLYGONALFACE((66,89,90,67));
#7854=IFCINDEXEDPOLYGONALFACE((95,72,71,94));
#7855=IFCINDEXEDPOLYGONALFACE((105,85,62,61));
#7856=IFCCARTESIANPOINTLIST3D(((1.0275000000000465,-0.25000000000000294,1.1700000000000013),(1.0267333310915507,-0.25000000000000294,1.1641765714851944),(1.0244855715851964,-0.25000000000000294,1.1587500000000013),(1.0209099025767439,-0.25000000000000294,1.1540900974233037),(1.0162500000000465,-0.250000000000003,1.1505144284148512),(1.0108234285148534,-0.25000000000000305,1.148266668908497),(1.0050000000000465,-0.25000000000000305,1.1475000000000011),(0.99917657148523986,-0.25000000000000311,1.148266668908497),(0.99375000000004654,-0.25000000000000311,1.1505144284148512),(0.9890900974233493,-0.25000000000000316,1.1540900974233037),(0.98551442841489678,-0.25000000000000322,1.1587500000000008),(0.98326666890854253,-0.25000000000000322,1.1641765714851942),(0.98250000000004656,-0.25000000000000322,1.170000000000001),(0.98326666890854253,-0.25000000000000322,1.1758234285148079),(0.98551442841489667,-0.25000000000000322,1.181250000000001),(0.98909009742334919,-0.25000000000000316,1.1859099025766984),(0.99375000000004643,-0.25000000000000311,1.1894855715851509),(0.99917657148523986,-0.25000000000000311,1.191733331091505),(1.0050000000000465,-0.25000000000000305,1.1925000000000012),(1.0108234285148532,-0.25000000000000305,1.191733331091505),(1.0162500000000465,-0.250000000000003,1.1894855715851511),(1.0209099025767439,-0.25000000000000294,1.1859099025766984),(1.0244855715851964,-0.25000000000000294,1.181250000000001),(1.0267333310915505,-0.25000000000000294,1.1758234285148079),(1.0275000000000467,-0.26000000000000295,1.1700000000000013),(1.0267333310915507,-0.26000000000000295,1.1758234285148079),(1.0244855715851964,-0.26000000000000295,1.181250000000001),(1.0209099025767439,-0.26000000000000295,1.1859099025766984),(1.0162500000000465,-0.26000000000000301,1.1894855715851511),(1.0108234285148534,-0.26000000000000301,1.191733331091505),(1.0050000000000465,-0.26000000000000306,1.1925000000000012),(0.99917657148523986,-0.26000000000000312,1.191733331091505),(0.99375000000004654,-0.26000000000000312,1.1894855715851509),(0.9890900974233493,-0.26000000000000317,1.1859099025766984),(0.98551442841489678,-0.26000000000000317,1.181250000000001),(0.98326666890854253,-0.26000000000000317,1.1758234285148079),(0.98250000000004656,-0.26000000000000323,1.170000000000001),(0.98326666890854253,-0.26000000000000317,1.1641765714851942),(0.98551442841489678,-0.26000000000000317,1.1587500000000008),(0.9890900974233493,-0.26000000000000317,1.1540900974233037),(0.99375000000004676,-0.26000000000000312,1.1505144284148512),(0.99917657148523997,-0.26000000000000312,1.148266668908497),(1.0050000000000465,-0.26000000000000306,1.1475000000000011),(1.0108234285148534,-0.26000000000000301,1.148266668908497),(1.0162500000000465,-0.26000000000000301,1.1505144284148512),(1.0209099025767439,-0.26000000000000295,1.1540900974233037),(1.0244855715851964,-0.26000000000000295,1.1587500000000013),(1.0267333310915507,-0.26000000000000295,1.1641765714851944),(1.0100000000000466,-0.26000000000000301,1.158500000000001),(1.0098296291314919,-0.26000000000000301,1.1572059047744885),(1.0093301270189687,-0.26000000000000301,1.156000000000001),(1.0085355339059792,-0.26000000000000301,1.1549644660940683),(1.0075000000000465,-0.26000000000000306,1.154169872981079),(1.006294095225559,-0.26000000000000306,1.1536703708685556),(1.0050000000000465,-0.26000000000000306,1.1535000000000011),(1.0037059047745338,-0.26000000000000312,1.1536703708685556),(1.0025000000000466,-0.26000000000000312,1.154169872981079),(1.0014644660941137,-0.26000000000000312,1.1549644660940683),(1.0006698729811241,-0.26000000000000312,1.1560000000000012),(1.0001703708686009,-0.26000000000000312,1.1572059047744885),(1.0000000000000464,-0.26000000000000312,1.1585000000000012),(1.0000000000000464,-0.26000000000000312,1.1711261364575676),(0.99844792511346414,-0.26000000000000312,1.1725851763943222),(0.99730735988669972,-0.26000000000000312,1.174384299779224),(0.99664993866713003,-0.26000000000000312,1.176410510856744),(0.99651695145633556,-0.26000000000000312,1.1785365514001884),(0.99691675064998053,-0.26000000000000312,1.1806288932927496),(0.99782422645719415,-0.26000000000000312,1.1825561248953149),(0.99918238394626624,-0.26000000000000312,1.1841972044867675),(1.0009059226687158,-0.26000000000000312,1.1854490624111427),(1.0028865940398375,-0.26000000000000312,1.186233074471142),(1.0050000000000467,-0.26000000000000306,1.1865000000000012),(1.007113405960256,-0.26000000000000306,1.186233074471142),(1.0090940773313775,-0.26000000000000301,1.1854490624111427),(1.0108176160538271,-0.26000000000000301,1.1841972044867672),(1.0121757735428991,-0.26000000000000301,1.1825561248953147),(1.0130832493501127,-0.26000000000000301,1.1806288932927491),(1.0134830485437576,-0.26000000000000301,1.1785365514001882),(1.0133500613329631,-0.26000000000000301,1.1764105108567438),(1.0126926401133933,-0.26000000000000301,1.174384299779224),(1.0115520748866287,-0.26000000000000301,1.172585176394322),(1.0100000000000466,-0.26000000000000301,1.1711261364575674),(1.0100000000000466,-0.25200000000000311,1.1711261364575674),(1.0100000000000464,-0.25200000000000311,1.1585000000000012),(1.0000000000000462,-0.25200000000000311,1.1711261364575676),(0.99844792511346403,-0.25200000000000311,1.1725851763943222),(0.99730735988669961,-0.25200000000000311,1.1743842997792242),(0.99664993866713003,-0.25200000000000311,1.176410510856744),(0.99651695145633556,-0.25200000000000311,1.1785365514001886),(0.99691675064998053,-0.25200000000000311,1.1806288932927496),(0.99782422645719404,-0.25200000000000311,1.1825561248953149),(0.99918238394626624,-0.25200000000000311,1.1841972044867675),(1.0009059226687158,-0.25200000000000311,1.1854490624111427),(1.0028865940398375,-0.25200000000000311,1.186233074471142),(1.0050000000000465,-0.25200000000000311,1.186500000000001),(1.007113405960256,-0.25200000000000311,1.1862330744711418),(1.0090940773313775,-0.25200000000000311,1.1854490624111427),(1.0108176160538271,-0.25200000000000311,1.1841972044867672),(1.0121757735428991,-0.25200000000000311,1.1825561248953145),(1.0130832493501125,-0.25200000000000311,1.1806288932927491),(1.0134830485437574,-0.25200000000000311,1.178536551400188),(1.0133500613329629,-0.25200000000000311,1.1764105108567438),(1.0126926401133931,-0.25200000000000311,1.1743842997792238),(1.0115520748866287,-0.25200000000000311,1.172585176394322),(1.0000000000000464,-0.25200000000000311,1.1585000000000012),(1.0098296291314917,-0.25200000000000311,1.1572059047744885),(1.0093301270189685,-0.25200000000000311,1.156000000000001),(1.0085355339059789,-0.25200000000000311,1.1549644660940683),(1.0075000000000462,-0.25200000000000311,1.154169872981079),(1.0062940952255588,-0.25200000000000311,1.1536703708685556),(1.0050000000000463,-0.25200000000000311,1.1535000000000011),(1.0037059047745338,-0.25200000000000311,1.1536703708685558),(1.0025000000000464,-0.25200000000000311,1.154169872981079),(1.0014644660941137,-0.25200000000000311,1.1549644660940683),(1.0006698729811241,-0.25200000000000311,1.1560000000000012),(1.0001703708686009,-0.25200000000000311,1.1572059047744885)));
#7857=IFCPOLYGONALFACESET(#7856,.T.,(#7795,#7796,#7797,#7798,#7799,#7800,#7801,#7802,#7803,#7804,#7805,#7806,#7807,#7808,#7809,#7810,#7811,#7812,#7813,#7814,#7815,#7816,#7817,#7818,#7819,#7820,#7821,#7822,#7823,#7824,#7825,#7826,#7827,#7828,#7829,#7830,#7831,#7832,#7833,#7834,#7835,#7836,#7837,#7838,#7839,#7840,#7841,#7842,#7843,#7844,#7845,#7846,#7847,#7848,#7849,#7850,#7851,#7852,#7853,#7854,#7855),$);
#7858=IFCINDEXEDCOLOURMAP(#7857,1.,#7794,(1,1,1,1,1,1,1,1,1,1,1,1,1,1,1,1,1,1,1,1,1,1,1,1,1,1,1,1,1,1,1,1,1,1,1,1,1,1,1,1,1,1,1,1,1,1,1,1,1,1,1,1,1,1,1,1,1,1,1,1,1));
#7859=IFCSTYLEDITEM(#7857,(#485),$);
#7860=IFCCOLOURRGBLIST(((0.79607843137254897,0.79607843137254897,0.79607843137254897)));
#7861=IFCINDEXEDPOLYGONALFACE((17,18,19,20,21,22,23,24,1,2,3,4,5,6,7,8,9,10,11,12,13,14,15,16));
#7862=IFCINDEXEDPOLYGONALFACE((27,28,5));
#7863=IFCINDEXEDPOLYGONALFACE((26,27,3,2));
#7864=IFCINDEXEDPOLYGONALFACE((7,29,30));
#7865=IFCINDEXEDPOLYGONALFACE((6,29,7));
#7866=IFCINDEXEDPOLYGONALFACE((28,29,6));
#7867=IFCINDEXEDPOLYGONALFACE((25,26,2,1));
#7868=IFCINDEXEDPOLYGONALFACE((3,27,4));
#7869=IFCINDEXEDPOLYGONALFACE((5,4,27));
#7870=IFCINDEXEDPOLYGONALFACE((28,6,5));
#7871=IFCINDEXEDPOLYGONALFACE((30,31,9));
#7872=IFCINDEXEDPOLYGONALFACE((33,11,32));
#7873=IFCINDEXEDPOLYGONALFACE((34,12,33));
#7874=IFCINDEXEDPOLYGONALFACE((13,35,36));
#7875=IFCINDEXEDPOLYGONALFACE((34,35,12));
#7876=IFCINDEXEDPOLYGONALFACE((13,36,37));
#7877=IFCINDEXEDPOLYGONALFACE((9,8,30));
#7878=IFCINDEXEDPOLYGONALFACE((7,30,8));
#7879=IFCINDEXEDPOLYGONALFACE((12,11,33));
#7880=IFCINDEXEDPOLYGONALFACE((10,32,11));
#7881=IFCINDEXEDPOLYGONALFACE((9,31,10));
#7882=IFCINDEXEDPOLYGONALFACE((13,12,35));
#7883=IFCINDEXEDPOLYGONALFACE((32,10,31));
#7884=IFCINDEXEDPOLYGONALFACE((13,37,38));
#7885=IFCINDEXEDPOLYGONALFACE((39,13,38));
#7886=IFCINDEXEDPOLYGONALFACE((14,40,41));
#7887=IFCINDEXEDPOLYGONALFACE((39,40,14));
#7888=IFCINDEXEDPOLYGONALFACE((15,41,42));
#7889=IFCINDEXEDPOLYGONALFACE((41,15,14));
#7890=IFCINDEXEDPOLYGONALFACE((14,13,39));
#7891=IFCINDEXEDPOLYGONALFACE((44,17,43));
#7892=IFCINDEXEDPOLYGONALFACE((17,44,18));
#7893=IFCINDEXEDPOLYGONALFACE((17,16,43));
#7894=IFCINDEXEDPOLYGONALFACE((16,15,42));
#7895=IFCINDEXEDPOLYGONALFACE((16,42,43));
#7896=IFCINDEXEDPOLYGONALFACE((45,46,20));
#7897=IFCINDEXEDPOLYGONALFACE((44,45,19));
#7898=IFCINDEXEDPOLYGONALFACE((48,25,1,24));
#7899=IFCINDEXEDPOLYGONALFACE((47,48,24,23));
#7900=IFCINDEXEDPOLYGONALFACE((46,47,21));
#7901=IFCINDEXEDPOLYGONALFACE((46,21,20));
#7902=IFCINDEXEDPOLYGONALFACE((20,19,45));
#7903=IFCINDEXEDPOLYGONALFACE((22,47,23));
#7904=IFCINDEXEDPOLYGONALFACE((22,21,47));
#7905=IFCINDEXEDPOLYGONALFACE((44,19,18));
#7906=IFCINDEXEDPOLYGONALFACE((56,57,58,59,60,61,62,63,64,65,66,67,68,69,70,71,72,49,50,51,52,53,54,55));
#7907=IFCINDEXEDPOLYGONALFACE((25,49,72,26));
#7908=IFCINDEXEDPOLYGONALFACE((71,27,26,72));
#7909=IFCINDEXEDPOLYGONALFACE((69,68,30,29));
#7910=IFCINDEXEDPOLYGONALFACE((27,71,70,28));
#7911=IFCINDEXEDPOLYGONALFACE((28,70,69,29));
#7912=IFCINDEXEDPOLYGONALFACE((67,66,30));
#7913=IFCINDEXEDPOLYGONALFACE((67,30,68));
#7914=IFCINDEXEDPOLYGONALFACE((65,64,32));
#7915=IFCINDEXEDPOLYGONALFACE((66,65,31));
#7916=IFCINDEXEDPOLYGONALFACE((62,61,37,36));
#7917=IFCINDEXEDPOLYGONALFACE((63,62,36,35));
#7918=IFCINDEXEDPOLYGONALFACE((64,63,35,34));
#7919=IFCINDEXEDPOLYGONALFACE((64,33,32));
#7920=IFCINDEXEDPOLYGONALFACE((32,31,65));
#7921=IFCINDEXEDPOLYGONALFACE((33,64,34));
#7922=IFCINDEXEDPOLYGONALFACE((66,31,30));
#7923=IFCINDEXEDPOLYGONALFACE((60,59,39,38));
#7924=IFCINDEXEDPOLYGONALFACE((61,60,38,37));
#7925=IFCINDEXEDPOLYGONALFACE((42,57,43));
#7926=IFCINDEXEDPOLYGONALFACE((58,57,42));
#7927=IFCINDEXEDPOLYGONALFACE((59,58,40,39));
#7928=IFCINDEXEDPOLYGONALFACE((44,56,55));
#7929=IFCINDEXEDPOLYGONALFACE((42,41,58));
#7930=IFCINDEXEDPOLYGONALFACE((40,58,41));
#7931=IFCINDEXEDPOLYGONALFACE((57,56,43));
#7932=IFCINDEXEDPOLYGONALFACE((53,52,46,45));
#7933=IFCINDEXEDPOLYGONALFACE((54,53,45,44));
#7934=IFCINDEXEDPOLYGONALFACE((50,49,25,48));
#7935=IFCINDEXEDPOLYGONALFACE((51,50,48,47));
#7936=IFCINDEXEDPOLYGONALFACE((52,51,47,46));
#7937=IFCINDEXEDPOLYGONALFACE((43,56,44));
#7938=IFCINDEXEDPOLYGONALFACE((44,55,54));
#7939=IFCCARTESIANPOINTLIST3D(((0.99500000000004429,-0.26000000000000312,1.2500000000000011),(0.99534074173715359,-0.26000000000000312,1.2525881904510263),(0.99633974596219987,-0.26000000000000312,1.2550000000000012),(0.9979289321881788,-0.26000000000000312,1.2570710678118666),(1.0000000000000442,-0.26000000000000312,1.2586602540378455),(1.0024118095490191,-0.26000000000000312,1.2596592582628918),(1.0050000000000441,-0.26000000000000312,1.2600000000000011),(1.0075881904510693,-0.26000000000000312,1.2596592582628918),(1.0100000000000442,-0.26000000000000312,1.2586602540378458),(1.0120710678119096,-0.26000000000000312,1.2570710678118668),(1.0136602540378885,-0.26000000000000312,1.2550000000000014),(1.0146592582629348,-0.26000000000000312,1.2525881904510265),(1.0150000000000441,-0.26000000000000312,1.2500000000000011),(1.0146592582629348,-0.26000000000000312,1.2474118095489761),(1.0136602540378885,-0.26000000000000312,1.2450000000000012),(1.0120710678119096,-0.26000000000000312,1.2429289321881358),(1.0100000000000442,-0.26000000000000312,1.2413397459621569),(1.0075881904510693,-0.26000000000000312,1.2403407417371106),(1.0050000000000441,-0.26000000000000312,1.2400000000000013),(1.0024118095490191,-0.26000000000000312,1.2403407417371106),(1.0000000000000442,-0.26000000000000312,1.2413397459621569),(0.9979289321881788,-0.26000000000000312,1.2429289321881358),(0.99633974596219987,-0.26000000000000312,1.2450000000000012),(0.99534074173715359,-0.26000000000000312,1.2474118095489761),(0.99500000000004429,-0.29000000000000203,1.2500000000000011),(0.99534074173715359,-0.29034074173711127,1.2525881904510263),(0.99633974596219987,-0.29133974596215756,1.2550000000000012),(0.9979289321881788,-0.29292893218813643,1.2570710678118666),(1.0000000000000442,-0.29500000000000187,1.2586602540378455),(1.0024118095490191,-0.29741180954897661,1.2596592582628918),(1.0050000000000441,-0.30000000000000182,1.2600000000000011),(1.0075881904510693,-0.30258819045102703,1.2596592582628918),(1.0100000000000442,-0.30500000000000177,1.2586602540378458),(1.0120710678119096,-0.30707106781186727,1.2570710678118668),(1.0136602540378885,-0.30866025403784614,1.2550000000000014),(1.0146592582629348,-0.30965925826289248,1.2525881904510265),(1.0150000000000441,-0.31000000000000183,1.2500000000000011),(1.0146592582629348,-0.30965925826289248,1.2474118095489761),(1.0136602540378885,-0.30866025403784625,1.2450000000000012),(1.0120710678119096,-0.30707106781186733,1.2429289321881358),(1.0100000000000442,-0.30500000000000188,1.2413397459621569),(1.0075881904510693,-0.30258819045102714,1.2403407417371106),(1.0050000000000441,-0.30000000000000193,1.2400000000000013),(1.0024118095490191,-0.29741180954897678,1.2403407417371106),(1.0000000000000442,-0.29500000000000198,1.2413397459621569),(0.9979289321881788,-0.29292893218813654,1.2429289321881358),(0.99633974596219987,-0.29133974596215761,1.2450000000000012),(0.99534074173715359,-0.29034074173711133,1.2474118095489761),(0.88500000000004431,-0.2900000000000017,1.2500000000000011),(0.88500000000004431,-0.290340741737111,1.2474118095489761),(0.88500000000004431,-0.29133974596215728,1.2450000000000012),(0.88500000000004431,-0.2929289321881362,1.2429289321881358),(0.88500000000004431,-0.29500000000000165,1.2413397459621569),(0.88500000000004431,-0.29741180954897645,1.2403407417371106),(0.88500000000004431,-0.3000000000000016,1.2400000000000013),(0.88500000000004431,-0.30258819045102675,1.2403407417371106),(0.88500000000004431,-0.30500000000000155,1.2413397459621569),(0.88500000000004431,-0.30707106781186694,1.2429289321881358),(0.88500000000004431,-0.30866025403784592,1.2450000000000012),(0.88500000000004431,-0.30965925826289215,1.2474118095489761),(0.88500000000004431,-0.31000000000000139,1.2500000000000016),(0.88500000000004431,-0.30965925826289209,1.2525881904510265),(0.88500000000004431,-0.30866025403784575,1.2550000000000014),(0.88500000000004431,-0.30707106781186683,1.2570710678118668),(0.88500000000004431,-0.30500000000000138,1.2586602540378458),(0.88500000000004431,-0.30258819045102664,1.2596592582628918),(0.88500000000004431,-0.30000000000000143,1.2600000000000011),(0.88500000000004431,-0.29741180954897628,1.2596592582628918),(0.88500000000004431,-0.29500000000000154,1.2586602540378455),(0.88500000000004431,-0.29292893218813609,1.2570710678118666),(0.88500000000004431,-0.29133974596215723,1.2550000000000012),(0.88500000000004431,-0.29034074173711094,1.2525881904510263)));
#7940=IFCPOLYGONALFACESET(#7939,.T.,(#7861,#7862,#7863,#7864,#7865,#7866,#7867,#7868,#7869,#7870,#7871,#7872,#7873,#7874,#7875,#7876,#7877,#7878,#7879,#7880,#7881,#7882,#7883,#7884,#7885,#7886,#7887,#7888,#7889,#7890,#7891,#7892,#7893,#7894,#7895,#7896,#7897,#7898,#7899,#7900,#7901,#7902,#7903,#7904,#7905,#7906,#7907,#7908,#7909,#7910,#7911,#7912,#7913,#7914,#7915,#7916,#7917,#7918,#7919,#7920,#7921,#7922,#7923,#7924,#7925,#7926,#7927,#7928,#7929,#7930,#7931,#7932,#7933,#7934,#7935,#7936,#7937,#7938),$);
#7941=IFCINDEXEDCOLOURMAP(#7940,1.,#7860,(1,1,1,1,1,1,1,1,1,1,1,1,1,1,1,1,1,1,1,1,1,1,1,1,1,1,1,1,1,1,1,1,1,1,1,1,1,1,1,1,1,1,1,1,1,1,1,1,1,1,1,1,1,1,1,1,1,1,1,1,1,1,1,1,1,1,1,1,1,1,1,1,1,1,1,1,1,1));
#7942=IFCSTYLEDITEM(#7940,(#485),$);
#7943=IFCCOLOURRGBLIST(((0.79607843137254897,0.79607843137254897,0.79607843137254897)));
#7944=IFCINDEXEDPOLYGONALFACE((17,18,19,20,21,22,23,24,1,2,3,4,5,6,7,8,9,10,11,12,13,14,15,16));
#7945=IFCINDEXEDPOLYGONALFACE((27,28,5));
#7946=IFCINDEXEDPOLYGONALFACE((26,27,3,2));
#7947=IFCINDEXEDPOLYGONALFACE((7,29,30));
#7948=IFCINDEXEDPOLYGONALFACE((6,29,7));
#7949=IFCINDEXEDPOLYGONALFACE((28,29,6));
#7950=IFCINDEXEDPOLYGONALFACE((25,26,2,1));
#7951=IFCINDEXEDPOLYGONALFACE((3,27,4));
#7952=IFCINDEXEDPOLYGONALFACE((5,4,27));
#7953=IFCINDEXEDPOLYGONALFACE((28,6,5));
#7954=IFCINDEXEDPOLYGONALFACE((30,31,9));
#7955=IFCINDEXEDPOLYGONALFACE((33,11,32));
#7956=IFCINDEXEDPOLYGONALFACE((34,12,33));
#7957=IFCINDEXEDPOLYGONALFACE((13,35,36));
#7958=IFCINDEXEDPOLYGONALFACE((34,35,12));
#7959=IFCINDEXEDPOLYGONALFACE((13,36,37));
#7960=IFCINDEXEDPOLYGONALFACE((9,8,30));
#7961=IFCINDEXEDPOLYGONALFACE((7,30,8));
#7962=IFCINDEXEDPOLYGONALFACE((12,11,33));
#7963=IFCINDEXEDPOLYGONALFACE((10,32,11));
#7964=IFCINDEXEDPOLYGONALFACE((9,31,10));
#7965=IFCINDEXEDPOLYGONALFACE((13,12,35));
#7966=IFCINDEXEDPOLYGONALFACE((32,10,31));
#7967=IFCINDEXEDPOLYGONALFACE((13,37,38));
#7968=IFCINDEXEDPOLYGONALFACE((39,13,38));
#7969=IFCINDEXEDPOLYGONALFACE((14,40,41));
#7970=IFCINDEXEDPOLYGONALFACE((39,40,14));
#7971=IFCINDEXEDPOLYGONALFACE((15,41,42));
#7972=IFCINDEXEDPOLYGONALFACE((41,15,14));
#7973=IFCINDEXEDPOLYGONALFACE((14,13,39));
#7974=IFCINDEXEDPOLYGONALFACE((44,17,43));
#7975=IFCINDEXEDPOLYGONALFACE((17,44,18));
#7976=IFCINDEXEDPOLYGONALFACE((17,16,43));
#7977=IFCINDEXEDPOLYGONALFACE((16,15,42));
#7978=IFCINDEXEDPOLYGONALFACE((16,42,43));
#7979=IFCINDEXEDPOLYGONALFACE((45,46,20));
#7980=IFCINDEXEDPOLYGONALFACE((44,45,19));
#7981=IFCINDEXEDPOLYGONALFACE((48,25,1,24));
#7982=IFCINDEXEDPOLYGONALFACE((47,48,24,23));
#7983=IFCINDEXEDPOLYGONALFACE((46,47,21));
#7984=IFCINDEXEDPOLYGONALFACE((46,21,20));
#7985=IFCINDEXEDPOLYGONALFACE((20,19,45));
#7986=IFCINDEXEDPOLYGONALFACE((22,47,23));
#7987=IFCINDEXEDPOLYGONALFACE((22,21,47));
#7988=IFCINDEXEDPOLYGONALFACE((44,19,18));
#7989=IFCINDEXEDPOLYGONALFACE((55,56,57,58,59,60,61,62,63,64,65,66,67,68,69,70,71,72,49,50,51,52,53,54));
#7990=IFCINDEXEDPOLYGONALFACE((25,49,72,26));
#7991=IFCINDEXEDPOLYGONALFACE((71,27,26,72));
#7992=IFCINDEXEDPOLYGONALFACE((69,68,30,29));
#7993=IFCINDEXEDPOLYGONALFACE((27,71,70,28));
#7994=IFCINDEXEDPOLYGONALFACE((28,70,69,29));
#7995=IFCINDEXEDPOLYGONALFACE((67,66,30));
#7996=IFCINDEXEDPOLYGONALFACE((67,30,68));
#7997=IFCINDEXEDPOLYGONALFACE((65,64,32));
#7998=IFCINDEXEDPOLYGONALFACE((66,65,31));
#7999=IFCINDEXEDPOLYGONALFACE((62,61,37,36));
#8000=IFCINDEXEDPOLYGONALFACE((63,62,36,35));
#8001=IFCINDEXEDPOLYGONALFACE((64,63,35,34));
#8002=IFCINDEXEDPOLYGONALFACE((64,33,32));
#8003=IFCINDEXEDPOLYGONALFACE((32,31,65));
#8004=IFCINDEXEDPOLYGONALFACE((33,64,34));
#8005=IFCINDEXEDPOLYGONALFACE((66,31,30));
#8006=IFCINDEXEDPOLYGONALFACE((60,59,39,38));
#8007=IFCINDEXEDPOLYGONALFACE((61,60,38,37));
#8008=IFCINDEXEDPOLYGONALFACE((42,57,43));
#8009=IFCINDEXEDPOLYGONALFACE((58,57,42));
#8010=IFCINDEXEDPOLYGONALFACE((59,58,40,39));
#8011=IFCINDEXEDPOLYGONALFACE((44,56,55));
#8012=IFCINDEXEDPOLYGONALFACE((42,41,58));
#8013=IFCINDEXEDPOLYGONALFACE((40,58,41));
#8014=IFCINDEXEDPOLYGONALFACE((57,56,43));
#8015=IFCINDEXEDPOLYGONALFACE((53,52,46,45));
#8016=IFCINDEXEDPOLYGONALFACE((54,53,45,44));
#8017=IFCINDEXEDPOLYGONALFACE((50,49,25,48));
#8018=IFCINDEXEDPOLYGONALFACE((51,50,48,47));
#8019=IFCINDEXEDPOLYGONALFACE((52,51,47,46));
#8020=IFCINDEXEDPOLYGONALFACE((43,56,44));
#8021=IFCINDEXEDPOLYGONALFACE((44,55,54));
#8022=IFCCARTESIANPOINTLIST3D(((0.9950000000000464,-0.26000000000000306,1.2500000000000011),(0.99534074173715559,-0.26000000000000306,1.2525881904510263),(0.99633974596220198,-0.26000000000000306,1.2550000000000012),(0.9979289321881808,-0.26000000000000306,1.2570710678118666),(1.0000000000000462,-0.26000000000000306,1.2586602540378455),(1.0024118095490209,-0.26000000000000306,1.2596592582628918),(1.0050000000000461,-0.26000000000000306,1.2600000000000011),(1.0075881904510713,-0.26000000000000306,1.2596592582628918),(1.010000000000046,-0.26000000000000312,1.2586602540378458),(1.0120710678119116,-0.26000000000000312,1.2570710678118668),(1.0136602540378905,-0.26000000000000312,1.2550000000000014),(1.0146592582629368,-0.26000000000000312,1.2525881904510265),(1.0150000000000463,-0.26000000000000312,1.2500000000000011),(1.0146592582629368,-0.26000000000000312,1.2474118095489761),(1.0136602540378905,-0.26000000000000312,1.2450000000000012),(1.0120710678119118,-0.26000000000000312,1.2429289321881358),(1.0100000000000462,-0.26000000000000312,1.2413397459621569),(1.0075881904510715,-0.26000000000000306,1.2403407417371106),(1.0050000000000463,-0.26000000000000306,1.2400000000000013),(1.0024118095490211,-0.26000000000000306,1.2403407417371106),(1.0000000000000464,-0.26000000000000306,1.2413397459621569),(0.99792893218818091,-0.26000000000000306,1.2429289321881358),(0.99633974596220209,-0.26000000000000306,1.2450000000000012),(0.9953407417371557,-0.26000000000000306,1.2474118095489761),(0.99500000000004629,-0.29000000000000514,1.2500000000000011),(0.99534074173715559,-0.29034074173711438,1.2525881904510263),(0.99633974596220176,-0.29133974596216067,1.2550000000000012),(0.99792893218818068,-0.29292893218813953,1.2570710678118666),(1.0000000000000462,-0.29500000000000498,1.2586602540378455),(1.0024118095490209,-0.29741180954897972,1.2596592582628918),(1.0050000000000461,-0.30000000000000493,1.2600000000000011),(1.0075881904510713,-0.30258819045103014,1.2596592582628918),(1.010000000000046,-0.30500000000000493,1.2586602540378458),(1.0120710678119114,-0.30707106781187038,1.2570710678118668),(1.0136602540378903,-0.3086602540378493,1.2550000000000014),(1.0146592582629366,-0.30965925826289559,1.2525881904510265),(1.0150000000000461,-0.31000000000000494,1.2500000000000011),(1.0146592582629368,-0.30965925826289559,1.2474118095489761),(1.0136602540378905,-0.30866025403784936,1.2450000000000012),(1.0120710678119116,-0.30707106781187044,1.2429289321881358),(1.0100000000000462,-0.30500000000000499,1.2413397459621569),(1.0075881904510713,-0.30258819045103025,1.2403407417371106),(1.0050000000000461,-0.30000000000000504,1.2400000000000013),(1.0024118095490211,-0.29741180954897989,1.2403407417371106),(1.0000000000000464,-0.29500000000000509,1.2413397459621569),(0.99792893218818091,-0.29292893218813965,1.2429289321881358),(0.99633974596220198,-0.29133974596216072,1.2450000000000012),(0.99534074173715559,-0.29034074173711444,1.2474118095489761),(0.8850000000000442,-0.29000000000000481,1.2500000000000011),(0.8850000000000442,-0.29034074173711411,1.2474118095489761),(0.8850000000000442,-0.29133974596216039,1.2450000000000012),(0.8850000000000442,-0.29292893218813931,1.2429289321881358),(0.8850000000000442,-0.29500000000000476,1.2413397459621569),(0.8850000000000442,-0.2974118095489795,1.2403407417371106),(0.8850000000000442,-0.30000000000000471,1.2400000000000013),(0.8850000000000442,-0.30258819045102986,1.2403407417371106),(0.8850000000000442,-0.30500000000000466,1.2413397459621569),(0.8850000000000442,-0.30707106781187005,1.2429289321881358),(0.8850000000000442,-0.30866025403784891,1.2450000000000012),(0.8850000000000442,-0.3096592582628952,1.2474118095489761),(0.8850000000000442,-0.31000000000000449,1.2500000000000016),(0.8850000000000442,-0.3096592582628952,1.2525881904510265),(0.8850000000000442,-0.30866025403784886,1.2550000000000014),(0.8850000000000442,-0.30707106781186994,1.2570710678118668),(0.8850000000000442,-0.30500000000000449,1.2586602540378458),(0.8850000000000442,-0.30258819045102969,1.2596592582628918),(0.8850000000000442,-0.30000000000000454,1.2600000000000011),(0.8850000000000442,-0.29741180954897939,1.2596592582628918),(0.8850000000000442,-0.29500000000000465,1.2586602540378455),(0.8850000000000442,-0.2929289321881392,1.2570710678118666),(0.8850000000000442,-0.29133974596216033,1.2550000000000012),(0.8850000000000442,-0.29034074173711405,1.2525881904510263)));
#8023=IFCPOLYGONALFACESET(#8022,.T.,(#7944,#7945,#7946,#7947,#7948,#7949,#7950,#7951,#7952,#7953,#7954,#7955,#7956,#7957,#7958,#7959,#7960,#7961,#7962,#7963,#7964,#7965,#7966,#7967,#7968,#7969,#7970,#7971,#7972,#7973,#7974,#7975,#7976,#7977,#7978,#7979,#7980,#7981,#7982,#7983,#7984,#7985,#7986,#7987,#7988,#7989,#7990,#7991,#7992,#7993,#7994,#7995,#7996,#7997,#7998,#7999,#8000,#8001,#8002,#8003,#8004,#8005,#8006,#8007,#8008,#8009,#8010,#8011,#8012,#8013,#8014,#8015,#8016,#8017,#8018,#8019,#8020,#8021),$);
#8024=IFCINDEXEDCOLOURMAP(#8023,1.,#7943,(1,1,1,1,1,1,1,1,1,1,1,1,1,1,1,1,1,1,1,1,1,1,1,1,1,1,1,1,1,1,1,1,1,1,1,1,1,1,1,1,1,1,1,1,1,1,1,1,1,1,1,1,1,1,1,1,1,1,1,1,1,1,1,1,1,1,1,1,1,1,1,1,1,1,1,1,1,1));
#8025=IFCSTYLEDITEM(#8023,(#485),$);
#8026=IFCCOLOURRGBLIST(((0.79607843137254897,0.79607843137254897,0.79607843137254897)));
#8027=IFCINDEXEDPOLYGONALFACE((9,10,11,12,13,14,15,16,17,18,19,20,21,22,23,24,1,2,3,4,5,6,7,8));
#8028=IFCINDEXEDPOLYGONALFACE((31,32,33,34,35,36,37,38,39,40,41,42,43,44,45,46,47,48,25,26,27,28,29,30));
#8029=IFCINDEXEDPOLYGONALFACE((48,2,1,25));
#8030=IFCINDEXEDPOLYGONALFACE((47,3,2,48));
#8031=IFCINDEXEDPOLYGONALFACE((5,4,46,45));
#8032=IFCINDEXEDPOLYGONALFACE((47,46,4,3));
#8033=IFCINDEXEDPOLYGONALFACE((6,5,45,44));
#8034=IFCINDEXEDPOLYGONALFACE((7,6,44,43));
#8035=IFCINDEXEDPOLYGONALFACE((42,8,7,43));
#8036=IFCINDEXEDPOLYGONALFACE((41,9,8,42));
#8037=IFCINDEXEDPOLYGONALFACE((11,10,40,39));
#8038=IFCINDEXEDPOLYGONALFACE((41,40,10,9));
#8039=IFCINDEXEDPOLYGONALFACE((12,11,39,38));
#8040=IFCINDEXEDPOLYGONALFACE((13,12,38,37));
#8041=IFCINDEXEDPOLYGONALFACE((36,14,13,37));
#8042=IFCINDEXEDPOLYGONALFACE((35,15,14,36));
#8043=IFCINDEXEDPOLYGONALFACE((17,16,34,33));
#8044=IFCINDEXEDPOLYGONALFACE((35,34,16,15));
#8045=IFCINDEXEDPOLYGONALFACE((18,17,33,32));
#8046=IFCINDEXEDPOLYGONALFACE((19,18,32,31));
#8047=IFCINDEXEDPOLYGONALFACE((30,20,19,31));
#8048=IFCINDEXEDPOLYGONALFACE((29,21,20,30));
#8049=IFCINDEXEDPOLYGONALFACE((23,22,28,27));
#8050=IFCINDEXEDPOLYGONALFACE((29,28,22,21));
#8051=IFCINDEXEDPOLYGONALFACE((24,23,27,26));
#8052=IFCINDEXEDPOLYGONALFACE((1,24,26,25));
#8053=IFCCARTESIANPOINTLIST3D(((1.0275000000000463,-0.25000000000000305,1.2500000000000016),(1.0267333310915503,-0.25000000000000305,1.2441765714851947),(1.0244855715851964,-0.25000000000000305,1.2387500000000016),(1.0209099025767439,-0.25000000000000305,1.2340900974233042),(1.0162500000000465,-0.25000000000000305,1.2305144284148513),(1.0108234285148532,-0.25000000000000305,1.2282666689084973),(1.0050000000000465,-0.25000000000000305,1.2275000000000014),(0.99917657148523986,-0.25000000000000305,1.2282666689084973),(0.99375000000004643,-0.25000000000000305,1.2305144284148513),(0.98909009742334919,-0.25000000000000305,1.2340900974233038),(0.98551442841489645,-0.25000000000000305,1.2387500000000011),(0.98326666890854231,-0.25000000000000305,1.2441765714851944),(0.98250000000004634,-0.25000000000000305,1.2500000000000011),(0.98326666890854231,-0.25000000000000305,1.255823428514808),(0.98551442841489645,-0.25000000000000305,1.2612500000000013),(0.98909009742334908,-0.25000000000000305,1.2659099025766987),(0.99375000000004632,-0.25000000000000305,1.269485571585151),(0.99917657148523953,-0.25000000000000305,1.2717333310915055),(1.0050000000000463,-0.25000000000000305,1.2725000000000015),(1.010823428514853,-0.25000000000000305,1.2717333310915055),(1.0162500000000463,-0.25000000000000305,1.2694855715851512),(1.0209099025767436,-0.25000000000000305,1.2659099025766987),(1.0244855715851962,-0.25000000000000305,1.2612500000000013),(1.0267333310915503,-0.25000000000000305,1.255823428514808),(1.0275000000000463,-0.26000000000000306,1.2500000000000011),(1.0267333310915503,-0.26000000000000306,1.255823428514808),(1.0244855715851962,-0.26000000000000306,1.2612500000000013),(1.0209099025767436,-0.26000000000000306,1.2659099025766987),(1.0162500000000463,-0.26000000000000306,1.2694855715851512),(1.010823428514853,-0.26000000000000306,1.2717333310915055),(1.0050000000000463,-0.26000000000000306,1.2725000000000015),(0.99917657148523953,-0.26000000000000306,1.2717333310915055),(0.99375000000004632,-0.26000000000000306,1.269485571585151),(0.98909009742334908,-0.26000000000000306,1.2659099025766987),(0.98551442841489645,-0.26000000000000306,1.2612500000000013),(0.98326666890854231,-0.26000000000000306,1.255823428514808),(0.98250000000004634,-0.26000000000000306,1.2500000000000011),(0.98326666890854231,-0.26000000000000306,1.2441765714851944),(0.98551442841489645,-0.26000000000000306,1.2387500000000011),(0.98909009742334919,-0.26000000000000306,1.2340900974233038),(0.99375000000004643,-0.26000000000000306,1.2305144284148513),(0.99917657148523986,-0.26000000000000306,1.2282666689084973),(1.0050000000000465,-0.26000000000000306,1.2275000000000014),(1.0108234285148532,-0.26000000000000306,1.2282666689084973),(1.0162500000000465,-0.26000000000000306,1.2305144284148513),(1.0209099025767439,-0.26000000000000306,1.2340900974233042),(1.0244855715851964,-0.26000000000000306,1.2387500000000016),(1.0267333310915503,-0.26000000000000306,1.2441765714851947)));
#8054=IFCPOLYGONALFACESET(#8053,.T.,(#8027,#8028,#8029,#8030,#8031,#8032,#8033,#8034,#8035,#8036,#8037,#8038,#8039,#8040,#8041,#8042,#8043,#8044,#8045,#8046,#8047,#8048,#8049,#8050,#8051,#8052),$);
#8055=IFCINDEXEDCOLOURMAP(#8054,1.,#8026,(1,1,1,1,1,1,1,1,1,1,1,1,1,1,1,1,1,1,1,1,1,1,1,1,1,1));
#8056=IFCSTYLEDITEM(#8054,(#485),$);
#8057=IFCCOLOURRGBLIST(((0.31372549019607843,0.31372549019607843,0.31372549019607843)));
#8058=IFCINDEXEDPOLYGONALFACE((1,2,3,4,5,6,7,8));
#8059=IFCINDEXEDPOLYGONALFACE((2,1,9,10));
#8060=IFCINDEXEDPOLYGONALFACE((10,11,12,13,14,15,3,2));
#8061=IFCINDEXEDPOLYGONALFACE((15,16,4,3));
#8062=IFCINDEXEDPOLYGONALFACE((17,18,6,5));
#8063=IFCINDEXEDPOLYGONALFACE((19,20,7,6,18,21,22,23));
#8064=IFCINDEXEDPOLYGONALFACE((8,7,20,24));
#8065=IFCINDEXEDPOLYGONALFACE((9,24,20,19,25,26,11,10));
#8066=IFCINDEXEDPOLYGONALFACE((25,19,23,27));
#8067=IFCINDEXEDPOLYGONALFACE((11,26,28,12));
#8068=IFCINDEXEDPOLYGONALFACE((16,15,14,29,30,21,18,17));
#8069=IFCINDEXEDPOLYGONALFACE((21,30,31,22));
#8070=IFCINDEXEDPOLYGONALFACE((32,13,12,28,27,23,22,31));
#8071=IFCINDEXEDPOLYGONALFACE((29,14,13,32));
#8072=IFCINDEXEDPOLYGONALFACE((1,8,24,9));
#8073=IFCINDEXEDPOLYGONALFACE((26,25,27,28));
#8074=IFCINDEXEDPOLYGONALFACE((4,16,17,5));
#8075=IFCINDEXEDPOLYGONALFACE((30,29,32,31));
#8076=IFCCARTESIANPOINTLIST3D(((2.0303758674344865E-016,-0.24999999999999947,2.4499999999999944),(2.0303758674344865E-016,-0.24999999999999947,0.20000000000000001),(0.045000000000042492,-0.24999999999999961,0.20000000000000001),(0.045000000000042291,-0.24999999999999964,2.4049999999999656),(1.0900000000000416,-0.250000000000003,2.4049999999999656),(1.0900000000000414,-0.250000000000003,0.20000000000000001),(1.1349999999999985,-0.25000000000000311,0.20000000000000001),(1.1349999999999985,-0.25000000000000311,2.4499999999999944),(4.7375436906804679E-016,-0.15999999999999953,2.4499999999999944),(4.7375436906804679E-016,-0.15999999999999953,0.20000000000000001),(0.075000000000042713,-0.15999999999999978,0.20000000000000001),(0.075000000000042713,-0.17999999999999983,0.20000000000000001),(0.060000000000042672,-0.17999999999999972,0.20000000000000001),(0.060000000000042464,-0.22999999999999973,0.20000000000000001),(0.045000000000042492,-0.22999999999999965,0.20000000000000001),(0.045000000000042492,-0.22999999999999965,2.4049999999999656),(1.0900000000000412,-0.23000000000000304,2.4049999999999656),(1.0900000000000412,-0.23000000000000304,0.20000000000000001),(1.0600000000000414,-0.16000000000000295,0.20000000000000001),(1.1349999999999987,-0.1600000000000032,0.20000000000000001),(1.075000000000041,-0.23000000000000301,0.20000000000000001),(1.0750000000000413,-0.18000000000000646,0.20000000000000001),(1.0600000000000414,-0.18000000000000635,0.20000000000000001),(1.1349999999999987,-0.1600000000000032,2.4499999999999944),(1.0600000000000414,-0.16000000000000295,2.3749999999999654),(0.075000000000042713,-0.15999999999999978,2.3749999999999654),(1.0600000000000414,-0.18000000000000635,2.3749999999999654),(0.075000000000042574,-0.17999999999999983,2.3749999999999654),(0.060000000000042464,-0.22999999999999973,2.3899999999999655),(1.075000000000041,-0.23000000000000298,2.389999999999965),(1.0750000000000413,-0.18000000000000529,2.3899999999999655),(0.060000000000042603,-0.17999999999999972,2.3899999999999655)));
#8077=IFCPOLYGONALFACESET(#8076,.T.,(#8058,#8059,#8060,#8061,#8062,#8063,#8064,#8065,#8066,#8067,#8068,#8069,#8070,#8071,#8072,#8073,#8074,#8075),$);
#8078=IFCINDEXEDCOLOURMAP(#8077,1.,#8057,(1,1,1,1,1,1,1,1,1,1,1,1,1,1,1,1,1,1));
#8079=IFCSTYLEDITEM(#8077,(#3836),$);
#8080=IFCCOLOURRGBLIST(((0.31372549019607843,0.31372549019607843,0.31372549019607843)));
#8081=IFCINDEXEDPOLYGONALFACE((1,2,3,4));
#8082=IFCINDEXEDPOLYGONALFACE((5,6,7,8));
#8083=IFCINDEXEDPOLYGONALFACE((2,1,5,8));
#8084=IFCINDEXEDPOLYGONALFACE((3,2,8,7));
#8085=IFCINDEXEDPOLYGONALFACE((4,3,7,6));
#8086=IFCINDEXEDPOLYGONALFACE((1,4,6,5));
#8087=IFCCARTESIANPOINTLIST3D(((1.1349999999999989,-0.22999999999999779,0.20000000000000001),(1.1349999999999989,-0.22999999999999779,4.6360248973087441E-015),(1.1349999999999989,-0.15999999999999942,4.6360248973087441E-015),(1.1349999999999989,-0.15999999999999942,0.20000000000000001),(0.,-0.22999999999999787,0.20000000000000001),(0.,-0.1599999999999995,0.20000000000000001),(0.,-0.1599999999999995,4.6360248973087441E-015),(0.,-0.22999999999999787,4.6360248973087441E-015)));
#8088=IFCPOLYGONALFACESET(#8087,.T.,(#8081,#8082,#8083,#8084,#8085,#8086),$);
#8089=IFCINDEXEDCOLOURMAP(#8088,1.,#8080,(1,1,1,1,1,1));
#8090=IFCSTYLEDITEM(#8088,(#3836),$);
#8091=IFCSHAPEREPRESENTATION(#26,'Body','Tessellation',(#4409,#4475,#7757,#7774,#7791,#7857,#7940,#8023,#8054,#8077,#8088));
#8092=IFCAXIS2PLACEMENT3D(#3,$,$);
#8093=IFCREPRESENTATIONMAP(#8092,#8091);
#8094=IFCDOORLININGPROPERTIES('2k9gW24Zv4awvOIPaltkFU',#18,'TU DF 1 - Haust\X\FCre:ML - 1135 x 2250:2537002',$,$,$,$,$,$,$,$,$,$,$,$,$,$);
#8095=IFCDOORPANELPROPERTIES('2k9gW24Zv4awvOIPeltkFU',#18,'TU DF 1 - Haust\X\FCre:ML - 1135 x 2250:2537002:1',$,$,.SWINGING.,$,.NOTDEFINED.,$);
#8096=IFCDOORTYPE('0LzSbPbnRVZ3GH7U52$vbv',#18,'TU DF 1 - Haust\X\FCre:ML - 1135 x 2250',$,$,(#8094,#8095),(#8093),'2125215',$,.DOOR.,.SINGLE_SWING_RIGHT.,$,$);
#8097=IFCMATERIALCONSTITUENT('Sichtbeschl\X\E4ge',$,#4175,0.0039254357792740373,'Metall');
#8098=IFCSHAPEREPRESENTATION(#26,'Body','Tessellation',(#4409,#4475,#7857,#7940,#8023,#8054));
#8099=IFCSHAPEASPECT((#8098),'Sichtbeschl\X\E4ge',$,.U.,#8093);
#8100=IFCMATERIALCONSTITUENT('Element',$,#4176,0.49607456422072593,'Metall');
#8101=IFCSHAPEREPRESENTATION(#26,'Body','Tessellation',(#7757,#7774));
#8102=IFCSHAPEASPECT((#8101),'Element',$,.U.,#8093);
#8103=IFCMATERIALCONSTITUENT('Element',$,#4175,0.0039254357792740373,'Metall');
#8104=IFCSHAPEREPRESENTATION(#26,'Body','Tessellation',(#7791));
#8105=IFCSHAPEASPECT((#8104),'Element',$,.U.,#8093);
#8106=IFCMATERIALCONSTITUENT('Rahmen/Pfosten',$,#4176,0.49607456422072593,'Metall');
#8107=IFCSHAPEREPRESENTATION(#26,'Body','Tessellation',(#8077,#8088));
#8108=IFCSHAPEASPECT((#8107),'Rahmen/Pfosten',$,.U.,#8093);
#8109=IFCMATERIALCONSTITUENTSET($,$,(#8097,#8100,#8103,#8106));
#8110=IFCMAPPEDITEM(#8093,#4190);
#8111=IFCSHAPEREPRESENTATION(#26,'Body','MappedRepresentation',(#8110));
#8112=IFCPRODUCTDEFINITIONSHAPE($,$,(#8111));
#8113=IFCCARTESIANPOINT((15.987332676350047,6.0874267230776455,-0.20000000000001911));
#8114=IFCAXIS2PLACEMENT3D(#8113,#9,#6);
#8116=IFCDOOR('2k9gW24Zv4awvOIPWltk10',#18,'TU DF 1 - Haust\X\FCre:ML - 1135 x 2250:2537002',$,'TU DF 1 - Haust\X\FCre:ML - 1135 x 2250',#8538,#8112,'2537002',2.4499999999999895,1.1350000000000084,.DOOR.,$,$);
#8117=IFCMATERIALCONSTITUENT('Metall - Edelstahl geb\X\FCrstet',$,#4175,0.0078508715585480799,'Metall');
#8118=IFCMATERIALCONSTITUENT('Lack - grau 80-80-80',$,#4176,0.99214912844145187,'Metall');
#8119=IFCMATERIALCONSTITUENTSET($,$,(#8117,#8118));
#8120=IFCPROPERTYSET('0HVE5ENuNlBfRxhqBCZVA2',#18,'Pset_DoorCommon',$,(#127,#4201));
#8121=IFCPROPERTYSET('2oxIa7wnNUHRB01Za9oTA_',#18,'Pset_EnvironmentalImpactIndicators',$,(#4201));
#8122=IFCRELDEFINESBYPROPERTIES('0vjnT$8CTm6MqggE8pFgfO',#18,$,$,(#8116),#8120);
#8123=IFCRELDEFINESBYPROPERTIES('3o3eUrLMi6FFI6iEaofdS9',#18,$,$,(#8116),#8121);
#8124=IFCQUANTITYLENGTH('Width','',$,1.135,$);
#8125=IFCQUANTITYLENGTH('Height','',$,2.25,$);
#8126=IFCQUANTITYAREA('Area','',$,2.5537499999999995,$);
#8127=IFCELEMENTQUANTITY('1rqLbPOphdHsR8cptckUlp',#18,'Qto_DoorBaseQuantities',$,$,(#8124,#8125,#8126));
#8128=IFCRELDEFINESBYPROPERTIES('2TPh110dQbtiuwTckNm4TH',#18,$,$,(#8116),#8127);
#8129=IFCCOLOURRGBLIST(((0.79607843137254897,0.79607843137254897,0.79607843137254897)));
#8130=IFCINDEXEDPOLYGONALFACE((16,17,18,19,20,21,22,23,24,25,26,27,28,1,2,3,4,5,6,7,8,9,10,11,12,13,14,15));
#8131=IFCINDEXEDPOLYGONALFACE((54,34,53));
#8132=IFCINDEXEDPOLYGONALFACE((53,35,52));
#8133=IFCINDEXEDPOLYGONALFACE((50,51,47,48,49));
#8134=IFCINDEXEDPOLYGONALFACE((36,52,35));
#8135=IFCINDEXEDPOLYGONALFACE((51,52,36));
#8136=IFCINDEXEDPOLYGONALFACE((31,29,82,80,78,30));
#8137=IFCINDEXEDPOLYGONALFACE((12,128,127,13));
#8138=IFCINDEXEDPOLYGONALFACE((32,29,31));
#8139=IFCINDEXEDPOLYGONALFACE((29,32,33));
#8140=IFCINDEXEDPOLYGONALFACE((34,54,33));
#8141=IFCINDEXEDPOLYGONALFACE((33,54,29));
#8142=IFCINDEXEDPOLYGONALFACE((34,35,53));
#8143=IFCINDEXEDPOLYGONALFACE((36,47,51));
#8144=IFCINDEXEDPOLYGONALFACE((47,36,46));
#8145=IFCINDEXEDPOLYGONALFACE((44,45,38));
#8146=IFCINDEXEDPOLYGONALFACE((37,45,46));
#8147=IFCINDEXEDPOLYGONALFACE((43,44,39));
#8148=IFCINDEXEDPOLYGONALFACE((46,36,37));
#8149=IFCINDEXEDPOLYGONALFACE((45,37,38));
#8150=IFCINDEXEDPOLYGONALFACE((43,39,40));
#8151=IFCINDEXEDPOLYGONALFACE((41,42,77,79,81,43));
#8152=IFCINDEXEDPOLYGONALFACE((1,111,138,2));
#8153=IFCINDEXEDPOLYGONALFACE((41,43,40));
#8154=IFCINDEXEDPOLYGONALFACE((39,44,38));
#8155=IFCINDEXEDPOLYGONALFACE((75,77,74));
#8156=IFCINDEXEDPOLYGONALFACE((81,79,76,43));
#8157=IFCINDEXEDPOLYGONALFACE((42,55,77));
#8158=IFCINDEXEDPOLYGONALFACE((26,114,113,27));
#8159=IFCINDEXEDPOLYGONALFACE((67,78,80));
#8160=IFCINDEXEDPOLYGONALFACE((82,29,66,80));
#8161=IFCINDEXEDPOLYGONALFACE((30,78,65));
#8162=IFCINDEXEDPOLYGONALFACE((15,125,124,16));
#8163=IFCINDEXEDPOLYGONALFACE((57,72,73));
#8164=IFCINDEXEDPOLYGONALFACE((57,73,77));
#8165=IFCINDEXEDPOLYGONALFACE((73,74,77));
#8166=IFCINDEXEDPOLYGONALFACE((55,56,77));
#8167=IFCINDEXEDPOLYGONALFACE((57,58,72));
#8168=IFCINDEXEDPOLYGONALFACE((57,77,56));
#8169=IFCINDEXEDPOLYGONALFACE((59,72,58));
#8170=IFCINDEXEDPOLYGONALFACE((22,118,117,23));
#8171=IFCINDEXEDPOLYGONALFACE((59,60,71,72));
#8172=IFCINDEXEDPOLYGONALFACE((21,119,118,22));
#8173=IFCINDEXEDPOLYGONALFACE((69,78,68));
#8174=IFCINDEXEDPOLYGONALFACE((63,69,70));
#8175=IFCINDEXEDPOLYGONALFACE((66,67,80));
#8176=IFCINDEXEDPOLYGONALFACE((68,78,67));
#8177=IFCINDEXEDPOLYGONALFACE((61,70,71,60));
#8178=IFCINDEXEDPOLYGONALFACE((20,120,119,21));
#8179=IFCINDEXEDPOLYGONALFACE((70,61,62));
#8180=IFCINDEXEDPOLYGONALFACE((20,19,121,120));
#8181=IFCINDEXEDPOLYGONALFACE((76,79,75));
#8182=IFCINDEXEDPOLYGONALFACE((78,69,63));
#8183=IFCINDEXEDPOLYGONALFACE((75,79,77));
#8184=IFCINDEXEDPOLYGONALFACE((64,65,78));
#8185=IFCINDEXEDPOLYGONALFACE((63,64,78));
#8186=IFCINDEXEDPOLYGONALFACE((63,70,62));
#8187=IFCINDEXEDPOLYGONALFACE((105,106,83,84,85,86,87,88,89,90,91,92,93,94,95,96,97,98,99,100,101,102,103,104));
#8188=IFCINDEXEDPOLYGONALFACE((84,83,107,109,29));
#8189=IFCINDEXEDPOLYGONALFACE((84,29,85));
#8190=IFCINDEXEDPOLYGONALFACE((51,50,88,87));
#8191=IFCINDEXEDPOLYGONALFACE((86,85,54));
#8192=IFCINDEXEDPOLYGONALFACE((87,86,52,51));
#8193=IFCINDEXEDPOLYGONALFACE((54,53,86));
#8194=IFCINDEXEDPOLYGONALFACE((85,29,54));
#8195=IFCINDEXEDPOLYGONALFACE((86,53,52));
#8196=IFCINDEXEDPOLYGONALFACE((50,49,89,88));
#8197=IFCINDEXEDPOLYGONALFACE((46,92,91,47));
#8198=IFCINDEXEDPOLYGONALFACE((47,91,90,48));
#8199=IFCINDEXEDPOLYGONALFACE((94,43,110,108,95));
#8200=IFCINDEXEDPOLYGONALFACE((43,94,93));
#8201=IFCINDEXEDPOLYGONALFACE((44,93,92));
#8202=IFCINDEXEDPOLYGONALFACE((89,49,48,90));
#8203=IFCINDEXEDPOLYGONALFACE((46,45,92));
#8204=IFCINDEXEDPOLYGONALFACE((45,44,92));
#8205=IFCINDEXEDPOLYGONALFACE((44,43,93));
#8206=IFCINDEXEDPOLYGONALFACE((98,97,108));
#8207=IFCINDEXEDPOLYGONALFACE((96,108,97));
#8208=IFCINDEXEDPOLYGONALFACE((108,72,100));
#8209=IFCINDEXEDPOLYGONALFACE((100,99,108));
#8210=IFCINDEXEDPOLYGONALFACE((99,98,108));
#8211=IFCINDEXEDPOLYGONALFACE((95,108,96));
#8212=IFCINDEXEDPOLYGONALFACE((110,43,76));
#8213=IFCINDEXEDPOLYGONALFACE((110,76,75));
#8214=IFCINDEXEDPOLYGONALFACE((101,100,72,71));
#8215=IFCINDEXEDPOLYGONALFACE((72,108,73));
#8216=IFCINDEXEDPOLYGONALFACE((74,73,108));
#8217=IFCINDEXEDPOLYGONALFACE((75,74,110));
#8218=IFCINDEXEDPOLYGONALFACE((66,109,67));
#8219=IFCINDEXEDPOLYGONALFACE((110,74,108));
#8220=IFCINDEXEDPOLYGONALFACE((103,107,104));
#8221=IFCINDEXEDPOLYGONALFACE((102,107,103));
#8222=IFCINDEXEDPOLYGONALFACE((106,107,83));
#8223=IFCINDEXEDPOLYGONALFACE((109,66,29));
#8224=IFCINDEXEDPOLYGONALFACE((105,107,106));
#8225=IFCINDEXEDPOLYGONALFACE((104,107,105));
#8226=IFCINDEXEDPOLYGONALFACE((102,101,71,70));
#8227=IFCINDEXEDPOLYGONALFACE((70,107,102));
#8228=IFCINDEXEDPOLYGONALFACE((69,68,107));
#8229=IFCINDEXEDPOLYGONALFACE((68,109,107));
#8230=IFCINDEXEDPOLYGONALFACE((107,70,69));
#8231=IFCINDEXEDPOLYGONALFACE((68,67,109));
#8232=IFCINDEXEDPOLYGONALFACEWITHVOIDS((116,117,118,119,120,121,122,123,124,125,126,127,128,129,130,131,132,133,134,135,136,137,138,111,112,113,114,115),((60,59,58,57,56,55,42,41,40,39,38,37,36,35,34,33,32,31,30,65,64,63,62,61)));
#8233=IFCINDEXEDPOLYGONALFACE((2,138,137,3));
#8234=IFCINDEXEDPOLYGONALFACE((5,4,136,135));
#8235=IFCINDEXEDPOLYGONALFACE((136,4,3,137));
#8236=IFCINDEXEDPOLYGONALFACE((6,5,135,134));
#8237=IFCINDEXEDPOLYGONALFACE((6,134,133,7));
#8238=IFCINDEXEDPOLYGONALFACE((7,133,132,8));
#8239=IFCINDEXEDPOLYGONALFACE((8,132,131,9));
#8240=IFCINDEXEDPOLYGONALFACE((11,10,130,129));
#8241=IFCINDEXEDPOLYGONALFACE((130,10,9,131));
#8242=IFCINDEXEDPOLYGONALFACE((12,11,129,128));
#8243=IFCINDEXEDPOLYGONALFACE((14,13,127,126,125,15));
#8244=IFCINDEXEDPOLYGONALFACE((16,124,123,17));
#8245=IFCINDEXEDPOLYGONALFACE((19,18,122,121));
#8246=IFCINDEXEDPOLYGONALFACE((122,18,17,123));
#8247=IFCINDEXEDPOLYGONALFACE((25,24,116,115));
#8248=IFCINDEXEDPOLYGONALFACE((116,24,23,117));
#8249=IFCINDEXEDPOLYGONALFACE((26,25,115,114));
#8250=IFCINDEXEDPOLYGONALFACE((28,27,113,112,111,1));
#8251=IFCCARTESIANPOINTLIST3D(((1.0025000000000115,-0.24999999999999822,0.72249999999999248),(1.0029259271713982,-0.24999999999999822,0.72573523806377382),(1.004174682452706,-0.24999999999999822,0.72874999999999246),(1.0061611652351796,-0.2499999999999982,0.73133883476482442),(1.0087500000000116,-0.2499999999999982,0.73332531754729779),(1.01176476193623,-0.2499999999999982,0.73457407282860576),(1.0150000000000114,-0.2499999999999982,0.73499999999999233),(1.0182352380637929,-0.2499999999999982,0.73457407282860576),(1.0212500000000115,-0.2499999999999982,0.73332531754729779),(1.0238388347648433,-0.2499999999999982,0.73133883476482442),(1.0258253175473171,-0.24999999999999822,0.72874999999999246),(1.0270740728286247,-0.24999999999999822,0.72573523806377382),(1.0275000000000114,-0.24999999999999822,0.72249999999999248),(1.0275000000000114,-0.24999999999999831,0.70499999999999241),(1.0275000000000114,-0.24999999999999836,0.68749999999999234),(1.0270740728286247,-0.24999999999999836,0.684264761936211),(1.0258253175473169,-0.24999999999999836,0.68124999999999236),(1.0238388347648433,-0.24999999999999839,0.6786611652351604),(1.0212500000000113,-0.24999999999999839,0.67667468245268703),(1.0182352380637929,-0.24999999999999839,0.67542592717137917),(1.0150000000000112,-0.24999999999999839,0.67499999999999249),(1.0117647619362298,-0.24999999999999839,0.67542592717137917),(1.0087500000000114,-0.24999999999999839,0.67667468245268703),(1.0061611652351796,-0.24999999999999839,0.6786611652351604),(1.004174682452706,-0.24999999999999836,0.68124999999999236),(1.0029259271713982,-0.24999999999999836,0.68426476193621077),(1.0025000000000115,-0.24999999999999836,0.68749999999999234),(1.0025000000000115,-0.24999999999999831,0.70499999999999241),(1.0250000000000115,-0.27999999999999825,0.70499999999999241),(1.0250000000000115,-0.25599999999999828,0.70499999999999241),(1.0246592582629022,-0.25599999999999828,0.70758819045101762),(1.0236602540378559,-0.25599999999999828,0.70999999999999241),(1.022071067811877,-0.25599999999999828,0.71207106781185781),(1.0200000000000116,-0.25599999999999823,0.71366025403783662),(1.0175881904510367,-0.25599999999999823,0.71465925826288301),(1.0150000000000114,-0.25599999999999823,0.71499999999999231),(1.0124118095489865,-0.25599999999999823,0.71465925826288323),(1.0100000000000116,-0.25599999999999823,0.71366025403783695),(1.0079289321881462,-0.25599999999999828,0.71207106781185814),(1.006339745962167,-0.25599999999999828,0.70999999999999264),(1.0053407417371207,-0.25599999999999828,0.70758819045101784),(1.0050000000000114,-0.25599999999999828,0.70499999999999241),(1.0050000000000114,-0.27999999999999842,0.70499999999999274),(1.0053407417371207,-0.28258819045102362,0.70758819045101784),(1.006339745962167,-0.28499999999999837,0.70999999999999264),(1.0079289321881462,-0.28707106781186381,0.71207106781185814),(1.0100000000000116,-0.28866025403784273,0.71366025403783695),(1.0124118095489865,-0.28965925826288896,0.71465925826288323),(1.0150000000000114,-0.28999999999999826,0.71499999999999253),(1.0175881904510369,-0.28965925826288891,0.71465925826288323),(1.0200000000000116,-0.28866025403784257,0.71366025403783695),(1.022071067811877,-0.2870710678118637,0.71207106781185781),(1.0236602540378559,-0.2849999999999982,0.70999999999999241),(1.0246592582629022,-0.2825881904510234,0.70758819045101762),(1.0053407417371207,-0.25599999999999834,0.70241180954896731),(1.006339745962167,-0.25599999999999834,0.69999999999999252),(1.0079289321881459,-0.25599999999999834,0.69792893218812702),(1.0100000000000116,-0.25599999999999834,0.69633974596214787),(1.0124118095489862,-0.25599999999999834,0.69534074173710181),(1.0150000000000114,-0.25599999999999834,0.69499999999999251),(1.0175881904510367,-0.25599999999999834,0.69534074173710181),(1.0200000000000116,-0.25599999999999834,0.6963397459621482),(1.022071067811877,-0.25599999999999834,0.69792893218812702),(1.0236602540378559,-0.25599999999999834,0.69999999999999252),(1.0246592582629022,-0.25599999999999834,0.70241180954896731),(1.0246592582629022,-0.27741180954897304,0.70241180954896731),(1.0236602540378559,-0.2749999999999983,0.69999999999999252),(1.022071067811877,-0.2729289321881328,0.69792893218812702),(1.0200000000000113,-0.27133974596215393,0.6963397459621482),(1.0175881904510367,-0.27034074173710765,0.69534074173710181),(1.0150000000000112,-0.2699999999999983,0.69499999999999251),(1.012411809548986,-0.27034074173710765,0.69534074173710181),(1.0100000000000113,-0.27133974596215399,0.6963397459621482),(1.0079289321881459,-0.27292893218813286,0.69792893218812702),(1.006339745962167,-0.27499999999999836,0.69999999999999252),(1.0053407417371207,-0.2774118095489731,0.70241180954896731),(1.0050000000000114,-0.26828435036563536,0.70499999999999241),(1.0250000000000115,-0.26828434993340011,0.70499999999999241),(1.0050000000000114,-0.27414217518281686,0.70499999999999241),(1.0250000000000115,-0.27414217496669918,0.70499999999999241),(1.0050000000000114,-0.27707108759140758,0.70499999999999241),(1.0250000000000115,-0.2770710875837688,0.70499999999999241),(1.025000000000011,-0.27999999999999864,0.58499999999999264),(1.0246592582629017,-0.28258819045102379,0.58499999999999264),(1.0236602540378554,-0.28499999999999859,0.58499999999999264),(1.0220710678118765,-0.28707106781186409,0.58499999999999264),(1.0200000000000111,-0.28866025403784301,0.58499999999999264),(1.0175881904510362,-0.28965925826288935,0.58499999999999264),(1.0150000000000112,-0.2899999999999987,0.58499999999999264),(1.0124118095489858,-0.28965925826288941,0.58499999999999264),(1.0100000000000111,-0.28866025403784312,0.58499999999999264),(1.0079289321881457,-0.2870710678118642,0.58499999999999264),(1.0063397459621668,-0.28499999999999881,0.58499999999999264),(1.0053407417371205,-0.28258819045102401,0.58499999999999264),(1.005000000000011,-0.27999999999999869,0.58499999999999264),(1.0053407417371203,-0.27741180954897343,0.58499999999999264),(1.0063397459621666,-0.27499999999999869,0.58499999999999264),(1.0079289321881457,-0.27292893218813319,0.58499999999999264),(1.0100000000000111,-0.27133974596215432,0.58499999999999264),(1.0124118095489858,-0.27034074173710798,0.58499999999999264),(1.015000000000011,-0.26999999999999869,0.58499999999999264),(1.0175881904510362,-0.27034074173710798,0.58499999999999264),(1.0200000000000109,-0.27133974596215432,0.58499999999999264),(1.0220710678118765,-0.27292893218813319,0.58499999999999264),(1.0236602540378554,-0.27499999999999869,0.58499999999999264),(1.0246592582629017,-0.27741180954897343,0.58499999999999264),(1.0250000000000112,-0.27999999999999847,0.6497913024086116),(1.0050000000000112,-0.27999999999999847,0.64979130272807095),(1.0250000000000115,-0.27999999999999836,0.6773956507457195),(1.0050000000000114,-0.27999999999999836,0.67739565136403168),(1.0025000000000115,-0.25599999999999823,0.72249999999999281),(1.0025000000000115,-0.25599999999999828,0.70499999999999274),(1.0025000000000115,-0.25599999999999834,0.68749999999999256),(1.0029259271713982,-0.25599999999999834,0.68426476193621133),(1.004174682452706,-0.2559999999999984,0.68124999999999269),(1.0061611652351796,-0.2559999999999984,0.67866116523516096),(1.0087500000000114,-0.2559999999999984,0.67667468245268725),(1.0117647619362298,-0.2559999999999984,0.67542592717137939),(1.0150000000000112,-0.2559999999999984,0.67499999999999272),(1.0182352380637929,-0.2559999999999984,0.67542592717137939),(1.0212500000000113,-0.2559999999999984,0.67667468245268725),(1.0238388347648433,-0.2559999999999984,0.67866116523516096),(1.0258253175473169,-0.2559999999999984,0.68124999999999269),(1.0270740728286247,-0.25599999999999834,0.68426476193621133),(1.0275000000000114,-0.25599999999999834,0.68749999999999256),(1.0275000000000114,-0.25599999999999828,0.70499999999999274),(1.0275000000000114,-0.25599999999999823,0.72249999999999281),(1.0270740728286247,-0.25599999999999823,0.72573523806377438),(1.0258253175473171,-0.25599999999999823,0.72874999999999268),(1.0238388347648433,-0.25599999999999823,0.73133883476482464),(1.0212500000000115,-0.25599999999999817,0.73332531754729835),(1.0182352380637929,-0.25599999999999817,0.73457407282860598),(1.0150000000000114,-0.25599999999999817,0.73499999999999266),(1.01176476193623,-0.25599999999999817,0.73457407282860598),(1.0087500000000116,-0.25599999999999817,0.73332531754729835),(1.0061611652351796,-0.25599999999999823,0.73133883476482464),(1.004174682452706,-0.25599999999999823,0.72874999999999268),(1.0029259271713982,-0.25599999999999823,0.72573523806377438)));
#8252=IFCPOLYGONALFACESET(#8251,.T.,(#8130,#8131,#8132,#8133,#8134,#8135,#8136,#8137,#8138,#8139,#8140,#8141,#8142,#8143,#8144,#8145,#8146,#8147,#8148,#8149,#8150,#8151,#8152,#8153,#8154,#8155,#8156,#8157,#8158,#8159,#8160,#8161,#8162,#8163,#8164,#8165,#8166,#8167,#8168,#8169,#8170,#8171,#8172,#8173,#8174,#8175,#8176,#8177,#8178,#8179,#8180,#8181,#8182,#8183,#8184,#8185,#8186,#8187,#8188,#8189,#8190,#8191,#8192,#8193,#8194,#8195,#8196,#8197,#8198,#8199,#8200,#8201,#8202,#8203,#8204,#8205,#8206,#8207,#8208,#8209,#8210,#8211,#8212,#8213,#8214,#8215,#8216,#8217,#8218,#8219,#8220,#8221,#8222,#8223,#8224,#8225,#8226,#8227,#8228,#8229,#8230,#8231,#8232,#8233,#8234,#8235,#8236,#8237,#8238,#8239,#8240,#8241,#8242,#8243,#8244,#8245,#8246,#8247,#8248,#8249,#8250),$);
#8253=IFCINDEXEDCOLOURMAP(#8252,1.,#8129,(1,1,1,1,1,1,1,1,1,1,1,1,1,1,1,1,1,1,1,1,1,1,1,1,1,1,1,1,1,1,1,1,1,1,1,1,1,1,1,1,1,1,1,1,1,1,1,1,1,1,1,1,1,1,1,1,1,1,1,1,1,1,1,1,1,1,1,1,1,1,1,1,1,1,1,1,1,1,1,1,1,1,1,1,1,1,1,1,1,1,1,1,1,1,1,1,1,1,1,1,1,1,1,1,1,1,1,1,1,1,1,1,1,1,1,1,1,1,1,1,1));
#8254=IFCSTYLEDITEM(#8252,(#485),$);
#8255=IFCCOLOURRGBLIST(((0.50196078431372548,0.50196078431372548,0.50196078431372548)));
#8256=IFCINDEXEDPOLYGONALFACE((1,2,3,4));
#8257=IFCINDEXEDPOLYGONALFACEWITHVOIDS((7,8,9,10),((4,3,5,6)));
#8258=IFCINDEXEDPOLYGONALFACE((2,11,5,3));
#8259=IFCINDEXEDPOLYGONALFACEWITHVOIDS((13,14,15,16),((2,1,12,11)));
#8260=IFCINDEXEDPOLYGONALFACE((17,18,14,13));
#8261=IFCINDEXEDPOLYGONALFACE((18,19,15,14));
#8262=IFCINDEXEDPOLYGONALFACEWITHVOIDS((18,17,20,19),((21,22,23,24)));
#8263=IFCINDEXEDPOLYGONALFACE((25,26,22,21));
#8264=IFCINDEXEDPOLYGONALFACE((26,27,23,22));
#8265=IFCINDEXEDPOLYGONALFACEWITHVOIDS((26,25,28,27),((29,30,31,32)));
#8266=IFCINDEXEDPOLYGONALFACE((33,34,30,29));
#8267=IFCINDEXEDPOLYGONALFACE((34,35,31,30));
#8268=IFCINDEXEDPOLYGONALFACEWITHVOIDS((34,33,36,35),((37,38,39,40)));
#8269=IFCINDEXEDPOLYGONALFACE((8,7,38,37));
#8270=IFCINDEXEDPOLYGONALFACE((7,10,39,38));
#8271=IFCINDEXEDPOLYGONALFACE((11,12,6,5));
#8272=IFCINDEXEDPOLYGONALFACE((19,20,16,15));
#8273=IFCINDEXEDPOLYGONALFACE((27,28,24,23));
#8274=IFCINDEXEDPOLYGONALFACE((35,36,32,31));
#8275=IFCINDEXEDPOLYGONALFACE((10,9,40,39));
#8276=IFCINDEXEDPOLYGONALFACE((12,1,4,6));
#8277=IFCINDEXEDPOLYGONALFACE((20,17,13,16));
#8278=IFCINDEXEDPOLYGONALFACE((28,25,21,24));
#8279=IFCINDEXEDPOLYGONALFACE((36,33,29,32));
#8280=IFCINDEXEDPOLYGONALFACE((9,8,37,40));
#8281=IFCCARTESIANPOINTLIST3D(((0.12000000000000473,-0.249999999999998,1.2799999999999934),(0.12000000000000101,-0.25000000000000044,0.12999999999999426),(0.12000000000000141,-0.15999999999999798,0.1299999999999944),(0.12000000000000507,-0.15999999999999798,1.2799999999999929),(0.98000000000000065,-0.15999999999999798,0.12999999999999198),(0.98000000000000431,-0.15999999999999798,1.2799999999999903),(0.09000000000000126,-0.16000000000000048,0.099999999999994732),(0.090000000000005256,-0.15999999999999787,1.3099999999999932),(1.0100000000000044,-0.15999999999999787,1.3099999999999905),(1.0100000000000005,-0.16000000000000048,0.099999999999991748),(0.98000000000000098,-0.25000000000000044,0.12999999999999157),(0.98000000000000465,-0.249999999999998,1.2799999999999909),(0.050000000000005013,-0.24999999999999775,1.3499999999999936),(0.050000000000000884,-0.24999999999999775,0.059999999999994481),(1.0500000000000007,-0.24999999999999775,0.059999999999991234),(1.0500000000000049,-0.24999999999999775,1.3499999999999903),(0.050000000000005013,-0.23499999999999804,1.3499999999999936),(0.050000000000000884,-0.23500000000000082,0.059999999999994481),(1.0500000000000007,-0.23500000000000082,0.059999999999991234),(1.0500000000000049,-0.23499999999999804,1.3499999999999903),(0.065000000000004846,-0.23499999999999807,1.3349999999999937),(0.065000000000000932,-0.23499999999999807,0.074999999999994321),(1.0350000000000008,-0.23499999999999807,0.074999999999991476),(1.0350000000000048,-0.23499999999999807,1.3349999999999904),(0.065000000000005054,-0.20499999999999749,1.3349999999999935),(0.065000000000000988,-0.20500000000000021,0.074999999999994321),(1.0350000000000006,-0.20500000000000021,0.074999999999991476),(1.0350000000000048,-0.20499999999999749,1.3349999999999902),(0.075000000000005215,-0.20499999999999752,1.3249999999999931),(0.075000000000001357,-0.20499999999999752,0.084999999999994885),(1.0250000000000006,-0.20499999999999752,0.084999999999991915),(1.0250000000000044,-0.20499999999999752,1.3249999999999897),(0.075000000000005215,-0.17499999999999807,1.3249999999999931),(0.075000000000001357,-0.17500000000000077,0.08499999999999476),(1.0250000000000004,-0.17500000000000077,0.084999999999991638),(1.0250000000000044,-0.17499999999999807,1.3249999999999897),(0.090000000000005118,-0.17499999999999816,1.3099999999999932),(0.09000000000000126,-0.17499999999999816,0.099999999999994593),(1.0100000000000007,-0.17499999999999816,0.099999999999991748),(1.0100000000000044,-0.17499999999999816,1.3099999999999905)));
#8282=IFCPOLYGONALFACESET(#8281,.T.,(#8256,#8257,#8258,#8259,#8260,#8261,#8262,#8263,#8264,#8265,#8266,#8267,#8268,#8269,#8270,#8271,#8272,#8273,#8274,#8275,#8276,#8277,#8278,#8279,#8280),$);
#8283=IFCINDEXEDCOLOURMAP(#8282,1.,#8255,(1,1,1,1,1,1,1,1,1,1,1,1,1,1,1,1,1,1,1,1,1,1,1,1,1));
#8284=IFCCOLOURRGB($,0.50196078431372548,0.50196078431372548,0.50196078431372548);
#8285=IFCSURFACESTYLERENDERING(#8284,0.,$,$,$,$,IFCNORMALISEDRATIOMEASURE(0.5),IFCSPECULAREXPONENT(64.),.NOTDEFINED.);
#8286=IFCSURFACESTYLE('Kunststoff - grau 70-70-70',.BOTH.,(#8285));
#8287=IFCSTYLEDITEM(#8282,(#8286),$);
#8288=IFCCOLOURRGBLIST(((0.96078431372549022,0.96078431372549022,0.95294117647058818)));
#8289=IFCINDEXEDPOLYGONALFACE((1,2,3,4));
#8290=IFCINDEXEDPOLYGONALFACE((5,1,4,6));
#8291=IFCINDEXEDPOLYGONALFACE((6,4,3,7));
#8292=IFCINDEXEDPOLYGONALFACE((7,3,2,8));
#8293=IFCINDEXEDPOLYGONALFACE((8,2,1,5));
#8294=IFCINDEXEDPOLYGONALFACE((5,6,7,8));
#8295=IFCCARTESIANPOINTLIST3D(((0.119999999999996,-0.17499999999999619,0.13000000000002945),(0.98000000000000898,-0.17499999999999619,0.13000000000002676),(0.98000000000000898,-0.21899999999999523,0.13000000000002676),(0.119999999999996,-0.21899999999999523,0.13000000000002945),(0.11999999999999959,-0.17499999999999619,1.2800000000000038),(0.11999999999999959,-0.21899999999999523,1.2800000000000038),(0.98000000000001253,-0.21899999999999523,1.2800000000000011),(0.98000000000001253,-0.17499999999999619,1.2800000000000011)));
#8296=IFCPOLYGONALFACESET(#8295,.T.,(#8289,#8290,#8291,#8292,#8293,#8294),$);
#8297=IFCINDEXEDCOLOURMAP(#8296,0.,#8288,(1,1,1,1,1,1));
#8298=IFCCOLOURRGB($,0.96078431372549022,0.96078431372549022,0.95294117647058818);
#8299=IFCSURFACESTYLERENDERING(#8298,1.,$,$,$,$,IFCNORMALISEDRATIOMEASURE(0.5),IFCSPECULAREXPONENT(64.),.NOTDEFINED.);
#8300=IFCSURFACESTYLE('Glas - Isolierverglasung klar',.BOTH.,(#8299));
#8301=IFCSTYLEDITEM(#8296,(#8300),$);
#8302=IFCCOLOURRGBLIST(((0.50196078431372548,0.50196078431372548,0.50196078431372548)));
#8303=IFCINDEXEDPOLYGONALFACE((1,2,3,4,5,6));
#8304=IFCINDEXEDPOLYGONALFACE((7,1,6,8));
#8305=IFCINDEXEDPOLYGONALFACE((9,7,8,10));
#8306=IFCINDEXEDPOLYGONALFACE((11,9,10,12));
#8307=IFCINDEXEDPOLYGONALFACE((13,11,12,14));
#8308=IFCINDEXEDPOLYGONALFACE((15,13,14,16));
#8309=IFCINDEXEDPOLYGONALFACE((17,15,16,18,19,20));
#8310=IFCINDEXEDPOLYGONALFACE((21,20,19,22));
#8311=IFCINDEXEDPOLYGONALFACE((23,21,22,24));
#8312=IFCINDEXEDPOLYGONALFACE((3,23,24,4));
#8313=IFCINDEXEDPOLYGONALFACE((17,2,1,7,9,11,13,15));
#8314=IFCINDEXEDPOLYGONALFACE((18,5,4,24,22,19));
#8315=IFCINDEXEDPOLYGONALFACE((2,17,20,21,23,3));
#8316=IFCINDEXEDPOLYGONALFACE((5,18,16,14,12,10,8,6));
#8317=IFCCARTESIANPOINTLIST3D(((0.030000000000001303,0.022000000000001022,0.010625243427690247),(0.030000000000001369,2.1657342585967855E-015,0.012000243427689935),(0.029999999999998864,-0.15799999999999967,0.02187524342768972),(1.0699999999999998,-0.15799999999999967,0.02187524342768972),(1.0699999999999994,2.1657342585967855E-015,0.012000243427689935),(1.0699999999999994,0.022000000000001022,0.010625243427690247),(0.030000000000001303,0.022000000000001022,-0.02937475657231),(1.0699999999999994,0.022000000000001022,-0.02937475657231),(0.030000000000001303,0.010000000000000875,-0.02937475657231),(1.0699999999999994,0.010000000000000875,-0.02937475657231),(0.030000000000001303,0.010000000000000875,-0.027374756572310047),(1.0699999999999994,0.010000000000000875,-0.027374756572310047),(0.030000000000001303,0.020000000000001038,-0.027374756572310047),(1.0699999999999994,0.020000000000001038,-0.027374756572310047),(0.030000000000001303,0.020000000000001038,0.008750000000000176),(1.0699999999999994,0.020000000000001038,0.008750000000000176),(0.030000000000001369,2.1657342585967855E-015,0.010000000000000028),(1.0699999999999994,2.1657342585967855E-015,0.010000000000000028),(1.0699999999999998,-0.1599999999999992,0.020000000000000191),(0.029999999999998934,-0.1599999999999992,0.020000000000000191),(0.029999999999998934,-0.15999999999999917,0.040000000000000514),(1.0699999999999998,-0.15999999999999917,0.040000000000000514),(0.029999999999998934,-0.15799999999999967,0.040000000000000514),(1.0699999999999998,-0.15799999999999967,0.040000000000000514)));
#8318=IFCPOLYGONALFACESET(#8317,.T.,(#8303,#8304,#8305,#8306,#8307,#8308,#8309,#8310,#8311,#8312,#8313,#8314,#8315,#8316),$);
#8319=IFCINDEXEDCOLOURMAP(#8318,1.,#8302,(1,1,1,1,1,1,1,1,1,1,1,1,1,1));
#8320=IFCSTYLEDITEM(#8318,(#8286),$);
#8321=IFCCOLOURRGBLIST(((0.50196078431372548,0.50196078431372548,0.50196078431372548)));
#8322=IFCINDEXEDPOLYGONALFACE((1,2,3,4));
#8323=IFCINDEXEDPOLYGONALFACE((5,6,2,1));
#8324=IFCINDEXEDPOLYGONALFACEWITHVOIDS((6,11,3,2),((7,8,9,10)));
#8325=IFCINDEXEDPOLYGONALFACE((11,12,4,3));
#8326=IFCINDEXEDPOLYGONALFACEWITHVOIDS((12,5,1,4),((13,14,15,16)));
#8327=IFCINDEXEDPOLYGONALFACE((13,17,18,14));
#8328=IFCINDEXEDPOLYGONALFACE((19,16,15,20));
#8329=IFCINDEXEDPOLYGONALFACE((17,13,16,19));
#8330=IFCINDEXEDPOLYGONALFACE((21,22,8,7));
#8331=IFCINDEXEDPOLYGONALFACE((8,22,23,9));
#8332=IFCINDEXEDPOLYGONALFACE((9,23,24,10));
#8333=IFCINDEXEDPOLYGONALFACEWITHVOIDS((22,21,24,23),((25,26,27,28)));
#8334=IFCINDEXEDPOLYGONALFACEWITHVOIDS((29,30,31,32),((33,34,35,36)));
#8335=IFCINDEXEDPOLYGONALFACE((30,29,26,25));
#8336=IFCINDEXEDPOLYGONALFACE((26,29,32,27));
#8337=IFCINDEXEDPOLYGONALFACEWITHVOIDS((37,38,39,40),((18,17,19,20)));
#8338=IFCINDEXEDPOLYGONALFACE((38,37,34,33));
#8339=IFCINDEXEDPOLYGONALFACE((34,37,40,35));
#8340=IFCINDEXEDPOLYGONALFACE((27,32,31,28));
#8341=IFCINDEXEDPOLYGONALFACE((35,40,39,36));
#8342=IFCINDEXEDPOLYGONALFACE((5,12,11,6));
#8343=IFCINDEXEDPOLYGONALFACE((21,7,10,24));
#8344=IFCINDEXEDPOLYGONALFACE((30,25,28,31));
#8345=IFCINDEXEDPOLYGONALFACE((38,33,36,39));
#8346=IFCINDEXEDPOLYGONALFACE((14,18,20,15));
#8347=IFCCARTESIANPOINTLIST3D(((1.0999999999999992,-0.15999999999999881,0.),(1.099999999999999,-0.24999999999999867,0.),(3.3839597790574772E-016,-0.24999999999999867,0.),(5.4143356464919637E-016,-0.15999999999999881,0.),(1.0999999999999992,-0.15999999999999881,1.3999999999999884),(1.099999999999999,-0.24999999999999867,1.3999999999999884),(1.0549999999999997,-0.24999999999999972,1.355),(1.0549999999999997,-0.24999999999999972,0.055000000000003602),(0.045000000000000123,-0.2499999999999992,0.055000000000003602),(0.045000000000000123,-0.2499999999999992,1.355),(3.3839597790574772E-016,-0.24999999999999867,1.3999999999999884),(5.4143356464919637E-016,-0.15999999999999881,1.3999999999999884),(1.0149999999999997,-0.15999999999999984,0.09500000000000372),(1.0149999999999997,-0.15999999999999984,1.3150000000000002),(0.085000000000000436,-0.15999999999999934,1.3150000000000002),(0.085000000000000506,-0.15999999999999934,0.09500000000000372),(1.0149999999999997,-0.17500000000000204,0.09500000000000372),(1.0149999999999997,-0.17500000000000204,1.3150000000000002),(0.085000000000000506,-0.17500000000000054,0.09500000000000372),(0.085000000000000436,-0.17500000000000054,1.3150000000000002),(1.0549999999999997,-0.23500000000000215,1.355),(1.0549999999999997,-0.23500000000000215,0.055000000000003602),(0.045000000000000123,-0.23500000000000051,0.055000000000003331),(0.045000000000000123,-0.23500000000000051,1.355),(1.0399999999999998,-0.2350000000000021,1.3400000000000003),(1.0399999999999998,-0.2350000000000021,0.070000000000003448),(0.059999999999999963,-0.23500000000000054,0.070000000000003448),(0.059999999999999894,-0.23500000000000054,1.3400000000000003),(1.0399999999999998,-0.20500000000000151,0.070000000000003448),(1.0399999999999998,-0.20500000000000151,1.3400000000000003),(0.060000000000000164,-0.20499999999999996,1.3400000000000003),(0.060000000000000234,-0.20499999999999996,0.070000000000003448),(1.0299999999999996,-0.20500000000000149,1.3299999999999994),(1.0299999999999994,-0.20500000000000149,0.080000000000004012),(0.070000000000000673,-0.20499999999999996,0.080000000000003874),(0.070000000000000465,-0.20499999999999996,1.3299999999999994),(1.0299999999999996,-0.17500000000000204,0.080000000000004012),(1.0299999999999996,-0.17500000000000204,1.3299999999999994),(0.070000000000000603,-0.17500000000000054,1.3299999999999994),(0.070000000000000673,-0.17500000000000054,0.080000000000003874)));
#8348=IFCPOLYGONALFACESET(#8347,.T.,(#8322,#8323,#8324,#8325,#8326,#8327,#8328,#8329,#8330,#8331,#8332,#8333,#8334,#8335,#8336,#8337,#8338,#8339,#8340,#8341,#8342,#8343,#8344,#8345,#8346),$);
#8349=IFCINDEXEDCOLOURMAP(#8348,1.,#8321,(1,1,1,1,1,1,1,1,1,1,1,1,1,1,1,1,1,1,1,1,1,1,1,1,1));
#8350=IFCSTYLEDITEM(#8348,(#8286),$);
#8351=IFCCOLOURRGBLIST(((0.5490196078431373,0.39215686274509803,0.27450980392156865)));
#8352=IFCINDEXEDPOLYGONALFACE((1,2,3,4));
#8353=IFCINDEXEDPOLYGONALFACE((5,6,7,8));
#8354=IFCINDEXEDPOLYGONALFACE((2,1,5,8,9,10));
#8355=IFCINDEXEDPOLYGONALFACE((3,2,10,11));
#8356=IFCINDEXEDPOLYGONALFACE((4,3,11,12,7,6));
#8357=IFCINDEXEDPOLYGONALFACE((1,4,6,5));
#8358=IFCINDEXEDPOLYGONALFACE((9,12,11,10));
#8359=IFCINDEXEDPOLYGONALFACE((12,9,8,7));
#8360=IFCCARTESIANPOINTLIST3D(((3.3839597790574772E-016,-0.24999999999999867,0.024999999999999866),(0.,-0.46000000000096397,0.024999999999999866),(1.0999999999999979,-0.46000000000096397,0.024999999999999866),(1.0999999999999992,-0.24999999999999867,0.024999999999999866),(3.3839597790574772E-016,-0.24999999999999867,0.),(1.0999999999999992,-0.24999999999999867,0.),(1.0999999999999981,-0.45000000000096402,0.),(0.,-0.45000000000096402,0.),(0.,-0.45000000000096402,0.0070000000000000331),(0.,-0.46000000000096397,0.0070000000000000331),(1.0999999999999979,-0.46000000000096397,0.0070000000000000331),(1.0999999999999979,-0.45000000000096402,0.0070000000000000331)));
#8361=IFCPOLYGONALFACESET(#8360,.T.,(#8352,#8353,#8354,#8355,#8356,#8357,#8358,#8359),$);
#8362=IFCINDEXEDCOLOURMAP(#8361,1.,#8351,(1,1,1,1,1,1,1,1));
#8363=IFCCOLOURRGB($,0.5490196078431373,0.39215686274509803,0.27450980392156865);
#8364=IFCSURFACESTYLERENDERING(#8363,0.,$,$,$,$,IFCNORMALISEDRATIOMEASURE(0.5),IFCSPECULAREXPONENT(64.),.NOTDEFINED.);
#8365=IFCSURFACESTYLE('Holz - generisch 140-100-70',.BOTH.,(#8364));
#8366=IFCSTYLEDITEM(#8361,(#8365),$);
#8367=IFCSHAPEREPRESENTATION(#26,'Body','Tessellation',(#8252,#8282,#8296,#8318,#8348,#8361));
#8368=IFCAXIS2PLACEMENT3D(#3,$,$);
#8369=IFCREPRESENTATIONMAP(#8368,#8367);
#8370=IFCWINDOWLININGPROPERTIES('2k9gW24Zv4awvOIPaltkAt',#18,'FE 1 tlg - DrehKipp:1100 x 1400:2537283',$,$,$,$,$,$,$,$,$,$,$,$,$);
#8371=IFCWINDOWTYPE('3LjSCGB5MCM7dcBGZ8pAXl',#18,'FE 1 tlg - DrehKipp:1100 x 1400',$,$,(#8370),(#8369),'2155419',$,.WINDOW.,.NOTDEFINED.,$,$);
#8372=IFCMATERIAL('Kunststoff - grau 70-70-70',$,'Kunststoff');
#8373=IFCMATERIAL('Glas - Isolierverglasung klar',$,'Glas');
#8374=IFCMATERIAL('Holz - generisch 140-100-70',$,'Holz');
#8375=IFCMATERIALCONSTITUENT('Sichtbeschl\X\E4ge',$,#4175,0.00083467271402243575,'Metall');
#8376=IFCSHAPEREPRESENTATION(#26,'Body','Tessellation',(#8252));
#8377=IFCSHAPEASPECT((#8376),'Sichtbeschl\X\E4ge',$,.U.,#8369);
#8378=IFCMATERIALCONSTITUENT('Element/Fl\X\FCgel',$,#8372,0.25049967424942615,'Kunststoff');
#8379=IFCSHAPEREPRESENTATION(#26,'Body','Tessellation',(#8282));
#8380=IFCSHAPEASPECT((#8379),'Element/Fl\X\FCgel',$,.U.,#8369);
#8381=IFCMATERIALCONSTITUENT('Glas',$,#8373,0.2265883211727901,'Glas');
#8382=IFCSHAPEREPRESENTATION(#26,'Body','Tessellation',(#8296));
#8383=IFCSHAPEASPECT((#8382),'Glas',$,.U.,#8369);
#8384=IFCMATERIALCONSTITUENT('Fensterbank Aussen Blech',$,#8372,0.25049967424942615,'Kunststoff');
#8385=IFCSHAPEREPRESENTATION(#26,'Body','Tessellation',(#8318));
#8386=IFCSHAPEASPECT((#8385),'Fensterbank Aussen Blech',$,.U.,#8369);
#8387=IFCMATERIALCONSTITUENT('Rahmen/Pfosten',$,#8372,0.25049967424942615,'Kunststoff');
#8388=IFCSHAPEREPRESENTATION(#26,'Body','Tessellation',(#8348));
#8389=IFCSHAPEASPECT((#8388),'Rahmen/Pfosten',$,.U.,#8369);
#8390=IFCMATERIALCONSTITUENT('Fensterbank Innen',$,#8374,0.021077983364908865,'Holz');
#8391=IFCSHAPEREPRESENTATION(#26,'Body','Tessellation',(#8361));
#8392=IFCSHAPEASPECT((#8391),'Fensterbank Innen',$,.U.,#8369);
#8393=IFCMATERIALCONSTITUENTSET($,$,(#8375,#8378,#8381,#8384,#8387,#8390));
#8394=IFCMAPPEDITEM(#8369,#4190);
#8395=IFCSHAPEREPRESENTATION(#26,'Body','MappedRepresentation',(#8394));
#8396=IFCPRODUCTDEFINITIONSHAPE($,$,(#8395));
#8397=IFCCARTESIANPOINT((13.422332676350056,15.007426723079593,0.84999999999999998));
#8398=IFCAXIS2PLACEMENT3D(#8397,$,$);
#8400=IFCWINDOW('2k9gW24Zv4awvOIPWltkAt',#18,'FE 1 tlg - DrehKipp:1100 x 1400:2537283',$,'FE 1 tlg - DrehKipp:1100 x 1400',#8510,#8396,'2537283',2.2500000000000044,1.1000000000000014,.WINDOW.,.NOTDEFINED.,$);
#8401=IFCMATERIALCONSTITUENT('Metall - Edelstahl geb\X\FCrstet',$,#4175,0.0016443764892503153,'Metall');
#8402=IFCMATERIALCONSTITUENT('Kunststoff - grau 70-70-70',$,#8372,0.49350573941194881,'Kunststoff');
#8403=IFCMATERIALCONSTITUENT('Glas - Isolierverglasung klar',$,#8373,0.44639833292216652,'Glas');
#8404=IFCMATERIALCONSTITUENT('Holz - generisch 140-100-70',$,#8374,0.058451551176634406,'Holz');
#8405=IFCMATERIALCONSTITUENTSET($,$,(#8401,#8402,#8403,#8404));
#8406=IFCPROPERTYSINGLEVALUE('Reference',$,IFCIDENTIFIER('1100 x 1400'),$);
#8407=IFCPROPERTYSET('0t6WLEpFDbgHRfE8$dbHad',#18,'Pset_EnvironmentalImpactIndicators',$,(#8406));
#8408=IFCPROPERTYSET('3SlOgX2gFdGdM489pjq5UQ',#18,'Pset_WindowCommon',$,(#127,#8406));
#8409=IFCRELDEFINESBYPROPERTIES('3sc78G8duor0BSW6_LcimY',#18,$,$,(#8400),#8407);
#8410=IFCRELDEFINESBYPROPERTIES('3Gdf8XxLhVHPPCFJsnUA$y',#18,$,$,(#8400),#8408);
#8411=IFCQUANTITYLENGTH('Width','',$,1.1000000000000001,$);
#8412=IFCQUANTITYLENGTH('Height','',$,1.4000000000000001,$);
#8413=IFCQUANTITYAREA('Area','',$,1.54,$);
#8414=IFCELEMENTQUANTITY('2kArh4lOJc7JKSOL4zMpp3',#18,'Qto_WindowBaseQuantities',$,$,(#8411,#8412,#8413));
#8415=IFCRELDEFINESBYPROPERTIES('1iepDIPY_4dbWBxuAKrGUH',#18,$,$,(#8400),#8414);
#8416=IFCRELCONTAINEDINSPATIALSTRUCTURE('3ArnKS23b6KfTZD99LuN09',#18,$,$,(#103,#201,#267,#4197,#8116,#8400),#35);
#8417=IFCRELAGGREGATES('1rigoNG0dRhOg2N4aMiJQC',#18,$,$,#29,(#35));
#8418=IFCRELASSOCIATESMATERIAL('1ZSfGWV7KxGcB7CfgPIYyb',#18,$,$,(#4174),#4189);
#8419=IFCRELASSOCIATESMATERIAL('2g69rydqBAFoeA7lOMnnak',#18,$,$,(#4197),#4200);
#8420=IFCRELASSOCIATESMATERIAL('0ZI_WrZTLpPDUdf_j7VWSj',#18,$,$,(#8096),#8109);
#8421=IFCRELASSOCIATESMATERIAL('2Do84ZjH10$5xMPdgqpEql',#18,$,$,(#8116),#8119);
#8422=IFCRELASSOCIATESMATERIAL('3LjlLw1EpTcmSd8I9oQrXr',#18,$,$,(#8371),#8393);
#8423=IFCRELASSOCIATESMATERIAL('3LtOaYc3PtSwp6KjyyFxue',#18,$,$,(#8400),#8405);
#8424=IFCRELASSOCIATESMATERIAL('0c6WZnPY4SsqRhmkVnoDHL',#18,$,$,(#103,#122,#201,#267),#110);
#8425=IFCRELDEFINESBYTYPE('3fLZkGpMp3l5QiSw6kgYa2',#18,$,$,(#103,#201,#267),#122);
#8426=IFCRELDEFINESBYTYPE('3zp2m1eMy2sWs$V6XVhLGG',#18,$,$,(#4197),#4174);
#8427=IFCRELDEFINESBYTYPE('2KBx70uuBOTdQoB_U2XZTB',#18,$,$,(#8116),#8096);
#8428=IFCRELDEFINESBYTYPE('0DzWrX8G1b3Qj8KqAU7AIw',#18,$,$,(#8400),#8371);
#8429=IFCPRESENTATIONLAYERASSIGNMENT('A-WALL-____-OTLN',$,(#44,#98,#99,#101,#148,#196,#197,#199,#222,#262,#263,#265),$);
#8430=IFCPRESENTATIONLAYERASSIGNMENT('A-DOOR-____-OTLN',$,(#4169,#4178,#4181,#4184,#4187,#4192,#8091,#8098,#8101,#8104,#8107,#8111),$);
#8431=IFCPRESENTATIONLAYERASSIGNMENT('A-GLAZ-____-OTLN',$,(#8367,#8376,#8379,#8382,#8385,#8388,#8391,#8395),$);
#8432=IFCAXIS2PLACEMENT3D(#3,$,$);
#8434=IFCAXIS2PLACEMENT3D(#8450,$,$);
#8436=IFCINDEXEDPOLYGONALFACE((1,2,3,4));
#8437=IFCINDEXEDPOLYGONALFACE((5,6,7,8));
#8438=IFCINDEXEDPOLYGONALFACE((1,5,8,2));
#8439=IFCINDEXEDPOLYGONALFACE((2,8,7,3));
#8440=IFCINDEXEDPOLYGONALFACE((3,7,6,4));
#8441=IFCINDEXEDPOLYGONALFACEWITHVOIDS((4,6,5,1),((9,10,11,12)));
#8442=IFCINDEXEDPOLYGONALFACE((13,14,15,16));
#8443=IFCINDEXEDPOLYGONALFACE((13,9,12,14));
#8444=IFCINDEXEDPOLYGONALFACE((14,12,11,15));
#8445=IFCINDEXEDPOLYGONALFACE((15,11,10,16));
#8446=IFCINDEXEDPOLYGONALFACE((16,10,9,13));
#8447=IFCCARTESIANPOINTLIST3D(((10.092332676350056,14.847426723079595,1.3999999999999879),(10.092332676350056,14.547426723078628,1.3999999999999879),(11.192332676350052,14.547426723078628,1.3999999999999879),(11.192332676350054,14.847426723079595,1.3999999999999879),(10.092332676350056,14.847426723079595,0.),(11.192332676350054,14.847426723079595,0.),(11.192332676350052,14.547426723078628,0.),(10.092332676350056,14.547426723078628,0.),(11.162332676350054,14.847426723079595,1.370000000000005),(10.122332676350055,14.847426723079595,1.370000000000005),(10.122332676350057,14.847426723079595,0.020000000000002571),(11.162332676350054,14.847426723079595,0.020000000000002571),(11.162332676350095,15.007426723079593,1.3699999999999966),(11.162332676350095,15.007426723079593,0.0099999999999993427),(10.12233267635011,15.007426723079593,0.0099999999999993427),(10.12233267635011,15.007426723079593,1.3699999999999957)));
#8448=IFCPOLYGONALFACESET(#8447,.T.,(#8436,#8437,#8438,#8439,#8440,#8441,#8442,#8443,#8444,#8445,#8446),$);
#8449=IFCSHAPEREPRESENTATION(#26,'Body','Tessellation',(#8448));
#8450=IFCCARTESIANPOINT((0.,0.,0.84999999999999998));
#8451=IFCPRODUCTDEFINITIONSHAPE($,$,(#8449));
#8452=IFCCARTESIANPOINT((-8.8923326763500548,-14.777426723078625,0.84999999999999998));
#8453=IFCAXIS2PLACEMENT3D(#8452,$,$);
#8454=IFCLOCALPLACEMENT(#41,#8453);
#8455=IFCOPENINGELEMENT('0qP4CXnS7fbx4ylbH_gC$j',#18,'Basiswand:Ziegel+WD hart 300+160:2520914',$,$,#8454,#8451,'2531093',.OPENING.);
#8456=IFCRELVOIDSELEMENT('3pCW2aX7lsDpm3wpvD1qt4',#18,$,$,#103,#8455);
#8457=IFCAXIS2PLACEMENT3D(#3,$,$);
#8459=IFCAXIS2PLACEMENT3D(#8475,$,$);
#8461=IFCINDEXEDPOLYGONALFACE((1,2,3,4));
#8462=IFCINDEXEDPOLYGONALFACE((5,6,7,8));
#8463=IFCINDEXEDPOLYGONALFACE((1,4,6,5));
#8464=IFCINDEXEDPOLYGONALFACE((4,3,7,6));
#8465=IFCINDEXEDPOLYGONALFACE((3,2,8,7));
#8466=IFCINDEXEDPOLYGONALFACEWITHVOIDS((2,1,5,8),((9,10,11,12)));
#8467=IFCINDEXEDPOLYGONALFACE((13,14,15,16));
#8468=IFCINDEXEDPOLYGONALFACE((13,16,10,9));
#8469=IFCINDEXEDPOLYGONALFACE((16,15,11,10));
#8470=IFCINDEXEDPOLYGONALFACE((15,14,12,11));
#8471=IFCINDEXEDPOLYGONALFACE((14,13,9,12));
#8472=IFCCARTESIANPOINTLIST3D(((12.992332676350069,14.847426723079595,1.3999999999999879),(11.892332676350071,14.847426723079595,1.3999999999999879),(11.892332676350073,14.547426723078628,1.3999999999999879),(12.992332676350069,14.547426723078628,1.3999999999999879),(12.992332676350069,14.847426723079595,0.),(12.992332676350069,14.547426723078628,0.),(11.892332676350073,14.547426723078628,0.),(11.892332676350071,14.847426723079595,0.),(11.92233267635007,14.847426723079595,1.370000000000005),(11.92233267635007,14.847426723079595,0.020000000000002571),(12.962332676350067,14.847426723079595,0.020000000000002571),(12.962332676350067,14.847426723079595,1.370000000000005),(11.922332676350029,15.007426723079593,1.3699999999999957),(12.962332676350014,15.007426723079593,1.3699999999999966),(12.962332676350014,15.007426723079593,0.0099999999999990097),(11.922332676350029,15.007426723079593,0.0099999999999993427)));
#8473=IFCPOLYGONALFACESET(#8472,.T.,(#8461,#8462,#8463,#8464,#8465,#8466,#8467,#8468,#8469,#8470,#8471),$);
#8474=IFCSHAPEREPRESENTATION(#26,'Body','Tessellation',(#8473));
#8475=IFCCARTESIANPOINT((0.,0.,0.84999999999999998));
#8476=IFCPRODUCTDEFINITIONSHAPE($,$,(#8474));
#8477=IFCCARTESIANPOINT((-8.8923326763500548,-14.777426723078625,0.84999999999999998));
#8478=IFCAXIS2PLACEMENT3D(#8477,$,$);
#8479=IFCLOCALPLACEMENT(#41,#8478);
#8480=IFCOPENINGELEMENT('1MjJQPSC7G9tF7tiF5J1kJ',#18,'Basiswand:Ziegel+WD hart 300+160:2520914',$,$,#8479,#8476,'2531160',.OPENING.);
#8481=IFCRELVOIDSELEMENT('3H$JJ8geeq8mcjrBnv_zs1',#18,$,$,#103,#8480);
#8482=IFCAXIS2PLACEMENT3D(#3,$,$);
#8484=IFCAXIS2PLACEMENT3D(#8500,$,$);
#8486=IFCINDEXEDPOLYGONALFACE((1,2,3,4));
#8487=IFCINDEXEDPOLYGONALFACE((5,6,7,8));
#8488=IFCINDEXEDPOLYGONALFACE((1,5,8,2));
#8489=IFCINDEXEDPOLYGONALFACE((2,8,7,3));
#8490=IFCINDEXEDPOLYGONALFACE((3,7,6,4));
#8491=IFCINDEXEDPOLYGONALFACEWITHVOIDS((4,6,5,1),((9,10,11,12)));
#8492=IFCINDEXEDPOLYGONALFACE((13,14,15,16));
#8493=IFCINDEXEDPOLYGONALFACE((13,9,12,14));
#8494=IFCINDEXEDPOLYGONALFACE((14,12,11,15));
#8495=IFCINDEXEDPOLYGONALFACE((15,11,10,16));
#8496=IFCINDEXEDPOLYGONALFACE((16,10,9,13));
#8497=IFCCARTESIANPOINTLIST3D(((13.422332676350056,14.847426723079595,1.3999999999999879),(13.422332676350056,14.547426723078628,1.3999999999999879),(14.52233267635005,14.547426723078628,1.3999999999999879),(14.522332676350056,14.847426723079595,1.3999999999999879),(13.422332676350056,14.847426723079595,0.),(14.522332676350056,14.847426723079595,0.),(14.52233267635005,14.547426723078628,0.),(13.422332676350056,14.547426723078628,0.),(14.492332676350056,14.847426723079595,1.370000000000005),(13.452332676350059,14.847426723079595,1.370000000000005),(13.452332676350059,14.847426723079595,0.020000000000002571),(14.492332676350056,14.847426723079595,0.020000000000002571),(14.492332676350097,15.007426723079593,1.3699999999999966),(14.492332676350097,15.007426723079593,0.0099999999999993427),(13.452332676350112,15.007426723079593,0.0099999999999993427),(13.452332676350112,15.007426723079593,1.3699999999999957)));
#8498=IFCPOLYGONALFACESET(#8497,.T.,(#8486,#8487,#8488,#8489,#8490,#8491,#8492,#8493,#8494,#8495,#8496),$);
#8499=IFCSHAPEREPRESENTATION(#26,'Body','Tessellation',(#8498));
#8500=IFCCARTESIANPOINT((0.,0.,0.84999999999999998));
#8501=IFCPRODUCTDEFINITIONSHAPE($,$,(#8499));
#8502=IFCCARTESIANPOINT((-8.8923326763500548,-14.777426723078625,0.84999999999999998));
#8503=IFCAXIS2PLACEMENT3D(#8502,$,$);
#8504=IFCLOCALPLACEMENT(#41,#8503);
#8505=IFCOPENINGELEMENT('17KV9z$EBZqqEU$Gz9BQxw',#18,'Basiswand:Ziegel+WD hart 300+160:2520914',$,$,#8504,#8501,'2537283',.OPENING.);
#8506=IFCRELVOIDSELEMENT('3R0xppo$hk17EJevVv6Fnr',#18,$,$,#103,#8505);
#8507=IFCRELFILLSELEMENT('2NZxRuwWjICTsgYPPvuUU1',#18,$,$,#8505,#8400);
#8508=IFCCARTESIANPOINT((13.422332676350056,15.007426723079593,0.));
#8509=IFCAXIS2PLACEMENT3D(#8508,$,$);
#8510=IFCLOCALPLACEMENT(#8504,#8509);
#8511=IFCAXIS2PLACEMENT3D(#3,$,$);
#8513=IFCAXIS2PLACEMENT3D(#3,$,$);
#8515=IFCINDEXEDPOLYGONALFACE((1,2,3,4));
#8516=IFCINDEXEDPOLYGONALFACE((5,6,7,8));
#8517=IFCINDEXEDPOLYGONALFACE((1,5,8,2));
#8518=IFCINDEXEDPOLYGONALFACEWITHVOIDS((2,8,7,3),((9,10,11,12)));
#8519=IFCINDEXEDPOLYGONALFACE((3,7,6,4));
#8520=IFCINDEXEDPOLYGONALFACE((4,6,5,1));
#8521=IFCINDEXEDPOLYGONALFACE((13,14,15,16));
#8522=IFCINDEXEDPOLYGONALFACE((13,9,12,14));
#8523=IFCINDEXEDPOLYGONALFACE((14,12,11,15));
#8524=IFCINDEXEDPOLYGONALFACE((15,11,10,16));
#8525=IFCINDEXEDPOLYGONALFACE((16,10,9,13));
#8526=IFCCARTESIANPOINTLIST3D(((14.852332676350045,6.5474267230786101,2.2499999999999751),(14.852332676350045,6.2474267230776466,2.2499999999999751),(15.987332676350045,6.247426723077643,2.2499999999999751),(15.987332676350047,6.5474267230786074,2.2499999999999751),(14.852332676350045,6.5474267230786101,-0.20000000000001908),(15.987332676350047,6.5474267230786074,-0.20000000000001908),(15.987332676350045,6.247426723077643,-0.20000000000001908),(14.852332676350045,6.2474267230776466,-0.20000000000001908),(14.882332676350051,6.2474267230776475,2.2199999999999469),(15.957332676350045,6.2474267230776448,2.2199999999999469),(15.957332676350045,6.2474267230776448,-0.10000000000001658),(14.882332676350051,6.2474267230776475,-0.10000000000001658),(14.882332676350035,6.0874267230776509,2.2199999999999633),(14.882332676350035,6.0874267230776509,-0.10000000000001666),(15.95733267635004,6.0874267230776438,-0.10000000000001666),(15.957332676350036,6.0874267230776455,2.2199999999999633)));
#8527=IFCPOLYGONALFACESET(#8526,.T.,(#8515,#8516,#8517,#8518,#8519,#8520,#8521,#8522,#8523,#8524,#8525),$);
#8528=IFCSHAPEREPRESENTATION(#26,'Body','Tessellation',(#8527));
#8529=IFCPRODUCTDEFINITIONSHAPE($,$,(#8528));
#8530=IFCCARTESIANPOINT((22.122332676350045,6.3174267230785937,0.));
#8531=IFCAXIS2PLACEMENT3D(#8530,#9,#6);
#8532=IFCLOCALPLACEMENT(#145,#8531);
#8533=IFCOPENINGELEMENT('03UuGJ6WFUG1GpSLCoVUZG',#18,'Basiswand:Ziegel+WD hart 300+160:2521056',$,$,#8532,#8529,'2537002',.OPENING.);
#8534=IFCRELVOIDSELEMENT('2xlBpBsb2_$uajqFTm_Zab',#18,$,$,#201,#8533);
#8535=IFCRELFILLSELEMENT('1v3SQlh2CjB9lU4WO4xZGX',#18,$,$,#8533,#8116);
#8536=IFCCARTESIANPOINT((15.987332676350045,6.0874267230776455,-0.20000000000001911));
#8537=IFCAXIS2PLACEMENT3D(#8536,#9,#6);
#8538=IFCLOCALPLACEMENT(#8532,#8537);
#8539=IFCAXIS2PLACEMENT3D(#3,$,$);
#8541=IFCAXIS2PLACEMENT3D(#8557,$,$);
#8543=IFCINDEXEDPOLYGONALFACE((1,2,3,4));
#8544=IFCINDEXEDPOLYGONALFACE((5,6,7,8));
#8545=IFCINDEXEDPOLYGONALFACE((1,4,6,5));
#8546=IFCINDEXEDPOLYGONALFACE((4,3,7,6));
#8547=IFCINDEXEDPOLYGONALFACE((3,2,8,7));
#8548=IFCINDEXEDPOLYGONALFACEWITHVOIDS((2,1,5,8),((9,10,11,12)));
#8549=IFCINDEXEDPOLYGONALFACE((13,14,15,16));
#8550=IFCINDEXEDPOLYGONALFACE((13,16,10,9));
#8551=IFCINDEXEDPOLYGONALFACE((16,15,11,10));
#8552=IFCINDEXEDPOLYGONALFACE((15,14,12,11));
#8553=IFCINDEXEDPOLYGONALFACE((14,13,9,12));
#8554=IFCCARTESIANPOINTLIST3D(((17.612332676350054,6.2474267230776359,1.599999999999995),(18.212332676350051,6.247426723077635,1.599999999999995),(18.212332676350051,6.5474267230785985,1.599999999999995),(17.612332676350054,6.5474267230786021,1.599999999999995),(17.612332676350054,6.2474267230776359,0.),(17.612332676350054,6.5474267230786021,0.),(18.212332676350051,6.5474267230785985,0.),(18.212332676350051,6.247426723077635,0.),(18.18233267635005,6.247426723077635,1.5700000000000791),(18.18233267635005,6.247426723077635,0.020000000000018225),(17.642332676350051,6.2474267230776359,0.020000000000018336),(17.642332676350051,6.247426723077635,1.5700000000000791),(18.182332676350132,6.0874267230776367,1.5700000000000272),(17.64233267635014,6.0874267230776375,1.5700000000000272),(17.64233267635014,6.0874267230776375,0.010000000000011333),(18.182332676350132,6.0874267230776367,0.010000000000011333)));
#8555=IFCPOLYGONALFACESET(#8554,.T.,(#8543,#8544,#8545,#8546,#8547,#8548,#8549,#8550,#8551,#8552,#8553),$);
#8556=IFCSHAPEREPRESENTATION(#26,'Body','Tessellation',(#8555));
#8557=IFCCARTESIANPOINT((0.,0.,0.80000000000000004));
#8558=IFCPRODUCTDEFINITIONSHAPE($,$,(#8556));
#8559=IFCCARTESIANPOINT((22.122332676350045,6.3174267230785937,0.80000000000000004));
#8560=IFCAXIS2PLACEMENT3D(#8559,#9,#6);
#8561=IFCLOCALPLACEMENT(#145,#8560);
#8562=IFCOPENINGELEMENT('0Frz6a3F2CAFaz5mQe$JuI',#18,'Basiswand:Ziegel+WD hart 300+160:2521056',$,$,#8561,#8558,'2524148',.OPENING.);
#8563=IFCRELVOIDSELEMENT('2683HWEmYc7TThrIihqaO8',#18,$,$,#201,#8562);
#8564=IFCAXIS2PLACEMENT3D(#3,$,$);
#8566=IFCAXIS2PLACEMENT3D(#8582,$,$);
#8568=IFCINDEXEDPOLYGONALFACE((1,2,3,4));
#8569=IFCINDEXEDPOLYGONALFACE((5,6,7,8));
#8570=IFCINDEXEDPOLYGONALFACE((1,4,6,5));
#8571=IFCINDEXEDPOLYGONALFACE((4,3,7,6));
#8572=IFCINDEXEDPOLYGONALFACE((3,2,8,7));
#8573=IFCINDEXEDPOLYGONALFACEWITHVOIDS((2,1,5,8),((9,10,11,12)));
#8574=IFCINDEXEDPOLYGONALFACE((13,14,15,16));
#8575=IFCINDEXEDPOLYGONALFACE((13,16,10,9));
#8576=IFCINDEXEDPOLYGONALFACE((16,15,11,10));
#8577=IFCINDEXEDPOLYGONALFACE((15,14,12,11));
#8578=IFCINDEXEDPOLYGONALFACE((14,13,9,12));
#8579=IFCCARTESIANPOINTLIST3D(((21.422332676350049,6.247426723077627,1.599999999999995),(22.022332676350047,6.2474267230776261,1.599999999999995),(22.022332676350047,6.5474267230785896,1.599999999999995),(21.422332676350049,6.5474267230785932,1.599999999999995),(21.422332676350049,6.247426723077627,0.),(21.422332676350049,6.5474267230785932,0.),(22.022332676350047,6.5474267230785896,0.),(22.022332676350047,6.2474267230776261,0.),(21.992332676350046,6.2474267230776261,1.5700000000000791),(21.992332676350046,6.2474267230776261,0.020000000000018225),(21.452332676350046,6.247426723077627,0.020000000000018336),(21.452332676350046,6.2474267230776261,1.5700000000000791),(21.992332676350124,6.0874267230776278,1.5700000000000272),(21.452332676350132,6.0874267230776287,1.5700000000000272),(21.452332676350132,6.0874267230776287,0.010000000000011333),(21.992332676350127,6.0874267230776278,0.010000000000011333)));
#8580=IFCPOLYGONALFACESET(#8579,.T.,(#8568,#8569,#8570,#8571,#8572,#8573,#8574,#8575,#8576,#8577,#8578),$);
#8581=IFCSHAPEREPRESENTATION(#26,'Body','Tessellation',(#8580));
#8582=IFCCARTESIANPOINT((0.,0.,0.80000000000000004));
#8583=IFCPRODUCTDEFINITIONSHAPE($,$,(#8581));
#8584=IFCCARTESIANPOINT((22.122332676350045,6.3174267230785937,0.80000000000000004));
#8585=IFCAXIS2PLACEMENT3D(#8584,#9,#6);
#8586=IFCLOCALPLACEMENT(#145,#8585);
#8587=IFCOPENINGELEMENT('3tSi0Scs9RAKh7XsQWKEtP',#18,'Basiswand:Ziegel+WD hart 300+160:2521056',$,$,#8586,#8583,'2524451',.OPENING.);
#8588=IFCRELVOIDSELEMENT('0HF1LEvCYCQSaUZ4pbp2Cm',#18,$,$,#201,#8587);
#8589=IFCAXIS2PLACEMENT3D(#3,$,$);
#8591=IFCAXIS2PLACEMENT3D(#3,$,$);
#8593=IFCINDEXEDPOLYGONALFACE((1,2,3,4));
#8594=IFCINDEXEDPOLYGONALFACE((5,6,7,8));
#8595=IFCINDEXEDPOLYGONALFACE((1,4,6,5));
#8596=IFCINDEXEDPOLYGONALFACEWITHVOIDS((4,3,7,6),((9,10,11,12)));
#8597=IFCINDEXEDPOLYGONALFACE((3,2,8,7));
#8598=IFCINDEXEDPOLYGONALFACE((2,1,5,8));
#8599=IFCINDEXEDPOLYGONALFACE((13,14,15,16));
#8600=IFCINDEXEDPOLYGONALFACE((13,16,10,9));
#8601=IFCINDEXEDPOLYGONALFACE((16,15,11,10));
#8602=IFCINDEXEDPOLYGONALFACE((15,14,12,11));
#8603=IFCINDEXEDPOLYGONALFACE((14,13,9,12));
#8604=IFCCARTESIANPOINTLIST3D(((8.8923326763500512,12.407426723078622,2.2499999999999751),(8.8923326763500548,13.542426723078622,2.2499999999999751),(8.5923326763490895,13.542426723078622,2.2499999999999751),(8.5923326763490877,12.407426723078622,2.2499999999999751),(8.8923326763500512,12.407426723078622,-0.20000000000001908),(8.5923326763490877,12.407426723078622,-0.20000000000001908),(8.5923326763490895,13.542426723078622,-0.20000000000001908),(8.8923326763500548,13.542426723078622,-0.20000000000001908),(8.5923326763490895,12.437426723078627,2.2199999999999469),(8.5923326763490895,12.437426723078627,-0.10000000000001658),(8.5923326763490895,13.512426723078621,-0.10000000000001658),(8.5923326763490895,13.512426723078621,2.2199999999999469),(8.4323326763490911,12.437426723078611,2.2199999999999633),(8.4323326763490911,13.512426723078615,2.2199999999999633),(8.4323326763490893,13.512426723078615,-0.10000000000001666),(8.4323326763490911,12.437426723078611,-0.10000000000001666)));
#8605=IFCPOLYGONALFACESET(#8604,.T.,(#8593,#8594,#8595,#8596,#8597,#8598,#8599,#8600,#8601,#8602,#8603),$);
#8606=IFCSHAPEREPRESENTATION(#26,'Body','Tessellation',(#8605));
#8607=IFCPRODUCTDEFINITIONSHAPE($,$,(#8606));
#8608=IFCCARTESIANPOINT((15.007426723078625,-8.6623326763500561,0.));
#8609=IFCAXIS2PLACEMENT3D(#8608,#9,#7);
#8610=IFCLOCALPLACEMENT(#219,#8609);
#8611=IFCOPENINGELEMENT('3Nud_4N$TXAYJgyUTlQJTK',#18,'Basiswand:Ziegel+WD hart 300+160:2521555',$,$,#8610,#8607,'2536546',.OPENING.);
#8612=IFCRELVOIDSELEMENT('0AX2AndZ9En4yUtvf6msUI',#18,$,$,#267,#8611);
#8613=IFCRELFILLSELEMENT('3HRE6$fUKjlTGacWGubXLM',#18,$,$,#8611,#4197);
#8614=IFCCARTESIANPOINT((9.3523326763510166,12.407426723078602,-0.20000000000001911));
#8615=IFCAXIS2PLACEMENT3D(#8614,#9,#7);
#8616=IFCLOCALPLACEMENT(#8610,#8615);
#8617=IFCAXIS2PLACEMENT3D(#3,$,$);
#8619=IFCAXIS2PLACEMENT3D(#8635,$,$);
#8621=IFCINDEXEDPOLYGONALFACE((1,2,3,4));
#8622=IFCINDEXEDPOLYGONALFACE((5,6,7,8));
#8623=IFCINDEXEDPOLYGONALFACE((1,5,8,2));
#8624=IFCINDEXEDPOLYGONALFACE((2,8,7,3));
#8625=IFCINDEXEDPOLYGONALFACE((3,7,6,4));
#8626=IFCINDEXEDPOLYGONALFACEWITHVOIDS((4,6,5,1),((9,10,11,12)));
#8627=IFCINDEXEDPOLYGONALFACE((13,14,15,16));
#8628=IFCINDEXEDPOLYGONALFACE((13,9,12,14));
#8629=IFCINDEXEDPOLYGONALFACE((14,12,11,15));
#8630=IFCINDEXEDPOLYGONALFACE((15,11,10,16));
#8631=IFCINDEXEDPOLYGONALFACE((16,10,9,13));
#8632=IFCCARTESIANPOINTLIST3D(((8.5923326763490788,9.2949267230786621,1.3999999999999879),(8.8923326763500423,9.2949267230786585,1.3999999999999879),(8.8923326763500459,10.394926723078658,1.3999999999999879),(8.5923326763490788,10.39492672307866,1.3999999999999879),(8.5923326763490788,9.2949267230786621,0.),(8.5923326763490788,10.39492672307866,0.),(8.8923326763500459,10.394926723078658,0.),(8.8923326763500423,9.2949267230786585,0.),(8.5923326763490806,10.364926723078661,1.370000000000005),(8.5923326763490788,9.3249267230786614,1.370000000000005),(8.5923326763490788,9.3249267230786614,0.020000000000002571),(8.5923326763490806,10.364926723078661,0.020000000000002571),(8.4323326763490822,10.364926723078701,1.3699999999999966),(8.4323326763490822,10.364926723078701,0.0099999999999993427),(8.4323326763490805,9.3249267230787165,0.0099999999999993427),(8.4323326763490805,9.3249267230787165,1.3699999999999957)));
#8633=IFCPOLYGONALFACESET(#8632,.T.,(#8621,#8622,#8623,#8624,#8625,#8626,#8627,#8628,#8629,#8630,#8631),$);
#8634=IFCSHAPEREPRESENTATION(#26,'Body','Tessellation',(#8633));
#8635=IFCCARTESIANPOINT((0.,0.,0.84999999999999998));
#8636=IFCPRODUCTDEFINITIONSHAPE($,$,(#8634));
#8637=IFCCARTESIANPOINT((15.007426723078625,-8.6623326763500561,0.84999999999999998));
#8638=IFCAXIS2PLACEMENT3D(#8637,#9,#7);
#8639=IFCLOCALPLACEMENT(#219,#8638);
#8640=IFCOPENINGELEMENT('0zFVNJR$85ONKxJZhyS7C4',#18,'Basiswand:Ziegel+WD hart 300+160:2521555',$,$,#8639,#8636,'2531222',.OPENING.);
#8641=IFCRELVOIDSELEMENT('0ROMbrlccNCP65YMdWoabd',#18,$,$,#267,#8640);
#8642=IFCUNITASSIGNMENT((#19,#20,#21,#140));
#8643=IFCCARTESIANPOINT((0.,0.,0.84999999999999998));
#8644=IFCAXIS2PLACEMENT3D(#8643,$,$);
#8645=IFCCARTESIANPOINT((0.,0.,0.84999999999999998));
#8646=IFCAXIS2PLACEMENT3D(#8645,$,$);
#8647=IFCCARTESIANPOINT((0.,0.,0.84999999999999998));
#8648=IFCAXIS2PLACEMENT3D(#8647,$,$);
#8649=IFCAXIS2PLACEMENT3D(#3,$,$);
#8650=IFCCARTESIANPOINT((0.,0.,0.80000000000000004));
#8651=IFCAXIS2PLACEMENT3D(#8650,$,$);
#8652=IFCCARTESIANPOINT((0.,0.,0.80000000000000004));
#8653=IFCAXIS2PLACEMENT3D(#8652,$,$);
#8654=IFCAXIS2PLACEMENT3D(#3,$,$);
#8655=IFCCARTESIANPOINT((0.,0.,0.84999999999999998));
#8656=IFCAXIS2PLACEMENT3D(#8655,$,$);
ENDSEC;

END-ISO-10303-21;